{"10":{"params":{"class":"наим","classMask":19,"info":{},"stack":""},"sentenceIndex":[5],"words":["10"],"wordsIndex":[4]},"1998":{"params":{"class":"наим","classMask":19,"info":{},"stack":""},"sentenceIndex":[3],"words":["1998"],"wordsIndex":[7]},"20":{"params":{"class":"наим","classMask":19,"info":{},"stack":""},"sentenceIndex":[3],"words":["20"],"wordsIndex":[5]},"2001":{"params":{"class":"наим","classMask":19,"info":{},"stack":""},"sentenceIndex":[4,5],"words":["2001","2001"],"wordsIndex":[10,6]},"al":{"params":{"class":"иняз","classMask":21,"info":{"isCapital":false,"isUpper":false},"stack":""},"sentenceIndex":[1,1,1],"words":["al","al","al"],"wordsIndex":[1,9,14]},"al-faruq":{"params":{"class":"иняз","classMask":21,"info":{"isCapital":false,"isUpper":false},"stack":""},"sentenceIndex":[1,1,1],"words":["al-Faruq","al-Faruq","al-Faruq"],"wordsIndex":[3,11,16]},"askari":{"params":{"class":"иняз","classMask":21,"info":{"isCapital":false,"isUpper":false},"stack":""},"sentenceIndex":[1],"words":["askari"],"wordsIndex":[17]},"aw":{"params":{"class":"иняз","classMask":21,"info":{"isCapital":false,"isUpper":false},"stack":""},"sentenceIndex":[1],"words":["aw"],"wordsIndex":[18]},"faruq":{"params":{"class":"имя","classMask":22,"info":{"isCapital":true,"isUpper":false},"stack":""},"sentenceIndex":[1,1,1],"words":["Faruq","Faruq","Faruq"],"wordsIndex":[2,10,15]},"kamp":{"params":{"class":"иняз","classMask":21,"info":{"isCapital":false,"isUpper":false},"stack":""},"sentenceIndex":[1],"words":["kamp"],"wordsIndex":[20]},"muaskar":{"params":{"class":"иняз","classMask":21,"info":{"isCapital":true,"isUpper":false},"stack":""},"sentenceIndex":[1,1],"words":["Muaskar","muaskar"],"wordsIndex":[0,12]},"tadribi":{"params":{"class":"иняз","classMask":21,"info":{"isCapital":false,"isUpper":false},"stack":""},"sentenceIndex":[1],"words":["tadribi"],"wordsIndex":[19]},"абдуль":{"params":{"class":"имя","classMask":22,"info":{"isCapital":true,"isUpper":false},"stack":"((<DictionaryAnalyzer>, u'\\u0430\\u0431\\u0434\\u0443\\u043b\\u044c', 58, 0),)"},"sentenceIndex":[6],"words":["Абдуль"],"wordsIndex":[12]},"абдуль-куддус":{"params":{"class":"имя","classMask":1222,"info":{"comboClassStats":{"с":2},"isCapital":true,"isCombo":true,"isUpper":false},"stack":"<classByLadder>"},"sentenceIndex":[6],"words":["Абдуль-Куддус"],"wordsIndex":[14]},"август":{"params":{"class":"с","classMask":1,"info":{"isCapital":false,"isUpper":false},"stack":"((<DictionaryAnalyzer>, u'\\u0430\\u0432\\u0433\\u0443\\u0441\\u0442\\u0430', 33, 1),)"},"sentenceIndex":[3,4],"words":["августа","августе"],"wordsIndex":[6,9]},"аль":{"params":{"class":"имя","classMask":22,"info":{"isCapital":true,"isUpper":false},"stack":"((<DictionaryAnalyzer>, u'\\u0430\\u043b\\u044c', 20, 0),)"},"sentenceIndex":[0,1],"words":["Аль","Аль"],"wordsIndex":[0,24]},"аль-каида":{"params":{"class":"имя","classMask":1222,"info":{"comboClassStats":{"с":1,"союз":1},"isCapital":true,"isCombo":true,"isUpper":false},"stack":"<classByLadder>"},"sentenceIndex":[1],"words":["Аль-Каиды"],"wordsIndex":[26]},"аль-фарука":{"params":{"class":"имя","classMask":1222,"info":{"comboClassStats":{"с":1,"союз":1},"isCapital":true,"isCombo":true,"isUpper":false},"stack":"<classByLadder>"},"sentenceIndex":[0],"words":["Аль-Фарук"],"wordsIndex":[2]},"американский":{"params":{"class":"п","classMask":2,"info":{"isCapital":false,"isUpper":false},"stack":"((<DictionaryAnalyzer>, u'\\u0430\\u043c\\u0435\\u0440\\u0438\\u043a\\u0430\\u043d\\u0441\\u043a\\u0438\\u0445', 16, 21),)"},"sentenceIndex":[3,6],"words":["американских","американских"],"wordsIndex":[20,2]},"аналитик":{"params":{"class":"с","classMask":1,"info":{"isCapital":false,"isUpper":false},"stack":"((<DictionaryAnalyzer>, u'\\u0430\\u043d\\u0430\\u043b\\u0438\\u0442\\u0438\\u043a\\u043e\\u0432', 2, 7),)"},"sentenceIndex":[6],"words":["аналитиков"],"wordsIndex":[4]},"антиамериканский":{"params":{"class":"п","classMask":2,"info":{"isCapital":false,"isUpper":false},"stack":"((<DictionaryAnalyzer>, u'\\u0430\\u043d\\u0442\\u0438\\u0430\\u043c\\u0435\\u0440\\u0438\\u043a\\u0430\\u043d\\u0441\\u043a\\u0438\\u0445', 16, 21),)"},"sentenceIndex":[6],"words":["антиамериканских"],"wordsIndex":[19]},"араб":{"params":{"class":"с","classMask":1,"info":{"isCapital":false,"isUpper":false},"stack":"((<DictionaryAnalyzer>, u'\\u0430\\u0440\\u0430\\u0431', 52, 0),)"},"sentenceIndex":[0],"words":["араб"],"wordsIndex":[3]},"атака":{"params":{"class":"с","classMask":1,"info":{"isCapital":false,"isUpper":false},"stack":"((<DictionaryAnalyzer>, u'\\u0430\\u0442\\u0430\\u043a\\u0430', 43, 0),)"},"sentenceIndex":[3],"words":["атака"],"wordsIndex":[1]},"афганистан":{"params":{"class":"имя","classMask":1122,"info":{"isCapital":true,"isCountry":true,"isUpper":false},"stack":"((<DictionaryAnalyzer>, u'\\u0430\\u0444\\u0433\\u0430\\u043d\\u0438\\u0441\\u0442\\u0430\\u043d\\u0435', 32, 5),)"},"sentenceIndex":[1],"words":["Афганистане"],"wordsIndex":[28]},"бой":{"params":{"class":"с","classMask":1,"info":{"isCapital":false,"isUpper":false},"stack":"((<DictionaryAnalyzer>, u'\\u0431\\u043e\\u0439', 495, 3),)"},"sentenceIndex":[2],"words":["бой"],"wordsIndex":[4]},"бомбить":{"params":{"class":"г","classMask":5,"info":{"isCapital":false,"isUpper":false},"stack":"((<DictionaryAnalyzer>, u'\\u0431\\u043e\\u043c\\u0431\\u0438\\u043b\\u0438', 509, 10),)"},"sentenceIndex":[5],"words":["бомбили"],"wordsIndex":[3]},"бора":{"params":{"class":"имя","classMask":22,"info":{"isCapital":true,"isUpper":false},"stack":"((<DictionaryAnalyzer>, u'\\u0431\\u043e\\u0440\\u0430', 55, 0),)"},"sentenceIndex":[6],"words":["Бора"],"wordsIndex":[23]},"бора-тор":{"params":{"class":"имя","classMask":1222,"info":{"comboClassStats":{"с":2},"isCapital":true,"isCombo":true,"isUpper":false},"stack":"<classByLadder>"},"sentenceIndex":[6],"words":["Тора-Бора"],"wordsIndex":[24]},"в":{"params":{"class":"символ","classMask":20,"info":{},"stack":""},"sentenceIndex":[1,3,3,4,7],"words":["в","в","в","в","в"],"wordsIndex":[27,16,22,8,4]},"вещество":{"params":{"class":"с","classMask":1,"info":{"isCapital":false,"isUpper":false},"stack":"((<DictionaryAnalyzer>, u'\\u0432\\u0435\\u0449\\u0435\\u0441\\u0442\\u0432', 54, 7),)"},"sentenceIndex":[2],"words":["веществ"],"wordsIndex":[16]},"взрыв":{"params":{"class":"с","classMask":1,"info":{"isCapital":false,"isUpper":false},"stack":"((<DictionaryAnalyzer>, u'\\u0432\\u0437\\u0440\\u044b\\u0432\\u044b', 33, 6),)"},"sentenceIndex":[3],"words":["взрывы"],"wordsIndex":[19]},"взрывчатый":{"params":{"class":"п","classMask":2,"info":{"isCapital":false,"isUpper":false},"stack":"((<DictionaryAnalyzer>, u'\\u0432\\u0437\\u0440\\u044b\\u0432\\u0447\\u0430\\u0442\\u044b\\u0445', 4, 21),)"},"sentenceIndex":[2],"words":["взрывчатых"],"wordsIndex":[15]},"включать":{"params":{"class":"г","classMask":5,"info":{"isCapital":false,"isUpper":false},"stack":"((<DictionaryAnalyzer>, u'\\u0432\\u043a\\u043b\\u044e\\u0447\\u0430\\u0435\\u0442', 206, 5),)"},"sentenceIndex":[2],"words":["включает"],"wordsIndex":[2]},"военный":{"params":{"class":"с","classMask":1,"info":{"isCapital":false,"isUpper":false},"stack":"((<DictionaryAnalyzer>, u'\\u0432\\u043e\\u0435\\u043d\\u043d\\u044b\\u0439', 218, 0),)"},"sentenceIndex":[1],"words":["военный"],"wordsIndex":[4]},"впоследствии":{"params":{"class":"н","classMask":11,"info":{"isCapital":false,"isUpper":false},"stack":"((<DictionaryAnalyzer>, u'\\u0432\\u043f\\u043e\\u0441\\u043b\\u0435\\u0434\\u0441\\u0442\\u0432\\u0438\\u0438', 3, 0),)"},"sentenceIndex":[6],"words":["впоследствии"],"wordsIndex":[15]},"год":{"params":{"class":"с","classMask":1,"info":{"isCapital":false,"isUpper":false},"stack":"((<DictionaryAnalyzer>, u'\\u0433\\u043e\\u0434\\u0430', 1168, 1),)"},"sentenceIndex":[3,5],"words":["года","года"],"wordsIndex":[8,7]},"дисциплина":{"params":{"class":"с","classMask":1,"info":{"isCapital":false,"isUpper":false},"stack":"((<DictionaryAnalyzer>, u'\\u0434\\u0438\\u0441\\u0446\\u0438\\u043f\\u043b\\u0438\\u043d\\u044b', 55, 1),)"},"sentenceIndex":[2],"words":["дисциплины"],"wordsIndex":[19]},"другой":{"params":{"class":"п","classMask":2,"info":{"isCapital":false,"isUpper":false},"stack":"((<DictionaryAnalyzer>, u'\\u0434\\u0440\\u0443\\u0433\\u0438\\u0435', 1362, 20),)"},"sentenceIndex":[2],"words":["другие"],"wordsIndex":[18]},"ещё":{"params":{"class":"част","classMask":16,"info":{"isCapital":true,"isUpper":false},"stack":"((<DictionaryAnalyzer>, u'\\u0435\\u0449\\u0451', 22, 0),)"},"sentenceIndex":[5],"words":["Еще"],"wordsIndex":[0]},"за":{"params":{"class":"предл","classMask":14,"info":{"isCapital":false,"isUpper":false},"stack":"((<DictionaryAnalyzer>, u'\\u0437\\u0430', 24, 0),)"},"sentenceIndex":[3],"words":["за"],"wordsIndex":[18]},"закрыться":{"params":{"class":"г","classMask":5,"info":{"isCapital":false,"isUpper":false},"stack":"((<DictionaryAnalyzer>, u'\\u0437\\u0430\\u043a\\u0440\\u044b\\u043b\\u0441\\u044f', 934, 1),)"},"sentenceIndex":[4],"words":["закрылся"],"wordsIndex":[7]},"и":{"params":{"class":"символ","classMask":20,"info":{},"stack":""},"sentenceIndex":[2,3],"words":["и","и"],"wordsIndex":[17,24]},"из":{"params":{"class":"предл","classMask":14,"info":{"isCapital":false,"isUpper":false},"stack":"((<DictionaryAnalyzer>, u'\\u0438\\u0437', 375, 0),)"},"sentenceIndex":[6],"words":["из"],"wordsIndex":[17]},"известный":{"params":{"class":"п","classMask":2,"info":{"isCapital":true,"isUpper":false},"stack":"((<DictionaryAnalyzer>, u'\\u0438\\u0437\\u0432\\u0435\\u0441\\u0442\\u043d\\u044b\\u0435', 86, 20),)"},"sentenceIndex":[7],"words":["Известные"],"wordsIndex":[0]},"изготовление":{"params":{"class":"с","classMask":1,"info":{"isCapital":false,"isUpper":false},"stack":"((<DictionaryAnalyzer>, u'\\u0438\\u0437\\u0433\\u043e\\u0442\\u043e\\u0432\\u043b\\u0435\\u043d\\u0438\\u0435', 76, 0),)"},"sentenceIndex":[2],"words":["изготовление"],"wordsIndex":[14]},"имя":{"params":{"class":"с","classMask":1,"info":{"isCapital":false,"isUpper":false},"stack":"((<DictionaryAnalyzer>, u'\\u0438\\u043c\\u0435\\u043d\\u0438', 1647, 1),)"},"sentenceIndex":[6],"words":["имени"],"wordsIndex":[11]},"использование":{"params":{"class":"с","classMask":1,"info":{"isCapital":false,"isUpper":false},"stack":"((<DictionaryAnalyzer>, u'\\u0438\\u0441\\u043f\\u043e\\u043b\\u044c\\u0437\\u043e\\u0432\\u0430\\u043d\\u0438\\u0435', 76, 6),)"},"sentenceIndex":[2],"words":["использование"],"wordsIndex":[5]},"каида":{"params":{"class":"имя","classMask":22,"info":{"isCapital":true,"isUpper":false},"stack":"((<DictionaryAnalyzer>, u'\\u0430\\u0438\\u0434\\u044b', 68, 1), (<UnknownPrefixAnalyzer>, u'\\u043a'))"},"sentenceIndex":[1],"words":["Каиды"],"wordsIndex":[25]},"кандагар":{"params":{"class":"имя","classMask":22,"info":{"isCapital":true,"isUpper":false},"stack":"((<DictionaryAnalyzer>, u'\\u043a\\u0430\\u043d\\u0434\\u0430\\u0433\\u0430\\u0440\\u0430', 32, 1),)"},"sentenceIndex":[1],"words":["Кандагара"],"wordsIndex":[32]},"карта":{"params":{"class":"с","classMask":1,"info":{"isCapital":false,"isUpper":false},"stack":"((<DictionaryAnalyzer>, u'\\u043a\\u0430\\u0440\\u0442', 55, 8),)"},"sentenceIndex":[2],"words":["карт"],"wordsIndex":[10]},"кения":{"params":{"class":"имя","classMask":1122,"info":{"isCapital":true,"isCountry":true,"isUpper":false},"stack":"((<DictionaryAnalyzer>, u'\\u043a\\u0435\\u043d\\u0438\\u0438', 70, 5),)"},"sentenceIndex":[3],"words":["Кении"],"wordsIndex":[23]},"когда":{"params":{"class":"союз","classMask":15,"info":{"isCapital":false,"isUpper":false},"stack":"((<DictionaryAnalyzer>, u'\\u043a\\u043e\\u0433\\u0434\\u0430', 20, 0),)"},"sentenceIndex":[3],"words":["когда"],"wordsIndex":[9]},"командир":{"params":{"class":"с","classMask":1,"info":{"isCapital":false,"isUpper":false},"stack":"((<DictionaryAnalyzer>, u'\\u043a\\u043e\\u043c\\u0430\\u043d\\u0434\\u0438\\u0440\\u043e\\u0432', 52, 7),)"},"sentenceIndex":[6],"words":["командиров"],"wordsIndex":[18]},"крупный":{"params":{"class":"п","classMask":2,"info":{"isCapital":false,"isUpper":false},"stack":"((<DictionaryAnalyzer>, u'\\u043a\\u0440\\u0443\\u043f\\u043d\\u0435\\u0439\\u0448\\u0438\\u0439', 214, 27),)"},"sentenceIndex":[1],"words":["крупнейший"],"wordsIndex":[21]},"крылатый":{"params":{"class":"п","classMask":2,"info":{"isCapital":false,"isUpper":false},"stack":"((<DictionaryAnalyzer>, u'\\u043a\\u0440\\u044b\\u043b\\u0430\\u0442\\u044b\\u0435', 4, 20),)"},"sentenceIndex":[3],"words":["крылатые"],"wordsIndex":[14]},"куддус":{"params":{"class":"имя","classMask":22,"info":{"isCapital":true,"isUpper":false},"stack":"((<FakeDictionary>, u'\\u043a\\u0443\\u0434\\u0434\\u0443\\u0441', 33, 0), (<KnownSuffixAnalyzer>, u'\\u0434\\u0443\\u0441'))"},"sentenceIndex":[6],"words":["Куддус"],"wordsIndex":[13]},"лагер":{"params":{"class":"с","classMask":1,"info":{"isCapital":false,"isUpper":false},"stack":"((<DictionaryAnalyzer>, u'\\u043b\\u0430\\u0433\\u0435\\u0440\\u0435', 33, 5),)"},"sentenceIndex":[7],"words":["лагере"],"wordsIndex":[5]},"лагерь":{"params":{"class":"с","classMask":1,"info":{"isCapital":false,"isUpper":false},"stack":"((<DictionaryAnalyzer>, u'\\u043b\\u0430\\u0433\\u0435\\u0440\\u044c', 1840, 3),)"},"sentenceIndex":[1,1,3,4,5,6],"words":["лагерь","лагерь","лагерь","лагерь","лагерь","лагеря"],"wordsIndex":[5,23,3,2,2,6]},"менять":{"params":{"class":"причастие","classMask":7,"info":{"isCapital":false,"isUpper":false},"stack":"((<DictionaryAnalyzer>, u'\\u043c\\u0435\\u043d\\u044f\\u044e\\u0449\\u0438\\u0439', 206, 13),)"},"sentenceIndex":[1],"words":["меняющий"],"wordsIndex":[6]},"местность":{"params":{"class":"с","classMask":1,"info":{"isCapital":false,"isUpper":false},"stack":"((<DictionaryAnalyzer>, u'\\u043c\\u0435\\u0441\\u0442\\u043d\\u043e\\u0441\\u0442\\u0438', 13, 5),)"},"sentenceIndex":[2],"words":["местности"],"wordsIndex":[13]},"мнение":{"params":{"class":"с","classMask":1,"info":{"isCapital":false,"isUpper":false},"stack":"((<DictionaryAnalyzer>, u'\\u043c\\u043d\\u0435\\u043d\\u0438\\u044e', 76, 4),)"},"sentenceIndex":[6],"words":["мнению"],"wordsIndex":[1]},"на":{"params":{"class":"предл","classMask":14,"info":{"isCapital":false,"isUpper":false},"stack":"((<DictionaryAnalyzer>, u'\\u043d\\u0430', 24, 0),)"},"sentenceIndex":[2,3,3],"words":["на","на","на"],"wordsIndex":[12,2,12]},"не":{"params":{"class":"част","classMask":16,"info":{"isCapital":false,"isUpper":false},"stack":"((<DictionaryAnalyzer>, u'\\u043d\\u0435', 22, 0),)"},"sentenceIndex":[4],"words":["не"],"wordsIndex":[6]},"некий":{"params":{"class":"п","classMask":2,"info":{"isCapital":false,"isUpper":false},"stack":"((<DictionaryAnalyzer>, u'\\u043d\\u0435\\u043a\\u0438\\u0439', 2081, 0),)"},"sentenceIndex":[6],"words":["некий"],"wordsIndex":[8]},"неподалёку":{"params":{"class":"н","classMask":11,"info":{"isCapital":false,"isUpper":false},"stack":"((<DictionaryAnalyzer>, u'\\u043d\\u0435\\u043f\\u043e\\u0434\\u0430\\u043b\\u0451\\u043a\\u0443', 3, 0),)"},"sentenceIndex":[1],"words":["неподалёку"],"wordsIndex":[30]},"обучение":{"params":{"class":"с","classMask":1,"info":{"isCapital":false,"isUpper":false},"stack":"((<DictionaryAnalyzer>, u'\\u043e\\u0431\\u0443\\u0447\\u0435\\u043d\\u0438\\u044f', 76, 2),)"},"sentenceIndex":[2],"words":["обучения"],"wordsIndex":[1]},"один":{"params":{"class":"п","classMask":2,"info":{"isCapital":true,"isUpper":false},"stack":"((<DictionaryAnalyzer>, u'\\u043f\\u0435\\u0440\\u0432\\u0430\\u044f', 2198, 33),)"},"sentenceIndex":[3,6],"words":["Первая","один"],"wordsIndex":[0,16]},"октябрь":{"params":{"class":"с","classMask":1,"info":{"isCapital":false,"isUpper":false},"stack":"((<DictionaryAnalyzer>, u'\\u043e\\u043a\\u0442\\u044f\\u0431\\u0440\\u044f', 190, 1),)"},"sentenceIndex":[5],"words":["октября"],"wordsIndex":[5]},"он":{"params":{"class":"мс","classMask":12,"info":{"isCapital":false,"isUpper":false},"stack":"((<DictionaryAnalyzer>, u'\\u043d\\u0435\\u0433\\u043e', 2208, 2),)"},"sentenceIndex":[3],"words":["него"],"wordsIndex":[13]},"ориентация":{"params":{"class":"с","classMask":1,"info":{"isCapital":false,"isUpper":false},"stack":"((<DictionaryAnalyzer>, u'\\u043e\\u0440\\u0438\\u0435\\u043d\\u0442\\u0430\\u0446\\u0438\\u044e', 40, 3),)"},"sentenceIndex":[2],"words":["ориентацию"],"wordsIndex":[11]},"оружие":{"params":{"class":"с","classMask":1,"info":{"isCapital":false,"isUpper":false},"stack":"((<DictionaryAnalyzer>, u'\\u043e\\u0440\\u0443\\u0436\\u0438\\u044f', 76, 2),)"},"sentenceIndex":[2],"words":["оружия"],"wordsIndex":[7]},"от":{"params":{"class":"предл","classMask":14,"info":{"isCapital":false,"isUpper":false},"stack":"((<DictionaryAnalyzer>, u'\\u043e\\u0442', 375, 0),)"},"sentenceIndex":[1],"words":["от"],"wordsIndex":[31]},"отместка":{"params":{"class":"с","classMask":1,"info":{"isCapital":false,"isUpper":false},"stack":"((<DictionaryAnalyzer>, u'\\u043e\\u0442\\u043c\\u0435\\u0441\\u0442\\u043a\\u0443', 8, 3),)"},"sentenceIndex":[3],"words":["отместку"],"wordsIndex":[17]},"по":{"params":{"class":"предл","classMask":14,"info":{"isCapital":true,"isUpper":false},"stack":"((<DictionaryAnalyzer>, u'\\u043f\\u043e', 24, 0),)"},"sentenceIndex":[6,6],"words":["По","по"],"wordsIndex":[0,10]},"подготовка":{"params":{"class":"с","classMask":1,"info":{"isCapital":false,"isUpper":false},"stack":"((<DictionaryAnalyzer>, u'\\u043f\\u043e\\u0434\\u0433\\u043e\\u0442\\u043e\\u0432\\u043a\\u0443', 8, 3),)"},"sentenceIndex":[7],"words":["подготовку"],"wordsIndex":[3]},"пока":{"params":{"class":"н","classMask":11,"info":{"isCapital":false,"isUpper":false},"stack":"((<DictionaryAnalyzer>, u'\\u043f\\u043e\\u043a\\u0430', 3, 0),)"},"sentenceIndex":[4],"words":["пока"],"wordsIndex":[5]},"после":{"params":{"class":"предл","classMask":14,"info":{"isCapital":true,"isUpper":false},"stack":"((<DictionaryAnalyzer>, u'\\u043f\\u043e\\u0441\\u043b\\u0435', 24, 0),)"},"sentenceIndex":[4],"words":["После"],"wordsIndex":[0]},"посольство":{"params":{"class":"с","classMask":1,"info":{"isCapital":false,"isUpper":false},"stack":"((<DictionaryAnalyzer>, u'\\u043f\\u043e\\u0441\\u043e\\u043b\\u044c\\u0441\\u0442\\u0432', 54, 7),)"},"sentenceIndex":[3],"words":["посольств"],"wordsIndex":[21]},"при":{"params":{"class":"предл","classMask":14,"info":{"isCapital":false,"isUpper":false},"stack":"((<DictionaryAnalyzer>, u'\\u043f\\u0440\\u0438', 24, 0),)"},"sentenceIndex":[6],"words":["при"],"wordsIndex":[21]},"программа":{"params":{"class":"с","classMask":1,"info":{"isCapital":true,"isUpper":false},"stack":"((<DictionaryAnalyzer>, u'\\u043f\\u0440\\u043e\\u0433\\u0440\\u0430\\u043c\\u043c\\u0430', 55, 0),)"},"sentenceIndex":[2],"words":["Программа"],"wordsIndex":[0]},"продолжать":{"params":{"class":"г","classMask":5,"info":{"isCapital":false,"isUpper":false},"stack":"((<DictionaryAnalyzer>, u'\\u043f\\u0440\\u043e\\u0434\\u043e\\u043b\\u0436\\u0430\\u043b', 206, 7),)"},"sentenceIndex":[4],"words":["продолжал"],"wordsIndex":[3]},"произойти":{"params":{"class":"г","classMask":5,"info":{"isCapital":false,"isUpper":false},"stack":"((<DictionaryAnalyzer>, u'\\u043f\\u0440\\u043e\\u0438\\u0437\\u043e\\u0448\\u043b\\u0430', 2581, 2),)"},"sentenceIndex":[3],"words":["произошла"],"wordsIndex":[4]},"прошедшее":{"params":{"class":"с","classMask":1,"info":{"isCapital":false,"isUpper":false},"stack":"((<DictionaryAnalyzer>, u'\\u043f\\u0440\\u043e\\u0448\\u0435\\u0434\\u0448\\u0438\\u0435', 501, 6),)"},"sentenceIndex":[7],"words":["прошедшие"],"wordsIndex":[2]},"пушту":{"params":{"class":"с","classMask":1,"info":{"isCapital":false,"isUpper":false},"stack":"((<DictionaryAnalyzer>, u'\\u043f\\u0443\\u0448\\u0442\\u0443', 170, 0),)"},"sentenceIndex":[1,1],"words":["пушту","пушту"],"wordsIndex":[8,13]},"работать":{"params":{"class":"инфинитив","classMask":6,"info":{"isCapital":false,"isUpper":false},"stack":"((<DictionaryAnalyzer>, u'\\u0440\\u0430\\u0431\\u043e\\u0442\\u0430\\u0442\\u044c', 15, 0),)"},"sentenceIndex":[4],"words":["работать"],"wordsIndex":[4]},"раз":{"params":{"class":"с","classMask":1,"info":{"isCapital":false,"isUpper":false},"stack":"((<DictionaryAnalyzer>, u'\\u0440\\u0430\\u0437', 2630, 3),)"},"sentenceIndex":[5],"words":["раз"],"wordsIndex":[1]},"разведывательный":{"params":{"class":"п","classMask":2,"info":{"isCapital":false,"isUpper":false},"stack":"((<DictionaryAnalyzer>, u'\\u0440\\u0430\\u0437\\u0432\\u0435\\u0434\\u044b\\u0432\\u0430\\u0442\\u0435\\u043b\\u044c\\u043d\\u044b\\u0445', 60, 21),)"},"sentenceIndex":[6],"words":["разведывательных"],"wordsIndex":[3]},"ракета":{"params":{"class":"с","classMask":1,"info":{"isCapital":false,"isUpper":false},"stack":"((<DictionaryAnalyzer>, u'\\u0440\\u0430\\u043a\\u0435\\u0442\\u044b', 55, 1),)"},"sentenceIndex":[3],"words":["ракеты"],"wordsIndex":[15]},"расположить":{"params":{"class":"причастие","classMask":7,"info":{"isCapital":false,"isUpper":false},"stack":"((<DictionaryAnalyzer>, u'\\u0440\\u0430\\u0441\\u043f\\u043e\\u043b\\u043e\\u0436\\u0435\\u043d\\u043d\\u044b\\u0439', 634, 42),)"},"sentenceIndex":[1],"words":["расположенный"],"wordsIndex":[29]},"рукопашный":{"params":{"class":"п","classMask":2,"info":{"isCapital":false,"isUpper":false},"stack":"((<DictionaryAnalyzer>, u'\\u0440\\u0443\\u043a\\u043e\\u043f\\u0430\\u0448\\u043d\\u044b\\u0439', 12, 0),)"},"sentenceIndex":[2],"words":["рукопашный"],"wordsIndex":[3]},"саудовец":{"params":{"class":"с","classMask":1,"info":{"isCapital":false,"isUpper":false},"stack":"((<DictionaryAnalyzer>, u'\\u0441\\u0430\\u0443\\u0434\\u043e\\u0432\\u0435\\u0446', 38, 0),)"},"sentenceIndex":[6],"words":["саудовец"],"wordsIndex":[9]},"сбросить":{"params":{"class":"г","classMask":5,"info":{"isCapital":false,"isUpper":false},"stack":"((<DictionaryAnalyzer>, u'\\u0441\\u0431\\u0440\\u043e\\u0441\\u0438\\u043b\\u0438', 549, 4),)"},"sentenceIndex":[3],"words":["сбросили"],"wordsIndex":[11]},"сила":{"params":{"class":"с","classMask":1,"info":{"isCapital":false,"isUpper":false},"stack":"((<DictionaryAnalyzer>, u'\\u0441\\u0438\\u043b', 55, 8),)"},"sentenceIndex":[6],"words":["сил"],"wordsIndex":[20]},"стрелковый":{"params":{"class":"п","classMask":2,"info":{"isCapital":false,"isUpper":false},"stack":"((<DictionaryAnalyzer>, u'\\u0441\\u0442\\u0440\\u0435\\u043b\\u043a\\u043e\\u0432\\u043e\\u0433\\u043e', 4, 1),)"},"sentenceIndex":[2],"words":["стрелкового"],"wordsIndex":[6]},"сша":{"params":{"class":"с","classMask":1,"info":{"isCapital":false,"isUpper":true},"stack":"((<DictionaryAnalyzer>, u'\\u0441\\u0448\\u0430', 1828, 1),)"},"sentenceIndex":[3],"words":["США"],"wordsIndex":[10]},"танзания":{"params":{"class":"имя","classMask":1122,"info":{"isCapital":true,"isCountry":true,"isUpper":false},"stack":"((<DictionaryAnalyzer>, u'\\u0442\\u0430\\u043d\\u0437\\u0430\\u043d\\u0438\\u0438', 70, 5),)"},"sentenceIndex":[3],"words":["Танзании"],"wordsIndex":[25]},"топографический":{"params":{"class":"п","classMask":2,"info":{"isCapital":false,"isUpper":false},"stack":"((<DictionaryAnalyzer>, u'\\u0442\\u043e\\u043f\\u043e\\u0433\\u0440\\u0430\\u0444\\u0438\\u0447\\u0435\\u0441\\u043a\\u0438\\u0445', 16, 21),)"},"sentenceIndex":[2],"words":["топографических"],"wordsIndex":[9]},"тор":{"params":{"class":"имя","classMask":22,"info":{"isCapital":true,"isUpper":false},"stack":"((<DictionaryAnalyzer>, u'\\u0442\\u043e\\u0440\\u0430', 33, 1),)"},"sentenceIndex":[6],"words":["Тора"],"wordsIndex":[22]},"тренировочный":{"params":{"class":"п","classMask":2,"info":{"isCapital":false,"isUpper":false},"stack":"((<DictionaryAnalyzer>, u'\\u0442\\u0440\\u0435\\u043d\\u0438\\u0440\\u043e\\u0432\\u043e\\u0447\\u043d\\u044b\\u0439', 34, 0),)"},"sentenceIndex":[1],"words":["тренировочный"],"wordsIndex":[22]},"учредитель":{"params":{"class":"с","classMask":1,"info":{"isCapital":false,"isUpper":false},"stack":"((<DictionaryAnalyzer>, u'\\u0443\\u0447\\u0440\\u0435\\u0434\\u0438\\u0442\\u0435\\u043b\\u0435\\u043c', 121, 4),)"},"sentenceIndex":[6],"words":["учредителем"],"wordsIndex":[5]},"фарука":{"params":{"class":"имя","classMask":22,"info":{"isCapital":true,"isUpper":false},"stack":"((<DictionaryAnalyzer>, u'\\u0440\\u0443\\u043a', 43, 8), (<UnknownPrefixAnalyzer>, u'\\u0444\\u0430'))"},"sentenceIndex":[0],"words":["Фарук"],"wordsIndex":[1]},"человек":{"params":{"class":"с","classMask":1,"info":{"isCapital":false,"isUpper":false},"stack":"((<DictionaryAnalyzer>, u'\\u043b\\u044e\\u0434\\u0435\\u0439', 488, 7),)"},"sentenceIndex":[1,7],"words":["людей","люди"],"wordsIndex":[7,1]},"чтение":{"params":{"class":"с","classMask":1,"info":{"isCapital":false,"isUpper":false},"stack":"((<DictionaryAnalyzer>, u'\\u0447\\u0442\\u0435\\u043d\\u0438\\u0435', 76, 0),)"},"sentenceIndex":[2],"words":["чтение"],"wordsIndex":[8]},"это":{"params":{"class":"мс","classMask":12,"info":{"isCapital":false,"isUpper":false},"stack":"((<DictionaryAnalyzer>, u'\\u044d\\u0442\\u043e\\u0433\\u043e', 3098, 1),)"},"sentenceIndex":[4],"words":["этого"],"wordsIndex":[1]},"являться":{"params":{"class":"г","classMask":5,"info":{"isCapital":false,"isUpper":false},"stack":"((<DictionaryAnalyzer>, u'\\u044f\\u0432\\u043b\\u044f\\u043b\\u0441\\u044f', 224, 7),)"},"sentenceIndex":[6],"words":["являлся"],"wordsIndex":[7]}}