{"100":{"indexObj":{"classMask":19,"counter":3364.0,"finded":2255,"isExisted":true,"letterId":60,"meta":"{}","server":"_buber3_","table":"wordIndex.other","uid":257,"word":"100","wordHash":"f899139df5e1059396431415e770c6dd_643c30f73a3017050b287794fc8c5bb9ab06b9ce38a1fc58df402a8b66ff58f69bf0a606ae17585352a0306f0e9752de8c5c064aed7003f52808b43ff992a603","wordId":"60:257"},"morphObj":{"params":{"class":"наим","classMask":19,"info":{},"stack":""},"sentenceIndex":[2],"words":["100"],"wordsIndex":[7]},"rating":25.0,"stats":{"counter":3364.0,"counterAll":3364.0,"isAdjf":0,"isCombo":0,"isComp":0,"isCountry":0,"isEng":0,"isName":0,"isNominal":1,"isNoun":0,"isNum":0,"isPrtf":0,"isSymbol":0,"isUnknown":0,"isVerb":0,"repeat":0.25,"weight":0.11608406087166569,"weightAll":0.030856157472803656}},"124":{"indexObj":{"classMask":19,"counter":176.0,"finded":146,"isExisted":true,"letterId":60,"meta":"{}","server":"_buber3_","table":"wordIndex.other","uid":832,"word":"124","wordHash":"c8ffe9a587b126f152ed3d89a146b445_813d00895b26351a54f3380016887dad2a8e1fabf18983e2972247de23a66d97911603dca3cd2631be63851eb163792fe52cf787f3fee01ff8a8f44eca6dae4a","wordId":"60:832"},"morphObj":{"params":{"class":"наим","classMask":19,"info":{},"stack":""},"sentenceIndex":[3],"words":["124"],"wordsIndex":[20]},"rating":25.0,"stats":{"counter":176.0,"counterAll":176.0,"isAdjf":0,"isCombo":0,"isComp":0,"isCountry":0,"isEng":0,"isName":0,"isNominal":1,"isNoun":0,"isNum":0,"isPrtf":0,"isSymbol":0,"isUnknown":0,"isVerb":0,"repeat":0.25,"weight":0.006073363470099037,"weightAll":0.00161435306635358}},"агентство":{"indexObj":{"classMask":1,"counter":1380.0,"finded":1155,"isExisted":true,"letterId":2,"meta":"{}","server":"_buber3_","table":"wordIndex.ru","uid":1361,"word":"агентство","wordHash":"631d71cafe98b7dae7b1d29b180eb056_74a4815455080720dae4253ffc6d7b965f94b34f14e0a867362132325654ee9e570ec7d81a0802eb7a19b5dc8c94f924e66c8782bae9a3fbd7a326858e2acbe3","wordId":"2:1361"},"morphObj":{"params":{"class":"с","classMask":1,"info":{"isCapital":false,"isUpper":false},"stack":"((<DictionaryAnalyzer>, u'\\u0430\\u0433\\u0435\\u043d\\u0442\\u0441\\u0442\\u0432\\u043e', 54, 0),)"},"sentenceIndex":[1],"words":["агентство"],"wordsIndex":[12]},"rating":25.0,"stats":{"counter":1380.0,"counterAll":1380.0,"isAdjf":0,"isCombo":0,"isComp":0,"isCountry":0,"isEng":0,"isName":0,"isNominal":0,"isNoun":1,"isNum":0,"isPrtf":0,"isSymbol":0,"isUnknown":0,"isVerb":0,"repeat":0.25,"weight":0.047620690845094724,"weightAll":0.012657995633908752}},"акциз":{"indexObj":{"classMask":1,"counter":53.0,"finded":18,"isExisted":true,"letterId":2,"meta":"{}","server":"_buber3_","table":"wordIndex.ru","uid":36028,"word":"акциз","wordHash":"432d081282242415428ccf61684e968f_86c26cfd015c5e28fbbf6127088a09e91addaee9811ad74f2ca4b4083a1bbfa6f1182d8b85df0532508a0e40c454d51078a57c0f2f34d7da690a8771fc445562","wordId":"2:36028"},"morphObj":{"params":{"class":"с","classMask":1,"info":{"isCapital":false,"isUpper":false},"stack":"((<DictionaryAnalyzer>, u'\\u0430\\u043a\\u0446\\u0438\\u0437', 33, 0),)"},"sentenceIndex":[0,0,2,3],"words":["акциз","акцизу","акцизов","акциза"],"wordsIndex":[12,18,12,7]},"rating":100.0,"stats":{"counter":53.0,"counterAll":212.0,"isAdjf":0,"isCombo":0,"isComp":0,"isCountry":0,"isEng":0,"isName":0,"isNominal":0,"isNoun":1,"isNum":0,"isPrtf":0,"isSymbol":0,"isUnknown":0,"isVerb":0,"repeat":1.0,"weight":0.001828910590427551,"weightAll":0.0019445616481077214}},"акцизный":{"indexObj":{"classMask":2,"counter":24.0,"finded":20,"isExisted":true,"letterId":2,"meta":"{}","server":"_buber3_","table":"wordIndex.ru","uid":65139,"word":"акцизный","wordHash":"31c99bd1c9a2cf0818acdd94b5536db0_b24abaf50cd45249716a8ff8c6d35d9b455df07ac42000111ad12d638af6dcb7383033eed4c2b8d89540b6be51e8a52fd0e984af829531ab9cc919e361fd1488","wordId":"2:65139"},"morphObj":{"params":{"class":"п","classMask":2,"info":{"isCapital":false,"isUpper":false},"stack":"((<DictionaryAnalyzer>, u'\\u0430\\u043a\\u0446\\u0438\\u0437\\u043d\\u0430\\u044f', 12, 7),)"},"sentenceIndex":[2],"words":["акцизная"],"wordsIndex":[2]},"rating":25.0,"stats":{"counter":24.0,"counterAll":24.0,"isAdjf":1,"isCombo":0,"isComp":0,"isCountry":0,"isEng":0,"isName":0,"isNominal":0,"isNoun":0,"isNum":0,"isPrtf":0,"isSymbol":0,"isUnknown":0,"isVerb":0,"repeat":0.25,"weight":0.0008281859277407778,"weightAll":0.00022013905450276092}},"алкоголь":{"indexObj":{"classMask":1,"counter":274.0,"finded":163,"isExisted":true,"letterId":2,"meta":"{}","server":"_buber3_","table":"wordIndex.ru","uid":5840,"word":"алкоголь","wordHash":"7e54e0482710a4766b9f34172f385b02_9d826f135da678f890d38980a53bd71d04e7f976706d50d3ba4d0401bf3c0c1f79e452de332bba08d27ac6b41655fb7b6e0787a320f3109eadf1d473c13eee0a","wordId":"2:5840"},"morphObj":{"params":{"class":"с","classMask":1,"info":{"isCapital":false,"isUpper":false},"stack":"((<DictionaryAnalyzer>, u'\\u0430\\u043b\\u043a\\u043e\\u0433\\u043e\\u043b\\u044c', 91, 0),)"},"sentenceIndex":[0,5],"words":["алкоголь","алкоголя"],"wordsIndex":[20,16]},"rating":50.0,"stats":{"counter":274.0,"counterAll":548.0,"isAdjf":0,"isCombo":0,"isComp":0,"isCountry":0,"isEng":0,"isName":0,"isNominal":0,"isNoun":1,"isNum":0,"isPrtf":0,"isSymbol":0,"isUnknown":0,"isVerb":0,"repeat":0.5,"weight":0.009455122675040546,"weightAll":0.005026508411146374}},"аптека":{"indexObj":{"classMask":1,"counter":125.0,"finded":82,"isExisted":true,"letterId":2,"meta":"{}","server":"_buber3_","table":"wordIndex.ru","uid":23042,"word":"аптека","wordHash":"4d178687f763aeb27a96599882c45a97_b3db14996fad9a6e2e882917bc64ade1caece4fed7bde1b40ed1098b309af593384ffe478412815c9ca1a7cfb6d31d5cf430bb4b3beb1312053920b853bde2f9","wordId":"2:23042"},"morphObj":{"params":{"class":"с","classMask":1,"info":{"isCapital":false,"isUpper":false},"stack":"((<DictionaryAnalyzer>, u'\\u0430\\u043f\\u0442\\u0435\\u043a\\u0430\\u0445', 43, 12),)"},"sentenceIndex":[4],"words":["аптеках"],"wordsIndex":[20]},"rating":25.0,"stats":{"counter":125.0,"counterAll":125.0,"isAdjf":0,"isCombo":0,"isComp":0,"isCountry":0,"isEng":0,"isName":0,"isNominal":0,"isNoun":1,"isNum":0,"isPrtf":0,"isSymbol":0,"isUnknown":0,"isVerb":0,"repeat":0.25,"weight":0.0043134683736498845,"weightAll":0.0011465575755352131}},"безопасность":{"indexObj":{"classMask":1,"counter":1639.0,"finded":994,"isExisted":true,"letterId":1,"meta":"{}","server":"_buber3_","table":"wordIndex.ru","uid":6860,"word":"безопасность","wordHash":"0ae917eae9d4acc0060e90c7423cf7d5_9916525f5d52e7249ff242ca484adaeb83b132ac0c2ae35fb2d6bcdb7e7daadc738df4e9a99cb1d69b25d751c2f0f3e1dd600e123fb3a4ae5a26408808f6dde2","wordId":"1:6860"},"morphObj":{"params":{"class":"с","classMask":1,"info":{"isCapital":false,"isUpper":false},"stack":"((<DictionaryAnalyzer>, u'\\u0431\\u0435\\u0437\\u043e\\u043f\\u0430\\u0441\\u043d\\u043e\\u0441\\u0442\\u0438', 13, 1),)"},"sentenceIndex":[0],"words":["безопасности"],"wordsIndex":[4]},"rating":25.0,"stats":{"counter":1639.0,"counterAll":1639.0,"isAdjf":0,"isCombo":0,"isComp":0,"isCountry":0,"isEng":0,"isName":0,"isNominal":0,"isNoun":1,"isNum":0,"isPrtf":0,"isSymbol":0,"isUnknown":0,"isVerb":0,"repeat":0.25,"weight":0.056558197315297286,"weightAll":0.015033662930417713}},"бизнес":{"indexObj":{"classMask":1,"counter":1112.0,"finded":623,"isExisted":true,"letterId":1,"meta":"{}","server":"_buber3_","table":"wordIndex.ru","uid":3206,"word":"бизнес","wordHash":"f6e9b0a8466aae711991d8d6e6215263_fdafa91ec95a36fb8ba984f761b05b37df5842151f5481d5a1aad6f66e55286ce04e9c3480d875af92d2dd57dd8da4d5c632dde2e8b7330abb8aec7638b8e4fd","wordId":"1:3206"},"morphObj":{"params":{"class":"с","classMask":1,"info":{"isCapital":false,"isUpper":false},"stack":"((<DictionaryAnalyzer>, u'\\u0431\\u0438\\u0437\\u043d\\u0435\\u0441\\u043e\\u043c', 33, 4),)"},"sentenceIndex":[2],"words":["бизнесом"],"wordsIndex":[21]},"rating":25.0,"stats":{"counter":1112.0,"counterAll":1112.0,"isAdjf":0,"isCombo":0,"isComp":0,"isCountry":0,"isEng":0,"isName":0,"isNominal":0,"isNoun":1,"isNum":0,"isPrtf":0,"isSymbol":0,"isUnknown":0,"isVerb":0,"repeat":0.25,"weight":0.03837261465198937,"weightAll":0.010199776191961255}},"бюджет":{"indexObj":{"classMask":1,"counter":550.0,"finded":388,"isExisted":true,"letterId":1,"meta":"{}","server":"_buber3_","table":"wordIndex.ru","uid":4997,"word":"бюджет","wordHash":"f003e80f57d76757bd6a24170e1f75a4_2b50ced5d3262b4cd46896df6e177f0dcdaea873514cddf523c0cd6a88d3d626ef2cb09e35bb134aac661b4af279a1450fe5b63a68d23cab975ebdc9bc598e95","wordId":"1:4997"},"morphObj":{"params":{"class":"с","classMask":1,"info":{"isCapital":false,"isUpper":false},"stack":"((<DictionaryAnalyzer>, u'\\u0431\\u044e\\u0434\\u0436\\u0435\\u0442', 33, 0),)"},"sentenceIndex":[3],"words":["бюджет"],"wordsIndex":[17]},"rating":25.0,"stats":{"counter":550.0,"counterAll":550.0,"isAdjf":0,"isCombo":0,"isComp":0,"isCountry":0,"isEng":0,"isName":0,"isNominal":0,"isNoun":1,"isNum":0,"isPrtf":0,"isSymbol":0,"isUnknown":0,"isVerb":0,"repeat":0.25,"weight":0.01897926084405949,"weightAll":0.005044853332354937}},"василий":{"indexObj":{"classMask":22,"counter":2733.0,"finded":1073,"isExisted":true,"letterId":4,"meta":"{}","server":"_buber3_","table":"wordIndex.ru","uid":2615,"word":"василий","wordHash":"693897297d7860729a58dcc0798afdf0_796e01473cfe48362f2554555c8a9aeefe05445e873c9218fa8d531a7d9917b63b81d1c7fab42d88d8bad8f9fe40cd3dc66180c6582f87001d6a8be18fc56632","wordId":"4:2615"},"morphObj":{"params":{"class":"имя","classMask":22,"info":{"isCapital":true,"isUpper":false},"stack":"((<DictionaryAnalyzer>, u'\\u0432\\u0430\\u0441\\u0438\\u043b\\u0438\\u0439', 61, 0),)"},"sentenceIndex":[0],"words":["Василий"],"wordsIndex":[8]},"rating":125.0,"stats":{"counter":2733.0,"counterAll":2733.0,"isAdjf":0,"isCombo":0,"isComp":0,"isCountry":0,"isEng":0,"isName":1,"isNominal":0,"isNoun":0,"isNum":0,"isPrtf":0,"isSymbol":0,"isUnknown":0,"isVerb":0,"repeat":0.25,"weight":0.09430967252148108,"weightAll":0.0250683348315019}},"введение":{"indexObj":{"classMask":1,"counter":714.0,"finded":536,"isExisted":true,"letterId":4,"meta":"{}","server":"_buber3_","table":"wordIndex.ru","uid":233,"word":"введение","wordHash":"e8c778dea60a6d9abff4f9dbcfd6b3cd_9d307c13963b13613cc81304087c56f19983d088bde7cf6431ab3be8cec8d8a27b3b8a34efb89ccadb1c9b56038b00def4226363292e94b4ecfe375862d48b88","wordId":"4:233"},"morphObj":{"params":{"class":"с","classMask":1,"info":{"isCapital":false,"isUpper":false},"stack":"((<DictionaryAnalyzer>, u'\\u0432\\u0432\\u0435\\u0434\\u0435\\u043d\\u0438\\u044f', 76, 2),)"},"sentenceIndex":[3],"words":["введения"],"wordsIndex":[5]},"rating":25.0,"stats":{"counter":714.0,"counterAll":714.0,"isAdjf":0,"isCombo":0,"isComp":0,"isCountry":0,"isEng":0,"isName":0,"isNominal":0,"isNoun":1,"isNum":0,"isPrtf":0,"isSymbol":0,"isUnknown":0,"isVerb":0,"repeat":0.25,"weight":0.02463853135028814,"weightAll":0.006549136871457137}},"водочный":{"indexObj":{"classMask":2,"counter":23.0,"finded":20,"isExisted":true,"letterId":4,"meta":"{}","server":"_buber3_","table":"wordIndex.ru","uid":85789,"word":"водочный","wordHash":"349daa3690019ca6049173bde40fa6c3_b0c1a42d485512fedfd86bc150c4f2eac2b3a2bad98e6783deefba162d13f9560f1873177cb7c274a9370e85a46fb2b068764a51d087fc2a8191f5f9e9c13bcd","wordId":"4:85789"},"morphObj":{"params":{"class":"п","classMask":2,"info":{"isCapital":false,"isUpper":false},"stack":"((<DictionaryAnalyzer>, u'\\u0432\\u043e\\u0434\\u043e\\u0447\\u043d\\u043e\\u0439', 12, 8),)"},"sentenceIndex":[3],"words":["водочной"],"wordsIndex":[16]},"rating":25.0,"stats":{"counter":23.0,"counterAll":23.0,"isAdjf":1,"isCombo":0,"isComp":0,"isCountry":0,"isEng":0,"isName":0,"isNominal":0,"isNoun":0,"isNum":0,"isPrtf":0,"isSymbol":0,"isUnknown":0,"isVerb":0,"repeat":0.25,"weight":0.0007936781807515788,"weightAll":0.0002109665938984792}},"время":{"indexObj":{"classMask":1,"counter":27256.0,"finded":11481,"isExisted":true,"letterId":4,"meta":"{}","server":"_buber3_","table":"wordIndex.ru","uid":205,"word":"время","wordHash":"9eb6225e8cbe555c920669148772e764_386062cf9c654c89003548cfdc9b3bce6630c8377ed1771522de1ffe2a3f61197eea183e4fb6e80a3894bdf746d5cf7da8176c8181ca64dfdacafeabbca0b504","wordId":"4:205"},"morphObj":{"params":{"class":"с","classMask":1,"info":{"isCapital":false,"isUpper":false},"stack":"((<DictionaryAnalyzer>, u'\\u0432\\u0440\\u0435\\u043c\\u044f', 536, 3),)"},"sentenceIndex":[4,5,5,5],"words":["время","время","время","времени"],"wordsIndex":[16,2,7,14]},"rating":100.0,"stats":{"counter":27256.0,"counterAll":109024.0,"isAdjf":0,"isCombo":0,"isComp":0,"isCountry":0,"isEng":0,"isName":0,"isNominal":0,"isNoun":1,"isNum":0,"isPrtf":0,"isSymbol":0,"isUnknown":0,"isVerb":0,"repeat":1.0,"weight":0.94054315193761,"weightAll":1.0000183449212086}},"выгодный":{"indexObj":{"classMask":2,"counter":125.0,"finded":114,"isExisted":true,"letterId":4,"meta":"{}","server":"_buber3_","table":"wordIndex.ru","uid":11391,"word":"выгодный","wordHash":"b501edb8b5f6fe16e0c46961e0722501_b2b654c0d570923e37c1cdc17019932ec01343779638eb0806df9f4e1475591303e65a7287ca6e9e850fd790e7ee621c0b26b267bb33b98ef9d76f9fa1db3e9e","wordId":"4:11391"},"morphObj":{"params":{"class":"п","classMask":2,"info":{"isCapital":false,"isUpper":false},"stack":"((<DictionaryAnalyzer>, u'\\u0432\\u044b\\u0433\\u043e\\u0434\\u043d\\u044b\\u043c', 214, 5),)"},"sentenceIndex":[2],"words":["выгодным"],"wordsIndex":[20]},"rating":25.0,"stats":{"counter":125.0,"counterAll":125.0,"isAdjf":1,"isCombo":0,"isComp":0,"isCountry":0,"isEng":0,"isName":0,"isNominal":0,"isNoun":0,"isNum":0,"isPrtf":0,"isSymbol":0,"isUnknown":0,"isVerb":0,"repeat":0.25,"weight":0.0043134683736498845,"weightAll":0.0011465575755352131}},"госдума":{"indexObj":{"classMask":22,"counter":426.0,"finded":231,"isExisted":true,"letterId":3,"meta":"{}","server":"_buber3_","table":"wordIndex.ru","uid":10823,"word":"госдума","wordHash":"0db94a729f85dfb8528adcdda17428b9_ee30a03dca81d29b2008adc6749742781d737f88cca517072922672e4bd92fcbd4aa07332d1a4763ef11f1592d6fa73cd6a2f607cf1f463881064f0224907c92","wordId":"3:10823"},"morphObj":{"params":{"class":"имя","classMask":22,"info":{"isCapital":true,"isUpper":false},"stack":"((<DictionaryAnalyzer>, u'\\u0433\\u043e\\u0441\\u0434\\u0443\\u043c\\u044b', 113, 1),)"},"sentenceIndex":[0],"words":["Госдумы"],"wordsIndex":[2]},"rating":125.0,"stats":{"counter":426.0,"counterAll":426.0,"isAdjf":0,"isCombo":0,"isComp":0,"isCountry":0,"isEng":0,"isName":1,"isNominal":0,"isNoun":0,"isNum":0,"isPrtf":0,"isSymbol":0,"isUnknown":0,"isVerb":0,"repeat":0.25,"weight":0.014700300217398807,"weightAll":0.003907468217424006}},"действовать":{"indexObj":{"classMask":5,"counter":1404.0,"finded":1016,"isExisted":true,"letterId":6,"meta":"{}","server":"_buber3_","table":"wordIndex.ru","uid":4494,"word":"действовать","wordHash":"c681deff0eacd2346d46620d837d0226_45e0e2a6280173166d3d1f6bf3184ac18c644528a26f339790dc5b2bc83624680d997b9c362bfec9f1d89e78cc3b72b33ab3ff7ba7b946e0a6155a70be225e4b","wordId":"6:4494"},"morphObj":{"params":{"class":"г","classMask":5,"info":{"isCapital":false,"isUpper":false},"stack":"((<DictionaryAnalyzer>, u'\\u0434\\u0435\\u0439\\u0441\\u0442\\u0432\\u0443\\u044e\\u0442', 172, 6),)"},"sentenceIndex":[5],"words":["действуют"],"wordsIndex":[11]},"rating":25.0,"stats":{"counter":1404.0,"counterAll":1404.0,"isAdjf":0,"isCombo":0,"isComp":0,"isCountry":0,"isEng":0,"isName":0,"isNominal":0,"isNoun":0,"isNum":0,"isPrtf":0,"isSymbol":0,"isUnknown":0,"isVerb":1,"repeat":0.25,"weight":0.0484488767728355,"weightAll":0.012878134688411513}},"делать":{"indexObj":{"classMask":5,"counter":1310.0,"finded":976,"isExisted":true,"letterId":6,"meta":"{}","server":"_buber3_","table":"wordIndex.ru","uid":5309,"word":"делать","wordHash":"b9d3a581d3ae8dde622058acac8ef812_f9a6af92c4d16dfbb60f02db0fe75079eaab0aa221d8f462593368d516d5d458c640fb6aa2eb8c7fe33ddf0bb15a012244795787138d61b7cd36ea4d684267f7","wordId":"6:5309"},"morphObj":{"params":{"class":"г","classMask":5,"info":{"isCapital":false,"isUpper":false},"stack":"((<DictionaryAnalyzer>, u'\\u0434\\u0435\\u043b\\u0430\\u0435\\u0442', 303, 5),)"},"sentenceIndex":[2],"words":["делает"],"wordsIndex":[15]},"rating":25.0,"stats":{"counter":1310.0,"counterAll":1310.0,"isAdjf":0,"isCombo":0,"isComp":0,"isCountry":0,"isEng":0,"isName":0,"isNominal":0,"isNoun":0,"isNum":0,"isPrtf":0,"isSymbol":0,"isUnknown":0,"isVerb":1,"repeat":0.25,"weight":0.04520514855585079,"weightAll":0.012015923391609033}},"дополнительно":{"indexObj":{"classMask":11,"counter":221.0,"finded":195,"isExisted":true,"letterId":6,"meta":"{}","server":"_buber3_","table":"wordIndex.ru","uid":14453,"word":"дополнительно","wordHash":"c704e74c49313971a0f50cfeccaa78cf_c0fd833d0de97e4f9e0fcc6753efeec68fc372112126fecde87d475eb2366476cbbba63b44c37fa4289f52eac22430bdb38771e3b9893e3ac0b1208114823504","wordId":"6:14453"},"morphObj":{"params":{"class":"н","classMask":11,"info":{"isCapital":false,"isUpper":false},"stack":"((<DictionaryAnalyzer>, u'\\u0434\\u043e\\u043f\\u043e\\u043b\\u043d\\u0438\\u0442\\u0435\\u043b\\u044c\\u043d\\u043e', 3, 0),)"},"sentenceIndex":[3],"words":["дополнительно"],"wordsIndex":[19]},"rating":25.0,"stats":{"counter":221.0,"counterAll":221.0,"isAdjf":0,"isCombo":0,"isComp":0,"isCountry":0,"isEng":0,"isName":0,"isNominal":0,"isNoun":0,"isNum":0,"isPrtf":0,"isSymbol":0,"isUnknown":0,"isVerb":0,"repeat":0.25,"weight":0.007626212084612996,"weightAll":0.0020271137935462566}},"жидкость":{"indexObj":{"classMask":1,"counter":378.0,"finded":212,"isExisted":true,"letterId":8,"meta":"{}","server":"_buber3_","table":"wordIndex.ru","uid":11225,"word":"жидкость","wordHash":"89bc96b02b6b4d47e382c62c9c4d7a31_3c7ce4ff4ce64db3f16c266f7a29f7d922ecdf3d7ab20982a44cba2d57ea2bc3c4ca84eb4af74e2684e207b25bbddff326b7f1adf1e85e55677163b0ff7782b1","wordId":"8:11225"},"morphObj":{"params":{"class":"с","classMask":1,"info":{"isCapital":false,"isUpper":false},"stack":"((<DictionaryAnalyzer>, u'\\u0436\\u0438\\u0434\\u043a\\u043e\\u0441\\u0442\\u044f\\u0445', 13, 11),)"},"sentenceIndex":[1,3],"words":["жидкостях","жидкостей"],"wordsIndex":[7,11]},"rating":50.0,"stats":{"counter":378.0,"counterAll":756.0,"isAdjf":0,"isCombo":0,"isComp":0,"isCountry":0,"isEng":0,"isName":0,"isNominal":0,"isNoun":1,"isNum":0,"isPrtf":0,"isSymbol":0,"isUnknown":0,"isVerb":0,"repeat":0.5,"weight":0.013043928361917251,"weightAll":0.006934380216836969}},"идея":{"indexObj":{"classMask":1,"counter":2038.0,"finded":1259,"isExisted":true,"letterId":10,"meta":"{}","server":"_buber3_","table":"wordIndex.ru","uid":3183,"word":"идея","wordHash":"c0ec11da26149badf889e5eb84a53852_7a4f8b4e28455be2d511fd63656b395c7a903c2465a5e2c7e76a5367fc8ea80d9980925c26bc1d29f1363285d59006af7fb5a4805cc1fe311046b620606c0378","wordId":"10:3183"},"morphObj":{"params":{"class":"с","classMask":1,"info":{"isCapital":false,"isUpper":false},"stack":"((<DictionaryAnalyzer>, u'\\u0438\\u0434\\u0435\\u044e', 233, 3),)"},"sentenceIndex":[4],"words":["идею"],"wordsIndex":[5]},"rating":25.0,"stats":{"counter":2038.0,"counterAll":2038.0,"isAdjf":0,"isCombo":0,"isComp":0,"isCountry":0,"isEng":0,"isName":0,"isNominal":0,"isNoun":1,"isNum":0,"isPrtf":0,"isSymbol":0,"isUnknown":0,"isVerb":0,"repeat":0.25,"weight":0.07032678836398772,"weightAll":0.018693474711526114}},"идти":{"indexObj":{"classMask":5,"counter":2133.0,"finded":1514,"isExisted":true,"letterId":10,"meta":"{}","server":"_buber3_","table":"wordIndex.ru","uid":202,"word":"идти","wordHash":"2c576c88fe2cba24cf1597402f3f980f_48979ac1b2cd3f1541721547d7809cf0354cb1c155677da81620e9637b603b328d30ad9f907a21be0c31972f6e63c63d303c3eeb6cc021191dbab6bd77ec9ea9","wordId":"10:202"},"morphObj":{"params":{"class":"г","classMask":5,"info":{"isCapital":false,"isUpper":false},"stack":"((<DictionaryAnalyzer>, u'\\u0438\\u0434\\u0451\\u0442', 1624, 5),)"},"sentenceIndex":[1],"words":["идет"],"wordsIndex":[4]},"rating":25.0,"stats":{"counter":2133.0,"counterAll":2133.0,"isAdjf":0,"isCombo":0,"isComp":0,"isCountry":0,"isEng":0,"isName":0,"isNominal":0,"isNoun":0,"isNum":0,"isPrtf":0,"isSymbol":0,"isUnknown":0,"isVerb":1,"repeat":0.25,"weight":0.07360502432796162,"weightAll":0.019564858468932876}},"интерфакс":{"indexObj":{"classMask":22,"counter":201.0,"finded":199,"isExisted":true,"letterId":10,"meta":"{}","server":"_buber3_","table":"wordIndex.ru","uid":10460,"word":"интерфакс","wordHash":"3e24c7ed7801b1f70920ce1596e377fb_de5c5bd9aa88ab22920ade74318327cf01321661bc0baaae7442f1086b76bd1e2651d8a8681070d83291c8970ab1e65cd0c7c01dcc4bbfe6260574c9748b8797","wordId":"10:10460"},"morphObj":{"params":{"class":"имя","classMask":22,"info":{"isCapital":true,"isUpper":false},"stack":"((<DictionaryAnalyzer>, u'\\u0438\\u043d\\u0442\\u0435\\u0440\\u0444\\u0430\\u043a\\u0441', 33, 0),)"},"sentenceIndex":[1],"words":["Интерфакс"],"wordsIndex":[13]},"rating":125.0,"stats":{"counter":201.0,"counterAll":201.0,"isAdjf":0,"isCombo":0,"isComp":0,"isCountry":0,"isEng":0,"isName":1,"isNominal":0,"isNoun":0,"isNum":0,"isPrtf":0,"isSymbol":0,"isUnknown":0,"isVerb":0,"repeat":0.25,"weight":0.006936057144829014,"weightAll":0.0018436645814606226}},"комитет":{"indexObj":{"classMask":1,"counter":1812.0,"finded":1114,"isExisted":true,"letterId":12,"meta":"{}","server":"_buber3_","table":"wordIndex.ru","uid":6998,"word":"комитет","wordHash":"ad3b1ee567a5a87b7a0678365dd8e4ca_673249bb56c7bf2b4796d4fb0d3083bc365c7a2f4f852b15edbf84a356f8335f43379ccc8599ac65a210ef46790e3928258efa66b36ae1e7c7e97b0737b0c1bf","wordId":"12:6998"},"morphObj":{"params":{"class":"с","classMask":1,"info":{"isCapital":false,"isUpper":false},"stack":"((<DictionaryAnalyzer>, u'\\u043a\\u043e\\u043c\\u0438\\u0442\\u0435\\u0442\\u0430', 33, 1),)"},"sentenceIndex":[0],"words":["комитета"],"wordsIndex":[1]},"rating":25.0,"stats":{"counter":1812.0,"counterAll":1812.0,"isAdjf":0,"isCombo":0,"isComp":0,"isCountry":0,"isEng":0,"isName":0,"isNominal":0,"isNoun":1,"isNum":0,"isPrtf":0,"isSymbol":0,"isUnknown":0,"isVerb":0,"repeat":0.25,"weight":0.06252803754442872,"weightAll":0.01662049861495845}},"компания":{"indexObj":{"classMask":1,"counter":7037.0,"finded":2643,"isExisted":true,"letterId":12,"meta":"{}","server":"_buber3_","table":"wordIndex.ru","uid":2451,"word":"компания","wordHash":"e0d05f1b2ceb90dde5fc90ab88738c39_1731964b257d43711f4d9ecf90c0c4de012cc5933297f10cb335f3fa5d5739dfb55f98536a53ce57b223cd85cf95f943094992d3f00e8bdf9ef56e36e1b70953","wordId":"12:2451"},"morphObj":{"params":{"class":"с","classMask":1,"info":{"isCapital":false,"isUpper":false},"stack":"((<DictionaryAnalyzer>, u'\\u043a\\u043e\\u043c\\u043f\\u0430\\u043d\\u0438\\u0439', 40, 8),)"},"sentenceIndex":[2],"words":["компаний"],"wordsIndex":[14]},"rating":25.0,"stats":{"counter":7037.0,"counterAll":7037.0,"isAdjf":0,"isCombo":0,"isComp":0,"isCountry":0,"isEng":0,"isName":0,"isNominal":0,"isNoun":1,"isNum":0,"isPrtf":0,"isSymbol":0,"isUnknown":0,"isVerb":0,"repeat":0.25,"weight":0.24283101556299388,"weightAll":0.06454660527233036}},"коррупция":{"indexObj":{"classMask":1,"counter":194.0,"finded":129,"isExisted":true,"letterId":12,"meta":"{}","server":"_buber3_","table":"wordIndex.ru","uid":21374,"word":"коррупция","wordHash":"e76e4fde86ff41eeff310d49ad3b84af_7a97ffcd9278a095a720f90a87b7a2a614c1a17c6842249b3ed25beefe054d0119fb1fdd48cfe41593e09d35b5ee44229dd9fc5b4253868e5cfcc0d475fd9706","wordId":"12:21374"},"morphObj":{"params":{"class":"с","classMask":1,"info":{"isCapital":false,"isUpper":false},"stack":"((<DictionaryAnalyzer>, u'\\u043a\\u043e\\u0440\\u0440\\u0443\\u043f\\u0446\\u0438\\u0438', 40, 1),)"},"sentenceIndex":[0],"words":["коррупции"],"wordsIndex":[7]},"rating":25.0,"stats":{"counter":194.0,"counterAll":194.0,"isAdjf":0,"isCombo":0,"isComp":0,"isCountry":0,"isEng":0,"isName":0,"isNominal":0,"isNoun":1,"isNum":0,"isPrtf":0,"isSymbol":0,"isUnknown":0,"isVerb":0,"repeat":0.25,"weight":0.006694502915904621,"weightAll":0.0017794573572306508}},"круглосуточно":{"indexObj":{"classMask":11,"counter":40.0,"finded":34,"isExisted":true,"letterId":12,"meta":"{}","server":"_buber3_","table":"wordIndex.ru","uid":34848,"word":"круглосуточно","wordHash":"0af9218a9de6c181c6cae6fce585014e_fffe927ebe846c238519d887f5eac216015ed7493d542c399656c28cdf11106c2b7f8c4c1d58e51748e904add27a93971af9103258cea1b45ce2ba696902e12e","wordId":"12:34848"},"morphObj":{"params":{"class":"н","classMask":11,"info":{"isCapital":false,"isUpper":false},"stack":"((<DictionaryAnalyzer>, u'\\u043a\\u0440\\u0443\\u0433\\u043b\\u043e\\u0441\\u0443\\u0442\\u043e\\u0447\\u043d\\u043e', 3, 0),)"},"sentenceIndex":[5],"words":["круглосуточно"],"wordsIndex":[21]},"rating":25.0,"stats":{"counter":40.0,"counterAll":40.0,"isAdjf":0,"isCombo":0,"isComp":0,"isCountry":0,"isEng":0,"isName":0,"isNominal":0,"isNoun":0,"isNum":0,"isPrtf":0,"isSymbol":0,"isUnknown":0,"isVerb":0,"repeat":0.25,"weight":0.001380309879567963,"weightAll":0.0003668984241712682}},"лекарственный":{"indexObj":{"classMask":2,"counter":221.0,"finded":137,"isExisted":true,"letterId":11,"meta":"{}","server":"_buber3_","table":"wordIndex.ru","uid":55669,"word":"лекарственный","wordHash":"3cb30b46e7f5aa24db44891b57ef7d1a_aa3309dabe022d34fb6ac08d0d18a405b42fdcba63e294f517cb89cbdeb19b07c70a4c2d5c36048d3f5714e9a22d9f2ec04a513392ffa28c1c8962b772472485","wordId":"11:55669"},"morphObj":{"params":{"class":"п","classMask":2,"info":{"isCapital":false,"isUpper":false},"stack":"((<DictionaryAnalyzer>, u'\\u043b\\u0435\\u043a\\u0430\\u0440\\u0441\\u0442\\u0432\\u0435\\u043d\\u043d\\u044b\\u0445', 262, 21),)"},"sentenceIndex":[1],"words":["лекарственных"],"wordsIndex":[6]},"rating":25.0,"stats":{"counter":221.0,"counterAll":221.0,"isAdjf":1,"isCombo":0,"isComp":0,"isCountry":0,"isEng":0,"isName":0,"isNominal":0,"isNoun":0,"isNum":0,"isPrtf":0,"isSymbol":0,"isUnknown":0,"isVerb":0,"repeat":0.25,"weight":0.007626212084612996,"weightAll":0.0020271137935462566}},"литр":{"indexObj":{"classMask":1,"counter":155.0,"finded":95,"isExisted":true,"letterId":11,"meta":"{}","server":"_buber3_","table":"wordIndex.ru","uid":17478,"word":"литр","wordHash":"a9b4b2e7f5a4f4bf4bff9f69c1813da1_f3d14b895fca829886a7d7a16605711824c4b6601b95a2310627648405dfbac4e681d5700921fee73c428705f21be890c2694bbf37afd7c5e3cf102c1a1bc127","wordId":"11:17478"},"morphObj":{"params":{"class":"с","classMask":1,"info":{"isCapital":false,"isUpper":false},"stack":"((<DictionaryAnalyzer>, u'\\u043b\\u0438\\u0442\\u0440\\u0430', 1871, 1),)"},"sentenceIndex":[2],"words":["литра"],"wordsIndex":[5]},"rating":25.0,"stats":{"counter":155.0,"counterAll":155.0,"isAdjf":0,"isCombo":0,"isComp":0,"isCountry":0,"isEng":0,"isName":0,"isNominal":0,"isNoun":1,"isNum":0,"isPrtf":0,"isSymbol":0,"isUnknown":0,"isVerb":0,"repeat":0.25,"weight":0.005348700783325857,"weightAll":0.0014217313936636642}},"литр-половина":{"indexObj":{"classMask":1201,"counter":2.0,"finded":2,"isExisted":true,"letterId":11,"meta":"{}","server":"_buber3_","table":"wordIndex.ru","uid":350832,"word":"литр-половина","wordHash":"02aa2bb47ef560aa14d48cd82e6d049b_9eca2fab2058b9b31da1bef6269cd3d36c821fd0e1f82c3589f242f599b14b51a6c711f96c255c26267c1eaed27c2a4d4f20e0294a3e4d293e1b264017b71206","wordId":"11:350832"},"morphObj":{"params":{"class":"с","classMask":1201,"info":{"comboClassStats":{"с":2},"isCapital":false,"isCombo":true,"isUpper":false},"stack":"<classByLadder>"},"sentenceIndex":[2],"words":["пол-литра"],"wordsIndex":[6]},"rating":25.0,"stats":{"counter":2.0,"counterAll":2.0,"isAdjf":0,"isCombo":1,"isComp":0,"isCountry":0,"isEng":0,"isName":0,"isNominal":0,"isNoun":1,"isNum":0,"isPrtf":0,"isSymbol":0,"isUnknown":0,"isVerb":0,"repeat":0.25,"weight":6.901549397839815e-05,"weightAll":1.834492120856341e-05}},"медицинский":{"indexObj":{"classMask":2,"counter":1577.0,"finded":777,"isExisted":true,"letterId":14,"meta":"{}","server":"_buber3_","table":"wordIndex.ru","uid":3254,"word":"медицинский","wordHash":"c433edb5ba47c0928f07ae30fa0ee6bb_4065adfa42bc767480c454029e4fdb63c9dabf26d1f548bb44b4bb684f0557ac0f5af0dc2ca997b7840d85c4eba3daa1c3d7f707a6861f4a798a207243a4666b","wordId":"14:3254"},"morphObj":{"params":{"class":"п","classMask":2,"info":{"isCapital":false,"isUpper":false},"stack":"((<DictionaryAnalyzer>, u'\\u043c\\u0435\\u0434\\u0438\\u0446\\u0438\\u043d\\u0441\\u043a\\u043e\\u0433\\u043e', 16, 15),)"},"sentenceIndex":[3,4],"words":["медицинского","медицинских"],"wordsIndex":[12,8]},"rating":50.0,"stats":{"counter":1577.0,"counterAll":3154.0,"isAdjf":1,"isCombo":0,"isComp":0,"isCountry":0,"isEng":0,"isName":0,"isNominal":0,"isNoun":0,"isNum":0,"isPrtf":0,"isSymbol":0,"isUnknown":0,"isVerb":0,"repeat":0.5,"weight":0.05441871700196694,"weightAll":0.028929940745904496}},"миллион":{"indexObj":{"classMask":1,"counter":4218.0,"finded":1864,"isExisted":true,"letterId":14,"meta":"{}","server":"_buber3_","table":"wordIndex.ru","uid":1300,"word":"миллион","wordHash":"8d2e0686b2f381e231218ec61354c874_b2127823219c27614a101e6ab534b1453a2b9582657209595882d4c336fa1f8311c12ff168f65310ebaae77e69920bc2b7540120966313ffc20b159354c980b9","wordId":"14:1300"},"morphObj":{"params":{"class":"с","classMask":1,"info":{"isCapital":false,"isUpper":false},"stack":"((<DictionaryAnalyzer>, u'\\u043c\\u043b\\u043d', 1949, 12),)"},"sentenceIndex":[3],"words":["млн"],"wordsIndex":[21]},"rating":25.0,"stats":{"counter":4218.0,"counterAll":4218.0,"isAdjf":0,"isCombo":0,"isComp":0,"isCountry":0,"isEng":0,"isName":0,"isNominal":0,"isNoun":1,"isNum":0,"isPrtf":0,"isSymbol":0,"isUnknown":0,"isVerb":0,"repeat":0.25,"weight":0.1455536768004417,"weightAll":0.03868943882886023}},"мнение":{"indexObj":{"classMask":1,"counter":2559.0,"finded":1647,"isExisted":true,"letterId":14,"meta":"{}","server":"_buber3_","table":"wordIndex.ru","uid":2576,"word":"мнение","wordHash":"2efd366e0fee30f8c80ef1e1ad1bbdf0_599132fecb1e12e2e51223f4284e430072c45b2d4e60bd9590eeed2e2ba721b5cb7c8830f2c09daea75cd6149525d51df6bbd3889af4090d17c1673a70eaaabc","wordId":"14:2576"},"morphObj":{"params":{"class":"с","classMask":1,"info":{"isCapital":false,"isUpper":false},"stack":"((<DictionaryAnalyzer>, u'\\u043c\\u043d\\u0435\\u043d\\u0438\\u044e', 76, 4),)"},"sentenceIndex":[3],"words":["мнению"],"wordsIndex":[2]},"rating":25.0,"stats":{"counter":2559.0,"counterAll":2559.0,"isAdjf":0,"isCombo":0,"isComp":0,"isCountry":0,"isEng":0,"isName":0,"isNominal":0,"isNoun":1,"isNum":0,"isPrtf":0,"isSymbol":0,"isUnknown":0,"isVerb":0,"repeat":0.25,"weight":0.08830532454536043,"weightAll":0.023472326686356883}},"назначение":{"indexObj":{"classMask":1,"counter":1309.0,"finded":934,"isExisted":true,"letterId":13,"meta":"{}","server":"_buber3_","table":"wordIndex.ru","uid":2857,"word":"назначение","wordHash":"005eda4e87d7063314de4ba720d924d6_84ada78af81ddabab260f9db0c50632a3570606bb20bb6cacf077c750ff01dc642d846b33eb9894c9d1404d3fa50f464cb5b2be2830ea16df069da314e2cbf90","wordId":"13:2857"},"morphObj":{"params":{"class":"с","classMask":1,"info":{"isCapital":false,"isUpper":false},"stack":"((<DictionaryAnalyzer>, u'\\u043d\\u0430\\u0437\\u043d\\u0430\\u0447\\u0435\\u043d\\u0438\\u044f', 76, 2),)"},"sentenceIndex":[3],"words":["назначения"],"wordsIndex":[13]},"rating":25.0,"stats":{"counter":1309.0,"counterAll":1309.0,"isAdjf":0,"isCombo":0,"isComp":0,"isCountry":0,"isEng":0,"isName":0,"isNominal":0,"isNoun":1,"isNum":0,"isPrtf":0,"isSymbol":0,"isUnknown":0,"isVerb":0,"repeat":0.25,"weight":0.04517064080886159,"weightAll":0.01200675093100475}},"настойка":{"indexObj":{"classMask":1,"counter":43.0,"finded":13,"isExisted":true,"letterId":13,"meta":"{}","server":"_buber3_","table":"wordIndex.ru","uid":55682,"word":"настойка","wordHash":"18e8520aee348e11dea0718bb02a7632_c305fc2bd90f4066a8b8744c3f7eda30dde6911691668bfe1b55fcd7d681a7792d498ebe1094c488ad8fd60e4ce3c311518ce502d49331aaa9669a8142fd4fe2","wordId":"13:55682"},"morphObj":{"params":{"class":"с","classMask":1,"info":{"isCapital":false,"isUpper":false},"stack":"((<DictionaryAnalyzer>, u'\\u043d\\u0430\\u0441\\u0442\\u043e\\u0435\\u043a', 144, 8),)"},"sentenceIndex":[2,4],"words":["настоек","настоек"],"wordsIndex":[18,10]},"rating":50.0,"stats":{"counter":43.0,"counterAll":86.0,"isAdjf":0,"isCombo":0,"isComp":0,"isCountry":0,"isEng":0,"isName":0,"isNominal":0,"isNoun":1,"isNum":0,"isPrtf":0,"isSymbol":0,"isUnknown":0,"isVerb":0,"repeat":0.5,"weight":0.0014838331205355602,"weightAll":0.0007888316119682266}},"настоящее":{"indexObj":{"classMask":1,"counter":3231.0,"finded":2538,"isExisted":true,"letterId":13,"meta":"{}","server":"_buber3_","table":"wordIndex.ru","uid":1856,"word":"настоящее","wordHash":"704f34a2208785b8564f7f1d6459da13_fce0d398351b394acc3e6aa4bae6e98c9e7590e9367dad0527efacf4df2ca403b0516e0a1dda570676d35fb86359b1e8ff4b53cb8fde1769f053965922cf88bc","wordId":"13:1856"},"morphObj":{"params":{"class":"с","classMask":1,"info":{"isCapital":false,"isUpper":false},"stack":"((<DictionaryAnalyzer>, u'\\u043d\\u0430\\u0441\\u0442\\u043e\\u044f\\u0449\\u0435\\u0435', 501, 3),)"},"sentenceIndex":[5],"words":["настоящее"],"wordsIndex":[1]},"rating":25.0,"stats":{"counter":3231.0,"counterAll":3231.0,"isAdjf":0,"isCombo":0,"isComp":0,"isCountry":0,"isEng":0,"isName":0,"isNominal":0,"isNoun":1,"isNum":0,"isPrtf":0,"isSymbol":0,"isUnknown":0,"isVerb":0,"repeat":0.25,"weight":0.11149453052210222,"weightAll":0.029636220212434186}},"обсудить":{"indexObj":{"classMask":6,"counter":61.0,"finded":60,"isExisted":true,"letterId":16,"meta":"{}","server":"_buber3_","table":"wordIndex.ru","uid":20589,"word":"обсудить","wordHash":"f0f5d8fc2683aa03393824678c75b694_158b8e293d07e3507b872dc31a63692f053a51fba608398c6792225cbec477c3591d688cb12f94cb3a28631b4804242b6f85deb180f8c636e09c12971bca78ce","wordId":"16:20589"},"morphObj":{"params":{"class":"инфинитив","classMask":6,"info":{"isCapital":false,"isUpper":false},"stack":"((<DictionaryAnalyzer>, u'\\u043e\\u0431\\u0441\\u0443\\u0434\\u0438\\u0442\\u044c', 860, 0),)"},"sentenceIndex":[4],"words":["обсудить"],"wordsIndex":[4]},"rating":25.0,"stats":{"counter":61.0,"counterAll":61.0,"isAdjf":0,"isCombo":0,"isComp":0,"isCountry":0,"isEng":0,"isName":0,"isNominal":0,"isNoun":0,"isNum":0,"isPrtf":0,"isSymbol":0,"isUnknown":0,"isVerb":1,"repeat":0.25,"weight":0.0021049725663411438,"weightAll":0.000559520096861184}},"ограничить":{"indexObj":{"classMask":6,"counter":45.0,"finded":42,"isExisted":true,"letterId":16,"meta":"{}","server":"_buber3_","table":"wordIndex.ru","uid":34852,"word":"ограничить","wordHash":"eacf73c46d3c28d4849f3513354f496f_901b8f470350de1616b046435ff886b4dd011337125e1353e0095301244acccecdfdd994bf5173d48bf24d97460808dfd1be0942f0861ad240441d4640e56f9b","wordId":"16:34852"},"morphObj":{"params":{"class":"инфинитив","classMask":6,"info":{"isCapital":false,"isUpper":false},"stack":"((<DictionaryAnalyzer>, u'\\u043e\\u0433\\u0440\\u0430\\u043d\\u0438\\u0447\\u0438\\u0442\\u044c', 727, 0),)"},"sentenceIndex":[4],"words":["ограничить"],"wordsIndex":[15]},"rating":25.0,"stats":{"counter":45.0,"counterAll":45.0,"isAdjf":0,"isCombo":0,"isComp":0,"isCountry":0,"isEng":0,"isName":0,"isNominal":0,"isNoun":0,"isNum":0,"isPrtf":0,"isSymbol":0,"isUnknown":0,"isVerb":1,"repeat":0.25,"weight":0.0015528486145139583,"weightAll":0.0004127607271926767}},"освобождение":{"indexObj":{"classMask":1,"counter":1090.0,"finded":786,"isExisted":true,"letterId":16,"meta":"{}","server":"_buber3_","table":"wordIndex.ru","uid":6578,"word":"освобождение","wordHash":"9b5dfa8b601b3f6b5b7289c6bf793146_a38bbf7cc7ed6e0be8fad33347b8fbba1180c9198020881a983e50dd6071def68ccd0750109e9b09e66f5458b6976568654496826c1922fa922001aca24c231f","wordId":"16:6578"},"morphObj":{"params":{"class":"с","classMask":1,"info":{"isCapital":false,"isUpper":false},"stack":"((<DictionaryAnalyzer>, u'\\u043e\\u0441\\u0432\\u043e\\u0431\\u043e\\u0436\\u0434\\u0435\\u043d\\u0438\\u0435', 76, 0),)"},"sentenceIndex":[2],"words":["освобождение"],"wordsIndex":[9]},"rating":25.0,"stats":{"counter":1090.0,"counterAll":1090.0,"isAdjf":0,"isCombo":0,"isComp":0,"isCountry":0,"isEng":0,"isName":0,"isNominal":0,"isNoun":1,"isNum":0,"isPrtf":0,"isSymbol":0,"isUnknown":0,"isVerb":0,"repeat":0.25,"weight":0.037613444218226995,"weightAll":0.009997982058667058}},"передавать":{"indexObj":{"classMask":5,"counter":895.0,"finded":839,"isExisted":true,"letterId":15,"meta":"{}","server":"_buber3_","table":"wordIndex.ru","uid":1418,"word":"передавать","wordHash":"005d8f31d3b66a3cc8619d99116ab615_03692d02f8c283149db7d3deb0e1e9bb1a8d318adf9a22ca87eb4523dcf1486fc23be96a04eb6e4c3b245bf0c10f5059d1499533b5b0e236b1c46f4bbc6f8166","wordId":"15:1418"},"morphObj":{"params":{"class":"г","classMask":5,"info":{"isCapital":false,"isUpper":false},"stack":"((<DictionaryAnalyzer>, u'\\u043f\\u0435\\u0440\\u0435\\u0434\\u0430\\u0451\\u0442', 2308, 5),)"},"sentenceIndex":[1],"words":["передает"],"wordsIndex":[11]},"rating":25.0,"stats":{"counter":895.0,"counterAll":895.0,"isAdjf":0,"isCombo":0,"isComp":0,"isCountry":0,"isEng":0,"isName":0,"isNominal":0,"isNoun":0,"isNum":0,"isPrtf":0,"isSymbol":0,"isUnknown":0,"isVerb":1,"repeat":0.25,"weight":0.03088443355533317,"weightAll":0.008209352240832126}},"пискарев":{"indexObj":{"classMask":22,"counter":10.0,"finded":5,"isExisted":true,"letterId":15,"meta":"{}","server":"_buber3_","table":"wordIndex.ru","uid":112682,"word":"пискарев","wordHash":"fa71afa9261c42118a211467852cffff_35a92cb3adf1906f0ea52c520086690069f1e3e7efe8c9a7c32e58099843bf9fb91a5136cbf5c354e8ca6868d382e9678c18d9f5b98284b8098bc4f8487c5de2","wordId":"15:112682"},"morphObj":{"params":{"class":"имя","classMask":22,"info":{"isCapital":true,"isUpper":false},"stack":"((<DictionaryAnalyzer>, u'\\u043f\\u0438\\u0441\\u043a\\u0430\\u0440\\u0435\\u0432', 36, 0),)"},"sentenceIndex":[0,2,4],"words":["Пискарев","Пискарев","Пискарев"],"wordsIndex":[9,23,2]},"rating":175.0,"stats":{"counter":10.0,"counterAll":30.0,"isAdjf":0,"isCombo":0,"isComp":0,"isCountry":0,"isEng":0,"isName":1,"isNominal":0,"isNoun":0,"isNum":0,"isPrtf":0,"isSymbol":0,"isUnknown":0,"isVerb":0,"repeat":0.75,"weight":0.00034507746989199077,"weightAll":0.00027517381812845114}},"позволять":{"indexObj":{"classMask":5,"counter":2019.0,"finded":1157,"isExisted":true,"letterId":15,"meta":"{}","server":"_buber3_","table":"wordIndex.ru","uid":5423,"word":"позволять","wordHash":"0586ae8dc26833ead8029457c9058530_6a65f8c9b26a49015d2a84c59583dce2d489f1293719d3d5a8effb48530bceb1e4de0426dcdc259f54b7a3b1c0989f626e52e978f35ef1471787f79b93568f75","wordId":"15:5423"},"morphObj":{"params":{"class":"г","classMask":5,"info":{"isCapital":false,"isUpper":false},"stack":"((<DictionaryAnalyzer>, u'\\u043f\\u043e\\u0437\\u0432\\u043e\\u043b\\u044f\\u0435\\u0442', 206, 5),)"},"sentenceIndex":[5],"words":["позволяет"],"wordsIndex":[18]},"rating":25.0,"stats":{"counter":2019.0,"counterAll":2019.0,"isAdjf":0,"isCombo":0,"isComp":0,"isCountry":0,"isEng":0,"isName":0,"isNominal":0,"isNoun":0,"isNum":0,"isPrtf":0,"isSymbol":0,"isUnknown":0,"isVerb":1,"repeat":0.25,"weight":0.06967114117119293,"weightAll":0.01851919796004476}},"половина":{"indexObj":{"classMask":1,"counter":2410.0,"finded":1810,"isExisted":true,"letterId":15,"meta":"{}","server":"_buber3_","table":"wordIndex.ru","uid":1010,"word":"половина","wordHash":"98b87564b621a7eb9ceaf6d13d31c008_ff5399785a261cfa2761928cb31e2f294cc8aa36e9d448227b84495bf0e2bf3517e62980b9489d0fe61c4d7748f4add19efa9afd2471631aa18ea26256050550","wordId":"15:1010"},"morphObj":{"params":{"class":"с","classMask":1,"info":{"isCapital":false,"isUpper":false},"stack":"((<DictionaryAnalyzer>, u'\\u043f\\u043e\\u043b', 2467, 13),)"},"sentenceIndex":[2],"words":["пол"],"wordsIndex":[4]},"rating":25.0,"stats":{"counter":2410.0,"counterAll":2410.0,"isAdjf":0,"isCombo":0,"isComp":0,"isCountry":0,"isEng":0,"isName":0,"isNominal":0,"isNoun":1,"isNum":0,"isPrtf":0,"isSymbol":0,"isUnknown":0,"isVerb":0,"repeat":0.25,"weight":0.08316367024396977,"weightAll":0.02210563005631891}},"получить":{"indexObj":{"classMask":5,"counter":9475.0,"finded":5477,"isExisted":true,"letterId":15,"meta":"{}","server":"_buber3_","table":"wordIndex.ru","uid":1523,"word":"получить","wordHash":"a3c0a3183428b80a15b71cb94c0f68d0_4391d751662df079fede698bed037090b8126c511bb4731b3d2ffd4735c7d33eaae5440349ed844939d0fa9d2c27e26867eca5dbc546ce52a69ab858c42cabda","wordId":"15:1523"},"morphObj":{"params":{"class":"г","classMask":5,"info":{"isCapital":false,"isUpper":false},"stack":"((<DictionaryAnalyzer>, u'\\u043f\\u043e\\u043b\\u0443\\u0447\\u0438\\u0442', 634, 9),)"},"sentenceIndex":[3],"words":["получит"],"wordsIndex":[18]},"rating":25.0,"stats":{"counter":9475.0,"counterAll":9475.0,"isAdjf":0,"isCombo":0,"isComp":0,"isCountry":0,"isEng":0,"isName":0,"isNominal":0,"isNoun":0,"isNum":0,"isPrtf":0,"isSymbol":0,"isUnknown":0,"isVerb":1,"repeat":0.25,"weight":0.32696090272266126,"weightAll":0.08690906422556915}},"предложить":{"indexObj":{"classMask":5,"counter":1216.0,"finded":907,"isExisted":true,"letterId":15,"meta":"{}","server":"_buber3_","table":"wordIndex.ru","uid":9353,"word":"предложить","wordHash":"5787c7b3a73ef1e27166edfb3b228178_b5877867b7bffb783aa6c49504970130527a4391f74cbadc3dcaf9dcea456322b942baf9738128d0a90cc686ee66d22df79bd653b178439ca48f0447ee3131cd","wordId":"15:9353"},"morphObj":{"params":{"class":"г","classMask":5,"info":{"isCapital":false,"isUpper":false},"stack":"((<DictionaryAnalyzer>, u'\\u043f\\u0440\\u0435\\u0434\\u043b\\u043e\\u0436\\u0438\\u043b', 634, 1),)"},"sentenceIndex":[0,4],"words":["предложил","предложил"],"wordsIndex":[10,3]},"rating":50.0,"stats":{"counter":1216.0,"counterAll":2432.0,"isAdjf":0,"isCombo":0,"isComp":0,"isCountry":0,"isEng":0,"isName":0,"isNominal":0,"isNoun":0,"isNum":0,"isPrtf":0,"isSymbol":0,"isUnknown":0,"isVerb":1,"repeat":0.5,"weight":0.04196142033886607,"weightAll":0.022307424189613106}},"председатель":{"indexObj":{"classMask":1,"counter":2759.0,"finded":1531,"isExisted":true,"letterId":15,"meta":"{}","server":"_buber3_","table":"wordIndex.ru","uid":6279,"word":"председатель","wordHash":"6842020a8c83d9f50559bae47aa32d35_93b4fe4d504ed39fa41fa5c5b70bb41fa4848f154b024015a05c4ce29ad5426d4e1caaa301e98a605e3b76fe2f4b1caca1bbef365bc9ea2d56e8784a7c738877","wordId":"15:6279"},"morphObj":{"params":{"class":"с","classMask":1,"info":{"isCapital":true,"isUpper":false},"stack":"((<DictionaryAnalyzer>, u'\\u043f\\u0440\\u0435\\u0434\\u0441\\u0435\\u0434\\u0430\\u0442\\u0435\\u043b\\u044c', 121, 0),)"},"sentenceIndex":[0],"words":["Председатель"],"wordsIndex":[0]},"rating":25.0,"stats":{"counter":2759.0,"counterAll":2759.0,"isAdjf":0,"isCombo":0,"isComp":0,"isCountry":0,"isEng":0,"isName":0,"isNominal":0,"isNoun":1,"isNum":0,"isPrtf":0,"isSymbol":0,"isUnknown":0,"isVerb":0,"repeat":0.25,"weight":0.09520687394320025,"weightAll":0.02530681880721322}},"применяться":{"indexObj":{"classMask":5,"counter":976.0,"finded":626,"isExisted":true,"letterId":15,"meta":"{}","server":"_buber3_","table":"wordIndex.ru","uid":5223,"word":"применяться","wordHash":"09d3f81f5f2ffe807a5868a290961e90_222f32f56e59bd6216024713bf69f8fc45a402a35d8891b52a926e29327539f6440f40217b93662065d614065ae290b21607850972a233d7ae61f6b6cfee28b4","wordId":"15:5223"},"morphObj":{"params":{"class":"г","classMask":5,"info":{"isCapital":false,"isUpper":false},"stack":"((<DictionaryAnalyzer>, u'\\u043f\\u0440\\u0438\\u043c\\u0435\\u043d\\u044f\\u0435\\u0442\\u0441\\u044f', 224, 5),)"},"sentenceIndex":[5],"words":["применяется"],"wordsIndex":[6]},"rating":25.0,"stats":{"counter":976.0,"counterAll":976.0,"isAdjf":0,"isCombo":0,"isComp":0,"isCountry":0,"isEng":0,"isName":0,"isNominal":0,"isNoun":0,"isNum":0,"isPrtf":0,"isSymbol":0,"isUnknown":0,"isVerb":1,"repeat":0.25,"weight":0.0336795610614583,"weightAll":0.008952321549778944}},"приобретать":{"indexObj":{"classMask":6,"counter":59.0,"finded":50,"isExisted":true,"letterId":15,"meta":"{}","server":"_buber3_","table":"wordIndex.ru","uid":10809,"word":"приобретать","wordHash":"622392be395801887da74f9fbb35b608_c86a4aaa0682534bff3489e38c12c7ab4f78a59189750208ebfd2559349022eda343483866f1aed8a82bb1253af66315c7cc9d2f06c5baf298042e8fe609fe14","wordId":"15:10809"},"morphObj":{"params":{"class":"инфинитив","classMask":6,"info":{"isCapital":false,"isUpper":false},"stack":"((<DictionaryAnalyzer>, u'\\u043f\\u0440\\u0438\\u043e\\u0431\\u0440\\u0435\\u0442\\u0430\\u0442\\u044c', 206, 0),)"},"sentenceIndex":[5],"words":["приобретать"],"wordsIndex":[19]},"rating":25.0,"stats":{"counter":59.0,"counterAll":59.0,"isAdjf":0,"isCombo":0,"isComp":0,"isCountry":0,"isEng":0,"isName":0,"isNominal":0,"isNoun":0,"isNum":0,"isPrtf":0,"isSymbol":0,"isUnknown":0,"isVerb":1,"repeat":0.25,"weight":0.0020359570723627453,"weightAll":0.0005411751756526206}},"приравнять":{"indexObj":{"classMask":6,"counter":3.0,"finded":3,"isExisted":true,"letterId":15,"meta":"{}","server":"_buber3_","table":"wordIndex.ru","uid":349155,"word":"приравнять","wordHash":"e217224d0890b5806d41c514cd986a25_51f0f15cfbd1e43beb04b4af8e37149af8036e0580ab3e33784edebe410bf054e548be8a52667219724f11f26bd7eb651e62338b528b05f988da5af82411f82d","wordId":"15:349155"},"morphObj":{"params":{"class":"инфинитив","classMask":6,"info":{"isCapital":false,"isUpper":false},"stack":"((<DictionaryAnalyzer>, u'\\u043f\\u0440\\u0438\\u0440\\u0430\\u0432\\u043d\\u044f\\u0442\\u044c', 1076, 0),)"},"sentenceIndex":[0],"words":["приравнять"],"wordsIndex":[11]},"rating":25.0,"stats":{"counter":3.0,"counterAll":3.0,"isAdjf":0,"isCombo":0,"isComp":0,"isCountry":0,"isEng":0,"isName":0,"isNominal":0,"isNoun":0,"isNum":0,"isPrtf":0,"isSymbol":0,"isUnknown":0,"isVerb":1,"repeat":0.25,"weight":0.00010352324096759723,"weightAll":2.7517381812845115e-05}},"продажа":{"indexObj":{"classMask":1,"counter":1399.0,"finded":868,"isExisted":true,"letterId":15,"meta":"{}","server":"_buber3_","table":"wordIndex.ru","uid":4283,"word":"продажа","wordHash":"59a8c6b16c604bc590386e24efc4ec6d_42bda241c443abd66e03cb7ae32fca4dd2105a96293bfe2ccd4343d166dea126bf12e3a893d46dad608cf53424625f0a863e495d67c03ceefa0f308760482b0b","wordId":"15:4283"},"morphObj":{"params":{"class":"с","classMask":1,"info":{"isCapital":false,"isUpper":false},"stack":"((<DictionaryAnalyzer>, u'\\u043f\\u0440\\u043e\\u0434\\u0430\\u0436\\u0435', 93, 6),)"},"sentenceIndex":[4,4,5],"words":["продаже","продажи","продажи"],"wordsIndex":[7,18,15]},"rating":75.0,"stats":{"counter":1399.0,"counterAll":4197.0,"isAdjf":0,"isCombo":0,"isComp":0,"isCountry":0,"isEng":0,"isName":0,"isNominal":0,"isNoun":1,"isNum":0,"isPrtf":0,"isSymbol":0,"isUnknown":0,"isVerb":0,"repeat":0.75,"weight":0.048276338037889506,"weightAll":0.038496817156170315}},"производитель":{"indexObj":{"classMask":1,"counter":774.0,"finded":483,"isExisted":true,"letterId":15,"meta":"{}","server":"_buber3_","table":"wordIndex.ru","uid":8773,"word":"производитель","wordHash":"7dd266b8f8cb7e7a1e0c4ae0cb79b1b8_40a5788e14a90e4055e123d7120a291dc157a0cc34bd3eb3f47788d8a73b9add6a75358a7fac5557c5a5cf887365ff7bda2677aed27d3d56fd2c42279c219bda","wordId":"15:8773"},"morphObj":{"params":{"class":"с","classMask":1,"info":{"isCapital":false,"isUpper":false},"stack":"((<DictionaryAnalyzer>, u'\\u043f\\u0440\\u043e\\u0438\\u0437\\u0432\\u043e\\u0434\\u0438\\u0442\\u0435\\u043b\\u0435\\u0439', 121, 7),)"},"sentenceIndex":[3],"words":["производителей"],"wordsIndex":[9]},"rating":25.0,"stats":{"counter":774.0,"counterAll":774.0,"isAdjf":0,"isCombo":0,"isComp":0,"isCountry":0,"isEng":0,"isName":0,"isNominal":0,"isNoun":1,"isNum":0,"isPrtf":0,"isSymbol":0,"isUnknown":0,"isVerb":0,"repeat":0.25,"weight":0.026708996169640085,"weightAll":0.00709948450771404}},"производство":{"indexObj":{"classMask":1,"counter":4153.0,"finded":1874,"isExisted":true,"letterId":15,"meta":"{}","server":"_buber3_","table":"wordIndex.ru","uid":5972,"word":"производство","wordHash":"9decf74075484a5afac81dd66f999a34_ca86a203aca2a3f96d0fd1f0e5b0e91185e968a068df9015f9006d0426f662626fd2fc19d399a8fe78432868d5fdbd37a3263eee6e3effe2fe3cdea635ae44f3","wordId":"15:5972"},"morphObj":{"params":{"class":"с","classMask":1,"info":{"isCapital":false,"isUpper":false},"stack":"((<DictionaryAnalyzer>, u'\\u043f\\u0440\\u043e\\u0438\\u0437\\u0432\\u043e\\u0434\\u0441\\u0442\\u0432\\u043e', 54, 3),)"},"sentenceIndex":[2],"words":["производство"],"wordsIndex":[16]},"rating":25.0,"stats":{"counter":4153.0,"counterAll":4153.0,"isAdjf":0,"isCombo":0,"isComp":0,"isCountry":0,"isEng":0,"isName":0,"isNominal":0,"isNoun":1,"isNum":0,"isPrtf":0,"isSymbol":0,"isUnknown":0,"isVerb":0,"repeat":0.25,"weight":0.14331067324614377,"weightAll":0.03809322888958192}},"противодействие":{"indexObj":{"classMask":1,"counter":215.0,"finded":177,"isExisted":true,"letterId":15,"meta":"{}","server":"_buber3_","table":"wordIndex.ru","uid":9126,"word":"противодействие","wordHash":"0c90131e2184a79eb6237c64f0d82126_fcb575a3fd5d03fdca0d941943ccc68f29a88ac6f165940fa5c5c567e589d3a53e875ff104e2d6c2901d8772ab2e31e422590ddf465b2659456dcae252374d9b","wordId":"15:9126"},"morphObj":{"params":{"class":"с","classMask":1,"info":{"isCapital":false,"isUpper":false},"stack":"((<DictionaryAnalyzer>, u'\\u043f\\u0440\\u043e\\u0442\\u0438\\u0432\\u043e\\u0434\\u0435\\u0439\\u0441\\u0442\\u0432\\u0438\\u044e', 119, 2),)"},"sentenceIndex":[0],"words":["противодействию"],"wordsIndex":[6]},"rating":25.0,"stats":{"counter":215.0,"counterAll":215.0,"isAdjf":0,"isCombo":0,"isComp":0,"isCountry":0,"isEng":0,"isName":0,"isNominal":0,"isNoun":1,"isNum":0,"isPrtf":0,"isSymbol":0,"isUnknown":0,"isVerb":0,"repeat":0.25,"weight":0.007419165602677801,"weightAll":0.0019720790299205663}},"результат":{"indexObj":{"classMask":1,"counter":8112.0,"finded":4769,"isExisted":true,"letterId":18,"meta":"{}","server":"_buber3_","table":"wordIndex.ru","uid":2104,"word":"результат","wordHash":"bd000b58f3f40f8da6ea388586776742_42ff0b331f3b3173ff7b41d8c5c3d31f51b1c9036d314e526181123fa3a162187f43bd1aecaf523a1ae5098b246f879c3ae13c99c30fdeb6b67142267bb59184","wordId":"18:2104"},"morphObj":{"params":{"class":"с","classMask":1,"info":{"isCapital":false,"isUpper":false},"stack":"((<DictionaryAnalyzer>, u'\\u0440\\u0435\\u0437\\u0443\\u043b\\u044c\\u0442\\u0430\\u0442\\u0435', 33, 5),)"},"sentenceIndex":[3],"words":["результате"],"wordsIndex":[4]},"rating":25.0,"stats":{"counter":8112.0,"counterAll":8112.0,"isAdjf":0,"isCombo":0,"isComp":0,"isCountry":0,"isEng":0,"isName":0,"isNominal":0,"isNoun":1,"isNum":0,"isPrtf":0,"isSymbol":0,"isUnknown":0,"isVerb":0,"repeat":0.25,"weight":0.2799268435763829,"weightAll":0.07440700042193318}},"рецепт":{"indexObj":{"classMask":1,"counter":126.0,"finded":74,"isExisted":true,"letterId":18,"meta":"{}","server":"_buber3_","table":"wordIndex.ru","uid":3003,"word":"рецепт","wordHash":"4e3671ac2beeb239661e7d08dc38f649_a47435f687d57512ed34ab2824a791a857187270e4cf7e32916c1952918190010caeb38acc74012bc202d3f4613fb15f4c34edb8769dd9b02bfd819be171540f","wordId":"18:3003"},"morphObj":{"params":{"class":"с","classMask":1,"info":{"isCapital":false,"isUpper":false},"stack":"((<DictionaryAnalyzer>, u'\\u0440\\u0435\\u0446\\u0435\\u043f\\u0442\\u0443', 33, 2),)"},"sentenceIndex":[4],"words":["рецепту"],"wordsIndex":[12]},"rating":25.0,"stats":{"counter":126.0,"counterAll":126.0,"isAdjf":0,"isCombo":0,"isComp":0,"isCountry":0,"isEng":0,"isName":0,"isNominal":0,"isNoun":1,"isNum":0,"isPrtf":0,"isSymbol":0,"isUnknown":0,"isVerb":0,"repeat":0.25,"weight":0.004347976120639084,"weightAll":0.0011557300361394948}},"речь":{"indexObj":{"classMask":1,"counter":1186.0,"finded":762,"isExisted":true,"letterId":18,"meta":"{}","server":"_buber3_","table":"wordIndex.ru","uid":472,"word":"речь","wordHash":"0b8521f380c649f921e7c2a8fb0fee4d_9dcb5ec39af396234938b6a9d61c3a03ec0298e678ba75729a07b32c766963bec6b8df028088989c0c67fdbde474b32ec4c25c03d0df06f26080aab8e41375b8","wordId":"18:472"},"morphObj":{"params":{"class":"с","classMask":1,"info":{"isCapital":false,"isUpper":false},"stack":"((<DictionaryAnalyzer>, u'\\u0440\\u0435\\u0447\\u044c', 435, 0),)"},"sentenceIndex":[1],"words":["речь"],"wordsIndex":[3]},"rating":25.0,"stats":{"counter":1186.0,"counterAll":1186.0,"isAdjf":0,"isCombo":0,"isComp":0,"isCountry":0,"isEng":0,"isName":0,"isNominal":0,"isNoun":1,"isNum":0,"isPrtf":0,"isSymbol":0,"isUnknown":0,"isVerb":0,"repeat":0.25,"weight":0.0409261879291901,"weightAll":0.010878538276678102}},"рубль":{"indexObj":{"classMask":1,"counter":2293.0,"finded":914,"isExisted":true,"letterId":18,"meta":"{}","server":"_buber3_","table":"wordIndex.ru","uid":4952,"word":"рубль","wordHash":"e066e4674f88bd9370068aad10c4959d_fe2c0ae5fbfb2bdd9c35a0d085ae6fd024fc188570081db09a752fe4b6a45df5d48a7273a3ce8c4181c4c928e2f5e957d727bfc0037f95961371979be5ea6379","wordId":"18:4952"},"morphObj":{"params":{"class":"с","classMask":1,"info":{"isCapital":false,"isUpper":false},"stack":"((<DictionaryAnalyzer>, u'\\u0440\\u0443\\u0431\\u043b\\u0435\\u0439', 2694, 7),)"},"sentenceIndex":[2,3],"words":["рублей","рублей"],"wordsIndex":[8,22]},"rating":50.0,"stats":{"counter":2293.0,"counterAll":4586.0,"isAdjf":0,"isCombo":0,"isComp":0,"isCountry":0,"isEng":0,"isName":0,"isNominal":0,"isNoun":1,"isNum":0,"isPrtf":0,"isSymbol":0,"isUnknown":0,"isVerb":0,"repeat":0.5,"weight":0.07912626384623347,"weightAll":0.0420649043312359}},"сейчас":{"indexObj":{"classMask":11,"counter":1718.0,"finded":1297,"isExisted":true,"letterId":17,"meta":"{}","server":"_buber3_","table":"wordIndex.ru","uid":3697,"word":"сейчас","wordHash":"01d9b38458f06d7a1b8738103d80a154_879116786a80429b802a7b79782c7de1f7523fd3ca3003fbfffdef1170f51aba8164ce0168aeada7cac25d33c2ea076c985dd6b55362a088a12053fc4236231e","wordId":"17:3697"},"morphObj":{"params":{"class":"н","classMask":11,"info":{"isCapital":false,"isUpper":false},"stack":"((<DictionaryAnalyzer>, u'\\u0441\\u0435\\u0439\\u0447\\u0430\\u0441', 3, 0),)"},"sentenceIndex":[2],"words":["сейчас"],"wordsIndex":[1]},"rating":25.0,"stats":{"counter":1718.0,"counterAll":1718.0,"isAdjf":0,"isCombo":0,"isComp":0,"isCountry":0,"isEng":0,"isName":0,"isNominal":0,"isNoun":0,"isNum":0,"isPrtf":0,"isSymbol":0,"isUnknown":0,"isVerb":0,"repeat":0.25,"weight":0.05928430932744401,"weightAll":0.01575828731815597}},"содержимый":{"indexObj":{"classMask":7,"counter":573.0,"finded":357,"isExisted":true,"letterId":17,"meta":"{}","server":"_buber3_","table":"wordIndex.ru","uid":948,"word":"содержимый","wordHash":"f4798816a0e6ff30a582f2ced1017eb8_82675770be1801111fb83568d8d11c2a86dda1efd56356ed7beb490296c7297d6106ce92ed237e645293534e99a5bb396e9a2f0aa88c2170ded9ab70a148c93a","wordId":"17:948"},"morphObj":{"params":{"class":"причастие","classMask":7,"info":{"isCapital":false,"isUpper":false},"stack":"((<DictionaryAnalyzer>, u'\\u0441\\u043e\\u0434\\u0435\\u0440\\u0436\\u0430\\u0449\\u0438\\u0445', 3118, 61),)"},"sentenceIndex":[1],"words":["содержащих"],"wordsIndex":[8]},"rating":25.0,"stats":{"counter":573.0,"counterAll":573.0,"isAdjf":0,"isCombo":0,"isComp":0,"isCountry":0,"isEng":0,"isName":0,"isNominal":0,"isNoun":0,"isNum":0,"isPrtf":1,"isSymbol":0,"isUnknown":0,"isVerb":0,"repeat":0.25,"weight":0.01977293902481107,"weightAll":0.005255819926253417}},"составлять":{"indexObj":{"classMask":7,"counter":443.0,"finded":318,"isExisted":true,"letterId":17,"meta":"{}","server":"_buber3_","table":"wordIndex.ru","uid":12736,"word":"составлять","wordHash":"91c7b10ae5afb6bb33afd5fd118d9537_9a9dfc7a83482552103c0c9232d581f70481246018429d3c58e8b5f3db4bd534b195f6585722a3b7a472223391c6d1d67390c1f2311a42173815a61763ff9076","wordId":"17:12736"},"morphObj":{"params":{"class":"причастие","classMask":7,"info":{"isCapital":false,"isUpper":false},"stack":"((<DictionaryAnalyzer>, u'\\u0441\\u043e\\u0441\\u0442\\u0430\\u0432\\u043b\\u044f\\u044e\\u0449\\u0430\\u044f', 206, 20),)"},"sentenceIndex":[2],"words":["составляющая"],"wordsIndex":[3]},"rating":25.0,"stats":{"counter":443.0,"counterAll":443.0,"isAdjf":0,"isCombo":0,"isComp":0,"isCountry":0,"isEng":0,"isName":0,"isNominal":0,"isNoun":0,"isNum":0,"isPrtf":1,"isSymbol":0,"isUnknown":0,"isVerb":0,"repeat":0.25,"weight":0.01528693191621519,"weightAll":0.004063400047696795}},"спирт":{"indexObj":{"classMask":1,"counter":425.0,"finded":74,"isExisted":true,"letterId":17,"meta":"{}","server":"_buber3_","table":"wordIndex.ru","uid":39164,"word":"спирт","wordHash":"84623ad4a709e5527c26b89effa356a1_ffb3f4b631156929744cced608c51f54747f7af0aa85b4f03d4680726e4017ac6c778b028d930b8db3d70fef482502c210e425a91ebe72d4dd160116749e71a4","wordId":"17:39164"},"morphObj":{"params":{"class":"с","classMask":1,"info":{"isCapital":false,"isUpper":false},"stack":"((<DictionaryAnalyzer>, u'\\u0441\\u043f\\u0438\\u0440\\u0442', 784, 4),)"},"sentenceIndex":[1],"words":["спирт"],"wordsIndex":[10]},"rating":25.0,"stats":{"counter":425.0,"counterAll":425.0,"isAdjf":0,"isCombo":0,"isComp":0,"isCountry":0,"isEng":0,"isName":0,"isNominal":0,"isNoun":1,"isNum":0,"isPrtf":0,"isSymbol":0,"isUnknown":0,"isVerb":0,"repeat":0.25,"weight":0.014665792470409608,"weightAll":0.0038982957568197245}},"спиртовой":{"indexObj":{"classMask":2,"counter":35.0,"finded":25,"isExisted":true,"letterId":17,"meta":"{}","server":"_buber3_","table":"wordIndex.ru","uid":101508,"word":"спиртовой","wordHash":"4d2672082c6f9d2b1fe5ed0a100660ce_602c117890527937603563df249f566383c05a9c64c318d6d4c5506708463f483b46392e7f6f127324c005811b79229d4c303b7a6aec9b911e64ff62713fd65b","wordId":"17:101508"},"morphObj":{"params":{"class":"п","classMask":2,"info":{"isCapital":false,"isUpper":false},"stack":"((<DictionaryAnalyzer>, u'\\u0441\\u043f\\u0438\\u0440\\u0442\\u043e\\u0432\\u044b\\u0445', 136, 21),)"},"sentenceIndex":[2,4],"words":["спиртовых","спиртовых"],"wordsIndex":[17,9]},"rating":50.0,"stats":{"counter":35.0,"counterAll":70.0,"isAdjf":1,"isCombo":0,"isComp":0,"isCountry":0,"isEng":0,"isName":0,"isNominal":0,"isNoun":0,"isNum":0,"isPrtf":0,"isSymbol":0,"isUnknown":0,"isVerb":0,"repeat":0.5,"weight":0.0012077711446219677,"weightAll":0.0006420722422997193}},"спиртосодержащий":{"indexObj":{"classMask":2,"counter":30.0,"finded":12,"isExisted":true,"letterId":17,"meta":"{}","server":"_buber3_","table":"wordIndex.ru","uid":345107,"word":"спиртосодержащий","wordHash":"8cdd08956eaa3c0ddd5f68eb01b4fa04_61e120720e881e7498e4705251fe2f2d53669eec4ceb1450f0d480b976bfdf07be66c7b8a8bf0c6190f5bc8556c3ca82247724dfffe55039ef5f9f900ba94a30","wordId":"17:345107"},"morphObj":{"params":{"class":"п","classMask":2,"info":{"isCapital":false,"isUpper":false},"stack":"((<DictionaryAnalyzer>, u'\\u0441\\u043f\\u0438\\u0440\\u0442\\u043e\\u0441\\u043e\\u0434\\u0435\\u0440\\u0436\\u0430\\u0449\\u0438\\u0445', 100, 21),)"},"sentenceIndex":[0,3],"words":["спиртосодержащих","спиртосодержащих"],"wordsIndex":[15,10]},"rating":50.0,"stats":{"counter":30.0,"counterAll":60.0,"isAdjf":1,"isCombo":0,"isComp":0,"isCountry":0,"isEng":0,"isName":0,"isNominal":0,"isNoun":0,"isNum":0,"isPrtf":0,"isSymbol":0,"isUnknown":0,"isVerb":0,"repeat":0.5,"weight":0.0010352324096759723,"weightAll":0.0005503476362569023}},"средство":{"indexObj":{"classMask":1,"counter":3065.0,"finded":1881,"isExisted":true,"letterId":17,"meta":"{}","server":"_buber3_","table":"wordIndex.ru","uid":4259,"word":"средство","wordHash":"e4b4c4652bb3a76c16fadab8adf983f5_101f415e7079f975eea99c6b4b8dce48aea6fef930a59a6b76b6ebd9994f6dc19ce28e4d715e4d2168e6ec7327e3fde9f060602066f82c98281c421a663c7304","wordId":"17:4259"},"morphObj":{"params":{"class":"с","classMask":1,"info":{"isCapital":false,"isUpper":false},"stack":"((<DictionaryAnalyzer>, u'\\u0441\\u0440\\u0435\\u0434\\u0441\\u0442\\u0432', 54, 7),)"},"sentenceIndex":[0],"words":["средств"],"wordsIndex":[16]},"rating":25.0,"stats":{"counter":3065.0,"counterAll":3065.0,"isAdjf":0,"isCombo":0,"isComp":0,"isCountry":0,"isEng":0,"isName":0,"isNominal":0,"isNoun":1,"isNum":0,"isPrtf":0,"isSymbol":0,"isUnknown":0,"isVerb":0,"repeat":0.25,"weight":0.10576624452189516,"weightAll":0.028113591752123426}},"ставка":{"indexObj":{"classMask":1,"counter":350.0,"finded":202,"isExisted":true,"letterId":17,"meta":"{}","server":"_buber3_","table":"wordIndex.ru","uid":20596,"word":"ставка","wordHash":"50b4c34cfa81202758dd20dbdbfb0e34_8dce0ca19581497f2103908074e831660760df0a339a74656821e9e994a5ff482369e7ed6d8175264ecc9174f3491e22e9d0d0e51fef074add8e432aeb69f238","wordId":"17:20596"},"morphObj":{"params":{"class":"с","classMask":1,"info":{"isCapital":false,"isUpper":false},"stack":"((<DictionaryAnalyzer>, u'\\u0441\\u0442\\u0430\\u0432\\u043a\\u0438', 8, 1),)"},"sentenceIndex":[3],"words":["ставки"],"wordsIndex":[6]},"rating":25.0,"stats":{"counter":350.0,"counterAll":350.0,"isAdjf":0,"isCombo":0,"isComp":0,"isCountry":0,"isEng":0,"isName":0,"isNominal":0,"isNoun":1,"isNum":0,"isPrtf":0,"isSymbol":0,"isUnknown":0,"isVerb":0,"repeat":0.25,"weight":0.012077711446219677,"weightAll":0.0032103612114985965}},"считать":{"indexObj":{"classMask":5,"counter":2404.0,"finded":1509,"isExisted":true,"letterId":17,"meta":"{}","server":"_buber3_","table":"wordIndex.ru","uid":783,"word":"считать","wordHash":"aa19b0ec33410ed848016bcdc322cf06_b86e8ebe3822c0571eec8af899ce0a0bbc34636d3dca7995ccce4c840ec411f82705e804ee1fd7a87877f940d4fdd416dbd98409734fe94a9338c98207f5c2e0","wordId":"17:783"},"morphObj":{"params":{"class":"г","classMask":5,"info":{"isCapital":false,"isUpper":false},"stack":"((<DictionaryAnalyzer>, u'\\u0441\\u0447\\u0438\\u0442\\u0430\\u0435\\u0442', 2861, 5),)"},"sentenceIndex":[2],"words":["считает"],"wordsIndex":[22]},"rating":25.0,"stats":{"counter":2404.0,"counterAll":2404.0,"isAdjf":0,"isCombo":0,"isComp":0,"isCountry":0,"isEng":0,"isName":0,"isNominal":0,"isNoun":0,"isNum":0,"isPrtf":0,"isSymbol":0,"isUnknown":0,"isVerb":1,"repeat":0.25,"weight":0.08295662376203458,"weightAll":0.02205059529269322}},"тот":{"indexObj":{"classMask":1122,"counter":28981.0,"finded":11245,"isExisted":true,"letterId":20,"meta":"{}","server":"_buber3_","table":"wordIndex.ru","uid":151,"word":"тот","wordHash":"ddb1ee3516c1f9e308ce6fc9db8af22a_228c07e9a837be03dd65fd08d9bef64c1adb98ccfcff37583c3a09c772d53e55f31a4e52e249cc052ec5d28cb0d091991b0ee9af5d50438d620411f196bde625","wordId":"20:151"},"morphObj":{"params":{"class":"имя","classMask":1122,"info":{"isCapital":false,"isCountry":true,"isUpper":false},"stack":"((<DictionaryAnalyzer>, u'\\u0442\\u043e\\u0433\\u043e', 2900, 14),)"},"sentenceIndex":[4],"words":["того"],"wordsIndex":[1]},"rating":325.0,"stats":{"counter":28981.0,"counterAll":28981.0,"isAdjf":0,"isCombo":0,"isComp":0,"isCountry":1,"isEng":0,"isName":1,"isNominal":0,"isNoun":0,"isNum":0,"isPrtf":0,"isSymbol":0,"isUnknown":0,"isVerb":0,"repeat":0.25,"weight":1.0000690154939784,"weightAll":0.2658270807726881}},"требование":{"indexObj":{"classMask":1,"counter":1412.0,"finded":886,"isExisted":true,"letterId":20,"meta":"{}","server":"_buber3_","table":"wordIndex.ru","uid":1684,"word":"требование","wordHash":"877a069a45574d7ef8bff7408198e277_1d29017641ba0daf43bc7a3251bf9e0a17802377de21f71d419f1399a3d1f5f0543db420e55f0c2d6c98e187b721489f4e1d0f0538f3d6f11549984e6e561fca","wordId":"20:1684"},"morphObj":{"params":{"class":"с","classMask":1,"info":{"isCapital":false,"isUpper":false},"stack":"((<DictionaryAnalyzer>, u'\\u0442\\u0440\\u0435\\u0431\\u043e\\u0432\\u0430\\u043d\\u0438\\u044f', 76, 2),)"},"sentenceIndex":[5],"words":["требования"],"wordsIndex":[12]},"rating":25.0,"stats":{"counter":1412.0,"counterAll":1412.0,"isAdjf":0,"isCombo":0,"isComp":0,"isCountry":0,"isEng":0,"isName":0,"isNominal":0,"isNoun":1,"isNum":0,"isPrtf":0,"isSymbol":0,"isUnknown":0,"isVerb":0,"repeat":0.25,"weight":0.04872493874874909,"weightAll":0.012951514373245767}},"уплата":{"indexObj":{"classMask":1,"counter":104.0,"finded":83,"isExisted":true,"letterId":19,"meta":"{}","server":"_buber3_","table":"wordIndex.ru","uid":14443,"word":"уплата","wordHash":"90edf166860f32fe29b5bc49e54b2524_083780ee2f84ef9a63edfcd539a50e8ef093bf3402810a195fcc106e6e554ad3fd1c268501a0279fa440d18fcaafb93f61f4f86606b7825b49acc366733d167a","wordId":"19:14443"},"morphObj":{"params":{"class":"с","classMask":1,"info":{"isCapital":false,"isUpper":false},"stack":"((<DictionaryAnalyzer>, u'\\u0443\\u043f\\u043b\\u0430\\u0442\\u044b', 55, 1),)"},"sentenceIndex":[2],"words":["уплаты"],"wordsIndex":[11]},"rating":25.0,"stats":{"counter":104.0,"counterAll":104.0,"isAdjf":0,"isCombo":0,"isComp":0,"isCountry":0,"isEng":0,"isName":0,"isNominal":0,"isNoun":1,"isNum":0,"isPrtf":0,"isSymbol":0,"isUnknown":0,"isVerb":0,"repeat":0.25,"weight":0.003588805686876704,"weightAll":0.0009539359028452973}},"уровень":{"indexObj":{"classMask":1,"counter":4652.0,"finded":2709,"isExisted":true,"letterId":19,"meta":"{}","server":"_buber3_","table":"wordIndex.ru","uid":4491,"word":"уровень","wordHash":"295ea39b86e6e3ccf189c1f8b1c70a1c_124d922b11e318836cbf8da7944003f875fe9ba74545385f1cd37afe496fcbdc8d4bc5532fd095a3f796eb6333638666e0ccb14d4a948fb7b983bfff96884b3d","wordId":"19:4491"},"morphObj":{"params":{"class":"с","classMask":1,"info":{"isCapital":false,"isUpper":false},"stack":"((<DictionaryAnalyzer>, u'\\u0443\\u0440\\u043e\\u0432\\u043d\\u0435', 296, 5),)"},"sentenceIndex":[3],"words":["уровне"],"wordsIndex":[15]},"rating":25.0,"stats":{"counter":4652.0,"counterAll":4652.0,"isAdjf":0,"isCombo":0,"isComp":0,"isCountry":0,"isEng":0,"isName":0,"isNominal":0,"isNoun":1,"isNum":0,"isPrtf":0,"isSymbol":0,"isUnknown":0,"isVerb":0,"repeat":0.25,"weight":0.1605300389937541,"weightAll":0.04267028673111849}},"уточнить":{"indexObj":{"classMask":5,"counter":129.0,"finded":119,"isExisted":true,"letterId":19,"meta":"{}","server":"_buber3_","table":"wordIndex.ru","uid":43747,"word":"уточнить","wordHash":"c2b9c2421ca63db840c63deb4070af5d_a53f598a5d9f6ca56ca08f00bb0e304ec72589b72125d04f680d7871b957aac0b4710d7043d279be335fbf466e11ea6aa0fc8d453270af80203f7e4ceaa8efb0","wordId":"19:43747"},"morphObj":{"params":{"class":"г","classMask":5,"info":{"isCapital":false,"isUpper":false},"stack":"((<DictionaryAnalyzer>, u'\\u0443\\u0442\\u043e\\u0447\\u043d\\u0438\\u043b', 720, 1),)"},"sentenceIndex":[1],"words":["уточнил"],"wordsIndex":[1]},"rating":25.0,"stats":{"counter":129.0,"counterAll":129.0,"isAdjf":0,"isCombo":0,"isComp":0,"isCountry":0,"isEng":0,"isName":0,"isNominal":0,"isNoun":0,"isNum":0,"isPrtf":0,"isSymbol":0,"isUnknown":0,"isVerb":1,"repeat":0.25,"weight":0.004451499361606681,"weightAll":0.00118324741795234}},"фармацевтический":{"indexObj":{"classMask":2,"counter":114.0,"finded":77,"isExisted":true,"letterId":22,"meta":"{}","server":"_buber3_","table":"wordIndex.ru","uid":13773,"word":"фармацевтический","wordHash":"b9885b4148844bf8f506ee833cd0d1d4_049647649989fa6de642a74c4c651c1175b0bf11d85134b99ba9bc5eb006e0f97ed3afca4d5409a42bbae3878a05d594d54cc6babc27114913b6c7e172f5487f","wordId":"22:13773"},"morphObj":{"params":{"class":"п","classMask":2,"info":{"isCapital":false,"isUpper":false},"stack":"((<DictionaryAnalyzer>, u'\\u0444\\u0430\\u0440\\u043c\\u0430\\u0446\\u0435\\u0432\\u0442\\u0438\\u0447\\u0435\\u0441\\u043a\\u0438\\u0445', 16, 21),)"},"sentenceIndex":[0,2],"words":["фармацевтических","фармацевтических"],"wordsIndex":[14,13]},"rating":50.0,"stats":{"counter":114.0,"counterAll":228.0,"isAdjf":1,"isCombo":0,"isComp":0,"isCountry":0,"isEng":0,"isName":0,"isNominal":0,"isNoun":0,"isNum":0,"isPrtf":0,"isSymbol":0,"isUnknown":0,"isVerb":0,"repeat":0.5,"weight":0.003933883156768694,"weightAll":0.0020913210177762286}},"чрезвычайно":{"indexObj":{"classMask":11,"counter":289.0,"finded":257,"isExisted":true,"letterId":23,"meta":"{}","server":"_buber3_","table":"wordIndex.ru","uid":8850,"word":"чрезвычайно","wordHash":"cdc92b65b30ffbbdf045d5a2257ca858_1de3e07c2dcfe44dc43096306136351f2d40f9aa3b5304acae0efe74ac8a808ebf971673ba524b546f2c4f4d21ba0ee2961bbbbfc086534f611b4a65c3d2538d","wordId":"23:8850"},"morphObj":{"params":{"class":"н","classMask":11,"info":{"isCapital":false,"isUpper":false},"stack":"((<DictionaryAnalyzer>, u'\\u0447\\u0440\\u0435\\u0437\\u0432\\u044b\\u0447\\u0430\\u0439\\u043d\\u043e', 3, 0),)"},"sentenceIndex":[2],"words":["чрезвычайно"],"wordsIndex":[19]},"rating":25.0,"stats":{"counter":289.0,"counterAll":289.0,"isAdjf":0,"isCombo":0,"isComp":0,"isCountry":0,"isEng":0,"isName":0,"isNominal":0,"isNoun":0,"isNum":0,"isPrtf":0,"isSymbol":0,"isUnknown":0,"isVerb":0,"repeat":0.25,"weight":0.009972738879878533,"weightAll":0.0026508411146374125}},"этиловый":{"indexObj":{"classMask":2,"counter":43.0,"finded":18,"isExisted":true,"letterId":29,"meta":"{}","server":"_buber3_","table":"wordIndex.ru","uid":162842,"word":"этиловый","wordHash":"914ba990b6d8207b191b6bdeebcc476d_249dc5352bb1205387d3087265fbf2f98829ff592801a8ad367a47ea4469e7ecb2efcdbcd280fa6ce6598dcff4cb3065bbf74bc892e3c2b2be2ea690dbe65306","wordId":"29:162842"},"morphObj":{"params":{"class":"п","classMask":2,"info":{"isCapital":false,"isUpper":false},"stack":"((<DictionaryAnalyzer>, u'\\u044d\\u0442\\u0438\\u043b\\u043e\\u0432\\u044b\\u0439', 4, 0),)"},"sentenceIndex":[1],"words":["этиловый"],"wordsIndex":[9]},"rating":25.0,"stats":{"counter":43.0,"counterAll":43.0,"isAdjf":1,"isCombo":0,"isComp":0,"isCountry":0,"isEng":0,"isName":0,"isNominal":0,"isNoun":0,"isNum":0,"isPrtf":0,"isSymbol":0,"isUnknown":0,"isVerb":0,"repeat":0.25,"weight":0.0014838331205355602,"weightAll":0.0003944158059841133}}}