{"2016":{"params":{"class":"наим","classMask":19,"info":{},"stack":""},"sentenceIndex":[11],"words":["2016"],"wordsIndex":[12]},"31":{"params":{"class":"наим","classMask":19,"info":{},"stack":""},"sentenceIndex":[3,11],"words":["31","31"],"wordsIndex":[0,10]},"ascii":{"params":{"class":"иняз","classMask":21,"info":{"isCapital":false,"isUpper":true},"stack":""},"sentenceIndex":[0],"words":["ASCII"],"wordsIndex":[15]},"ascii-арт":{"params":{"class":"имя","classMask":22,"info":{"isCapital":true,"isUpper":false},"stack":""},"sentenceIndex":[0],"words":["ASCII-арт"],"wordsIndex":[17]},"brazzers":{"params":{"class":"имя","classMask":22,"info":{"isCapital":true,"isUpper":false},"stack":""},"sentenceIndex":[9],"words":["Brazzers"],"wordsIndex":[9]},"com":{"params":{"class":"иняз","classMask":21,"info":{"isCapital":false,"isUpper":false},"stack":""},"sentenceIndex":[10],"words":["com"],"wordsIndex":[0]},"sult":{"params":{"class":"имя","classMask":22,"info":{"isCapital":true,"isUpper":false},"stack":""},"sentenceIndex":[1],"words":["Sult"],"wordsIndex":[10]},"twitter":{"params":{"class":"имя","classMask":22,"info":{"isCapital":true,"isUpper":false},"stack":""},"sentenceIndex":[1,8],"words":["Twitter","Twitter"],"wordsIndex":[7,12]},"voat":{"params":{"class":"имя","classMask":22,"info":{"isCapital":true,"isUpper":false},"stack":""},"sentenceIndex":[0,13],"words":["Voat","Voat"],"wordsIndex":[7,0]},"автор":{"params":{"class":"с","classMask":1,"info":{"isCapital":false,"isUpper":false},"stack":"((<DictionaryAnalyzer>, u'\\u0430\\u0432\\u0442\\u043e\\u0440', 52, 0),)"},"sentenceIndex":[2],"words":["автор"],"wordsIndex":[5]},"авторский":{"params":{"class":"п","classMask":2,"info":{"isCapital":false,"isUpper":false},"stack":"((<DictionaryAnalyzer>, u'\\u0430\\u0432\\u0442\\u043e\\u0440\\u0441\\u043a\\u0438\\u0435', 16, 20),)"},"sentenceIndex":[13],"words":["авторские"],"wordsIndex":[5]},"агрегатор":{"params":{"class":"с","classMask":1,"info":{"isCapital":false,"isUpper":false},"stack":"((<FakeDictionary>, u'\\u0430\\u0433\\u0440\\u0435\\u0433\\u0430\\u0442\\u043e\\u0440\\u0430', 33, 1), (<KnownSuffixAnalyzer>, u'\\u0430\\u0442\\u043e\\u0440\\u0430'))"},"sentenceIndex":[0],"words":["агрегатора"],"wordsIndex":[6]},"администратор":{"params":{"class":"с","classMask":1,"info":{"isCapital":false,"isUpper":false},"stack":"((<DictionaryAnalyzer>, u'\\u0430\\u0434\\u043c\\u0438\\u043d\\u0438\\u0441\\u0442\\u0440\\u0430\\u0442\\u043e\\u0440\\u044b', 52, 6),)"},"sentenceIndex":[14],"words":["администраторы"],"wordsIndex":[8]},"арт":{"params":{"class":"с","classMask":1,"info":{"isCapital":false,"isUpper":false},"stack":"((<DictionaryAnalyzer>, u'\\u0430\\u0440\\u0442', 26, 0),)"},"sentenceIndex":[0],"words":["арт"],"wordsIndex":[16]},"безжалостно":{"params":{"class":"н","classMask":11,"info":{"isCapital":false,"isUpper":false},"stack":"((<DictionaryAnalyzer>, u'\\u0431\\u0435\\u0437\\u0436\\u0430\\u043b\\u043e\\u0441\\u0442\\u043d\\u043e', 3, 0),)"},"sentenceIndex":[7],"words":["безжалостно"],"wordsIndex":[6]},"блокироваться":{"params":{"class":"инфинитив","classMask":6,"info":{"isCapital":false,"isUpper":false},"stack":"((<DictionaryAnalyzer>, u'\\u0431\\u043b\\u043e\\u043a\\u0438\\u0440\\u043e\\u0432\\u0430\\u0442\\u044c\\u0441\\u044f', 138, 0),)"},"sentenceIndex":[7],"words":["блокироваться"],"wordsIndex":[7]},"блокировка":{"params":{"class":"с","classMask":1,"info":{"isCapital":false,"isUpper":false},"stack":"((<DictionaryAnalyzer>, u'\\u0431\\u043b\\u043e\\u043a\\u0438\\u0440\\u043e\\u0432\\u043a\\u0438', 8, 1),)"},"sentenceIndex":[12],"words":["блокировки"],"wordsIndex":[2]},"большеглушицкий":{"params":{"class":"имя","classMask":22,"info":{"isCapital":true,"isUpper":false},"stack":"((<DictionaryAnalyzer>, u'\\u0431\\u043e\\u043b\\u044c\\u0448\\u0435\\u0433\\u043b\\u0443\\u0448\\u0438\\u0446\\u043a\\u0438\\u043c', 16, 5),)"},"sentenceIndex":[11],"words":["Большеглушицким"],"wordsIndex":[14]},"буква":{"params":{"class":"с","classMask":1,"info":{"isCapital":false,"isUpper":false},"stack":"((<DictionaryAnalyzer>, u'\\u0431\\u0443\\u043a\\u0432\\u044b', 571, 1),)"},"sentenceIndex":[2],"words":["буквы"],"wordsIndex":[9]},"быть":{"params":{"class":"г","classMask":5,"info":{"isCapital":false,"isUpper":false},"stack":"((<DictionaryAnalyzer>, u'\\u0431\\u0443\\u0434\\u0443\\u0442', 587, 13),)"},"sentenceIndex":[7,9,11],"words":["будут","был","было"],"wordsIndex":[5,6,8]},"в":{"params":{"class":"символ","classMask":20,"info":{},"stack":""},"sentenceIndex":[0,3,8,9,11],"words":["в","в","в","в","в"],"wordsIndex":[13,4,11,1,4]},"ведомство":{"params":{"class":"с","classMask":1,"info":{"isCapital":false,"isUpper":false},"stack":"((<DictionaryAnalyzer>, u'\\u0432\\u0435\\u0434\\u043e\\u043c\\u0441\\u0442\\u0432\\u0430', 54, 1),)"},"sentenceIndex":[8],"words":["ведомства"],"wordsIndex":[10]},"внесение":{"params":{"class":"с","classMask":1,"info":{"isCapital":false,"isUpper":false},"stack":"((<DictionaryAnalyzer>, u'\\u0432\\u043d\\u0435\\u0441\\u0435\\u043d\\u0438\\u0438', 76, 10),)"},"sentenceIndex":[11],"words":["внесении"],"wordsIndex":[2]},"внимание":{"params":{"class":"с","classMask":1,"info":{"isCapital":false,"isUpper":false},"stack":"((<DictionaryAnalyzer>, u'\\u0432\\u043d\\u0438\\u043c\\u0430\\u043d\\u0438\\u0435', 76, 6),)"},"sentenceIndex":[1],"words":["внимание"],"wordsIndex":[3]},"воздействие":{"params":{"class":"с","classMask":1,"info":{"isCapital":false,"isUpper":false},"stack":"((<DictionaryAnalyzer>, u'\\u0432\\u043e\\u0437\\u0434\\u0435\\u0439\\u0441\\u0442\\u0432\\u0438\\u0435', 119, 0),)"},"sentenceIndex":[12],"words":["воздействие"],"wordsIndex":[5]},"вынести":{"params":{"class":"кр_причастие","classMask":8,"info":{"isCapital":false,"isUpper":false},"stack":"((<DictionaryAnalyzer>, u'\\u0432\\u044b\\u043d\\u0435\\u0441\\u0435\\u043d\\u043e', 994, 72),)"},"sentenceIndex":[11],"words":["вынесено"],"wordsIndex":[9]},"выполнить":{"params":{"class":"причастие","classMask":7,"info":{"isCapital":false,"isUpper":false},"stack":"((<DictionaryAnalyzer>, u'\\u0432\\u044b\\u043f\\u043e\\u043b\\u043d\\u0435\\u043d\\u043d\\u043e\\u0439', 617, 55),)"},"sentenceIndex":[0],"words":["выполненной"],"wordsIndex":[12]},"где":{"params":{"class":"н","classMask":11,"info":{"isCapital":false,"isUpper":false},"stack":"((<DictionaryAnalyzer>, u'\\u0433\\u0434\\u0435', 1130, 0),)"},"sentenceIndex":[13],"words":["где"],"wordsIndex":[4]},"главный":{"params":{"class":"п","classMask":2,"info":{"isCapital":true,"isUpper":false},"stack":"((<DictionaryAnalyzer>, u'\\u0433\\u043b\\u0430\\u0432\\u043d\\u043e\\u0439', 214, 11),)"},"sentenceIndex":[12],"words":["Главной"],"wordsIndex":[0]},"год":{"params":{"class":"с","classMask":1,"info":{"isCapital":false,"isUpper":false},"stack":"((<DictionaryAnalyzer>, u'\\u0433\\u043e\\u0434\\u0430', 1168, 1),)"},"sentenceIndex":[11],"words":["года"],"wordsIndex":[13]},"голосовать":{"params":{"class":"инфинитив","classMask":6,"info":{"isCapital":true,"isUpper":false},"stack":"((<DictionaryAnalyzer>, u'\\u0433\\u043e\\u043b\\u043e\\u0441\\u043e\\u0432\\u0430\\u0442\\u044c', 168, 0),)"},"sentenceIndex":[14],"words":["Голосовать"],"wordsIndex":[0]},"даже":{"params":{"class":"част","classMask":16,"info":{"isCapital":true,"isUpper":false},"stack":"((<DictionaryAnalyzer>, u'\\u0434\\u0430\\u0436\\u0435', 22, 0),)"},"sentenceIndex":[7],"words":["Даже"],"wordsIndex":[0]},"девочка":{"params":{"class":"с","classMask":1,"info":{"isCapital":true,"isUpper":false},"stack":"((<DictionaryAnalyzer>, u'\\u0434\\u0435\\u0432\\u043e\\u0447\\u043a\\u0438', 132, 1),)"},"sentenceIndex":[0,4],"words":["девочки","Девочка"],"wordsIndex":[11,0]},"детский":{"params":{"class":"п","classMask":2,"info":{"isCapital":false,"isUpper":false},"stack":"((<DictionaryAnalyzer>, u'\\u0434\\u0435\\u0442\\u0441\\u043a\\u0443\\u044e', 16, 10),)"},"sentenceIndex":[2,7],"words":["детскую","детское"],"wordsIndex":[18,3]},"для":{"params":{"class":"предл","classMask":14,"info":{"isCapital":false,"isUpper":false},"stack":"((<DictionaryAnalyzer>, u'\\u0434\\u043b\\u044f', 24, 0),)"},"sentenceIndex":[2,8],"words":["для","для"],"wordsIndex":[1,1]},"за":{"params":{"class":"предл","classMask":14,"info":{"isCapital":false,"isUpper":false},"stack":"((<DictionaryAnalyzer>, u'\\u0437\\u0430', 24, 0),)"},"sentenceIndex":[0,14],"words":["за","за"],"wordsIndex":[8,1]},"заблокировать":{"params":{"class":"г","classMask":5,"info":{"isCapital":false,"isUpper":false},"stack":"((<DictionaryAnalyzer>, u'\\u0437\\u0430\\u0431\\u043b\\u043e\\u043a\\u0438\\u0440\\u043e\\u0432\\u0430\\u043b', 276, 1),)"},"sentenceIndex":[0,9],"words":["заблокировал","заблокирован"],"wordsIndex":[1,7]},"заметка":{"params":{"class":"с","classMask":1,"info":{"isCapital":false,"isUpper":false},"stack":"((<DictionaryAnalyzer>, u'\\u0437\\u0430\\u043c\\u0435\\u0442\\u043a\\u0438', 8, 1),)"},"sentenceIndex":[15],"words":["заметки"],"wordsIndex":[3]},"занести":{"params":{"class":"г","classMask":5,"info":{"isCapital":false,"isUpper":false},"stack":"((<DictionaryAnalyzer>, u'\\u0437\\u0430\\u043d\\u0435\\u0441\\u043b\\u0438', 766, 4),)"},"sentenceIndex":[3],"words":["занесли"],"wordsIndex":[3]},"запретить":{"params":{"class":"причастие","classMask":7,"info":{"isCapital":false,"isUpper":false},"stack":"((<DictionaryAnalyzer>, u'\\u0437\\u0430\\u043f\\u0440\\u0435\\u0449\\u0451\\u043d\\u043d\\u044b\\u0445', 837, 63),)"},"sentenceIndex":[3,11],"words":["запрещенных","запрещенных"],"wordsIndex":[6,6]},"зарегистрировать":{"params":{"class":"причастие","classMask":7,"info":{"isCapital":false,"isUpper":false},"stack":"((<DictionaryAnalyzer>, u'\\u0437\\u0430\\u0440\\u0435\\u0433\\u0438\\u0441\\u0442\\u0440\\u0438\\u0440\\u043e\\u0432\\u0430\\u043d\\u043d\\u044b\\u0435', 276, 62),)"},"sentenceIndex":[14],"words":["зарегистрированные"],"wordsIndex":[5]},"заявить":{"params":{"class":"г","classMask":5,"info":{"isCapital":false,"isUpper":false},"stack":"((<DictionaryAnalyzer>, u'\\u0437\\u0430\\u044f\\u0432\\u0438\\u043b\\u0438', 647, 4),)"},"sentenceIndex":[8],"words":["заявили"],"wordsIndex":[5]},"здесь":{"params":{"class":"н","classMask":11,"info":{"isCapital":false,"isUpper":false},"stack":"((<DictionaryAnalyzer>, u'\\u0437\\u0434\\u0435\\u0441\\u044c', 385, 0),)"},"sentenceIndex":[8],"words":["здесь"],"wordsIndex":[3]},"знак":{"params":{"class":"с","classMask":1,"info":{"isCapital":false,"isUpper":false},"stack":"((<DictionaryAnalyzer>, u'\\u0437\\u043d\\u0430\\u043a\\u0438', 19, 6),)"},"sentenceIndex":[2],"words":["знаки"],"wordsIndex":[12]},"и":{"params":{"class":"символ","classMask":20,"info":{},"stack":""},"sentenceIndex":[2,14],"words":["и","и"],"wordsIndex":[11,7]},"из":{"params":{"class":"предл","classMask":14,"info":{"isCapital":false,"isUpper":false},"stack":"((<DictionaryAnalyzer>, u'\\u0438\\u0437', 375, 0),)"},"sentenceIndex":[0,1,4,5],"words":["из","из","из","из"],"wordsIndex":[3,5,1,2]},"изображение":{"params":{"class":"с","classMask":1,"info":{"isCapital":false,"isUpper":false},"stack":"((<DictionaryAnalyzer>, u'\\u0438\\u0437\\u043e\\u0431\\u0440\\u0430\\u0436\\u0435\\u043d\\u0438\\u0435', 76, 0),)"},"sentenceIndex":[0],"words":["изображение"],"wordsIndex":[9]},"или":{"params":{"class":"союз","classMask":15,"info":{"isCapital":true,"isUpper":false},"stack":"((<DictionaryAnalyzer>, u'\\u0438\\u043b\\u0438', 20, 0),)"},"sentenceIndex":[5],"words":["Или"],"wordsIndex":[0]},"использовать":{"params":{"class":"г","classMask":5,"info":{"isCapital":false,"isUpper":false},"stack":"((<DictionaryAnalyzer>, u'\\u0438\\u0441\\u043f\\u043e\\u043b\\u044c\\u0437\\u043e\\u0432\\u0430\\u043b', 75, 1),)"},"sentenceIndex":[2],"words":["использовал"],"wordsIndex":[6]},"как":{"params":{"class":"союз","classMask":15,"info":{"isCapital":false,"isUpper":false},"stack":"((<DictionaryAnalyzer>, u'\\u043a\\u0430\\u043a', 1673, 0),)"},"sentenceIndex":[2],"words":["как"],"wordsIndex":[17]},"картинка":{"params":{"class":"с","classMask":1,"info":{"isCapital":true,"isUpper":false},"stack":"((<DictionaryAnalyzer>, u'\\u043a\\u0430\\u0440\\u0442\\u0438\\u043d\\u043a\\u0443', 8, 3),)"},"sentenceIndex":[2],"words":["Картинку"],"wordsIndex":[0]},"который":{"params":{"class":"п","classMask":2,"info":{"isCapital":false,"isUpper":false},"stack":"((<DictionaryAnalyzer>, u'\\u043a\\u043e\\u0442\\u043e\\u0440\\u043e\\u0439', 1788, 12),)"},"sentenceIndex":[2],"words":["которой"],"wordsIndex":[3]},"момент":{"params":{"class":"с","classMask":1,"info":{"isCapital":false,"isUpper":false},"stack":"((<DictionaryAnalyzer>, u'\\u043c\\u043e\\u043c\\u0435\\u043d\\u0442', 33, 3),)"},"sentenceIndex":[15],"words":["момент"],"wordsIndex":[1]},"мочь":{"params":{"class":"г","classMask":5,"info":{"isCapital":false,"isUpper":false},"stack":"((<DictionaryAnalyzer>, u'\\u043c\\u043e\\u0433\\u0443\\u0442', 1979, 6),)"},"sentenceIndex":[14],"words":["могут"],"wordsIndex":[3]},"на":{"params":{"class":"предл","classMask":14,"info":{"isCapital":true,"isUpper":false},"stack":"((<DictionaryAnalyzer>, u'\\u043d\\u0430', 24, 0),)"},"sentenceIndex":[1,7,8,9,12,13,15],"words":["На","на","на","на","на","на","На"],"wordsIndex":[0,2,8,3,6,8,0]},"намёк":{"params":{"class":"с","classMask":1,"info":{"isCapital":false,"isUpper":false},"stack":"((<DictionaryAnalyzer>, u'\\u043d\\u0430\\u043c\\u0451\\u043a\\u0438', 19, 6),)"},"sentenceIndex":[7],"words":["намеки"],"wordsIndex":[1]},"написание":{"params":{"class":"с","classMask":1,"info":{"isCapital":false,"isUpper":false},"stack":"((<DictionaryAnalyzer>, u'\\u043d\\u0430\\u043f\\u0438\\u0441\\u0430\\u043d\\u0438\\u044f', 76, 2),)"},"sentenceIndex":[15],"words":["написания"],"wordsIndex":[2]},"не":{"params":{"class":"част","classMask":16,"info":{"isCapital":false,"isUpper":false},"stack":"((<DictionaryAnalyzer>, u'\\u043d\\u0435', 22, 0),)"},"sentenceIndex":[5,15],"words":["не","не"],"wordsIndex":[1,5]},"неважно":{"params":{"class":"н","classMask":11,"info":{"isCapital":true,"isUpper":false},"stack":"((<DictionaryAnalyzer>, u'\\u043d\\u0435\\u0432\\u0430\\u0436\\u043d\\u043e', 385, 0),)"},"sentenceIndex":[6],"words":["Неважно"],"wordsIndex":[0]},"негативный":{"params":{"class":"п","classMask":2,"info":{"isCapital":false,"isUpper":false},"stack":"((<DictionaryAnalyzer>, u'\\u043d\\u0435\\u0433\\u0430\\u0442\\u0438\\u0432\\u043d\\u043e\\u0435', 12, 17),)"},"sentenceIndex":[12],"words":["негативное"],"wordsIndex":[4]},"неизвестный":{"params":{"class":"п","classMask":2,"info":{"isCapital":false,"isUpper":false},"stack":"((<DictionaryAnalyzer>, u'\\u043d\\u0435\\u0438\\u0437\\u0432\\u0435\\u0441\\u0442\\u043d\\u044b\\u0439', 12, 0),)"},"sentenceIndex":[2],"words":["неизвестный"],"wordsIndex":[4]},"нет":{"params":{"class":"предк","classMask":13,"info":{"isCapital":false,"isUpper":false},"stack":"((<DictionaryAnalyzer>, u'\\u043d\\u0435\\u0442', 242, 0),)"},"sentenceIndex":[8],"words":["нет"],"wordsIndex":[4]},"ник":{"params":{"class":"с","classMask":1,"info":{"isCapital":false,"isUpper":false},"stack":"((<DictionaryAnalyzer>, u'\\u043d\\u0438\\u043a\\u043e\\u043c', 19, 4),)"},"sentenceIndex":[1],"words":["ником"],"wordsIndex":[9]},"новостной":{"params":{"class":"п","classMask":2,"info":{"isCapital":false,"isUpper":false},"stack":"((<DictionaryAnalyzer>, u'\\u043d\\u043e\\u0432\\u043e\\u0441\\u0442\\u043d\\u043e\\u0433\\u043e', 105, 1),)"},"sentenceIndex":[0],"words":["новостного"],"wordsIndex":[5]},"новость":{"params":{"class":"с","classMask":1,"info":{"isCapital":false,"isUpper":false},"stack":"((<DictionaryAnalyzer>, u'\\u043d\\u043e\\u0432\\u043e\\u0441\\u0442\\u0435\\u0439', 13, 7),)"},"sentenceIndex":[13],"words":["новостей"],"wordsIndex":[3]},"о":{"params":{"class":"символ","classMask":20,"info":{},"stack":""},"sentenceIndex":[11],"words":["о"],"wordsIndex":[1]},"обнажённый":{"params":{"class":"п","classMask":2,"info":{"isCapital":false,"isUpper":false},"stack":"((<DictionaryAnalyzer>, u'\\u043e\\u0431\\u043d\\u0430\\u0436\\u0451\\u043d\\u043d\\u043e\\u0439', 932, 8),)"},"sentenceIndex":[0],"words":["обнаженной"],"wordsIndex":[10]},"обратить":{"params":{"class":"г","classMask":5,"info":{"isCapital":false,"isUpper":false},"stack":"((<DictionaryAnalyzer>, u'\\u043e\\u0431\\u0440\\u0430\\u0442\\u0438\\u043b', 837, 1),)"},"sentenceIndex":[1],"words":["обратил"],"wordsIndex":[2]},"один":{"params":{"class":"п","classMask":2,"info":{"isCapital":false,"isUpper":false},"stack":"((<DictionaryAnalyzer>, u'\\u043e\\u0434\\u043d\\u0443', 2198, 10),)"},"sentenceIndex":[0,1],"words":["одну","один"],"wordsIndex":[2,4]},"октябрь":{"params":{"class":"с","classMask":1,"info":{"isCapital":false,"isUpper":false},"stack":"((<DictionaryAnalyzer>, u'\\u043e\\u043a\\u0442\\u044f\\u0431\\u0440\\u044f', 190, 1),)"},"sentenceIndex":[11],"words":["октября"],"wordsIndex":[11]},"они":{"params":{"class":"мс","classMask":12,"info":{"isCapital":false,"isUpper":false},"stack":"((<DictionaryAnalyzer>, u'\\u0438\\u0445', 2210, 1),)"},"sentenceIndex":[13,14],"words":["их","них"],"wordsIndex":[10,2]},"основа":{"params":{"class":"с","classMask":1,"info":{"isCapital":false,"isUpper":false},"stack":"((<DictionaryAnalyzer>, u'\\u043e\\u0441\\u043d\\u043e\\u0432\\u0435', 55, 6),)"},"sentenceIndex":[13],"words":["основе"],"wordsIndex":[9]},"открываться":{"params":{"class":"г","classMask":5,"info":{"isCapital":false,"isUpper":false},"stack":"((<DictionaryAnalyzer>, u'\\u043e\\u0442\\u043a\\u0440\\u044b\\u0432\\u0430\\u0435\\u0442\\u0441\\u044f', 224, 5),)"},"sentenceIndex":[15],"words":["открывается"],"wordsIndex":[6]},"повод":{"params":{"class":"с","classMask":1,"info":{"isCapital":true,"isUpper":false},"stack":"((<DictionaryAnalyzer>, u'\\u043f\\u043e\\u0432\\u043e\\u0434\\u043e\\u0432', 33, 7),)"},"sentenceIndex":[8],"words":["Поводов"],"wordsIndex":[0]},"под":{"params":{"class":"предл","classMask":14,"info":{"isCapital":false,"isUpper":false},"stack":"((<DictionaryAnalyzer>, u'\\u043f\\u043e\\u0434', 375, 0),)"},"sentenceIndex":[1],"words":["под"],"wordsIndex":[8]},"пользователь":{"params":{"class":"с","classMask":1,"info":{"isCapital":false,"isUpper":false},"stack":"((<DictionaryAnalyzer>, u'\\u043f\\u043e\\u043b\\u044c\\u0437\\u043e\\u0432\\u0430\\u0442\\u0435\\u043b\\u0435\\u0439', 121, 7),)"},"sentenceIndex":[1],"words":["пользователей"],"wordsIndex":[6]},"популярность":{"params":{"class":"с","classMask":1,"info":{"isCapital":false,"isUpper":false},"stack":"((<DictionaryAnalyzer>, u'\\u043f\\u043e\\u043f\\u0443\\u043b\\u044f\\u0440\\u043d\\u043e\\u0441\\u0442\\u0438', 13, 2),)"},"sentenceIndex":[13],"words":["популярности"],"wordsIndex":[11]},"порно":{"params":{"class":"с","classMask":1,"info":{"isCapital":false,"isUpper":false},"stack":"((<DictionaryAnalyzer>, u'\\u043f\\u043e\\u0440\\u043d\\u043e', 23, 0),)"},"sentenceIndex":[7],"words":["порно"],"wordsIndex":[4]},"порнография":{"params":{"class":"с","classMask":1,"info":{"isCapital":false,"isUpper":false},"stack":"((<DictionaryAnalyzer>, u'\\u043f\\u043e\\u0440\\u043d\\u043e\\u0433\\u0440\\u0430\\u0444\\u0438\\u044e', 40, 3),)"},"sentenceIndex":[2],"words":["порнографию"],"wordsIndex":[19]},"порноресурс":{"params":{"class":"с","classMask":1,"info":{"isCapital":false,"isUpper":false},"stack":"((<DictionaryAnalyzer>, u'\\u0440\\u0435\\u0441\\u0443\\u0440\\u0441\\u0430', 33, 1), (<KnownPrefixAnalyzer>, u'\\u043f\\u043e\\u0440\\u043d\\u043e'))"},"sentenceIndex":[11],"words":["порноресурса"],"wordsIndex":[3]},"порносайт":{"params":{"class":"с","classMask":1,"info":{"isCapital":false,"isUpper":false},"stack":"((<DictionaryAnalyzer>, u'\\u0441\\u0430\\u0439\\u0442', 33, 0), (<KnownPrefixAnalyzer>, u'\\u043f\\u043e\\u0440\\u043d\\u043e'))"},"sentenceIndex":[9],"words":["порносайт"],"wordsIndex":[8]},"посетитель":{"params":{"class":"с","classMask":1,"info":{"isCapital":false,"isUpper":false},"stack":"((<DictionaryAnalyzer>, u'\\u043f\\u043e\\u0441\\u0435\\u0442\\u0438\\u0442\\u0435\\u043b\\u0438', 121, 6),)"},"sentenceIndex":[14],"words":["посетители"],"wordsIndex":[6]},"пост":{"params":{"class":"с","classMask":1,"info":{"isCapital":false,"isUpper":false},"stack":"((<DictionaryAnalyzer>, u'\\u043f\\u043e\\u0441\\u0442\\u044b', 111, 10),)"},"sentenceIndex":[13],"words":["посты"],"wordsIndex":[6]},"постановление":{"params":{"class":"с","classMask":1,"info":{"isCapital":true,"isUpper":false},"stack":"((<DictionaryAnalyzer>, u'\\u043f\\u043e\\u0441\\u0442\\u0430\\u043d\\u043e\\u0432\\u043b\\u0435\\u043d\\u0438\\u0435', 76, 6),)"},"sentenceIndex":[11],"words":["Постановление"],"wordsIndex":[0]},"представитель":{"params":{"class":"с","classMask":1,"info":{"isCapital":false,"isUpper":false},"stack":"((<DictionaryAnalyzer>, u'\\u043f\\u0440\\u0435\\u0434\\u0441\\u0442\\u0430\\u0432\\u0438\\u0442\\u0435\\u043b\\u0438', 121, 6),)"},"sentenceIndex":[8],"words":["представители"],"wordsIndex":[6]},"причина":{"params":{"class":"с","classMask":1,"info":{"isCapital":false,"isUpper":false},"stack":"((<DictionaryAnalyzer>, u'\\u043f\\u0440\\u0438\\u0447\\u0438\\u043d\\u043e\\u0439', 55, 4),)"},"sentenceIndex":[12],"words":["причиной"],"wordsIndex":[1]},"психика":{"params":{"class":"с","classMask":1,"info":{"isCapital":false,"isUpper":false},"stack":"((<DictionaryAnalyzer>, u'\\u043f\\u0441\\u0438\\u0445\\u0438\\u043a\\u0443', 43, 3),)"},"sentenceIndex":[12],"words":["психику"],"wordsIndex":[7]},"ранее":{"params":{"class":"н","classMask":11,"info":{"isCapital":true,"isUpper":false},"stack":"((<DictionaryAnalyzer>, u'\\u0440\\u0430\\u043d\\u0435\\u0435', 3, 0),)"},"sentenceIndex":[9],"words":["Ранее"],"wordsIndex":[0]},"ранжироваться":{"params":{"class":"г","classMask":5,"info":{"isCapital":false,"isUpper":false},"stack":"((<DictionaryAnalyzer>, u'\\u0436\\u0438\\u0440\\u0443\\u044e\\u0442\\u0441\\u044f', 138, 6), (<UnknownPrefixAnalyzer>, u'\\u0440\\u0430\\u043d'))"},"sentenceIndex":[13],"words":["ранжируются"],"wordsIndex":[7]},"расценить":{"params":{"class":"г","classMask":5,"info":{"isCapital":false,"isUpper":false},"stack":"((<DictionaryAnalyzer>, u'\\u0440\\u0430\\u0441\\u0446\\u0435\\u043d\\u0438\\u043b\\u0438', 720, 4),)"},"sentenceIndex":[2],"words":["расценили"],"wordsIndex":[16]},"реестр":{"params":{"class":"с","classMask":1,"info":{"isCapital":false,"isUpper":false},"stack":"((<DictionaryAnalyzer>, u'\\u0440\\u0435\\u0435\\u0441\\u0442\\u0440', 33, 0),)"},"sentenceIndex":[3,11],"words":["реестр","реестр"],"wordsIndex":[5,5]},"ресурс":{"params":{"class":"с","classMask":1,"info":{"isCapital":false,"isUpper":false},"stack":"((<DictionaryAnalyzer>, u'\\u0440\\u0435\\u0441\\u0443\\u0440\\u0441', 33, 0),)"},"sentenceIndex":[15],"words":["ресурс"],"wordsIndex":[4]},"роскомнадзор":{"params":{"class":"имя","classMask":22,"info":{"isCapital":true,"isUpper":false},"stack":"((<FakeDictionary>, u'\\u0440\\u043e\\u0441\\u043a\\u043e\\u043c\\u043d\\u0430\\u0434\\u0437\\u043e\\u0440', 47, 0), (<KnownSuffixAnalyzer>, u'\\u0430\\u0434\\u0437\\u043e\\u0440'))"},"sentenceIndex":[0,8],"words":["Роскомнадзор","Роскомнадзора"],"wordsIndex":[0,7]},"россия":{"params":{"class":"имя","classMask":1122,"info":{"isCapital":true,"isCountry":true,"isUpper":false},"stack":"((<DictionaryAnalyzer>, u'\\u0440\\u043e\\u0441\\u0441\\u0438\\u0438', 70, 1),)"},"sentenceIndex":[9],"words":["России"],"wordsIndex":[5]},"сайт":{"params":{"class":"с","classMask":1,"info":{"isCapital":false,"isUpper":false},"stack":"((<DictionaryAnalyzer>, u'\\u0441\\u0430\\u0439\\u0442\\u043e\\u0432', 33, 7),)"},"sentenceIndex":[3,11,13],"words":["сайтов","сайтов","сайт"],"wordsIndex":[7,7,1]},"символ":{"params":{"class":"с","classMask":1,"info":{"isCapital":false,"isUpper":false},"stack":"((<DictionaryAnalyzer>, u'\\u0441\\u0438\\u043c\\u0432\\u043e\\u043b\\u044b', 33, 9),)"},"sentenceIndex":[2,4,5],"words":["символы","символов","символов"],"wordsIndex":[8,2,3]},"служба":{"params":{"class":"с","classMask":1,"info":{"isCapital":false,"isUpper":false},"stack":"((<DictionaryAnalyzer>, u'\\u0441\\u043b\\u0443\\u0436\\u0431\\u044b', 55, 1),)"},"sentenceIndex":[2],"words":["службы"],"wordsIndex":[15]},"создание":{"params":{"class":"с","classMask":1,"info":{"isCapital":false,"isUpper":false},"stack":"((<DictionaryAnalyzer>, u'\\u0441\\u043e\\u0437\\u0434\\u0430\\u043d\\u0438\\u044f', 2794, 2),)"},"sentenceIndex":[2],"words":["создания"],"wordsIndex":[2]},"сотрудник":{"params":{"class":"с","classMask":1,"info":{"isCapital":false,"isUpper":false},"stack":"((<DictionaryAnalyzer>, u'\\u0441\\u043e\\u0442\\u0440\\u0443\\u0434\\u043d\\u0438\\u043a\\u0438', 2, 6),)"},"sentenceIndex":[2],"words":["сотрудники"],"wordsIndex":[13]},"социальный":{"params":{"class":"п","classMask":2,"info":{"isCapital":false,"isUpper":false},"stack":"((<DictionaryAnalyzer>, u'\\u0441\\u043e\\u0446\\u0438\\u0430\\u043b\\u044c\\u043d\\u044b\\u0445', 211, 21),)"},"sentenceIndex":[13],"words":["социальных"],"wordsIndex":[2]},"стать":{"params":{"class":"г","classMask":5,"info":{"isCapital":false,"isUpper":false},"stack":"((<DictionaryAnalyzer>, u'\\u0441\\u0442\\u0430\\u043b\\u043e', 904, 3),)"},"sentenceIndex":[12],"words":["стало"],"wordsIndex":[3]},"стиль":{"params":{"class":"с","classMask":1,"info":{"isCapital":false,"isUpper":false},"stack":"((<DictionaryAnalyzer>, u'\\u0441\\u0442\\u0438\\u043b\\u0435', 91, 5),)"},"sentenceIndex":[0],"words":["стиле"],"wordsIndex":[14]},"страница":{"params":{"class":"с","classMask":1,"info":{"isCapital":false,"isUpper":false},"stack":"((<DictionaryAnalyzer>, u'\\u0441\\u0442\\u0440\\u0430\\u043d\\u0438\\u0446', 2837, 8),)"},"sentenceIndex":[0,3,8],"words":["страниц","страницу","странице"],"wordsIndex":[4,2,9]},"суд":{"params":{"class":"с","classMask":1,"info":{"isCapital":false,"isUpper":false},"stack":"((<DictionaryAnalyzer>, u'\\u0441\\u0443\\u0434\\u043e\\u043c', 33, 4),)"},"sentenceIndex":[11],"words":["судом"],"wordsIndex":[15]},"территория":{"params":{"class":"с","classMask":1,"info":{"isCapital":false,"isUpper":false},"stack":"((<DictionaryAnalyzer>, u'\\u0442\\u0435\\u0440\\u0440\\u0438\\u0442\\u043e\\u0440\\u0438\\u0438', 40, 6),)"},"sentenceIndex":[9],"words":["территории"],"wordsIndex":[4]},"только":{"params":{"class":"част","classMask":16,"info":{"isCapital":false,"isUpper":false},"stack":"((<DictionaryAnalyzer>, u'\\u0442\\u043e\\u043b\\u044c\\u043a\\u043e', 2892, 0),)"},"sentenceIndex":[2,14],"words":["только","только"],"wordsIndex":[7,4]},"февраль":{"params":{"class":"с","classMask":1,"info":{"isCapital":false,"isUpper":false},"stack":"((<DictionaryAnalyzer>, u'\\u0444\\u0435\\u0432\\u0440\\u0430\\u043b\\u0435', 190, 5),)"},"sentenceIndex":[9],"words":["феврале"],"wordsIndex":[2]},"федеральный":{"params":{"class":"п","classMask":2,"info":{"isCapital":false,"isUpper":false},"stack":"((<DictionaryAnalyzer>, u'\\u0444\\u0435\\u0434\\u0435\\u0440\\u0430\\u043b\\u044c\\u043d\\u043e\\u0439', 60, 8),)"},"sentenceIndex":[2],"words":["федеральной"],"wordsIndex":[14]},"цифра":{"params":{"class":"с","classMask":1,"info":{"isCapital":false,"isUpper":false},"stack":"((<DictionaryAnalyzer>, u'\\u0446\\u0438\\u0444\\u0440\\u044b', 55, 1),)"},"sentenceIndex":[2],"words":["цифры"],"wordsIndex":[10]},"человек":{"params":{"class":"с","classMask":1,"info":{"isCapital":false,"isUpper":false},"stack":"((<DictionaryAnalyzer>, u'\\u0447\\u0435\\u043b\\u043e\\u0432\\u0435\\u043a\\u0430', 488, 1),)"},"sentenceIndex":[12],"words":["человека"],"wordsIndex":[8]},"шутка":{"params":{"class":"с","classMask":1,"info":{"isCapital":false,"isUpper":false},"stack":"((<DictionaryAnalyzer>, u'\\u0448\\u0443\\u0442\\u043e\\u043a', 8, 8),)"},"sentenceIndex":[8],"words":["шуток"],"wordsIndex":[2]},"это":{"params":{"class":"част","classMask":16,"info":{"isCapital":false,"isUpper":false},"stack":"((<DictionaryAnalyzer>, u'\\u044d\\u0442\\u043e', 22, 0),)"},"sentenceIndex":[1],"words":["это"],"wordsIndex":[1]},"январь":{"params":{"class":"с","classMask":1,"info":{"isCapital":false,"isUpper":false},"stack":"((<DictionaryAnalyzer>, u'\\u044f\\u043d\\u0432\\u0430\\u0440\\u044f', 190, 1),)"},"sentenceIndex":[3],"words":["января"],"wordsIndex":[1]}}