{"13":{"params":{"class":"наим","classMask":19,"info":{},"stack":""},"sentenceIndex":[4],"words":["13"],"wordsIndex":[2]},"14":{"params":{"class":"наим","classMask":19,"info":{},"stack":""},"sentenceIndex":[1],"words":["14"],"wordsIndex":[10]},"американский":{"params":{"class":"п","classMask":2,"info":{"isCapital":false,"isUpper":false},"stack":"((<DictionaryAnalyzer>, u'\\u0430\\u043c\\u0435\\u0440\\u0438\\u043a\\u0430\\u043d\\u0441\\u043a\\u043e\\u0433\\u043e', 16, 15),)"},"sentenceIndex":[3],"words":["американского"],"wordsIndex":[19]},"бы":{"params":{"class":"част","classMask":16,"info":{"isCapital":false,"isUpper":false},"stack":"((<DictionaryAnalyzer>, u'\\u0431\\u044b', 22, 0),)"},"sentenceIndex":[3],"words":["бы"],"wordsIndex":[1]},"быть":{"params":{"class":"г","classMask":5,"info":{"isCapital":false,"isUpper":false},"stack":"((<DictionaryAnalyzer>, u'\\u0431\\u044b\\u043b', 587, 4),)"},"sentenceIndex":[4,8,8],"words":["был","будет","будет"],"wordsIndex":[14,5,13]},"в":{"params":{"class":"символ","classMask":20,"info":{},"stack":""},"sentenceIndex":[0,0,1,2,3,4,4,5,5,5],"words":["в","в","во","в","в","В","в","в","в","в"],"wordsIndex":[10,14,8,5,12,0,18,12,19,22]},"важный":{"params":{"class":"п","classMask":2,"info":{"isCapital":false,"isUpper":false},"stack":"((<DictionaryAnalyzer>, u'\\u0432\\u0430\\u0436\\u043d\\u044b\\u0439', 214, 4),)"},"sentenceIndex":[3],"words":["важный"],"wordsIndex":[6]},"вопрос":{"params":{"class":"с","classMask":1,"info":{"isCapital":false,"isUpper":false},"stack":"((<DictionaryAnalyzer>, u'\\u0432\\u043e\\u043f\\u0440\\u043e\\u0441', 33, 0),)"},"sentenceIndex":[1,7,7],"words":["вопрос","вопрос","вопросу"],"wordsIndex":[19,8,26]},"вторник":{"params":{"class":"с","classMask":1,"info":{"isCapital":false,"isUpper":false},"stack":"((<DictionaryAnalyzer>, u'\\u0432\\u0442\\u043e\\u0440\\u043d\\u0438\\u043a', 19, 3),)"},"sentenceIndex":[1],"words":["вторник"],"wordsIndex":[9]},"выдвинуть":{"params":{"class":"причастие","classMask":7,"info":{"isCapital":false,"isUpper":false},"stack":"((<DictionaryAnalyzer>, u'\\u0432\\u044b\\u0434\\u0432\\u0438\\u043d\\u0443\\u0442\\u044b\\u0439', 1013, 43),)"},"sentenceIndex":[4],"words":["выдвинутый"],"wordsIndex":[5]},"глава":{"params":{"class":"с","classMask":1,"info":{"isCapital":false,"isUpper":false},"stack":"((<DictionaryAnalyzer>, u'\\u0433\\u043b\\u0430\\u0432\\u0430', 513, 0),)"},"sentenceIndex":[3],"words":["глава"],"wordsIndex":[18]},"давление":{"params":{"class":"с","classMask":1,"info":{"isCapital":false,"isUpper":false},"stack":"((<DictionaryAnalyzer>, u'\\u0434\\u0430\\u0432\\u043b\\u0435\\u043d\\u0438\\u0435', 76, 0),)"},"sentenceIndex":[7],"words":["давление"],"wordsIndex":[16]},"должность":{"params":{"class":"с","classMask":1,"info":{"isCapital":false,"isUpper":false},"stack":"((<DictionaryAnalyzer>, u'\\u0434\\u043e\\u043b\\u0436\\u043d\\u043e\\u0441\\u0442\\u0438', 13, 5),)"},"sentenceIndex":[4],"words":["должности"],"wordsIndex":[20]},"дональд":{"params":{"class":"имя","classMask":22,"info":{"isCapital":true,"isUpper":false},"stack":"((<DictionaryAnalyzer>, u'\\u0434\\u043e\\u043d\\u0430\\u043b\\u044c\\u0434\\u043e\\u043c', 26, 4),)"},"sentenceIndex":[4],"words":["Дональдом"],"wordsIndex":[8]},"достаточно":{"params":{"class":"н","classMask":11,"info":{"isCapital":false,"isUpper":false},"stack":"((<DictionaryAnalyzer>, u'\\u0434\\u043e\\u0441\\u0442\\u0430\\u0442\\u043e\\u0447\\u043d\\u043e', 385, 0),)"},"sentenceIndex":[7],"words":["достаточно"],"wordsIndex":[21]},"если":{"params":{"class":"союз","classMask":15,"info":{"isCapital":false,"isUpper":false},"stack":"((<DictionaryAnalyzer>, u'\\u0435\\u0441\\u043b\\u0438', 20, 0),)"},"sentenceIndex":[8],"words":["если"],"wordsIndex":[9]},"ещё":{"params":{"class":"част","classMask":16,"info":{"isCapital":false,"isUpper":false},"stack":"((<DictionaryAnalyzer>, u'\\u0435\\u0449\\u0451', 22, 0),)"},"sentenceIndex":[5],"words":["еще"],"wordsIndex":[18]},"журналист":{"params":{"class":"с","classMask":1,"info":{"isCapital":false,"isUpper":false},"stack":"((<DictionaryAnalyzer>, u'\\u0436\\u0443\\u0440\\u043d\\u0430\\u043b\\u0438\\u0441\\u0442\\u0430\\u043c', 52, 8),)"},"sentenceIndex":[1],"words":["журналистам"],"wordsIndex":[12]},"заверить":{"params":{"class":"г","classMask":5,"info":{"isCapital":false,"isUpper":false},"stack":"((<DictionaryAnalyzer>, u'\\u0437\\u0430\\u0432\\u0435\\u0440\\u0438\\u043b', 623, 1),)"},"sentenceIndex":[6],"words":["заверил"],"wordsIndex":[1]},"задать":{"params":{"class":"причастие","classMask":7,"info":{"isCapital":false,"isUpper":false},"stack":"((<DictionaryAnalyzer>, u'\\u0437\\u0430\\u0434\\u0430\\u043d\\u043d\\u044b\\u0439', 843, 42),)"},"sentenceIndex":[1],"words":["заданный"],"wordsIndex":[15]},"заключить":{"params":{"class":"кр_причастие","classMask":8,"info":{"isCapital":false,"isUpper":false},"stack":"((<DictionaryAnalyzer>, u'\\u0437\\u0430\\u043a\\u043b\\u044e\\u0447\\u0435\\u043d\\u0430', 1455, 72),)"},"sentenceIndex":[8],"words":["заключена"],"wordsIndex":[14]},"заявить":{"params":{"class":"г","classMask":5,"info":{"isCapital":false,"isUpper":false},"stack":"((<DictionaryAnalyzer>, u'\\u0437\\u0430\\u044f\\u0432\\u0438\\u043b', 647, 1),)"},"sentenceIndex":[0],"words":["заявил"],"wordsIndex":[5]},"заявлять":{"params":{"class":"г","classMask":5,"info":{"isCapital":false,"isUpper":false},"stack":"((<DictionaryAnalyzer>, u'\\u0437\\u0430\\u044f\\u0432\\u043b\\u044f\\u043b', 206, 7),)"},"sentenceIndex":[5],"words":["заявлял"],"wordsIndex":[17]},"идти":{"params":{"class":"г","classMask":5,"info":{"isCapital":false,"isUpper":false},"stack":"((<DictionaryAnalyzer>, u'\\u0438\\u0434\\u0451\\u0442', 1624, 5),)"},"sentenceIndex":[9],"words":["идет"],"wordsIndex":[3]},"именно":{"params":{"class":"част","classMask":16,"info":{"isCapital":false,"isUpper":false},"stack":"((<DictionaryAnalyzer>, u'\\u0438\\u043c\\u0435\\u043d\\u043d\\u043e', 22, 0),)"},"sentenceIndex":[9],"words":["именно"],"wordsIndex":[2]},"инструмент":{"params":{"class":"с","classMask":1,"info":{"isCapital":false,"isUpper":false},"stack":"((<DictionaryAnalyzer>, u'\\u0438\\u043d\\u0441\\u0442\\u0440\\u0443\\u043c\\u0435\\u043d\\u0442', 33, 3),)"},"sentenceIndex":[3],"words":["инструмент"],"wordsIndex":[7]},"информация":{"params":{"class":"с","classMask":1,"info":{"isCapital":false,"isUpper":false},"stack":"((<DictionaryAnalyzer>, u'\\u0438\\u043d\\u0444\\u043e\\u0440\\u043c\\u0430\\u0446\\u0438\\u0435\\u0439', 40, 4),)"},"sentenceIndex":[7],"words":["информацией"],"wordsIndex":[23]},"как":{"params":{"class":"союз","classMask":15,"info":{"isCapital":false,"isUpper":false},"stack":"((<DictionaryAnalyzer>, u'\\u043a\\u0430\\u043a', 1673, 0),)"},"sentenceIndex":[1],"words":["как"],"wordsIndex":[2]},"кандидатура":{"params":{"class":"с","classMask":1,"info":{"isCapital":false,"isUpper":false},"stack":"((<DictionaryAnalyzer>, u'\\u043a\\u0430\\u043d\\u0434\\u0438\\u0434\\u0430\\u0442\\u0443\\u0440\\u0435', 55, 2),)"},"sentenceIndex":[5],"words":["кандидатуре"],"wordsIndex":[26]},"конгресс":{"params":{"class":"имя","classMask":22,"info":{"isCapital":true,"isUpper":false},"stack":"((<DictionaryAnalyzer>, u'\\u043a\\u043e\\u043d\\u0433\\u0440\\u0435\\u0441\\u0441\\u0430', 33, 1),)"},"sentenceIndex":[4],"words":["Конгресса"],"wordsIndex":[17]},"который":{"params":{"class":"п","classMask":2,"info":{"isCapital":false,"isUpper":false},"stack":"((<DictionaryAnalyzer>, u'\\u043a\\u043e\\u0442\\u043e\\u0440\\u044b\\u0439', 1788, 0),)"},"sentenceIndex":[3],"words":["который"],"wordsIndex":[8]},"ли":{"params":{"class":"част","classMask":16,"info":{"isCapital":false,"isUpper":false},"stack":"((<DictionaryAnalyzer>, u'\\u043b\\u0438', 22, 0),)"},"sentenceIndex":[7],"words":["ли"],"wordsIndex":[12]},"мера":{"params":{"class":"с","classMask":1,"info":{"isCapital":false,"isUpper":false},"stack":"((<DictionaryAnalyzer>, u'\\u043c\\u0435\\u0440', 55, 8),)"},"sentenceIndex":[6],"words":["мер"],"wordsIndex":[7]},"министр":{"params":{"class":"с","classMask":1,"info":{"isCapital":true,"isUpper":false},"stack":"((<DictionaryAnalyzer>, u'\\u043c\\u0438\\u043d\\u0438\\u0441\\u0442\\u0440', 52, 0),)"},"sentenceIndex":[0,4],"words":["Министр","министра"],"wordsIndex":[0,12]},"минфин":{"params":{"class":"имя","classMask":22,"info":{"isCapital":true,"isUpper":false},"stack":"((<DictionaryAnalyzer>, u'\\u043c\\u0438\\u043d\\u0444\\u0438\\u043d\\u0430', 47, 1),)"},"sentenceIndex":[3],"words":["Минфина"],"wordsIndex":[20]},"мнучин":{"params":{"class":"имя","classMask":22,"info":{"isCapital":true,"isUpper":false},"stack":"((<DictionaryAnalyzer>, u'\\u0447\\u0438\\u043d', 52, 0), (<UnknownPrefixAnalyzer>, u'\\u043c\\u043d\\u0443'))"},"sentenceIndex":[0,4,5,8],"words":["Мнучин","Мнучин","Мнучин","Мнучин"],"wordsIndex":[4,4,16,2]},"москва":{"params":{"class":"имя","classMask":22,"info":{"isCapital":true,"isUpper":false},"stack":"((<DictionaryAnalyzer>, u'\\u043c\\u043e\\u0441\\u043a\\u0432\\u043e\\u0439', 1974, 4),)"},"sentenceIndex":[8],"words":["Москвой"],"wordsIndex":[11]},"мы":{"params":{"class":"мс","classMask":12,"info":{"isCapital":false,"isUpper":false},"stack":"((<DictionaryAnalyzer>, u'\\u043c\\u044b', 1990, 0),)"},"sentenceIndex":[3],"words":["мы"],"wordsIndex":[9]},"на":{"params":{"class":"предл","classMask":14,"info":{"isCapital":false,"isUpper":false},"stack":"((<DictionaryAnalyzer>, u'\\u043d\\u0430', 24, 0),)"},"sentenceIndex":[1,4,7],"words":["на","на","на"],"wordsIndex":[14,10,7]},"наш":{"params":{"class":"п","classMask":2,"info":{"isCapital":true,"isUpper":false},"stack":"((<DictionaryAnalyzer>, u'\\u043d\\u0430\\u0448\\u0438', 2047, 19),)"},"sentenceIndex":[2],"words":["Наши"],"wordsIndex":[0]},"не":{"params":{"class":"част","classMask":16,"info":{"isCapital":false,"isUpper":false},"stack":"((<DictionaryAnalyzer>, u'\\u043d\\u0435', 22, 0),)"},"sentenceIndex":[5,7,7,8,9],"words":["не","не","не","не","не"],"wordsIndex":[10,4,19,12,6]},"необходимость":{"params":{"class":"с","classMask":1,"info":{"isCapital":false,"isUpper":false},"stack":"((<DictionaryAnalyzer>, u'\\u043d\\u0435\\u043e\\u0431\\u0445\\u043e\\u0434\\u0438\\u043c\\u043e\\u0441\\u0442\\u0438', 13, 5),)"},"sentenceIndex":[5],"words":["необходимости"],"wordsIndex":[13]},"но":{"params":{"class":"союз","classMask":15,"info":{"isCapital":false,"isUpper":false},"stack":"((<DictionaryAnalyzer>, u'\\u043d\\u043e', 20, 0),)"},"sentenceIndex":[5],"words":["но"],"wordsIndex":[9]},"новость":{"params":{"class":"имя","classMask":22,"info":{"isCapital":true,"isUpper":false},"stack":"((<DictionaryAnalyzer>, u'\\u043d\\u043e\\u0432\\u043e\\u0441\\u0442\\u0438', 13, 1),)"},"sentenceIndex":[1],"words":["Новости"],"wordsIndex":[5]},"новый":{"params":{"class":"п","classMask":2,"info":{"isCapital":false,"isUpper":false},"stack":"((<DictionaryAnalyzer>, u'\\u043d\\u043e\\u0432\\u044b\\u0439', 405, 4),)"},"sentenceIndex":[3],"words":["новый"],"wordsIndex":[17]},"нужный":{"params":{"class":"п","classMask":2,"info":{"isCapital":false,"isUpper":false},"stack":"((<DictionaryAnalyzer>, u'\\u043d\\u0443\\u0436\\u043d\\u044b\\u043c', 214, 5),)"},"sentenceIndex":[7],"words":["нужным"],"wordsIndex":[13]},"о":{"params":{"class":"предл","classMask":14,"info":{"isCapital":true,"isUpper":false},"stack":"((<DictionaryAnalyzer>, u'\\u043e\\u0431', 2133, 1),)"},"sentenceIndex":[1,5,7,9],"words":["Об","О","о","О"],"wordsIndex":[0,0,9,0]},"обладать":{"params":{"class":"г","classMask":5,"info":{"isCapital":false,"isUpper":false},"stack":"((<DictionaryAnalyzer>, u'\\u043e\\u0431\\u043b\\u0430\\u0434\\u0430\\u0435\\u0442', 15, 5),)"},"sentenceIndex":[7],"words":["обладает"],"wordsIndex":[20]},"оговориться":{"params":{"class":"г","classMask":5,"info":{"isCapital":false,"isUpper":false},"stack":"((<DictionaryAnalyzer>, u'\\u043e\\u0433\\u043e\\u0432\\u043e\\u0440\\u0438\\u043b\\u0441\\u044f', 618, 1),)"},"sentenceIndex":[8],"words":["оговорился"],"wordsIndex":[3]},"ограничительный":{"params":{"class":"п","classMask":2,"info":{"isCapital":false,"isUpper":false},"stack":"((<DictionaryAnalyzer>, u'\\u043e\\u0433\\u0440\\u0430\\u043d\\u0438\\u0447\\u0438\\u0442\\u0435\\u043b\\u044c\\u043d\\u044b\\u0445', 60, 21),)"},"sentenceIndex":[6],"words":["ограничительных"],"wordsIndex":[6]},"он":{"params":{"class":"мс","classMask":12,"info":{"isCapital":true,"isUpper":false},"stack":"((<DictionaryAnalyzer>, u'\\u043e\\u043d', 2208, 0),)"},"sentenceIndex":[1,5,6,7,9],"words":["он","он","Он","он","он"],"wordsIndex":[6,3,0,2,5]},"они":{"params":{"class":"мс","classMask":12,"info":{"isCapital":false,"isUpper":false},"stack":"((<DictionaryAnalyzer>, u'\\u0438\\u0445', 2210, 1),)"},"sentenceIndex":[5],"words":["их"],"wordsIndex":[14]},"оставаться":{"params":{"class":"г","classMask":5,"info":{"isCapital":false,"isUpper":false},"stack":"((<DictionaryAnalyzer>, u'\\u043e\\u0441\\u0442\\u0430\\u0451\\u0442\\u0441\\u044f', 646, 5),)"},"sentenceIndex":[0,2],"words":["остается","остаются"],"wordsIndex":[13,4]},"ответить":{"params":{"class":"инфинитив","classMask":6,"info":{"isCapital":false,"isUpper":false},"stack":"((<DictionaryAnalyzer>, u'\\u043e\\u0442\\u0432\\u0435\\u0442\\u0438\\u0442\\u044c', 2245, 0),)"},"sentenceIndex":[7],"words":["ответить"],"wordsIndex":[6]},"отвечать":{"params":{"class":"деепричастие","classMask":9,"info":{"isCapital":false,"isUpper":false},"stack":"((<DictionaryAnalyzer>, u'\\u043e\\u0442\\u0432\\u0435\\u0447\\u0430\\u044f', 15, 67),)"},"sentenceIndex":[1],"words":["отвечая"],"wordsIndex":[13]},"отношение":{"params":{"class":"с","classMask":1,"info":{"isCapital":false,"isUpper":false},"stack":"((<DictionaryAnalyzer>, u'\\u043e\\u0442\\u043d\\u043e\\u0448\\u0435\\u043d\\u0438\\u0438', 76, 10),)"},"sentenceIndex":[0,3],"words":["отношении","отношении"],"wordsIndex":[11,13]},"передавать":{"params":{"class":"г","classMask":5,"info":{"isCapital":false,"isUpper":false},"stack":"((<DictionaryAnalyzer>, u'\\u043f\\u0435\\u0440\\u0435\\u0434\\u0430\\u0451\\u0442', 2308, 5),)"},"sentenceIndex":[1],"words":["передает"],"wordsIndex":[3]},"по":{"params":{"class":"предл","classMask":14,"info":{"isCapital":false,"isUpper":false},"stack":"((<DictionaryAnalyzer>, u'\\u043f\\u043e', 24, 0),)"},"sentenceIndex":[1,5,7],"words":["по","по","по"],"wordsIndex":[16,24,24]},"поддержать":{"params":{"class":"г","classMask":5,"info":{"isCapital":false,"isUpper":false},"stack":"((<DictionaryAnalyzer>, u'\\u043f\\u043e\\u0434\\u0434\\u0435\\u0440\\u0436\\u0438\\u0442', 845, 9),)"},"sentenceIndex":[6],"words":["поддержит"],"wordsIndex":[4]},"поддерживать":{"params":{"class":"инфинитив","classMask":6,"info":{"isCapital":false,"isUpper":false},"stack":"((<DictionaryAnalyzer>, u'\\u043f\\u043e\\u0434\\u0434\\u0435\\u0440\\u0436\\u0438\\u0432\\u0430\\u0442\\u044c', 206, 0),)"},"sentenceIndex":[8],"words":["поддерживать"],"wordsIndex":[6]},"подчеркнуть":{"params":{"class":"г","classMask":5,"info":{"isCapital":false,"isUpper":false},"stack":"((<DictionaryAnalyzer>, u'\\u043f\\u043e\\u0434\\u0447\\u0435\\u0440\\u043a\\u043d\\u0443\\u043b', 2419, 1),)"},"sentenceIndex":[3],"words":["подчеркнул"],"wordsIndex":[16]},"политика":{"params":{"class":"с","classMask":1,"info":{"isCapital":false,"isUpper":false},"stack":"((<DictionaryAnalyzer>, u'\\u043f\\u043e\\u043b\\u0438\\u0442\\u0438\\u043a\\u0430', 43, 0),)"},"sentenceIndex":[0],"words":["политика"],"wordsIndex":[9]},"полный":{"params":{"class":"п","classMask":2,"info":{"isCapital":false,"isUpper":false},"stack":"((<DictionaryAnalyzer>, u'\\u043f\\u043e\\u043b\\u043d\\u043e\\u0439', 2466, 13),)"},"sentenceIndex":[7],"words":["полной"],"wordsIndex":[22]},"понедельник":{"params":{"class":"с","classMask":1,"info":{"isCapital":false,"isUpper":false},"stack":"((<DictionaryAnalyzer>, u'\\u043f\\u043e\\u043d\\u0435\\u0434\\u0435\\u043b\\u044c\\u043d\\u0438\\u043a', 19, 3),)"},"sentenceIndex":[4],"words":["понедельник"],"wordsIndex":[1]},"пост":{"params":{"class":"с","classMask":1,"info":{"isCapital":false,"isUpper":false},"stack":"((<DictionaryAnalyzer>, u'\\u043f\\u043e\\u0441\\u0442', 111, 3),)"},"sentenceIndex":[4],"words":["пост"],"wordsIndex":[11]},"пояснить":{"params":{"class":"деепричастие","classMask":9,"info":{"isCapital":false,"isUpper":false},"stack":"((<DictionaryAnalyzer>, u'\\u043f\\u043e\\u044f\\u0441\\u043d\\u0438\\u0432', 720, 69),)"},"sentenceIndex":[7],"words":["пояснив"],"wordsIndex":[17]},"президент":{"params":{"class":"с","classMask":1,"info":{"isCapital":false,"isUpper":false},"stack":"((<DictionaryAnalyzer>, u'\\u043f\\u0440\\u0435\\u0437\\u0438\\u0434\\u0435\\u043d\\u0442\\u043e\\u043c', 52, 4),)"},"sentenceIndex":[4],"words":["президентом"],"wordsIndex":[6]},"при":{"params":{"class":"предл","classMask":14,"info":{"isCapital":true,"isUpper":false},"stack":"((<DictionaryAnalyzer>, u'\\u043f\\u0440\\u0438', 24, 0),)"},"sentenceIndex":[7,8],"words":["При","При"],"wordsIndex":[0,0]},"программа":{"params":{"class":"с","classMask":1,"info":{"isCapital":false,"isUpper":false},"stack":"((<DictionaryAnalyzer>, u'\\u043f\\u0440\\u043e\\u0433\\u0440\\u0430\\u043c\\u043c\\u044b', 55, 1),)"},"sentenceIndex":[2],"words":["программы"],"wordsIndex":[3]},"продление":{"params":{"class":"с","classMask":1,"info":{"isCapital":false,"isUpper":false},"stack":"((<DictionaryAnalyzer>, u'\\u043f\\u0440\\u043e\\u0434\\u043b\\u0435\\u043d\\u0438\\u0435', 76, 6),)"},"sentenceIndex":[6],"words":["продление"],"wordsIndex":[5]},"продолжить":{"params":{"class":"г","classMask":5,"info":{"isCapital":false,"isUpper":false},"stack":"((<DictionaryAnalyzer>, u'\\u043f\\u0440\\u043e\\u0434\\u043e\\u043b\\u0436\\u0438\\u043c', 634, 6),)"},"sentenceIndex":[3],"words":["продолжим"],"wordsIndex":[10]},"против":{"params":{"class":"предл","classMask":14,"info":{"isCapital":false,"isUpper":false},"stack":"((<DictionaryAnalyzer>, u'\\u043f\\u0440\\u043e\\u0442\\u0438\\u0432', 24, 0),)"},"sentenceIndex":[5],"words":["против"],"wordsIndex":[4]},"разный":{"params":{"class":"п","classMask":2,"info":{"isCapital":false,"isUpper":false},"stack":"((<DictionaryAnalyzer>, u'\\u0440\\u0430\\u0437\\u043d\\u044b\\u0445', 12, 21),)"},"sentenceIndex":[3],"words":["разных"],"wordsIndex":[14]},"рассматривать":{"params":{"class":"инфинитив","classMask":6,"info":{"isCapital":false,"isUpper":false},"stack":"((<DictionaryAnalyzer>, u'\\u0440\\u0430\\u0441\\u0441\\u043c\\u0430\\u0442\\u0440\\u0438\\u0432\\u0430\\u0442\\u044c', 206, 0),)"},"sentenceIndex":[3],"words":["рассматривать"],"wordsIndex":[11]},"речь":{"params":{"class":"с","classMask":1,"info":{"isCapital":false,"isUpper":false},"stack":"((<DictionaryAnalyzer>, u'\\u0440\\u0435\\u0447\\u044c', 435, 0),)"},"sentenceIndex":[9],"words":["речь"],"wordsIndex":[4]},"риа":{"params":{"class":"с","classMask":1,"info":{"isCapital":false,"isUpper":true},"stack":"((<DictionaryAnalyzer>, u'\\u0440\\u0438\\u0430', 148, 0),)"},"sentenceIndex":[1],"words":["РИА"],"wordsIndex":[4]},"россия":{"params":{"class":"имя","classMask":1122,"info":{"isCapital":true,"isCountry":true,"isUpper":false},"stack":"((<DictionaryAnalyzer>, u'\\u0440\\u043e\\u0441\\u0441\\u0438\\u0438', 70, 1),)"},"sentenceIndex":[0,5],"words":["России","России"],"wordsIndex":[12,8]},"с":{"params":{"class":"символ","classMask":20,"info":{},"stack":""},"sentenceIndex":[5,8],"words":["с","с"],"wordsIndex":[7,10]},"санкционный":{"params":{"class":"п","classMask":2,"info":{"isCapital":false,"isUpper":false},"stack":"((<DictionaryAnalyzer>, u'\\u0438\\u043e\\u043d\\u043d\\u0430\\u044f', 12, 7), (<UnknownPrefixAnalyzer>, u'\\u0441\\u0430\\u043d\\u043a\\u0446'))"},"sentenceIndex":[0,2,7],"words":["санкционная","санкционные","санкционное"],"wordsIndex":[8,2,15]},"санкция":{"params":{"class":"с","classMask":1,"info":{"isCapital":false,"isUpper":false},"stack":"((<DictionaryAnalyzer>, u'\\u0441\\u0430\\u043d\\u043a\\u0446\\u0438\\u0438', 40, 1),)"},"sentenceIndex":[3,5,8],"words":["санкции","санкций","санкции"],"wordsIndex":[4,6,7]},"свой":{"params":{"class":"п","classMask":2,"info":{"isCapital":false,"isUpper":false},"stack":"((<DictionaryAnalyzer>, u'\\u0441\\u0432\\u043e\\u0435\\u0439', 2737, 8),)"},"sentenceIndex":[4,5],"words":["своей","своей"],"wordsIndex":[19,25]},"сделка":{"params":{"class":"с","classMask":1,"info":{"isCapital":false,"isUpper":false},"stack":"((<DictionaryAnalyzer>, u'\\u0441\\u0434\\u0435\\u043b\\u043a\\u0430', 8, 0),)"},"sentenceIndex":[8],"words":["сделка"],"wordsIndex":[16]},"сенат":{"params":{"class":"с","classMask":1,"info":{"isCapital":false,"isUpper":false},"stack":"((<DictionaryAnalyzer>, u'\\u0441\\u0435\\u043d\\u0430\\u0442\\u043e\\u043c', 33, 4),)"},"sentenceIndex":[4,5],"words":["сенатом","сенате"],"wordsIndex":[16,23]},"сила":{"params":{"class":"с","classMask":1,"info":{"isCapital":false,"isUpper":false},"stack":"((<DictionaryAnalyzer>, u'\\u0441\\u0438\\u043b\\u0435', 55, 2),)"},"sentenceIndex":[0,2],"words":["силе","силе"],"wordsIndex":[15,6]},"сказать":{"params":{"class":"г","classMask":5,"info":{"isCapital":false,"isUpper":false},"stack":"((<DictionaryAnalyzer>, u'\\u0441\\u043a\\u0430\\u0437\\u0430\\u043b', 638, 1),)"},"sentenceIndex":[3],"words":["сказал"],"wordsIndex":[2]},"слушание":{"params":{"class":"с","classMask":1,"info":{"isCapital":false,"isUpper":false},"stack":"((<DictionaryAnalyzer>, u'\\u0441\\u043b\\u0443\\u0448\\u0430\\u043d\\u0438\\u0439', 76, 15),)"},"sentenceIndex":[5],"words":["слушаний"],"wordsIndex":[21]},"смочь":{"params":{"class":"г","classMask":5,"info":{"isCapital":false,"isUpper":false},"stack":"((<DictionaryAnalyzer>, u'\\u0441\\u043c\\u043e\\u0433', 857, 1),)"},"sentenceIndex":[7],"words":["смог"],"wordsIndex":[5]},"снятие":{"params":{"class":"с","classMask":1,"info":{"isCapital":false,"isUpper":false},"stack":"((<DictionaryAnalyzer>, u'\\u0441\\u043d\\u044f\\u0442\\u0438\\u044f', 76, 2),)"},"sentenceIndex":[5],"words":["снятия"],"wordsIndex":[5]},"сообщить":{"params":{"class":"г","classMask":5,"info":{"isCapital":false,"isUpper":false},"stack":"((<DictionaryAnalyzer>, u'\\u0441\\u043e\\u043e\\u0431\\u0449\\u0438\\u043b', 741, 1),)"},"sentenceIndex":[1],"words":["сообщил"],"wordsIndex":[7]},"стивен":{"params":{"class":"имя","classMask":22,"info":{"isCapital":true,"isUpper":false},"stack":"((<DictionaryAnalyzer>, u'\\u0441\\u0442\\u0438\\u0432\\u0435\\u043d', 26, 0),)"},"sentenceIndex":[0],"words":["Стивен"],"wordsIndex":[3]},"стопроцентно":{"params":{"class":"н","classMask":11,"info":{"isCapital":false,"isUpper":false},"stack":"((<DictionaryAnalyzer>, u'\\u0441\\u0442\\u043e\\u043f\\u0440\\u043e\\u0446\\u0435\\u043d\\u0442\\u043d\\u043e', 3, 0),)"},"sentenceIndex":[6],"words":["стопроцентно"],"wordsIndex":[3]},"страна":{"params":{"class":"с","classMask":1,"info":{"isCapital":false,"isUpper":false},"stack":"((<DictionaryAnalyzer>, u'\\u0441\\u0442\\u0440\\u0430\\u043d', 55, 8),)"},"sentenceIndex":[3],"words":["стран"],"wordsIndex":[15]},"существующий":{"params":{"class":"п","classMask":2,"info":{"isCapital":false,"isUpper":false},"stack":"((<DictionaryAnalyzer>, u'\\u0441\\u0443\\u0449\\u0435\\u0441\\u0442\\u0432\\u0443\\u044e\\u0449\\u0430\\u044f', 100, 7),)"},"sentenceIndex":[0],"words":["существующая"],"wordsIndex":[7]},"считать":{"params":{"class":"г","classMask":5,"info":{"isCapital":false,"isUpper":false},"stack":"((<DictionaryAnalyzer>, u'\\u0441\\u0447\\u0438\\u0442\\u0430\\u0435\\u0442', 2861, 5),)"},"sentenceIndex":[7],"words":["считает"],"wordsIndex":[11]},"сша":{"params":{"class":"с","classMask":1,"info":{"isCapital":false,"isUpper":true},"stack":"((<DictionaryAnalyzer>, u'\\u0441\\u0448\\u0430', 1828, 1),)"},"sentenceIndex":[0,4],"words":["США","США"],"wordsIndex":[2,7]},"текущий":{"params":{"class":"п","classMask":2,"info":{"isCapital":false,"isUpper":false},"stack":"((<DictionaryAnalyzer>, u'\\u0442\\u0435\\u043a\\u0443\\u0449\\u0438\\u0435', 162, 20),)"},"sentenceIndex":[2],"words":["текущие"],"wordsIndex":[1]},"тема":{"params":{"class":"с","classMask":1,"info":{"isCapital":false,"isUpper":false},"stack":"((<DictionaryAnalyzer>, u'\\u0442\\u0435\\u043c\\u0435', 55, 2),)"},"sentenceIndex":[1],"words":["теме"],"wordsIndex":[18]},"тогда":{"params":{"class":"н","classMask":11,"info":{"isCapital":false,"isUpper":false},"stack":"((<DictionaryAnalyzer>, u'\\u0442\\u043e\\u0433\\u0434\\u0430', 1553, 0),)"},"sentenceIndex":[7],"words":["тогда"],"wordsIndex":[3]},"только":{"params":{"class":"част","classMask":16,"info":{"isCapital":false,"isUpper":false},"stack":"((<DictionaryAnalyzer>, u'\\u0442\\u043e\\u043b\\u044c\\u043a\\u043e', 2892, 0),)"},"sentenceIndex":[8],"words":["только"],"wordsIndex":[8]},"тот":{"params":{"class":"имя","classMask":1122,"info":{"isCapital":false,"isCountry":true,"isUpper":false},"stack":"((<DictionaryAnalyzer>, u'\\u0442\\u043e\\u043c', 2900, 18),)"},"sentenceIndex":[5,7],"words":["том","том"],"wordsIndex":[1,10]},"трамп":{"params":{"class":"имя","classMask":22,"info":{"isCapital":true,"isUpper":false},"stack":"((<DictionaryAnalyzer>, u'\\u0442\\u0440\\u0430\\u043c\\u043f\\u043e\\u043c', 33, 4),)"},"sentenceIndex":[4],"words":["Трампом"],"wordsIndex":[9]},"уверенный":{"params":{"class":"кр_прил","classMask":3,"info":{"isCapital":false,"isUpper":false},"stack":"((<DictionaryAnalyzer>, u'\\u0443\\u0432\\u0435\\u0440\\u0435\\u043d', 328, 27),)"},"sentenceIndex":[5],"words":["уверен"],"wordsIndex":[11]},"ужесточение":{"params":{"class":"с","classMask":1,"info":{"isCapital":false,"isUpper":false},"stack":"((<DictionaryAnalyzer>, u'\\u0443\\u0436\\u0435\\u0441\\u0442\\u043e\\u0447\\u0435\\u043d\\u0438\\u044f', 76, 2),)"},"sentenceIndex":[5],"words":["ужесточения"],"wordsIndex":[15]},"усилить":{"params":{"class":"инфинитив","classMask":6,"info":{"isCapital":false,"isUpper":false},"stack":"((<DictionaryAnalyzer>, u'\\u0443\\u0441\\u0438\\u043b\\u0438\\u0442\\u044c', 623, 0),)"},"sentenceIndex":[7],"words":["усилить"],"wordsIndex":[14]},"утвердить":{"params":{"class":"кр_причастие","classMask":8,"info":{"isCapital":false,"isUpper":false},"stack":"((<DictionaryAnalyzer>, u'\\u0443\\u0442\\u0432\\u0435\\u0440\\u0436\\u0434\\u0451\\u043d', 860, 71),)"},"sentenceIndex":[4],"words":["утвержден"],"wordsIndex":[15]},"уточнить":{"params":{"class":"г","classMask":5,"info":{"isCapital":false,"isUpper":false},"stack":"((<DictionaryAnalyzer>, u'\\u0443\\u0442\\u043e\\u0447\\u043d\\u0438\\u043b', 720, 1),)"},"sentenceIndex":[9],"words":["уточнил"],"wordsIndex":[7]},"февраль":{"params":{"class":"с","classMask":1,"info":{"isCapital":false,"isUpper":false},"stack":"((<DictionaryAnalyzer>, u'\\u0444\\u0435\\u0432\\u0440\\u0430\\u043b\\u044f', 190, 1),)"},"sentenceIndex":[1,4],"words":["февраля","февраля"],"wordsIndex":[11,3]},"финансы":{"params":{"class":"с","classMask":1,"info":{"isCapital":false,"isUpper":false},"stack":"((<DictionaryAnalyzer>, u'\\u0444\\u0438\\u043d\\u0430\\u043d\\u0441\\u043e\\u0432', 133, 1),)"},"sentenceIndex":[0,4],"words":["финансов","финансов"],"wordsIndex":[1,13]},"ход":{"params":{"class":"с","classMask":1,"info":{"isCapital":false,"isUpper":false},"stack":"((<DictionaryAnalyzer>, u'\\u0445\\u043e\\u0434\\u0435', 2991, 6),)"},"sentenceIndex":[5],"words":["ходе"],"wordsIndex":[20]},"хороший":{"params":{"class":"п","classMask":2,"info":{"isCapital":false,"isUpper":false},"stack":"((<DictionaryAnalyzer>, u'\\u043b\\u0443\\u0447\\u0448\\u0430\\u044f', 2998, 67),)"},"sentenceIndex":[8],"words":["лучшая"],"wordsIndex":[15]},"чем":{"params":{"class":"союз","classMask":15,"info":{"isCapital":false,"isUpper":false},"stack":"((<DictionaryAnalyzer>, u'\\u0447\\u0435\\u043c', 20, 0),)"},"sentenceIndex":[9],"words":["чем"],"wordsIndex":[1]},"что":{"params":{"class":"союз","classMask":15,"info":{"isCapital":false,"isUpper":false},"stack":"((<DictionaryAnalyzer>, u'\\u0447\\u0442\\u043e', 3046, 0),)"},"sentenceIndex":[0,3,5,6,7,8],"words":["что","что","что","что","что","что"],"wordsIndex":[6,3,2,2,18,4]},"это":{"params":{"class":"мс","classMask":12,"info":{"isCapital":false,"isUpper":false},"stack":"((<DictionaryAnalyzer>, u'\\u044d\\u0442\\u043e\\u043c', 3098, 5),)"},"sentenceIndex":[1,3,7,7,8],"words":["этом","это","этом","этому","этом"],"wordsIndex":[1,5,1,25,1]},"этот":{"params":{"class":"п","classMask":2,"info":{"isCapital":false,"isUpper":false},"stack":"((<DictionaryAnalyzer>, u'\\u044d\\u0442\\u043e\\u0439', 3099, 8),)"},"sentenceIndex":[1],"words":["этой"],"wordsIndex":[17]},"я":{"params":{"class":"символ","classMask":20,"info":{},"stack":""},"sentenceIndex":[3],"words":["Я"],"wordsIndex":[0]}}