{"11":{"params":{"class":"наим","classMask":19,"info":{},"stack":""},"sentenceIndex":[10],"words":["11"],"wordsIndex":[8]},"11-12":{"params":{"class":"наим","classMask":19,"info":{},"stack":""},"sentenceIndex":[10],"words":["11-12"],"wordsIndex":[10]},"12":{"params":{"class":"наим","classMask":19,"info":{},"stack":""},"sentenceIndex":[10],"words":["12"],"wordsIndex":[9]},"2015":{"params":{"class":"наим","classMask":19,"info":{},"stack":""},"sentenceIndex":[9,10],"words":["2015","2015"],"wordsIndex":[9,12]},"30":{"params":{"class":"наим","classMask":19,"info":{},"stack":""},"sentenceIndex":[7],"words":["30"],"wordsIndex":[0]},"7":{"params":{"class":"число","classMask":10,"info":{},"stack":""},"sentenceIndex":[1],"words":["7"],"wordsIndex":[4]},"zeitung":{"params":{"class":"имя","classMask":22,"info":{"isCapital":true,"isUpper":false},"stack":""},"sentenceIndex":[7],"words":["Zeitung"],"wordsIndex":[4]},"а":{"params":{"class":"символ","classMask":20,"info":{},"stack":""},"sentenceIndex":[3,5],"words":["а","а"],"wordsIndex":[9,19]},"август":{"params":{"class":"с","classMask":1,"info":{"isCapital":false,"isUpper":false},"stack":"((<DictionaryAnalyzer>, u'\\u0430\\u0432\\u0433\\u0443\\u0441\\u0442\\u0430', 33, 1),)"},"sentenceIndex":[9],"words":["августа"],"wordsIndex":[8]},"авдеевка":{"params":{"class":"имя","classMask":22,"info":{"isCapital":true,"isUpper":false},"stack":"((<DictionaryAnalyzer>, u'\\u0430\\u0432\\u0434\\u0435\\u0435\\u0432\\u043a\\u043e\\u0439', 51, 4),)"},"sentenceIndex":[9],"words":["Авдеевкой"],"wordsIndex":[3]},"ангел":{"params":{"class":"имя","classMask":22,"info":{"isCapital":true,"isUpper":false},"stack":"((<DictionaryAnalyzer>, u'\\u0430\\u043d\\u0433\\u0435\\u043b\\u0430', 52, 1),)"},"sentenceIndex":[0],"words":["Ангела"],"wordsIndex":[7]},"антироссийский":{"params":{"class":"п","classMask":2,"info":{"isCapital":false,"isUpper":false},"stack":"((<DictionaryAnalyzer>, u'\\u0440\\u043e\\u0441\\u0441\\u0438\\u0439\\u0441\\u043a\\u0438\\u0445', 16, 21), (<KnownPrefixAnalyzer>, u'\\u0430\\u043d\\u0442\\u0438'))"},"sentenceIndex":[7],"words":["антироссийских"],"wordsIndex":[22]},"берлин":{"params":{"class":"имя","classMask":22,"info":{"isCapital":true,"isUpper":false},"stack":"((<DictionaryAnalyzer>, u'\\u0431\\u0435\\u0440\\u043b\\u0438\\u043d\\u0435', 32, 5),)"},"sentenceIndex":[7],"words":["Берлине"],"wordsIndex":[8]},"ближний":{"params":{"class":"п","classMask":2,"info":{"isCapital":false,"isUpper":false},"stack":"((<DictionaryAnalyzer>, u'\\u0431\\u043b\\u0438\\u0436\\u0430\\u0439\\u0448\\u0435\\u0435', 469, 41),)"},"sentenceIndex":[5],"words":["ближайшее"],"wordsIndex":[7]},"бой":{"params":{"class":"с","classMask":1,"info":{"isCapital":true,"isUpper":false},"stack":"((<DictionaryAnalyzer>, u'\\u0431\\u043e\\u0438', 66, 6),)"},"sentenceIndex":[9],"words":["Бои"],"wordsIndex":[0]},"в":{"params":{"class":"символ","classMask":20,"info":{},"stack":""},"sentenceIndex":[0,1,2,2,2,2,4,5,5,5,5,6,6,6,7,7,8,8,8,10,10],"words":["в","во","в","в","в","в","в","В","в","в","в","во","в","в","в","в","в","в","в","в","в"],"wordsIndex":[12,2,3,9,22,28,5,0,3,6,16,1,7,18,7,11,2,10,12,6,19]},"вели":{"params":{"class":"с","classMask":1,"info":{"isCapital":false,"isUpper":false},"stack":"((<DictionaryAnalyzer>, u'\\u0432\\u0435\\u043b\\u0438', 50, 0),)"},"sentenceIndex":[9],"words":["вели"],"wordsIndex":[14]},"вид":{"params":{"class":"с","classMask":1,"info":{"isCapital":false,"isUpper":false},"stack":"((<DictionaryAnalyzer>, u'\\u0432\\u0438\\u0434\\u0443', 784, 7),)"},"sentenceIndex":[5],"words":["виду"],"wordsIndex":[4]},"владимир":{"params":{"class":"имя","classMask":22,"info":{"isCapital":true,"isUpper":false},"stack":"((<DictionaryAnalyzer>, u'\\u0432\\u043b\\u0430\\u0434\\u0438\\u043c\\u0438\\u0440', 26, 0),)"},"sentenceIndex":[0],"words":["Владимир"],"wordsIndex":[2]},"власть":{"params":{"class":"с","classMask":1,"info":{"isCapital":false,"isUpper":false},"stack":"((<DictionaryAnalyzer>, u'\\u0432\\u043b\\u0430\\u0441\\u0442\\u0438', 13, 1),)"},"sentenceIndex":[6],"words":["власти"],"wordsIndex":[12]},"военный":{"params":{"class":"кр_прил","classMask":3,"info":{"isCapital":false,"isUpper":false},"stack":"((<DictionaryAnalyzer>, u'\\u0432\\u043e\\u0435\\u043d\\u043d\\u043e', 298, 29),)"},"sentenceIndex":[6],"words":["военно"],"wordsIndex":[3]},"военный-дипломатический":{"params":{"class":"п","classMask":1202,"info":{"comboClassStats":{"кр_прил":1,"п":1},"isCapital":false,"isCombo":true,"isUpper":false},"stack":"<classByLadder>"},"sentenceIndex":[6],"words":["военно-дипломатический"],"wordsIndex":[5]},"вооружённый":{"params":{"class":"п","classMask":2,"info":{"isCapital":false,"isUpper":false},"stack":"((<DictionaryAnalyzer>, u'\\u0432\\u043e\\u043e\\u0440\\u0443\\u0436\\u0451\\u043d\\u043d\\u043e\\u0433\\u043e', 879, 1),)"},"sentenceIndex":[2,10],"words":["вооруженного","вооруженного"],"wordsIndex":[7,26]},"восстановление":{"params":{"class":"с","classMask":1,"info":{"isCapital":false,"isUpper":false},"stack":"((<DictionaryAnalyzer>, u'\\u0432\\u043e\\u0441\\u0441\\u0442\\u0430\\u043d\\u043e\\u0432\\u043b\\u0435\\u043d\\u0438\\u0435', 76, 0),)"},"sentenceIndex":[0],"words":["восстановление"],"wordsIndex":[18]},"восток":{"params":{"class":"с","classMask":1,"info":{"isCapital":false,"isUpper":false},"stack":"((<DictionaryAnalyzer>, u'\\u0432\\u043e\\u0441\\u0442\\u043e\\u043a\\u0435', 19, 5),)"},"sentenceIndex":[7,10],"words":["востоке","востоке"],"wordsIndex":[17,29]},"восток-юго":{"params":{"class":"с","classMask":1201,"info":{"comboClassStats":{"неизвестный":1,"с":1},"isCapital":false,"isCombo":true,"isUpper":false},"stack":"<classByLadder>"},"sentenceIndex":[7],"words":["юго-востоке"],"wordsIndex":[18]},"время":{"params":{"class":"с","classMask":1,"info":{"isCapital":false,"isUpper":false},"stack":"((<DictionaryAnalyzer>, u'\\u0432\\u0440\\u0435\\u043c\\u044f', 536, 3),)"},"sentenceIndex":[5],"words":["время"],"wordsIndex":[8]},"встреча":{"params":{"class":"с","classMask":1,"info":{"isCapital":false,"isUpper":false},"stack":"((<DictionaryAnalyzer>, u'\\u0432\\u0441\\u0442\\u0440\\u0435\\u0447\\u0438', 93, 1),)"},"sentenceIndex":[6],"words":["встречи"],"wordsIndex":[23]},"всу":{"params":{"class":"неизвестный","classMask":18,"info":{"isCapital":false,"isUpper":true},"stack":""},"sentenceIndex":[8],"words":["ВСУ"],"wordsIndex":[8]},"вторник":{"params":{"class":"с","classMask":1,"info":{"isCapital":false,"isUpper":false},"stack":"((<DictionaryAnalyzer>, u'\\u0432\\u0442\\u043e\\u0440\\u043d\\u0438\\u043a', 19, 3),)"},"sentenceIndex":[1,6],"words":["вторник","вторник"],"wordsIndex":[3,2]},"выразить":{"params":{"class":"кр_причастие","classMask":8,"info":{"isCapital":true,"isUpper":false},"stack":"((<DictionaryAnalyzer>, u'\\u0432\\u044b\\u0440\\u0430\\u0436\\u0435\\u043d\\u0430', 999, 72),)"},"sentenceIndex":[2],"words":["Выражена"],"wordsIndex":[0]},"высказаться":{"params":{"class":"г","classMask":5,"info":{"isCapital":false,"isUpper":false},"stack":"((<DictionaryAnalyzer>, u'\\u0432\\u044b\\u0441\\u043a\\u0430\\u0437\\u0430\\u043b\\u0438\\u0441\\u044c', 639, 4),)"},"sentenceIndex":[0],"words":["высказались"],"wordsIndex":[15]},"высокий":{"params":{"class":"п","classMask":2,"info":{"isCapital":false,"isUpper":false},"stack":"((<DictionaryAnalyzer>, u'\\u0432\\u044b\\u0441\\u0448\\u0435\\u043c', 1086, 66),)"},"sentenceIndex":[5],"words":["высшем"],"wordsIndex":[25]},"газета":{"params":{"class":"с","classMask":1,"info":{"isCapital":false,"isUpper":false},"stack":"((<DictionaryAnalyzer>, u'\\u0433\\u0430\\u0437\\u0435\\u0442\\u0430', 55, 0),)"},"sentenceIndex":[7],"words":["газета"],"wordsIndex":[3]},"германия":{"params":{"class":"имя","classMask":1122,"info":{"isCapital":true,"isCountry":true,"isUpper":false},"stack":"((<DictionaryAnalyzer>, u'\\u0433\\u0435\\u0440\\u043c\\u0430\\u043d\\u0438\\u0438', 70, 1),)"},"sentenceIndex":[10],"words":["Германии"],"wordsIndex":[15]},"говориться":{"params":{"class":"г","classMask":5,"info":{"isCapital":false,"isUpper":false},"stack":"((<DictionaryAnalyzer>, u'\\u0433\\u043e\\u0432\\u043e\\u0440\\u0438\\u0442\\u0441\\u044f', 312, 5),)"},"sentenceIndex":[2],"words":["говорится"],"wordsIndex":[27]},"год":{"params":{"class":"с","classMask":1,"info":{"isCapital":false,"isUpper":false},"stack":"((<DictionaryAnalyzer>, u'\\u0433\\u043e\\u0434\\u0430', 1168, 1),)"},"sentenceIndex":[9,10],"words":["года","года"],"wordsIndex":[10,13]},"гражданский":{"params":{"class":"п","classMask":2,"info":{"isCapital":false,"isUpper":false},"stack":"((<DictionaryAnalyzer>, u'\\u0433\\u0440\\u0430\\u0436\\u0434\\u0430\\u043d\\u0441\\u043a\\u043e\\u0439', 16, 8),)"},"sentenceIndex":[2],"words":["гражданской"],"wordsIndex":[17]},"дело":{"params":{"class":"с","classMask":1,"info":{"isCapital":false,"isUpper":false},"stack":"((<DictionaryAnalyzer>, u'\\u0434\\u0435\\u043b', 1266, 7),)"},"sentenceIndex":[5],"words":["дел"],"wordsIndex":[12]},"деструктивный":{"params":{"class":"п","classMask":2,"info":{"isCapital":false,"isUpper":false},"stack":"((<DictionaryAnalyzer>, u'\\u0434\\u0435\\u0441\\u0442\\u0440\\u0443\\u043a\\u0442\\u0438\\u0432\\u043d\\u044b\\u0445', 34, 21),)"},"sentenceIndex":[3],"words":["деструктивных"],"wordsIndex":[17]},"деэскалация":{"params":{"class":"с","classMask":1,"info":{"isCapital":false,"isUpper":false},"stack":"((<DictionaryAnalyzer>, u'\\u0434\\u0435\\u044d\\u0441\\u043a\\u0430\\u043b\\u0430\\u0446\\u0438\\u0438', 40, 1),)"},"sentenceIndex":[10],"words":["деэскалации"],"wordsIndex":[25]},"дипломатический":{"params":{"class":"п","classMask":2,"info":{"isCapital":false,"isUpper":false},"stack":"((<DictionaryAnalyzer>, u'\\u0434\\u0438\\u043f\\u043b\\u043e\\u043c\\u0430\\u0442\\u0438\\u0447\\u0435\\u0441\\u043a\\u0438\\u0435', 16, 20),)"},"sentenceIndex":[4,6],"words":["дипломатические","дипломатический"],"wordsIndex":[3,4]},"для":{"params":{"class":"предл","classMask":14,"info":{"isCapital":false,"isUpper":false},"stack":"((<DictionaryAnalyzer>, u'\\u0434\\u043b\\u044f', 24, 0),)"},"sentenceIndex":[3],"words":["для"],"wordsIndex":[14]},"днр":{"params":{"class":"неизвестный","classMask":18,"info":{"isCapital":false,"isUpper":true},"stack":""},"sentenceIndex":[9],"words":["ДНР"],"wordsIndex":[19]},"договорённость":{"params":{"class":"с","classMask":1,"info":{"isCapital":false,"isUpper":false},"stack":"((<DictionaryAnalyzer>, u'\\u0434\\u043e\\u0433\\u043e\\u0432\\u043e\\u0440\\u0451\\u043d\\u043d\\u043e\\u0441\\u0442\\u0438', 13, 1),)"},"sentenceIndex":[3],"words":["договоренности"],"wordsIndex":[8]},"документ":{"params":{"class":"с","classMask":1,"info":{"isCapital":false,"isUpper":false},"stack":"((<DictionaryAnalyzer>, u'\\u0434\\u043e\\u043a\\u0443\\u043c\\u0435\\u043d\\u0442', 33, 0),)"},"sentenceIndex":[10],"words":["документ"],"wordsIndex":[2]},"донбасс":{"params":{"class":"имя","classMask":22,"info":{"isCapital":true,"isUpper":false},"stack":"((<DictionaryAnalyzer>, u'\\u0434\\u043e\\u043d\\u0431\\u0430\\u0441\\u0441\\u0430', 32, 1),)"},"sentenceIndex":[2,6],"words":["Донбасса","Донбассе"],"wordsIndex":[26,19]},"донецк":{"params":{"class":"имя","classMask":22,"info":{"isCapital":true,"isUpper":false},"stack":"((<DictionaryAnalyzer>, u'\\u0434\\u043e\\u043d\\u0435\\u0446\\u043a\\u0430', 73, 1),)"},"sentenceIndex":[8],"words":["Донецка"],"wordsIndex":[4]},"жертва":{"params":{"class":"с","classMask":1,"info":{"isCapital":false,"isUpper":false},"stack":"((<DictionaryAnalyzer>, u'\\u0436\\u0435\\u0440\\u0442\\u0432\\u044b', 53, 1),)"},"sentenceIndex":[2],"words":["жертвы"],"wordsIndex":[14]},"жилой":{"params":{"class":"п","classMask":2,"info":{"isCapital":false,"isUpper":false},"stack":"((<DictionaryAnalyzer>, u'\\u0436\\u0438\\u043b\\u043e\\u0433\\u043e', 136, 15),)"},"sentenceIndex":[2],"words":["жилого"],"wordsIndex":[20]},"за":{"params":{"class":"предл","classMask":14,"info":{"isCapital":false,"isUpper":false},"stack":"((<DictionaryAnalyzer>, u'\\u0437\\u0430', 24, 0),)"},"sentenceIndex":[0,6],"words":["за","за"],"wordsIndex":[16,21]},"за-из":{"params":{"class":"предл","classMask":1214,"info":{"comboClassStats":{"предл":2},"isCapital":false,"isCombo":true,"isUpper":false},"stack":"<classByStats>"},"sentenceIndex":[6],"words":["из-за"],"wordsIndex":[22]},"затем":{"params":{"class":"н","classMask":11,"info":{"isCapital":false,"isUpper":false},"stack":"((<DictionaryAnalyzer>, u'\\u0437\\u0430\\u0442\\u0435\\u043c', 1553, 0),)"},"sentenceIndex":[5],"words":["затем"],"wordsIndex":[20]},"заявить":{"params":{"class":"г","classMask":5,"info":{"isCapital":false,"isUpper":false},"stack":"((<DictionaryAnalyzer>, u'\\u0437\\u0430\\u044f\\u0432\\u0438\\u043b', 647, 1),)"},"sentenceIndex":[3,6],"words":["заявил","заявил"],"wordsIndex":[2,9]},"значительный":{"params":{"class":"п","classMask":2,"info":{"isCapital":false,"isUpper":false},"stack":"((<DictionaryAnalyzer>, u'\\u0437\\u043d\\u0430\\u0447\\u0438\\u0442\\u0435\\u043b\\u044c\\u043d\\u044b\\u0435', 216, 20),)"},"sentenceIndex":[2],"words":["значительные"],"wordsIndex":[15]},"и":{"params":{"class":"символ","classMask":20,"info":{},"stack":""},"sentenceIndex":[0,2,5],"words":["и","и","и"],"wordsIndex":[4,19,13]},"из":{"params":{"class":"предл","classMask":14,"info":{"isCapital":false,"isUpper":false},"stack":"((<DictionaryAnalyzer>, u'\\u0438\\u0437', 375, 0),)"},"sentenceIndex":[6],"words":["из"],"wordsIndex":[20]},"иметься":{"params":{"class":"г","classMask":5,"info":{"isCapital":false,"isUpper":false},"stack":"((<DictionaryAnalyzer>, u'\\u0438\\u043c\\u0435\\u044e\\u0442\\u0441\\u044f', 224, 6),)"},"sentenceIndex":[2,5],"words":["имеются","имеется"],"wordsIndex":[12,2]},"иностранный":{"params":{"class":"п","classMask":2,"info":{"isCapital":false,"isUpper":false},"stack":"((<DictionaryAnalyzer>, u'\\u0438\\u043d\\u043e\\u0441\\u0442\\u0440\\u0430\\u043d\\u043d\\u044b\\u0445', 34, 21),)"},"sentenceIndex":[5],"words":["иностранных"],"wordsIndex":[11]},"инфраструктура":{"params":{"class":"с","classMask":1,"info":{"isCapital":false,"isUpper":false},"stack":"((<DictionaryAnalyzer>, u'\\u0438\\u043d\\u0444\\u0440\\u0430\\u0441\\u0442\\u0440\\u0443\\u043a\\u0442\\u0443\\u0440\\u044b', 55, 1),)"},"sentenceIndex":[2],"words":["инфраструктуры"],"wordsIndex":[18]},"использовать":{"params":{"class":"инфинитив","classMask":6,"info":{"isCapital":false,"isUpper":false},"stack":"((<DictionaryAnalyzer>, u'\\u0438\\u0441\\u043f\\u043e\\u043b\\u044c\\u0437\\u043e\\u0432\\u0430\\u0442\\u044c', 75, 0),)"},"sentenceIndex":[3],"words":["использовать"],"wordsIndex":[11]},"источник":{"params":{"class":"с","classMask":1,"info":{"isCapital":false,"isUpper":false},"stack":"((<DictionaryAnalyzer>, u'\\u0438\\u0441\\u0442\\u043e\\u0447\\u043d\\u0438\\u043a', 19, 0),)"},"sentenceIndex":[6],"words":["источник"],"wordsIndex":[6]},"канцлер":{"params":{"class":"с","classMask":1,"info":{"isCapital":false,"isUpper":false},"stack":"((<DictionaryAnalyzer>, u'\\u043a\\u0430\\u043d\\u0446\\u043b\\u0435\\u0440', 52, 0),)"},"sentenceIndex":[0,6],"words":["канцлер","канцлером"],"wordsIndex":[5,29]},"киев":{"params":{"class":"имя","classMask":22,"info":{"isCapital":true,"isUpper":false},"stack":"((<DictionaryAnalyzer>, u'\\u043a\\u0438\\u0435\\u0432\\u0430', 32, 1),)"},"sentenceIndex":[3,7],"words":["Киева","Киев"],"wordsIndex":[5,10]},"киевский":{"params":{"class":"п","classMask":2,"info":{"isCapital":false,"isUpper":false},"stack":"((<DictionaryAnalyzer>, u'\\u043a\\u0438\\u0435\\u0432\\u0441\\u043a\\u0438\\u0435', 16, 20),)"},"sentenceIndex":[6,9],"words":["киевские","киевские"],"wordsIndex":[11,12]},"когда":{"params":{"class":"союз","classMask":15,"info":{"isCapital":false,"isUpper":false},"stack":"((<DictionaryAnalyzer>, u'\\u043a\\u043e\\u0433\\u0434\\u0430', 20, 0),)"},"sentenceIndex":[9],"words":["когда"],"wordsIndex":[11]},"конец":{"params":{"class":"с","classMask":1,"info":{"isCapital":false,"isUpper":false},"stack":"((<DictionaryAnalyzer>, u'\\u043a\\u043e\\u043d\\u0446\\u0435', 277, 5),)"},"sentenceIndex":[8],"words":["конце"],"wordsIndex":[13]},"контакт":{"params":{"class":"с","classMask":1,"info":{"isCapital":false,"isUpper":false},"stack":"((<DictionaryAnalyzer>, u'\\u043a\\u043e\\u043d\\u0442\\u0430\\u043a\\u0442\\u044b', 33, 9),)"},"sentenceIndex":[5],"words":["контакты"],"wordsIndex":[9]},"конфликт":{"params":{"class":"с","classMask":1,"info":{"isCapital":false,"isUpper":false},"stack":"((<DictionaryAnalyzer>, u'\\u043a\\u043e\\u043d\\u0444\\u043b\\u0438\\u043a\\u0442\\u0430', 33, 1),)"},"sentenceIndex":[6,10],"words":["конфликта","конфликта"],"wordsIndex":[17,27]},"который":{"params":{"class":"п","classMask":2,"info":{"isCapital":false,"isUpper":false},"stack":"((<DictionaryAnalyzer>, u'\\u043a\\u043e\\u0442\\u043e\\u0440\\u043e\\u0433\\u043e', 1788, 14),)"},"sentenceIndex":[0,2],"words":["которого","которого"],"wordsIndex":[14,11]},"кремль":{"params":{"class":"имя","classMask":22,"info":{"isCapital":true,"isUpper":false},"stack":"((<DictionaryAnalyzer>, u'\\u043a\\u0440\\u0435\\u043c\\u043b\\u044f', 190, 1),)"},"sentenceIndex":[1,5],"words":["Кремля","Кремля"],"wordsIndex":[10,31]},"кризис":{"params":{"class":"с","classMask":1,"info":{"isCapital":false,"isUpper":false},"stack":"((<DictionaryAnalyzer>, u'\\u043a\\u0440\\u0438\\u0437\\u0438\\u0441\\u0430', 33, 1),)"},"sentenceIndex":[4],"words":["кризиса"],"wordsIndex":[11]},"лидер":{"params":{"class":"с","classMask":1,"info":{"isCapital":false,"isUpper":false},"stack":"((<DictionaryAnalyzer>, u'\\u043b\\u0438\\u0434\\u0435\\u0440', 52, 0),)"},"sentenceIndex":[3,5],"words":["лидер","лидеров"],"wordsIndex":[1,15]},"массировать":{"params":{"class":"причастие","classMask":7,"info":{"isCapital":false,"isUpper":false},"stack":"((<DictionaryAnalyzer>, u'\\u043c\\u0430\\u0441\\u0441\\u0438\\u0440\\u043e\\u0432\\u0430\\u043d\\u043d\\u044b\\u0435', 75, 75),)"},"sentenceIndex":[9],"words":["массированные"],"wordsIndex":[15]},"меркель":{"params":{"class":"имя","classMask":22,"info":{"isCapital":true,"isUpper":false},"stack":"((<DictionaryAnalyzer>, u'\\u043c\\u0435\\u0440\\u043a\\u0435\\u043b\\u044c', 2534, 0),)"},"sentenceIndex":[0],"words":["Меркель"],"wordsIndex":[8]},"министр":{"params":{"class":"с","classMask":1,"info":{"isCapital":false,"isUpper":false},"stack":"((<DictionaryAnalyzer>, u'\\u043c\\u0438\\u043d\\u0438\\u0441\\u0442\\u0440\\u043e\\u0432', 52, 7),)"},"sentenceIndex":[5],"words":["министров"],"wordsIndex":[10]},"минск":{"params":{"class":"имя","classMask":22,"info":{"isCapital":true,"isUpper":false},"stack":"((<DictionaryAnalyzer>, u'\\u043c\\u0438\\u043d\\u0441\\u043a\\u0435', 73, 5),)"},"sentenceIndex":[10],"words":["Минске"],"wordsIndex":[7]},"минский":{"params":{"class":"п","classMask":2,"info":{"isCapital":true,"isUpper":false},"stack":"((<DictionaryAnalyzer>, u'\\u043c\\u0438\\u043d\\u0441\\u043a\\u0438\\u0435', 16, 20),)"},"sentenceIndex":[3,10],"words":["минские","Минские"],"wordsIndex":[7,0]},"мирный":{"params":{"class":"п","classMask":2,"info":{"isCapital":false,"isUpper":false},"stack":"((<DictionaryAnalyzer>, u'\\u043c\\u0438\\u0440\\u043d\\u043e\\u043c\\u0443', 86, 2),)"},"sentenceIndex":[4],"words":["мирному"],"wordsIndex":[8]},"москва":{"params":{"class":"имя","classMask":22,"info":{"isCapital":true,"isUpper":false},"stack":"((<DictionaryAnalyzer>, u'\\u043c\\u043e\\u0441\\u043a\\u0432\\u0435', 1974, 6),)"},"sentenceIndex":[6],"words":["Москве"],"wordsIndex":[8]},"на":{"params":{"class":"предл","classMask":14,"info":{"isCapital":false,"isUpper":false},"stack":"((<DictionaryAnalyzer>, u'\\u043d\\u0430', 24, 0),)"},"sentenceIndex":[0,5,6,7,10,10],"words":["на","на","на","на","на","на"],"wordsIndex":[22,24,15,15,4,28]},"намерение":{"params":{"class":"с","classMask":1,"info":{"isCapital":false,"isUpper":false},"stack":"((<DictionaryAnalyzer>, u'\\u043d\\u0430\\u043c\\u0435\\u0440\\u0435\\u043d\\u0438\\u0438', 76, 10),)"},"sentenceIndex":[7],"words":["намерении"],"wordsIndex":[12]},"наращивать":{"params":{"class":"инфинитив","classMask":6,"info":{"isCapital":false,"isUpper":false},"stack":"((<DictionaryAnalyzer>, u'\\u043d\\u0430\\u0440\\u0430\\u0449\\u0438\\u0432\\u0430\\u0442\\u044c', 206, 0),)"},"sentenceIndex":[4],"words":["наращивать"],"wordsIndex":[2]},"населить":{"params":{"class":"причастие","classMask":7,"info":{"isCapital":false,"isUpper":false},"stack":"((<DictionaryAnalyzer>, u'\\u043d\\u0430\\u0441\\u0435\\u043b\\u0451\\u043d\\u043d\\u044b\\u0445', 938, 63),)"},"sentenceIndex":[2],"words":["населенных"],"wordsIndex":[24]},"наступление":{"params":{"class":"с","classMask":1,"info":{"isCapital":false,"isUpper":false},"stack":"((<DictionaryAnalyzer>, u'\\u043d\\u0430\\u0441\\u0442\\u0443\\u043f\\u043b\\u0435\\u043d\\u0438\\u0435', 76, 6),)"},"sentenceIndex":[8],"words":["наступление"],"wordsIndex":[11]},"начаться":{"params":{"class":"г","classMask":5,"info":{"isCapital":false,"isUpper":false},"stack":"((<DictionaryAnalyzer>, u'\\u043d\\u0430\\u0447\\u0430\\u043b\\u043e\\u0441\\u044c', 1577, 3),)"},"sentenceIndex":[8],"words":["началось"],"wordsIndex":[5]},"незамедлительный":{"params":{"class":"п","classMask":2,"info":{"isCapital":false,"isUpper":false},"stack":"((<DictionaryAnalyzer>, u'\\u043d\\u0435\\u0437\\u0430\\u043c\\u0435\\u0434\\u043b\\u0438\\u0442\\u0435\\u043b\\u044c\\u043d\\u043e\\u0435', 60, 14),)"},"sentenceIndex":[0],"words":["незамедлительное"],"wordsIndex":[17]},"немецкий":{"params":{"class":"п","classMask":2,"info":{"isCapital":false,"isUpper":false},"stack":"((<DictionaryAnalyzer>, u'\\u043d\\u0435\\u043c\\u0435\\u0446\\u043a\\u0430\\u044f', 16, 7),)"},"sentenceIndex":[7],"words":["немецкая"],"wordsIndex":[2]},"нормандский":{"params":{"class":"п","classMask":2,"info":{"isCapital":false,"isUpper":false},"stack":"((<DictionaryAnalyzer>, u'\\u043d\\u043e\\u0440\\u043c\\u0430\\u043d\\u0434\\u0441\\u043a\\u0438\\u0439', 16, 0),)"},"sentenceIndex":[3,5,10],"words":["нормандский","нормандском","нормандской"],"wordsIndex":[12,17,21]},"о":{"params":{"class":"предл","classMask":14,"info":{"isCapital":true,"isUpper":false},"stack":"((<DictionaryAnalyzer>, u'\\u043e\\u0431', 2133, 1),)"},"sentenceIndex":[1,3],"words":["Об","о"],"wordsIndex":[0,3]},"обеспокоенность":{"params":{"class":"с","classMask":1,"info":{"isCapital":false,"isUpper":false},"stack":"((<DictionaryAnalyzer>, u'\\u043e\\u0431\\u0435\\u0441\\u043f\\u043e\\u043a\\u043e\\u0435\\u043d\\u043d\\u043e\\u0441\\u0442\\u044c', 82, 3),)"},"sentenceIndex":[2],"words":["обеспокоенность"],"wordsIndex":[2]},"обострение":{"params":{"class":"с","classMask":1,"info":{"isCapital":true,"isUpper":false},"stack":"((<DictionaryAnalyzer>, u'\\u043e\\u0431\\u043e\\u0441\\u0442\\u0440\\u0435\\u043d\\u0438\\u0435', 76, 0),)"},"sentenceIndex":[6,8],"words":["обострение","Обострение"],"wordsIndex":[16,0]},"обострять":{"params":{"class":"инфинитив","classMask":6,"info":{"isCapital":false,"isUpper":false},"stack":"((<DictionaryAnalyzer>, u'\\u043e\\u0431\\u043e\\u0441\\u0442\\u0440\\u044f\\u0442\\u044c', 206, 0),)"},"sentenceIndex":[7],"words":["обострять"],"wordsIndex":[13]},"обстановка":{"params":{"class":"с","classMask":1,"info":{"isCapital":false,"isUpper":false},"stack":"((<DictionaryAnalyzer>, u'\\u043e\\u0431\\u0441\\u0442\\u0430\\u043d\\u043e\\u0432\\u043a\\u0443', 8, 3),)"},"sentenceIndex":[7],"words":["обстановку"],"wordsIndex":[14]},"обстрел":{"params":{"class":"с","classMask":1,"info":{"isCapital":false,"isUpper":false},"stack":"((<DictionaryAnalyzer>, u'\\u043e\\u0431\\u0441\\u0442\\u0440\\u0435\\u043b\\u044b', 33, 6),)"},"sentenceIndex":[9],"words":["обстрелы"],"wordsIndex":[16]},"обсуждение":{"params":{"class":"с","classMask":1,"info":{"isCapital":false,"isUpper":false},"stack":"((<DictionaryAnalyzer>, u'\\u043e\\u0431\\u0441\\u0443\\u0436\\u0434\\u0435\\u043d\\u0438\\u0435', 76, 0),)"},"sentenceIndex":[5],"words":["обсуждение"],"wordsIndex":[22]},"огонь":{"params":{"class":"с","classMask":1,"info":{"isCapital":false,"isUpper":false},"stack":"((<DictionaryAnalyzer>, u'\\u043e\\u0433\\u043d\\u044f', 1466, 2),)"},"sentenceIndex":[0],"words":["огня"],"wordsIndex":[21]},"ожесточённый":{"params":{"class":"п","classMask":2,"info":{"isCapital":false,"isUpper":false},"stack":"((<DictionaryAnalyzer>, u'\\u043e\\u0436\\u0435\\u0441\\u0442\\u043e\\u0447\\u0451\\u043d\\u043d\\u044b\\u043c\\u0438', 328, 25),)"},"sentenceIndex":[9],"words":["ожесточенными"],"wordsIndex":[6]},"перейти":{"params":{"class":"инфинитив","classMask":6,"info":{"isCapital":false,"isUpper":false},"stack":"((<DictionaryAnalyzer>, u'\\u043f\\u0435\\u0440\\u0435\\u0439\\u0442\\u0438', 2163, 0),)"},"sentenceIndex":[8],"words":["перейти"],"wordsIndex":[9]},"петра":{"params":{"class":"имя","classMask":22,"info":{"isCapital":true,"isUpper":false},"stack":"((<DictionaryAnalyzer>, u'\\u043f\\u0435\\u0442\\u0440\\u0430', 68, 0),)"},"sentenceIndex":[6],"words":["Петра"],"wordsIndex":[26]},"под":{"params":{"class":"предл","classMask":14,"info":{"isCapital":false,"isUpper":false},"stack":"((<DictionaryAnalyzer>, u'\\u043f\\u043e\\u0434', 375, 0),)"},"sentenceIndex":[9],"words":["под"],"wordsIndex":[2]},"подозревать":{"params":{"class":"г","classMask":5,"info":{"isCapital":false,"isUpper":false},"stack":"((<DictionaryAnalyzer>, u'\\u043f\\u043e\\u0434\\u043e\\u0437\\u0440\\u0435\\u0432\\u0430\\u044e\\u0442', 206, 6),)"},"sentenceIndex":[7],"words":["подозревают"],"wordsIndex":[9]},"помощник":{"params":{"class":"с","classMask":1,"info":{"isCapital":false,"isUpper":false},"stack":"((<DictionaryAnalyzer>, u'\\u043f\\u043e\\u043c\\u043e\\u0449\\u043d\\u0438\\u043a\\u043e\\u0432', 2, 7),)"},"sentenceIndex":[5],"words":["помощников"],"wordsIndex":[14]},"попытка":{"params":{"class":"с","classMask":1,"info":{"isCapital":false,"isUpper":false},"stack":"((<DictionaryAnalyzer>, u'\\u043f\\u043e\\u043f\\u044b\\u0442\\u043a\\u0438', 8, 1),)"},"sentenceIndex":[8],"words":["попытки"],"wordsIndex":[7]},"порошенко":{"params":{"class":"имя","classMask":22,"info":{"isCapital":true,"isUpper":false},"stack":"((<DictionaryAnalyzer>, u'\\u043f\\u043e\\u0440\\u043e\\u0448\\u0435\\u043d\\u043a\\u043e', 44, 0),)"},"sentenceIndex":[6],"words":["Порошенко"],"wordsIndex":[27]},"послать":{"params":{"class":"г","classMask":5,"info":{"isCapital":false,"isUpper":false},"stack":"((<DictionaryAnalyzer>, u'\\u043f\\u043e\\u0448\\u043b\\u0438', 1331, 13),)"},"sentenceIndex":[6],"words":["пошли"],"wordsIndex":[14]},"после":{"params":{"class":"предл","classMask":14,"info":{"isCapital":false,"isUpper":false},"stack":"((<DictionaryAnalyzer>, u'\\u043f\\u043e\\u0441\\u043b\\u0435', 24, 0),)"},"sentenceIndex":[8],"words":["после"],"wordsIndex":[6]},"предусмотреть":{"params":{"class":"инфинитив","classMask":6,"info":{"isCapital":false,"isUpper":false},"stack":"((<DictionaryAnalyzer>, u'\\u043f\\u0440\\u0435\\u0434\\u0443\\u0441\\u043c\\u043e\\u0442\\u0440\\u0435\\u0442\\u044c', 1085, 0),)"},"sentenceIndex":[5],"words":["предусмотреть"],"wordsIndex":[5]},"президент":{"params":{"class":"с","classMask":1,"info":{"isCapital":true,"isUpper":false},"stack":"((<DictionaryAnalyzer>, u'\\u043f\\u0440\\u0435\\u0437\\u0438\\u0434\\u0435\\u043d\\u0442', 52, 0),)"},"sentenceIndex":[0,6],"words":["Президент","президента"],"wordsIndex":[0,24]},"прекращение":{"params":{"class":"с","classMask":1,"info":{"isCapital":false,"isUpper":false},"stack":"((<DictionaryAnalyzer>, u'\\u043f\\u0440\\u0435\\u043a\\u0440\\u0430\\u0449\\u0435\\u043d\\u0438\\u044f', 76, 2),)"},"sentenceIndex":[0],"words":["прекращения"],"wordsIndex":[20]},"пресс":{"params":{"class":"с","classMask":1,"info":{"isCapital":false,"isUpper":false},"stack":"((<DictionaryAnalyzer>, u'\\u043f\\u0440\\u0435\\u0441\\u0441', 33, 0),)"},"sentenceIndex":[1,5],"words":["пресс","пресс"],"wordsIndex":[7,28]},"пресс-служба":{"params":{"class":"с","classMask":1201,"info":{"comboClassStats":{"с":2},"isCapital":false,"isCombo":true,"isUpper":false},"stack":"<classByLadder>"},"sentenceIndex":[1,5],"words":["пресс-служба","пресс-служба"],"wordsIndex":[9,30]},"прикрытие":{"params":{"class":"с","classMask":1,"info":{"isCapital":false,"isUpper":false},"stack":"((<DictionaryAnalyzer>, u'\\u043f\\u0440\\u0438\\u043a\\u0440\\u044b\\u0442\\u0438\\u044f', 76, 2),)"},"sentenceIndex":[3],"words":["прикрытия"],"wordsIndex":[15]},"провести":{"params":{"class":"г","classMask":5,"info":{"isCapital":false,"isUpper":false},"stack":"((<DictionaryAnalyzer>, u'\\u043f\\u0440\\u043e\\u0432\\u0435\\u043b\\u0438', 628, 4),)"},"sentenceIndex":[0],"words":["провели"],"wordsIndex":[9]},"продолжить":{"params":{"class":"инфинитив","classMask":6,"info":{"isCapital":false,"isUpper":false},"stack":"((<DictionaryAnalyzer>, u'\\u043f\\u0440\\u043e\\u0434\\u043e\\u043b\\u0436\\u0438\\u0442\\u044c', 634, 0),)"},"sentenceIndex":[5],"words":["продолжить"],"wordsIndex":[21]},"противостояние":{"params":{"class":"с","classMask":1,"info":{"isCapital":false,"isUpper":false},"stack":"((<DictionaryAnalyzer>, u'\\u043f\\u0440\\u043e\\u0442\\u0438\\u0432\\u043e\\u0441\\u0442\\u043e\\u044f\\u043d\\u0438\\u044f', 76, 2),)"},"sentenceIndex":[2],"words":["противостояния"],"wordsIndex":[8]},"пункт":{"params":{"class":"с","classMask":1,"info":{"isCapital":false,"isUpper":false},"stack":"((<DictionaryAnalyzer>, u'\\u043f\\u0443\\u043d\\u043a\\u0442\\u043e\\u0432', 2411, 7),)"},"sentenceIndex":[2],"words":["пунктов"],"wordsIndex":[25]},"путин":{"params":{"class":"имя","classMask":22,"info":{"isCapital":true,"isUpper":false},"stack":"((<DictionaryAnalyzer>, u'\\u043f\\u0443\\u0442\\u0438\\u043d', 36, 0),)"},"sentenceIndex":[0],"words":["Путин"],"wordsIndex":[3]},"ради":{"params":{"class":"предл","classMask":14,"info":{"isCapital":false,"isUpper":false},"stack":"((<DictionaryAnalyzer>, u'\\u0440\\u0430\\u0434\\u0438', 24, 0),)"},"sentenceIndex":[7],"words":["ради"],"wordsIndex":[20]},"развернуться":{"params":{"class":"причастие","classMask":7,"info":{"isCapital":false,"isUpper":false},"stack":"((<DictionaryAnalyzer>, u'\\u0440\\u0430\\u0437\\u0432\\u0435\\u0440\\u043d\\u0443\\u0432\\u0448\\u0438\\u0435\\u0441\\u044f', 504, 35),)"},"sentenceIndex":[9],"words":["развернувшиеся"],"wordsIndex":[1]},"разговор":{"params":{"class":"с","classMask":1,"info":{"isCapital":false,"isUpper":false},"stack":"((<DictionaryAnalyzer>, u'\\u0440\\u0430\\u0437\\u0433\\u043e\\u0432\\u043e\\u0440', 33, 0),)"},"sentenceIndex":[0],"words":["разговор"],"wordsIndex":[11]},"разрушение":{"params":{"class":"с","classMask":1,"info":{"isCapital":false,"isUpper":false},"stack":"((<DictionaryAnalyzer>, u'\\u0440\\u0430\\u0437\\u0440\\u0443\\u0448\\u0435\\u043d\\u0438\\u044f', 76, 2),)"},"sentenceIndex":[2],"words":["разрушения"],"wordsIndex":[16]},"район":{"params":{"class":"с","classMask":1,"info":{"isCapital":false,"isUpper":false},"stack":"((<DictionaryAnalyzer>, u'\\u0440\\u0430\\u0439\\u043e\\u043d\\u0435', 33, 5),)"},"sentenceIndex":[8],"words":["районе"],"wordsIndex":[3]},"ранее":{"params":{"class":"н","classMask":11,"info":{"isCapital":true,"isUpper":false},"stack":"((<DictionaryAnalyzer>, u'\\u0440\\u0430\\u043d\\u0435\\u0435', 3, 0),)"},"sentenceIndex":[6],"words":["Ранее"],"wordsIndex":[0]},"режим":{"params":{"class":"с","classMask":1,"info":{"isCapital":false,"isUpper":false},"stack":"((<DictionaryAnalyzer>, u'\\u0440\\u0435\\u0436\\u0438\\u043c\\u0430', 33, 1),)"},"sentenceIndex":[0],"words":["режима"],"wordsIndex":[19]},"результат":{"params":{"class":"с","classMask":1,"info":{"isCapital":false,"isUpper":false},"stack":"((<DictionaryAnalyzer>, u'\\u0440\\u0435\\u0437\\u0443\\u043b\\u044c\\u0442\\u0430\\u0442\\u0435', 33, 5),)"},"sentenceIndex":[2],"words":["результате"],"wordsIndex":[10]},"российский":{"params":{"class":"п","classMask":2,"info":{"isCapital":true,"isUpper":false},"stack":"((<DictionaryAnalyzer>, u'\\u0440\\u043e\\u0441\\u0441\\u0438\\u0439\\u0441\\u043a\\u0438\\u0439', 16, 0),)"},"sentenceIndex":[3],"words":["Российский"],"wordsIndex":[0]},"россия":{"params":{"class":"имя","classMask":1122,"info":{"isCapital":true,"isCountry":true,"isUpper":false},"stack":"((<DictionaryAnalyzer>, u'\\u0440\\u043e\\u0441\\u0441\\u0438\\u0438', 70, 1),)"},"sentenceIndex":[0,10],"words":["России","России"],"wordsIndex":[1,18]},"руководитель":{"params":{"class":"с","classMask":1,"info":{"isCapital":false,"isUpper":false},"stack":"((<DictionaryAnalyzer>, u'\\u0440\\u0443\\u043a\\u043e\\u0432\\u043e\\u0434\\u0438\\u0442\\u0435\\u043b\\u044f\\u043c\\u0438', 121, 10),)"},"sentenceIndex":[10],"words":["руководителями"],"wordsIndex":[14]},"ряд":{"params":{"class":"с","classMask":1,"info":{"isCapital":false,"isUpper":false},"stack":"((<DictionaryAnalyzer>, u'\\u0440\\u044f\\u0434\\u0435', 111, 5),)"},"sentenceIndex":[2],"words":["ряде"],"wordsIndex":[23]},"с":{"params":{"class":"символ","classMask":20,"info":{},"stack":""},"sentenceIndex":[2,6,9,10],"words":["с","с","с","с"],"wordsIndex":[5,28,7,23]},"саммит":{"params":{"class":"с","classMask":1,"info":{"isCapital":false,"isUpper":false},"stack":"((<DictionaryAnalyzer>, u'\\u0441\\u0430\\u043c\\u043c\\u0438\\u0442\\u0435', 33, 5),)"},"sentenceIndex":[10],"words":["саммите"],"wordsIndex":[5]},"самопровозгласить":{"params":{"class":"причастие","classMask":7,"info":{"isCapital":false,"isUpper":false},"stack":"((<DictionaryAnalyzer>, u'\\u043f\\u0440\\u043e\\u0432\\u043e\\u0437\\u0433\\u043b\\u0430\\u0448\\u0451\\u043d\\u043d\\u043e\\u0439', 721, 50), (<KnownPrefixAnalyzer>, u'\\u0441\\u0430\\u043c\\u043e'))"},"sentenceIndex":[9],"words":["самопровозглашенной"],"wordsIndex":[18]},"самый":{"params":{"class":"п","classMask":2,"info":{"isCapital":false,"isUpper":false},"stack":"((<DictionaryAnalyzer>, u'\\u0441\\u0430\\u043c\\u044b\\u043c\\u0438', 1245, 24),)"},"sentenceIndex":[9],"words":["самыми"],"wordsIndex":[5]},"санкция":{"params":{"class":"с","classMask":1,"info":{"isCapital":false,"isUpper":false},"stack":"((<DictionaryAnalyzer>, u'\\u0441\\u0430\\u043d\\u043a\\u0446\\u0438\\u0439', 40, 8),)"},"sentenceIndex":[7],"words":["санкций"],"wordsIndex":[23]},"свой":{"params":{"class":"п","classMask":2,"info":{"isCapital":false,"isUpper":false},"stack":"((<DictionaryAnalyzer>, u'\\u0441\\u0432\\u043e\\u0438\\u0445', 2737, 21),)"},"sentenceIndex":[3],"words":["своих"],"wordsIndex":[16]},"связь":{"params":{"class":"с","classMask":1,"info":{"isCapital":false,"isUpper":false},"stack":"((<DictionaryAnalyzer>, u'\\u0441\\u0432\\u044f\\u0437\\u0438', 544, 6),)"},"sentenceIndex":[2],"words":["связи"],"wordsIndex":[4]},"серьёзный":{"params":{"class":"п","classMask":2,"info":{"isCapital":false,"isUpper":false},"stack":"((<DictionaryAnalyzer>, u'\\u0441\\u0435\\u0440\\u044c\\u0451\\u0437\\u043d\\u0430\\u044f', 12, 7),)"},"sentenceIndex":[2],"words":["серьезная"],"wordsIndex":[1]},"силовик":{"params":{"class":"с","classMask":1,"info":{"isCapital":false,"isUpper":false},"stack":"((<DictionaryAnalyzer>, u'\\u0441\\u0438\\u043b\\u043e\\u0432\\u0438\\u043a\\u0438', 2, 6),)"},"sentenceIndex":[9],"words":["силовики"],"wordsIndex":[13]},"ситуация":{"params":{"class":"с","classMask":1,"info":{"isCapital":false,"isUpper":false},"stack":"((<DictionaryAnalyzer>, u'\\u0441\\u0438\\u0442\\u0443\\u0430\\u0446\\u0438\\u0438', 40, 6),)"},"sentenceIndex":[5,8],"words":["ситуации","ситуации"],"wordsIndex":[23,1]},"служба":{"params":{"class":"с","classMask":1,"info":{"isCapital":false,"isUpper":false},"stack":"((<DictionaryAnalyzer>, u'\\u0441\\u043b\\u0443\\u0436\\u0431\\u0430', 55, 0),)"},"sentenceIndex":[1,5],"words":["служба","служба"],"wordsIndex":[8,29]},"согласовать":{"params":{"class":"причастие","classMask":7,"info":{"isCapital":false,"isUpper":false},"stack":"((<DictionaryAnalyzer>, u'\\u0441\\u043e\\u0433\\u043b\\u0430\\u0441\\u043e\\u0432\\u0430\\u043d\\u043d\\u044b\\u0439', 739, 42),)"},"sentenceIndex":[10],"words":["согласованный"],"wordsIndex":[3]},"соглашение":{"params":{"class":"с","classMask":1,"info":{"isCapital":false,"isUpper":false},"stack":"((<DictionaryAnalyzer>, u'\\u0441\\u043e\\u0433\\u043b\\u0430\\u0448\\u0435\\u043d\\u0438\\u044f', 76, 2),)"},"sentenceIndex":[10],"words":["соглашения"],"wordsIndex":[1]},"содействие":{"params":{"class":"с","classMask":1,"info":{"isCapital":false,"isUpper":false},"stack":"((<DictionaryAnalyzer>, u'\\u0441\\u043e\\u0434\\u0435\\u0439\\u0441\\u0442\\u0432\\u0438\\u044f', 119, 1),)"},"sentenceIndex":[4],"words":["содействия"],"wordsIndex":[7]},"сознательно":{"params":{"class":"н","classMask":11,"info":{"isCapital":false,"isUpper":false},"stack":"((<DictionaryAnalyzer>, u'\\u0441\\u043e\\u0437\\u043d\\u0430\\u0442\\u0435\\u043b\\u044c\\u043d\\u043e', 3, 0),)"},"sentenceIndex":[6],"words":["сознательно"],"wordsIndex":[13]},"сообщать":{"params":{"class":"г","classMask":5,"info":{"isCapital":false,"isUpper":false},"stack":"((<DictionaryAnalyzer>, u'\\u0441\\u043e\\u043e\\u0431\\u0449\\u0430\\u0435\\u0442', 206, 5),)"},"sentenceIndex":[1,5],"words":["сообщает","сообщает"],"wordsIndex":[6,27]},"сообщение":{"params":{"class":"с","classMask":1,"info":{"isCapital":false,"isUpper":false},"stack":"((<DictionaryAnalyzer>, u'\\u0441\\u043e\\u043e\\u0431\\u0449\\u0435\\u043d\\u0438\\u0438', 76, 10),)"},"sentenceIndex":[2],"words":["сообщении"],"wordsIndex":[29]},"сообщить":{"params":{"class":"г","classMask":5,"info":{"isCapital":false,"isUpper":false},"stack":"((<DictionaryAnalyzer>, u'\\u0441\\u043e\\u043e\\u0431\\u0449\\u0438\\u043b\\u0430', 741, 2),)"},"sentenceIndex":[7],"words":["сообщила"],"wordsIndex":[5]},"сорвать":{"params":{"class":"инфинитив","classMask":6,"info":{"isCapital":false,"isUpper":false},"stack":"((<DictionaryAnalyzer>, u'\\u0441\\u043e\\u0440\\u0432\\u0430\\u0442\\u044c', 772, 0),)"},"sentenceIndex":[3],"words":["сорвать"],"wordsIndex":[6]},"сохранение":{"params":{"class":"с","classMask":1,"info":{"isCapital":false,"isUpper":false},"stack":"((<DictionaryAnalyzer>, u'\\u0441\\u043e\\u0445\\u0440\\u0430\\u043d\\u0435\\u043d\\u0438\\u044f', 76, 2),)"},"sentenceIndex":[7],"words":["сохранения"],"wordsIndex":[21]},"стать":{"params":{"class":"г","classMask":5,"info":{"isCapital":false,"isUpper":false},"stack":"((<DictionaryAnalyzer>, u'\\u0441\\u0442\\u0430\\u043b\\u0438', 904, 4),)"},"sentenceIndex":[9],"words":["стали"],"wordsIndex":[4]},"сторона":{"params":{"class":"с","classMask":1,"info":{"isCapital":true,"isUpper":false},"stack":"((<DictionaryAnalyzer>, u'\\u0441\\u0442\\u043e\\u0440\\u043e\\u043d\\u044b', 55, 1),)"},"sentenceIndex":[4],"words":["Стороны"],"wordsIndex":[0]},"стремление":{"params":{"class":"с","classMask":1,"info":{"isCapital":false,"isUpper":false},"stack":"((<DictionaryAnalyzer>, u'\\u0441\\u0442\\u0440\\u0435\\u043c\\u043b\\u0435\\u043d\\u0438\\u0438', 76, 10),)"},"sentenceIndex":[3],"words":["стремлении"],"wordsIndex":[4]},"также":{"params":{"class":"союз","classMask":15,"info":{"isCapital":false,"isUpper":false},"stack":"((<DictionaryAnalyzer>, u'\\u0442\\u0430\\u043a\\u0436\\u0435', 20, 0),)"},"sentenceIndex":[3],"words":["также"],"wordsIndex":[10]},"телефонный":{"params":{"class":"п","classMask":2,"info":{"isCapital":false,"isUpper":false},"stack":"((<DictionaryAnalyzer>, u'\\u0442\\u0435\\u043b\\u0435\\u0444\\u043e\\u043d\\u043d\\u044b\\u0439', 12, 0),)"},"sentenceIndex":[0],"words":["телефонный"],"wordsIndex":[10]},"территория":{"params":{"class":"с","classMask":1,"info":{"isCapital":false,"isUpper":false},"stack":"((<DictionaryAnalyzer>, u'\\u0442\\u0435\\u0440\\u0440\\u0438\\u0442\\u043e\\u0440\\u0438\\u0438', 40, 6),)"},"sentenceIndex":[9],"words":["территории"],"wordsIndex":[17]},"украина":{"params":{"class":"имя","classMask":1122,"info":{"isCapital":true,"isCountry":true,"isUpper":false},"stack":"((<DictionaryAnalyzer>, u'\\u0443\\u043a\\u0440\\u0430\\u0438\\u043d\\u0435', 35, 6),)"},"sentenceIndex":[0,6,7,10,10],"words":["Украине","Украины","Украины","Украины","Украины"],"wordsIndex":[23,25,19,17,30]},"украинский":{"params":{"class":"п","classMask":2,"info":{"isCapital":false,"isUpper":false},"stack":"((<DictionaryAnalyzer>, u'\\u0443\\u043a\\u0440\\u0430\\u0438\\u043d\\u0441\\u043a\\u043e\\u0433\\u043e', 228, 15),)"},"sentenceIndex":[4],"words":["украинского"],"wordsIndex":[10]},"урегулирование":{"params":{"class":"с","classMask":1,"info":{"isCapital":false,"isUpper":false},"stack":"((<DictionaryAnalyzer>, u'\\u0443\\u0440\\u0435\\u0433\\u0443\\u043b\\u0438\\u0440\\u043e\\u0432\\u0430\\u043d\\u0438\\u044e', 76, 4),)"},"sentenceIndex":[4],"words":["урегулированию"],"wordsIndex":[9]},"уровень":{"params":{"class":"с","classMask":1,"info":{"isCapital":false,"isUpper":false},"stack":"((<DictionaryAnalyzer>, u'\\u0443\\u0440\\u043e\\u0432\\u043d\\u0435', 296, 5),)"},"sentenceIndex":[5],"words":["уровне"],"wordsIndex":[26]},"усилие":{"params":{"class":"с","classMask":1,"info":{"isCapital":false,"isUpper":false},"stack":"((<DictionaryAnalyzer>, u'\\u0443\\u0441\\u0438\\u043b\\u0438\\u044f', 76, 2),)"},"sentenceIndex":[4],"words":["усилия"],"wordsIndex":[4]},"условиться":{"params":{"class":"г","classMask":5,"info":{"isCapital":false,"isUpper":false},"stack":"((<DictionaryAnalyzer>, u'\\u0443\\u0441\\u043b\\u043e\\u0432\\u0438\\u043b\\u0438\\u0441\\u044c', 754, 4),)"},"sentenceIndex":[4],"words":["условились"],"wordsIndex":[1]},"февраль":{"params":{"class":"с","classMask":1,"info":{"isCapital":false,"isUpper":false},"stack":"((<DictionaryAnalyzer>, u'\\u0444\\u0435\\u0432\\u0440\\u0430\\u043b\\u044f', 190, 1),)"},"sentenceIndex":[1,10],"words":["февраля","февраля"],"wordsIndex":[5,11]},"фонд":{"params":{"class":"с","classMask":1,"info":{"isCapital":false,"isUpper":false},"stack":"((<DictionaryAnalyzer>, u'\\u0444\\u043e\\u043d\\u0434\\u0430', 33, 1),)"},"sentenceIndex":[2],"words":["фонда"],"wordsIndex":[21]},"формат":{"params":{"class":"с","classMask":1,"info":{"isCapital":false,"isUpper":false},"stack":"((<DictionaryAnalyzer>, u'\\u0444\\u043e\\u0440\\u043c\\u0430\\u0442', 33, 3),)"},"sentenceIndex":[3,5,10],"words":["формат","формате","формате"],"wordsIndex":[13,18,20]},"франция":{"params":{"class":"имя","classMask":1122,"info":{"isCapital":true,"isCountry":true,"isUpper":false},"stack":"((<DictionaryAnalyzer>, u'\\u0444\\u0440\\u0430\\u043d\\u0446\\u0438\\u0438', 70, 1),)"},"sentenceIndex":[10],"words":["Франции"],"wordsIndex":[16]},"фрг":{"params":{"class":"с","classMask":1,"info":{"isCapital":false,"isUpper":true},"stack":"((<DictionaryAnalyzer>, u'\\u0444\\u0440\\u0433', 1351, 0),)"},"sentenceIndex":[0,6],"words":["ФРГ","ФРГ"],"wordsIndex":[6,30]},"ход":{"params":{"class":"с","classMask":1,"info":{"isCapital":false,"isUpper":false},"stack":"((<DictionaryAnalyzer>, u'\\u0445\\u043e\\u0434\\u0435', 2991, 6),)"},"sentenceIndex":[0],"words":["ходе"],"wordsIndex":[13]},"цель":{"params":{"class":"с","classMask":1,"info":{"isCapital":false,"isUpper":false},"stack":"((<DictionaryAnalyzer>, u'\\u0446\\u0435\\u043b\\u044f\\u0445', 13, 11),)"},"sentenceIndex":[4,10],"words":["целях","целью"],"wordsIndex":[6,24]},"частность":{"params":{"class":"с","classMask":1,"info":{"isCapital":false,"isUpper":false},"stack":"((<DictionaryAnalyzer>, u'\\u0447\\u0430\\u0441\\u0442\\u043d\\u043e\\u0441\\u0442\\u0438', 13, 5),)"},"sentenceIndex":[5],"words":["частности"],"wordsIndex":[1]},"человеческий":{"params":{"class":"п","classMask":2,"info":{"isCapital":false,"isUpper":false},"stack":"((<DictionaryAnalyzer>, u'\\u0447\\u0435\\u043b\\u043e\\u0432\\u0435\\u0447\\u0435\\u0441\\u043a\\u0438\\u0435', 16, 20),)"},"sentenceIndex":[2],"words":["человеческие"],"wordsIndex":[13]},"четвёрка":{"params":{"class":"с","classMask":1,"info":{"isCapital":false,"isUpper":false},"stack":"((<DictionaryAnalyzer>, u'\\u0447\\u0435\\u0442\\u0432\\u0451\\u0440\\u043a\\u0438', 8, 1),)"},"sentenceIndex":[10],"words":["четверки"],"wordsIndex":[22]},"что":{"params":{"class":"союз","classMask":15,"info":{"isCapital":false,"isUpper":false},"stack":"((<DictionaryAnalyzer>, u'\\u0447\\u0442\\u043e', 3046, 0),)"},"sentenceIndex":[6,7],"words":["что","что"],"wordsIndex":[10,6]},"шаг":{"params":{"class":"с","classMask":1,"info":{"isCapital":false,"isUpper":false},"stack":"((<DictionaryAnalyzer>, u'\\u0448\\u0430\\u0433\\u043e\\u0432', 3062, 7),)"},"sentenceIndex":[3],"words":["шагов"],"wordsIndex":[18]},"эскалация":{"params":{"class":"с","classMask":1,"info":{"isCapital":false,"isUpper":false},"stack":"((<DictionaryAnalyzer>, u'\\u044d\\u0441\\u043a\\u0430\\u043b\\u0430\\u0446\\u0438\\u0435\\u0439', 40, 4),)"},"sentenceIndex":[2],"words":["эскалацией"],"wordsIndex":[6]},"это":{"params":{"class":"мс","classMask":12,"info":{"isCapital":false,"isUpper":false},"stack":"((<DictionaryAnalyzer>, u'\\u044d\\u0442\\u043e\\u043c', 3098, 5),)"},"sentenceIndex":[1],"words":["этом"],"wordsIndex":[1]},"юго":{"params":{"class":"неизвестный","classMask":18,"info":{"isCapital":false,"isUpper":false},"stack":""},"sentenceIndex":[7],"words":["юго"],"wordsIndex":[16]},"январь":{"params":{"class":"с","classMask":1,"info":{"isCapital":false,"isUpper":false},"stack":"((<DictionaryAnalyzer>, u'\\u044f\\u043d\\u0432\\u0430\\u0440\\u044f', 190, 1),)"},"sentenceIndex":[7,8],"words":["января","января"],"wordsIndex":[1,14]}}