{"11":{"params":{"class":"наим","classMask":19,"info":{},"stack":""},"sentenceIndex":[1],"words":["11"],"wordsIndex":[4]},"24":{"params":{"class":"наим","classMask":19,"info":{},"stack":""},"sentenceIndex":[2],"words":["24"],"wordsIndex":[19]},"андрей":{"params":{"class":"имя","classMask":22,"info":{"isCapital":true,"isUpper":false},"stack":"((<DictionaryAnalyzer>, u'\\u0430\\u043d\\u0434\\u0440\\u0435\\u0439', 131, 0),)"},"sentenceIndex":[1],"words":["Андрей"],"wordsIndex":[16]},"батальон":{"params":{"class":"с","classMask":1,"info":{"isCapital":false,"isUpper":false},"stack":"((<DictionaryAnalyzer>, u'\\u0431\\u0430\\u0442\\u0430\\u043b\\u044c\\u043e\\u043d\\u0430', 33, 1),)"},"sentenceIndex":[2],"words":["батальона"],"wordsIndex":[18]},"бригада":{"params":{"class":"с","classMask":1,"info":{"isCapital":false,"isUpper":false},"stack":"((<DictionaryAnalyzer>, u'\\u0431\\u0440\\u0438\\u0433\\u0430\\u0434\\u044b', 55, 1),)"},"sentenceIndex":[2],"words":["бригады"],"wordsIndex":[20]},"в":{"params":{"class":"символ","classMask":20,"info":{},"stack":""},"sentenceIndex":[0,1,2],"words":["в","в","в"],"wordsIndex":[7,2,23]},"вблизи":{"params":{"class":"н","classMask":11,"info":{"isCapital":false,"isUpper":false},"stack":"((<DictionaryAnalyzer>, u'\\u0432\\u0431\\u043b\\u0438\\u0437\\u0438', 3, 0),)"},"sentenceIndex":[0],"words":["вблизи"],"wordsIndex":[10]},"военнослужащий":{"params":{"class":"п","classMask":2,"info":{"isCapital":false,"isUpper":false},"stack":"((<DictionaryAnalyzer>, u'\\u0432\\u043e\\u0435\\u043d\\u043d\\u043e\\u0441\\u043b\\u0443\\u0436\\u0430\\u0449\\u0438\\u043c\\u0438', 100, 25),)"},"sentenceIndex":[2],"words":["военнослужащими"],"wordsIndex":[16]},"вс":{"params":{"class":"с","classMask":1,"info":{"isCapital":false,"isUpper":true},"stack":"((<DictionaryAnalyzer>, u'\\u0432\\u0441', 204, 0),)"},"sentenceIndex":[0],"words":["ВС"],"wordsIndex":[1]},"всу":{"params":{"class":"неизвестный","classMask":18,"info":{"isCapital":false,"isUpper":true},"stack":""},"sentenceIndex":[2],"words":["ВСУ"],"wordsIndex":[21]},"гражданин":{"params":{"class":"с","classMask":1,"info":{"isCapital":false,"isUpper":false},"stack":"((<DictionaryAnalyzer>, u'\\u0433\\u0440\\u0430\\u0436\\u0434\\u0430\\u043d', 159, 7),)"},"sentenceIndex":[0],"words":["граждан"],"wordsIndex":[6]},"данный":{"params":{"class":"п","classMask":2,"info":{"isCapital":false,"isUpper":false},"stack":"((<DictionaryAnalyzer>, u'\\u0434\\u0430\\u043d\\u043d\\u043e\\u0433\\u043e', 1245, 1),)"},"sentenceIndex":[2],"words":["данного"],"wordsIndex":[25]},"два":{"params":{"class":"п","classMask":2,"info":{"isCapital":false,"isUpper":false},"stack":"((<DictionaryAnalyzer>, u'\\u0432\\u0442\\u043e\\u0440\\u043e\\u0433\\u043e', 1248, 34),)"},"sentenceIndex":[2],"words":["второго"],"wordsIndex":[17]},"дом":{"params":{"class":"с","classMask":1,"info":{"isCapital":false,"isUpper":false},"stack":"((<DictionaryAnalyzer>, u'\\u0434\\u043e\\u043c\\u0430', 1314, 1),)"},"sentenceIndex":[0],"words":["дома"],"wordsIndex":[4]},"жилой":{"params":{"class":"п","classMask":2,"info":{"isCapital":false,"isUpper":false},"stack":"((<DictionaryAnalyzer>, u'\\u0436\\u0438\\u043b\\u044b\\u0445', 136, 21),)"},"sentenceIndex":[2],"words":["жилых"],"wordsIndex":[14]},"житель":{"params":{"class":"с","classMask":1,"info":{"isCapital":false,"isUpper":false},"stack":"((<DictionaryAnalyzer>, u'\\u0436\\u0438\\u0442\\u0435\\u043b\\u0435\\u0439', 121, 7),)"},"sentenceIndex":[2],"words":["жителей"],"wordsIndex":[4]},"занимать":{"params":{"class":"г","classMask":5,"info":{"isCapital":false,"isUpper":false},"stack":"((<DictionaryAnalyzer>, u'\\u0437\\u0430\\u043d\\u0438\\u043c\\u0430\\u044e\\u0442', 206, 6),)"},"sentenceIndex":[0],"words":["занимают"],"wordsIndex":[3]},"занятие":{"params":{"class":"с","classMask":1,"info":{"isCapital":false,"isUpper":false},"stack":"((<DictionaryAnalyzer>, u'\\u0437\\u0430\\u043d\\u044f\\u0442\\u0438\\u044f', 76, 2),)"},"sentenceIndex":[2],"words":["занятия"],"wordsIndex":[13]},"заявить":{"params":{"class":"г","classMask":5,"info":{"isCapital":false,"isUpper":false},"stack":"((<DictionaryAnalyzer>, u'\\u0437\\u0430\\u044f\\u0432\\u0438\\u043b', 647, 1),)"},"sentenceIndex":[1],"words":["заявил"],"wordsIndex":[6]},"и":{"params":{"class":"символ","classMask":20,"info":{},"stack":""},"sentenceIndex":[2],"words":["и"],"wordsIndex":[11]},"информационный":{"params":{"class":"п","classMask":2,"info":{"isCapital":false,"isUpper":false},"stack":"((<DictionaryAnalyzer>, u'\\u0438\\u043d\\u0444\\u043e\\u0440\\u043c\\u0430\\u0446\\u0438\\u043e\\u043d\\u043d\\u044b\\u0439', 34, 0),)"},"sentenceIndex":[1],"words":["информационный"],"wordsIndex":[20]},"информация":{"params":{"class":"с","classMask":1,"info":{"isCapital":false,"isUpper":false},"stack":"((<DictionaryAnalyzer>, u'\\u0438\\u043d\\u0444\\u043e\\u0440\\u043c\\u0430\\u0446\\u0438\\u0438', 40, 1),)"},"sentenceIndex":[2],"words":["информации"],"wordsIndex":[1]},"линия":{"params":{"class":"с","classMask":1,"info":{"isCapital":false,"isUpper":false},"stack":"((<DictionaryAnalyzer>, u'\\u043b\\u0438\\u043d\\u0438\\u0438', 40, 1),)"},"sentenceIndex":[0],"words":["линии"],"wordsIndex":[11]},"луганский":{"params":{"class":"имя","classMask":22,"info":{"isCapital":true,"isUpper":false},"stack":"((<DictionaryAnalyzer>, u'\\u043b\\u0443\\u0433\\u0430\\u043d\\u0441\\u043a\\u043e\\u0439', 16, 8),)"},"sentenceIndex":[1,1],"words":["Луганской","Луганский"],"wordsIndex":[12,19]},"мародёрство":{"params":{"class":"с","classMask":1,"info":{"isCapital":false,"isUpper":false},"stack":"((<DictionaryAnalyzer>, u'\\u043c\\u0430\\u0440\\u043e\\u0434\\u0451\\u0440\\u0441\\u0442\\u0432\\u0430', 54, 1),)"},"sentenceIndex":[2],"words":["мародерства"],"wordsIndex":[10]},"марочко":{"params":{"class":"имя","classMask":22,"info":{"isCapital":true,"isUpper":false},"stack":"((<DictionaryAnalyzer>, u'\\u043e\\u0447\\u043a\\u043e', 557, 0), (<UnknownPrefixAnalyzer>, u'\\u043c\\u0430\\u0440'))"},"sentenceIndex":[1],"words":["Марочко"],"wordsIndex":[17]},"местный":{"params":{"class":"п","classMask":2,"info":{"isCapital":false,"isUpper":false},"stack":"((<DictionaryAnalyzer>, u'\\u043c\\u0435\\u0441\\u0442\\u043d\\u044b\\u0445', 12, 21),)"},"sentenceIndex":[2],"words":["местных"],"wordsIndex":[3]},"милиция":{"params":{"class":"с","classMask":1,"info":{"isCapital":false,"isUpper":false},"stack":"((<DictionaryAnalyzer>, u'\\u043c\\u0438\\u043b\\u0438\\u0446\\u0438\\u0438', 40, 1),)"},"sentenceIndex":[1],"words":["милиции"],"wordsIndex":[10]},"мирный":{"params":{"class":"п","classMask":2,"info":{"isCapital":false,"isUpper":false},"stack":"((<DictionaryAnalyzer>, u'\\u043c\\u0438\\u0440\\u043d\\u044b\\u0445', 86, 21),)"},"sentenceIndex":[0],"words":["мирных"],"wordsIndex":[5]},"народный":{"params":{"class":"имя","classMask":22,"info":{"isCapital":true,"isUpper":false},"stack":"((<DictionaryAnalyzer>, u'\\u043d\\u0430\\u0440\\u043e\\u0434\\u043d\\u043e\\u0439', 12, 8),)"},"sentenceIndex":[1,1],"words":["Народной","народной"],"wordsIndex":[9,13]},"населить":{"params":{"class":"причастие","classMask":7,"info":{"isCapital":false,"isUpper":false},"stack":"((<DictionaryAnalyzer>, u'\\u043d\\u0430\\u0441\\u0435\\u043b\\u0451\\u043d\\u043d\\u044b\\u0445', 938, 63),)"},"sentenceIndex":[0,2,2],"words":["населенных","населенного","населенного"],"wordsIndex":[8,5,26]},"незаконный":{"params":{"class":"п","classMask":2,"info":{"isCapital":false,"isUpper":false},"stack":"((<DictionaryAnalyzer>, u'\\u043d\\u0435\\u0437\\u0430\\u043a\\u043e\\u043d\\u043d\\u043e\\u0433\\u043e', 12, 1),)"},"sentenceIndex":[2],"words":["незаконного"],"wordsIndex":[12]},"о":{"params":{"class":"предл","classMask":14,"info":{"isCapital":true,"isUpper":false},"stack":"((<DictionaryAnalyzer>, u'\\u043e\\u0431', 2133, 1),)"},"sentenceIndex":[1],"words":["Об"],"wordsIndex":[0]},"он":{"params":{"class":"мс","classMask":12,"info":{"isCapital":false,"isUpper":false},"stack":"((<DictionaryAnalyzer>, u'\\u043e\\u043d', 2208, 0),)"},"sentenceIndex":[2],"words":["он"],"wordsIndex":[29]},"от":{"params":{"class":"предл","classMask":14,"info":{"isCapital":false,"isUpper":false},"stack":"((<DictionaryAnalyzer>, u'\\u043e\\u0442', 375, 0),)"},"sentenceIndex":[2],"words":["от"],"wordsIndex":[2]},"официальный":{"params":{"class":"п","classMask":2,"info":{"isCapital":false,"isUpper":false},"stack":"((<DictionaryAnalyzer>, u'\\u043e\\u0444\\u0438\\u0446\\u0438\\u0430\\u043b\\u044c\\u043d\\u044b\\u0439', 1289, 0),)"},"sentenceIndex":[1],"words":["официальный"],"wordsIndex":[7]},"передавать":{"params":{"class":"г","classMask":5,"info":{"isCapital":false,"isUpper":false},"stack":"((<DictionaryAnalyzer>, u'\\u043f\\u0435\\u0440\\u0435\\u0434\\u0430\\u0451\\u0442', 2308, 5),)"},"sentenceIndex":[1],"words":["передает"],"wordsIndex":[18]},"по":{"params":{"class":"предл","classMask":14,"info":{"isCapital":true,"isUpper":false},"stack":"((<DictionaryAnalyzer>, u'\\u043f\\u043e', 24, 0),)"},"sentenceIndex":[2],"words":["По"],"wordsIndex":[0]},"подполковник":{"params":{"class":"с","classMask":1,"info":{"isCapital":false,"isUpper":false},"stack":"((<DictionaryAnalyzer>, u'\\u043f\\u043e\\u0434\\u043f\\u043e\\u043b\\u043a\\u043e\\u0432\\u043d\\u0438\\u043a', 2, 0),)"},"sentenceIndex":[1],"words":["подполковник"],"wordsIndex":[15]},"подтверждаться":{"params":{"class":"г","classMask":5,"info":{"isCapital":false,"isUpper":false},"stack":"((<DictionaryAnalyzer>, u'\\u043f\\u043e\\u0434\\u0442\\u0432\\u0435\\u0440\\u0436\\u0434\\u0430\\u044e\\u0442\\u0441\\u044f', 616, 6),)"},"sentenceIndex":[2],"words":["подтверждаются"],"wordsIndex":[8]},"помещение":{"params":{"class":"с","classMask":1,"info":{"isCapital":false,"isUpper":false},"stack":"((<DictionaryAnalyzer>, u'\\u043f\\u043e\\u043c\\u0435\\u0449\\u0435\\u043d\\u0438\\u0439', 76, 15),)"},"sentenceIndex":[2],"words":["помещений"],"wordsIndex":[15]},"попасная":{"params":{"class":"имя","classMask":22,"info":{"isCapital":true,"isUpper":false},"stack":"((<DictionaryAnalyzer>, u'\\u043f\\u043e\\u043f\\u0430\\u0441\\u043d\\u0430\\u044f', 401, 0),)"},"sentenceIndex":[2],"words":["Попасная"],"wordsIndex":[7]},"представитель":{"params":{"class":"с","classMask":1,"info":{"isCapital":false,"isUpper":false},"stack":"((<DictionaryAnalyzer>, u'\\u043f\\u0440\\u0435\\u0434\\u0441\\u0442\\u0430\\u0432\\u0438\\u0442\\u0435\\u043b\\u044c', 121, 0),)"},"sentenceIndex":[1],"words":["представитель"],"wordsIndex":[8]},"пункт":{"params":{"class":"с","classMask":1,"info":{"isCapital":false,"isUpper":false},"stack":"((<DictionaryAnalyzer>, u'\\u043f\\u0443\\u043d\\u043a\\u0442\\u0430\\u0445', 2411, 11),)"},"sentenceIndex":[0,2,2],"words":["пунктах","пункта","пункта"],"wordsIndex":[9,6,27]},"район":{"params":{"class":"с","classMask":1,"info":{"isCapital":false,"isUpper":false},"stack":"((<DictionaryAnalyzer>, u'\\u0440\\u0430\\u0439\\u043e\\u043d\\u0435', 33, 5),)"},"sentenceIndex":[2],"words":["районе"],"wordsIndex":[24]},"располагаться":{"params":{"class":"причастие","classMask":7,"info":{"isCapital":false,"isUpper":false},"stack":"((<DictionaryAnalyzer>, u'\\u0440\\u0430\\u0441\\u043f\\u043e\\u043b\\u0430\\u0433\\u0430\\u044e\\u0449\\u0435\\u0433\\u043e\\u0441\\u044f', 224, 14),)"},"sentenceIndex":[2],"words":["располагающегося"],"wordsIndex":[22]},"рассказать":{"params":{"class":"г","classMask":5,"info":{"isCapital":false,"isUpper":false},"stack":"((<DictionaryAnalyzer>, u'\\u0440\\u0430\\u0441\\u0441\\u043a\\u0430\\u0437\\u0430\\u043b', 638, 1),)"},"sentenceIndex":[2],"words":["рассказал"],"wordsIndex":[28]},"республика":{"params":{"class":"с","classMask":1,"info":{"isCapital":false,"isUpper":false},"stack":"((<DictionaryAnalyzer>, u'\\u0440\\u0435\\u0441\\u043f\\u0443\\u0431\\u043b\\u0438\\u043a\\u0438', 43, 1),)"},"sentenceIndex":[1],"words":["республики"],"wordsIndex":[14]},"самопровозгласить":{"params":{"class":"причастие","classMask":7,"info":{"isCapital":false,"isUpper":false},"stack":"((<DictionaryAnalyzer>, u'\\u043f\\u0440\\u043e\\u0432\\u043e\\u0437\\u0433\\u043b\\u0430\\u0448\\u0451\\u043d\\u043d\\u043e\\u0439', 721, 50), (<KnownPrefixAnalyzer>, u'\\u0441\\u0430\\u043c\\u043e'))"},"sentenceIndex":[1],"words":["самопровозглашенной"],"wordsIndex":[11]},"служащий":{"params":{"class":"п","classMask":2,"info":{"isCapital":true,"isUpper":false},"stack":"((<DictionaryAnalyzer>, u'\\u0441\\u043b\\u0443\\u0436\\u0430\\u0449\\u0438\\u0435', 659, 20),)"},"sentenceIndex":[0],"words":["Служащие"],"wordsIndex":[0]},"соприкосновение":{"params":{"class":"с","classMask":1,"info":{"isCapital":false,"isUpper":false},"stack":"((<DictionaryAnalyzer>, u'\\u0441\\u043e\\u043f\\u0440\\u0438\\u043a\\u043e\\u0441\\u043d\\u043e\\u0432\\u0435\\u043d\\u0438\\u044f', 76, 2),)"},"sentenceIndex":[0],"words":["соприкосновения"],"wordsIndex":[12]},"суббота":{"params":{"class":"с","classMask":1,"info":{"isCapital":false,"isUpper":false},"stack":"((<DictionaryAnalyzer>, u'\\u0441\\u0443\\u0431\\u0431\\u043e\\u0442\\u0443', 55, 3),)"},"sentenceIndex":[1],"words":["субботу"],"wordsIndex":[3]},"украина":{"params":{"class":"имя","classMask":1122,"info":{"isCapital":true,"isCountry":true,"isUpper":false},"stack":"((<DictionaryAnalyzer>, u'\\u0443\\u043a\\u0440\\u0430\\u0438\\u043d\\u044b', 35, 1),)"},"sentenceIndex":[0],"words":["Украины"],"wordsIndex":[2]},"факт":{"params":{"class":"с","classMask":1,"info":{"isCapital":false,"isUpper":false},"stack":"((<DictionaryAnalyzer>, u'\\u0444\\u0430\\u043a\\u0442\\u044b', 33, 6),)"},"sentenceIndex":[2],"words":["факты"],"wordsIndex":[9]},"февраль":{"params":{"class":"с","classMask":1,"info":{"isCapital":false,"isUpper":false},"stack":"((<DictionaryAnalyzer>, u'\\u0444\\u0435\\u0432\\u0440\\u0430\\u043b\\u044f', 190, 1),)"},"sentenceIndex":[1],"words":["февраля"],"wordsIndex":[5]},"центр":{"params":{"class":"с","classMask":1,"info":{"isCapital":false,"isUpper":false},"stack":"((<DictionaryAnalyzer>, u'\\u0446\\u0435\\u043d\\u0442\\u0440', 33, 0),)"},"sentenceIndex":[1],"words":["центр"],"wordsIndex":[21]},"это":{"params":{"class":"мс","classMask":12,"info":{"isCapital":false,"isUpper":false},"stack":"((<DictionaryAnalyzer>, u'\\u044d\\u0442\\u043e\\u043c', 3098, 5),)"},"sentenceIndex":[1],"words":["этом"],"wordsIndex":[1]}}