{"11":{"params":{"class":"наим","classMask":19,"info":{},"stack":""},"sentenceIndex":[2],"words":["11"],"wordsIndex":[5]},"1953":{"params":{"class":"наим","classMask":19,"info":{},"stack":""},"sentenceIndex":[5],"words":["1953"],"wordsIndex":[5]},"392":{"params":{"class":"наим","classMask":19,"info":{},"stack":""},"sentenceIndex":[6],"words":["392"],"wordsIndex":[4]},"777":{"params":{"class":"наим","classMask":19,"info":{},"stack":""},"sentenceIndex":[0],"words":["777"],"wordsIndex":[6]},"авиалайнер":{"params":{"class":"с","classMask":1,"info":{"isCapital":true,"isUpper":false},"stack":"((<DictionaryAnalyzer>, u'\\u0430\\u0432\\u0438\\u0430\\u043b\\u0430\\u0439\\u043d\\u0435\\u0440', 33, 3),)"},"sentenceIndex":[9],"words":["Авиалайнер"],"wordsIndex":[0]},"агентство":{"params":{"class":"с","classMask":1,"info":{"isCapital":false,"isUpper":false},"stack":"((<DictionaryAnalyzer>, u'\\u0430\\u0433\\u0435\\u043d\\u0442\\u0441\\u0442\\u0432\\u0430', 54, 1),)"},"sentenceIndex":[4],"words":["агентства"],"wordsIndex":[21]},"аэропорт":{"params":{"class":"с","classMask":1,"info":{"isCapital":false,"isUpper":false},"stack":"((<DictionaryAnalyzer>, u'\\u0430\\u044d\\u0440\\u043e\\u043f\\u043e\\u0440\\u0442', 111, 0),)"},"sentenceIndex":[8],"words":["аэропорт"],"wordsIndex":[12]},"благополучно":{"params":{"class":"н","classMask":11,"info":{"isCapital":false,"isUpper":false},"stack":"((<DictionaryAnalyzer>, u'\\u0431\\u043b\\u0430\\u0433\\u043e\\u043f\\u043e\\u043b\\u0443\\u0447\\u043d\\u043e', 3, 0),)"},"sentenceIndex":[9],"words":["благополучно"],"wordsIndex":[1]},"боинг":{"params":{"class":"имя","classMask":22,"info":{"isCapital":true,"isUpper":false},"stack":"((<DictionaryAnalyzer>, u'\\u0431\\u043e\\u0438\\u043d\\u0433', 19, 0),)"},"sentenceIndex":[0],"words":["Боинг"],"wordsIndex":[5]},"боинг-777":{"params":{"class":"наим","classMask":19,"info":{},"stack":""},"sentenceIndex":[0],"words":["Боинг-777"],"wordsIndex":[7]},"больница":{"params":{"class":"с","classMask":1,"info":{"isCapital":false,"isUpper":false},"stack":"((<DictionaryAnalyzer>, u'\\u0431\\u043e\\u043b\\u044c\\u043d\\u0438\\u0446\\u0443', 141, 3),)"},"sentenceIndex":[4,9],"words":["больницу","больницу"],"wordsIndex":[18,8]},"борт":{"params":{"class":"с","classMask":1,"info":{"isCapital":false,"isUpper":false},"stack":"((<DictionaryAnalyzer>, u'\\u0431\\u043e\\u0440\\u0442\\u0443', 409, 6),)"},"sentenceIndex":[6],"words":["борту"],"wordsIndex":[1]},"в":{"params":{"class":"символ","classMask":20,"info":{},"stack":""},"sentenceIndex":[0,0,1,2,4,8,8,8,9],"words":["в","в","в","в","в","В","в","в","в"],"wordsIndex":[3,10,5,2,17,0,5,11,7]},"вернуться":{"params":{"class":"г","classMask":5,"info":{"isCapital":false,"isUpper":false},"stack":"((<DictionaryAnalyzer>, u'\\u0432\\u0435\\u0440\\u043d\\u0443\\u043b\\u0441\\u044f', 504, 1),)"},"sentenceIndex":[8],"words":["вернулся"],"wordsIndex":[10]},"весь":{"params":{"class":"п","classMask":2,"info":{"isCapital":false,"isUpper":false},"stack":"((<DictionaryAnalyzer>, u'\\u0432\\u0441\\u0435', 703, 20),)"},"sentenceIndex":[7],"words":["все"],"wordsIndex":[2]},"вынужденно":{"params":{"class":"н","classMask":11,"info":{"isCapital":false,"isUpper":false},"stack":"((<DictionaryAnalyzer>, u'\\u0432\\u044b\\u043d\\u0443\\u0436\\u0434\\u0435\\u043d\\u043d\\u043e', 3, 0),)"},"sentenceIndex":[0,8],"words":["вынужденно","вынужденно"],"wordsIndex":[8,9]},"год":{"params":{"class":"с","classMask":1,"info":{"isCapital":false,"isUpper":false},"stack":"((<DictionaryAnalyzer>, u'\\u0433\\u043e\\u0434\\u0430', 1168, 1),)"},"sentenceIndex":[5],"words":["года"],"wordsIndex":[6]},"госпитализировать":{"params":{"class":"г","classMask":5,"info":{"isCapital":false,"isUpper":false},"stack":"((<DictionaryAnalyzer>, u'\\u0433\\u043e\\u0441\\u043f\\u0438\\u0442\\u0430\\u043b\\u0438\\u0437\\u0438\\u0440\\u043e\\u0432\\u0430\\u043b\\u0438', 75, 4),)"},"sentenceIndex":[4],"words":["госпитализировали"],"wordsIndex":[11]},"данные":{"params":{"class":"с","classMask":1,"info":{"isCapital":false,"isUpper":false},"stack":"((<DictionaryAnalyzer>, u'\\u0434\\u0430\\u043d\\u043d\\u044b\\u043c', 151, 2),)"},"sentenceIndex":[5],"words":["данным"],"wordsIndex":[2]},"дорога":{"params":{"class":"с","classMask":1,"info":{"isCapital":false,"isUpper":false},"stack":"((<DictionaryAnalyzer>, u'\\u0434\\u043e\\u0440\\u043e\\u0433\\u0435', 43, 2),)"},"sentenceIndex":[4],"words":["дороге"],"wordsIndex":[16]},"екатеринбург":{"params":{"class":"имя","classMask":22,"info":{"isCapital":true,"isUpper":false},"stack":"((<DictionaryAnalyzer>, u'\\u0435\\u043a\\u0430\\u0442\\u0435\\u0440\\u0438\\u043d\\u0431\\u0443\\u0440\\u0433\\u0435', 73, 5),)"},"sentenceIndex":[0],"words":["Екатеринбурге"],"wordsIndex":[11]},"за":{"params":{"class":"предл","classMask":14,"info":{"isCapital":false,"isUpper":false},"stack":"((<DictionaryAnalyzer>, u'\\u0437\\u0430', 24, 0),)"},"sentenceIndex":[0,8],"words":["за","за"],"wordsIndex":[13,16]},"за-из":{"params":{"class":"предл","classMask":1214,"info":{"comboClassStats":{"предл":2},"isCapital":false,"isCombo":true,"isUpper":false},"stack":"<classByStats>"},"sentenceIndex":[0,8],"words":["из-за","из-за"],"wordsIndex":[14,17]},"заболевание":{"params":{"class":"с","classMask":1,"info":{"isCapital":false,"isUpper":false},"stack":"((<DictionaryAnalyzer>, u'\\u0437\\u0430\\u0431\\u043e\\u043b\\u0435\\u0432\\u0430\\u043d\\u0438\\u044f', 76, 2),)"},"sentenceIndex":[5],"words":["заболевания"],"wordsIndex":[11]},"и":{"params":{"class":"символ","classMask":20,"info":{},"stack":""},"sentenceIndex":[4,6],"words":["и","и"],"wordsIndex":[9,6]},"из":{"params":{"class":"предл","classMask":14,"info":{"isCapital":false,"isUpper":false},"stack":"((<DictionaryAnalyzer>, u'\\u0438\\u0437', 375, 0),)"},"sentenceIndex":[0,0,0,8,8],"words":["из","из","из","из","из"],"wordsIndex":[1,12,19,3,15]},"интерфакс":{"params":{"class":"имя","classMask":22,"info":{"isCapital":true,"isUpper":false},"stack":"((<DictionaryAnalyzer>, u'\\u0438\\u043d\\u0442\\u0435\\u0440\\u0444\\u0430\\u043a\\u0441\\u0443', 33, 2),)"},"sentenceIndex":[1],"words":["Интерфаксу"],"wordsIndex":[2]},"инцидент":{"params":{"class":"с","classMask":1,"info":{"isCapital":true,"isUpper":false},"stack":"((<DictionaryAnalyzer>, u'\\u0438\\u043d\\u0446\\u0438\\u0434\\u0435\\u043d\\u0442', 33, 0),)"},"sentenceIndex":[2],"words":["Инцидент"],"wordsIndex":[0]},"источник":{"params":{"class":"с","classMask":1,"info":{"isCapital":false,"isUpper":false},"stack":"((<DictionaryAnalyzer>, u'\\u0438\\u0441\\u0442\\u043e\\u0447\\u043d\\u0438\\u043a', 19, 0),)"},"sentenceIndex":[1],"words":["источник"],"wordsIndex":[4]},"к":{"params":{"class":"символ","classMask":20,"info":{},"stack":""},"sentenceIndex":[4],"words":["к"],"wordsIndex":[4]},"как":{"params":{"class":"союз","classMask":15,"info":{"isCapital":false,"isUpper":false},"stack":"((<DictionaryAnalyzer>, u'\\u043a\\u0430\\u043a', 1673, 0),)"},"sentenceIndex":[3],"words":["как"],"wordsIndex":[4]},"командир":{"params":{"class":"с","classMask":1,"info":{"isCapital":false,"isUpper":false},"stack":"((<DictionaryAnalyzer>, u'\\u043a\\u043e\\u043c\\u0430\\u043d\\u0434\\u0438\\u0440\\u0430', 52, 1),)"},"sentenceIndex":[8,9],"words":["командира","командира"],"wordsIndex":[20,3]},"комитет":{"params":{"class":"с","classMask":1,"info":{"isCapital":false,"isUpper":false},"stack":"((<DictionaryAnalyzer>, u'\\u043a\\u043e\\u043c\\u0438\\u0442\\u0435\\u0442\\u0430', 33, 1),)"},"sentenceIndex":[5],"words":["комитета"],"wordsIndex":[21]},"критический":{"params":{"class":"п","classMask":2,"info":{"isCapital":false,"isUpper":false},"stack":"((<DictionaryAnalyzer>, u'\\u043a\\u0440\\u0438\\u0442\\u0438\\u0447\\u0435\\u0441\\u043a\\u043e\\u0435', 16, 14),)"},"sentenceIndex":[3],"words":["критическое"],"wordsIndex":[5]},"лететь":{"params":{"class":"причастие","classMask":7,"info":{"isCapital":true,"isUpper":false},"stack":"((<DictionaryAnalyzer>, u'\\u043b\\u0435\\u0442\\u0435\\u0432\\u0448\\u0438\\u0439', 1861, 42),)"},"sentenceIndex":[0],"words":["Летевший"],"wordsIndex":[0]},"медик":{"params":{"class":"с","classMask":1,"info":{"isCapital":false,"isUpper":false},"stack":"((<DictionaryAnalyzer>, u'\\u043c\\u0435\\u0434\\u0438\\u043a\\u0438', 2, 6),)"},"sentenceIndex":[4],"words":["медики"],"wordsIndex":[8]},"москва":{"params":{"class":"имя","classMask":22,"info":{"isCapital":true,"isUpper":false},"stack":"((<DictionaryAnalyzer>, u'\\u043c\\u043e\\u0441\\u043a\\u0432\\u044b', 1974, 1),)"},"sentenceIndex":[0,8],"words":["Москвы","Москвы"],"wordsIndex":[2,4]},"мужчина":{"params":{"class":"с","classMask":1,"info":{"isCapital":false,"isUpper":false},"stack":"((<DictionaryAnalyzer>, u'\\u043c\\u0443\\u0436\\u0447\\u0438\\u043d\\u044b', 513, 7),)"},"sentenceIndex":[3,5],"words":["мужчины","мужчина"],"wordsIndex":[1,4]},"на":{"params":{"class":"предл","classMask":14,"info":{"isCapital":true,"isUpper":false},"stack":"((<DictionaryAnalyzer>, u'\\u043d\\u0430', 24, 0),)"},"sentenceIndex":[2,4,5,5,6],"words":["на","на","на","на","На"],"wordsIndex":[4,1,13,18,0]},"находиться":{"params":{"class":"г","classMask":5,"info":{"isCapital":false,"isUpper":false},"stack":"((<DictionaryAnalyzer>, u'\\u043d\\u0430\\u0445\\u043e\\u0434\\u0438\\u043b\\u0438\\u0441\\u044c', 411, 10),)"},"sentenceIndex":[6],"words":["находились"],"wordsIndex":[3]},"незамедлительно":{"params":{"class":"н","classMask":11,"info":{"isCapital":false,"isUpper":false},"stack":"((<DictionaryAnalyzer>, u'\\u043d\\u0435\\u0437\\u0430\\u043c\\u0435\\u0434\\u043b\\u0438\\u0442\\u0435\\u043b\\u044c\\u043d\\u043e', 3, 0),)"},"sentenceIndex":[4],"words":["незамедлительно"],"wordsIndex":[6]},"несмотря":{"params":{"class":"предл","classMask":14,"info":{"isCapital":true,"isUpper":false},"stack":"((<DictionaryAnalyzer>, u'\\u043d\\u0435\\u0441\\u043c\\u043e\\u0442\\u0440\\u044f', 24, 0),)"},"sentenceIndex":[4],"words":["Несмотря"],"wordsIndex":[0]},"ночь":{"params":{"class":"с","classMask":1,"info":{"isCapital":false,"isUpper":false},"stack":"((<DictionaryAnalyzer>, u'\\u043d\\u043e\\u0447\\u044c', 2131, 3),)"},"sentenceIndex":[2],"words":["ночь"],"wordsIndex":[3]},"о":{"params":{"class":"предл","classMask":14,"info":{"isCapital":true,"isUpper":false},"stack":"((<DictionaryAnalyzer>, u'\\u043e\\u0431', 2133, 1),)"},"sentenceIndex":[1],"words":["Об"],"wordsIndex":[0]},"обстоятельство":{"params":{"class":"с","classMask":1,"info":{"isCapital":false,"isUpper":false},"stack":"((<DictionaryAnalyzer>, u'\\u043e\\u0431\\u0441\\u0442\\u043e\\u044f\\u0442\\u0435\\u043b\\u044c\\u0441\\u0442\\u0432\\u0430', 54, 1),)"},"sentenceIndex":[7],"words":["обстоятельства"],"wordsIndex":[3]},"один":{"params":{"class":"п","classMask":2,"info":{"isCapital":false,"isUpper":false},"stack":"((<DictionaryAnalyzer>, u'\\u043e\\u0434\\u043d\\u043e\\u0433\\u043e', 2198, 14),)"},"sentenceIndex":[0],"words":["одного"],"wordsIndex":[18]},"он":{"params":{"class":"мс","classMask":12,"info":{"isCapital":false,"isUpper":false},"stack":"((<DictionaryAnalyzer>, u'\\u043e\\u043d', 2208, 0),)"},"sentenceIndex":[4],"words":["он"],"wordsIndex":[13]},"онкологический":{"params":{"class":"п","classMask":2,"info":{"isCapital":false,"isUpper":false},"stack":"((<DictionaryAnalyzer>, u'\\u043e\\u043d\\u043a\\u043e\\u043b\\u043e\\u0433\\u0438\\u0447\\u0435\\u0441\\u043a\\u043e\\u0433\\u043e', 16, 15),)"},"sentenceIndex":[5],"words":["онкологического"],"wordsIndex":[10]},"от":{"params":{"class":"предл","classMask":14,"info":{"isCapital":false,"isUpper":false},"stack":"((<DictionaryAnalyzer>, u'\\u043e\\u0442', 375, 0),)"},"sentenceIndex":[5],"words":["от"],"wordsIndex":[9]},"отметить":{"params":{"class":"г","classMask":5,"info":{"isCapital":false,"isUpper":false},"stack":"((<DictionaryAnalyzer>, u'\\u043e\\u0442\\u043c\\u0435\\u0442\\u0438\\u043b', 928, 1),)"},"sentenceIndex":[4],"words":["отметил"],"wordsIndex":[19]},"отмечаться":{"params":{"class":"г","classMask":5,"info":{"isCapital":false,"isUpper":false},"stack":"((<DictionaryAnalyzer>, u'\\u043e\\u0442\\u043c\\u0435\\u0447\\u0430\\u0435\\u0442\\u0441\\u044f', 224, 5),)"},"sentenceIndex":[5],"words":["отмечается"],"wordsIndex":[12]},"отправление":{"params":{"class":"с","classMask":1,"info":{"isCapital":false,"isUpper":false},"stack":"((<DictionaryAnalyzer>, u'\\u043e\\u0442\\u043f\\u0440\\u0430\\u0432\\u043b\\u0435\\u043d\\u0438\\u044f', 76, 2),)"},"sentenceIndex":[8],"words":["отправления"],"wordsIndex":[13]},"оцениваться":{"params":{"class":"г","classMask":5,"info":{"isCapital":false,"isUpper":false},"stack":"((<DictionaryAnalyzer>, u'\\u043e\\u0446\\u0435\\u043d\\u0438\\u0432\\u0430\\u043b\\u043e\\u0441\\u044c', 224, 9),)"},"sentenceIndex":[3],"words":["оценивалось"],"wordsIndex":[3]},"пассажир":{"params":{"class":"с","classMask":1,"info":{"isCapital":false,"isUpper":false},"stack":"((<DictionaryAnalyzer>, u'\\u043f\\u0430\\u0441\\u0441\\u0430\\u0436\\u0438\\u0440\\u043e\\u0432', 52, 7),)"},"sentenceIndex":[0,4,6],"words":["пассажиров","пассажира","пассажира"],"wordsIndex":[20,12,5]},"пассажирский":{"params":{"class":"п","classMask":2,"info":{"isCapital":false,"isUpper":false},"stack":"((<DictionaryAnalyzer>, u'\\u043f\\u0430\\u0441\\u0441\\u0430\\u0436\\u0438\\u0440\\u0441\\u043a\\u0438\\u0439', 16, 0),)"},"sentenceIndex":[8],"words":["пассажирский"],"wordsIndex":[7]},"плохой":{"params":{"class":"п","classMask":2,"info":{"isCapital":false,"isUpper":false},"stack":"((<DictionaryAnalyzer>, u'\\u043f\\u043b\\u043e\\u0445\\u043e\\u0433\\u043e', 2376, 15),)"},"sentenceIndex":[8],"words":["плохого"],"wordsIndex":[18]},"по":{"params":{"class":"предл","classMask":14,"info":{"isCapital":true,"isUpper":false},"stack":"((<DictionaryAnalyzer>, u'\\u043f\\u043e', 24, 0),)"},"sentenceIndex":[4,5],"words":["по","По"],"wordsIndex":[15,0]},"погибший":{"params":{"class":"п","classMask":2,"info":{"isCapital":false,"isUpper":false},"stack":"((<DictionaryAnalyzer>, u'\\u043f\\u043e\\u0433\\u0438\\u0431\\u0448\\u0438\\u0439', 585, 0),)"},"sentenceIndex":[5],"words":["погибший"],"wordsIndex":[3]},"предварительно":{"params":{"class":"н","classMask":11,"info":{"isCapital":false,"isUpper":false},"stack":"((<DictionaryAnalyzer>, u'\\u043f\\u0440\\u0435\\u0434\\u0432\\u0430\\u0440\\u0438\\u0442\\u0435\\u043b\\u044c\\u043d\\u043e', 3, 0),)"},"sentenceIndex":[3],"words":["предварительно"],"wordsIndex":[2]},"предварительный":{"params":{"class":"п","classMask":2,"info":{"isCapital":false,"isUpper":false},"stack":"((<DictionaryAnalyzer>, u'\\u043f\\u0440\\u0435\\u0434\\u0432\\u0430\\u0440\\u0438\\u0442\\u0435\\u043b\\u044c\\u043d\\u044b\\u043c', 60, 22),)"},"sentenceIndex":[5],"words":["предварительным"],"wordsIndex":[1]},"прибыть":{"params":{"class":"г","classMask":5,"info":{"isCapital":false,"isUpper":false},"stack":"((<DictionaryAnalyzer>, u'\\u043f\\u0440\\u0438\\u0431\\u044b\\u043b\\u0438', 992, 4),)"},"sentenceIndex":[4],"words":["прибыли"],"wordsIndex":[7]},"приземлиться":{"params":{"class":"г","classMask":5,"info":{"isCapital":false,"isUpper":false},"stack":"((<DictionaryAnalyzer>, u'\\u043f\\u0440\\u0438\\u0437\\u0435\\u043c\\u043b\\u0438\\u043b\\u0441\\u044f', 618, 1),)"},"sentenceIndex":[0,9],"words":["приземлился","приземлился"],"wordsIndex":[9,2]},"произойти":{"params":{"class":"г","classMask":5,"info":{"isCapital":false,"isUpper":false},"stack":"((<DictionaryAnalyzer>, u'\\u043f\\u0440\\u043e\\u0438\\u0437\\u043e\\u0448\\u0451\\u043b', 2581, 1),)"},"sentenceIndex":[2,7],"words":["произошел","произошедшего"],"wordsIndex":[1,4]},"рассказать":{"params":{"class":"г","classMask":5,"info":{"isCapital":false,"isUpper":false},"stack":"((<DictionaryAnalyzer>, u'\\u0440\\u0430\\u0441\\u0441\\u043a\\u0430\\u0437\\u0430\\u043b', 638, 1),)"},"sentenceIndex":[1],"words":["рассказал"],"wordsIndex":[3]},"резкий":{"params":{"class":"п","classMask":2,"info":{"isCapital":false,"isUpper":false},"stack":"((<DictionaryAnalyzer>, u'\\u0440\\u0435\\u0437\\u043a\\u043e\\u0433\\u043e', 11, 15),)"},"sentenceIndex":[0],"words":["резкого"],"wordsIndex":[15]},"рождение":{"params":{"class":"с","classMask":1,"info":{"isCapital":false,"isUpper":false},"stack":"((<DictionaryAnalyzer>, u'\\u0440\\u043e\\u0436\\u0434\\u0435\\u043d\\u0438\\u044f', 76, 2),)"},"sentenceIndex":[5],"words":["рождения"],"wordsIndex":[7]},"сайт":{"params":{"class":"с","classMask":1,"info":{"isCapital":false,"isUpper":false},"stack":"((<DictionaryAnalyzer>, u'\\u0441\\u0430\\u0439\\u0442\\u0435', 33, 5),)"},"sentenceIndex":[5],"words":["сайте"],"wordsIndex":[14]},"самолёт":{"params":{"class":"с","classMask":1,"info":{"isCapital":false,"isUpper":false},"stack":"((<DictionaryAnalyzer>, u'\\u0441\\u0430\\u043c\\u043e\\u043b\\u0451\\u0442\\u0430', 33, 1),)"},"sentenceIndex":[6,8],"words":["самолета","самолет"],"wordsIndex":[2,8]},"самочувствие":{"params":{"class":"с","classMask":1,"info":{"isCapital":false,"isUpper":false},"stack":"((<DictionaryAnalyzer>, u'\\u0441\\u0430\\u043c\\u043e\\u0447\\u0443\\u0432\\u0441\\u0442\\u0432\\u0438\\u044f', 119, 1),)"},"sentenceIndex":[0,8],"words":["самочувствия","самочувствия"],"wordsIndex":[17,19]},"семь":{"params":{"class":"числ","classMask":10,"info":{"isCapital":false,"isUpper":false},"stack":"((<DictionaryAnalyzer>, u'\\u0441\\u0435\\u043c\\u044c', 2749, 0),)"},"sentenceIndex":[6],"words":["семь"],"wordsIndex":[7]},"скончаться":{"params":{"class":"г","classMask":5,"info":{"isCapital":false,"isUpper":false},"stack":"((<DictionaryAnalyzer>, u'\\u0441\\u043a\\u043e\\u043d\\u0447\\u0430\\u043b\\u0441\\u044f', 615, 1),)"},"sentenceIndex":[4],"words":["скончался"],"wordsIndex":[14]},"следователь":{"params":{"class":"с","classMask":1,"info":{"isCapital":true,"isUpper":false},"stack":"((<DictionaryAnalyzer>, u'\\u0441\\u043b\\u0435\\u0434\\u043e\\u0432\\u0430\\u0442\\u0435\\u043b\\u0438', 121, 6),)"},"sentenceIndex":[7],"words":["Следователи"],"wordsIndex":[0]},"следовать":{"params":{"class":"причастие","classMask":7,"info":{"isCapital":false,"isUpper":false},"stack":"((<DictionaryAnalyzer>, u'\\u0441\\u043b\\u0435\\u0434\\u043e\\u0432\\u0430\\u0432\\u0448\\u0438\\u0439', 2776, 40),)"},"sentenceIndex":[8],"words":["следовавший"],"wordsIndex":[2]},"следственный":{"params":{"class":"имя","classMask":22,"info":{"isCapital":true,"isUpper":false},"stack":"((<DictionaryAnalyzer>, u'\\u0441\\u043b\\u0435\\u0434\\u0441\\u0442\\u0432\\u0435\\u043d\\u043d\\u043e\\u0433\\u043e', 262, 1),)"},"sentenceIndex":[5,5],"words":["следственного","Следственного"],"wordsIndex":[16,20]},"служба":{"params":{"class":"с","classMask":1,"info":{"isCapital":false,"isUpper":false},"stack":"((<DictionaryAnalyzer>, u'\\u0441\\u043b\\u0443\\u0436\\u0431\\u0430\\u0445', 55, 12),)"},"sentenceIndex":[1],"words":["службах"],"wordsIndex":[7]},"собеседник":{"params":{"class":"с","classMask":1,"info":{"isCapital":false,"isUpper":false},"stack":"((<DictionaryAnalyzer>, u'\\u0441\\u043e\\u0431\\u0435\\u0441\\u0435\\u0434\\u043d\\u0438\\u043a', 2, 0),)"},"sentenceIndex":[4],"words":["собеседник"],"wordsIndex":[20]},"состояние":{"params":{"class":"с","classMask":1,"info":{"isCapital":true,"isUpper":false},"stack":"((<DictionaryAnalyzer>, u'\\u0441\\u043e\\u0441\\u0442\\u043e\\u044f\\u043d\\u0438\\u0435', 76, 6),)"},"sentenceIndex":[3],"words":["Состояние"],"wordsIndex":[0]},"страдать":{"params":{"class":"г","classMask":5,"info":{"isCapital":false,"isUpper":false},"stack":"((<DictionaryAnalyzer>, u'\\u0441\\u0442\\u0440\\u0430\\u0434\\u0430\\u043b', 1092, 7),)"},"sentenceIndex":[5],"words":["страдал"],"wordsIndex":[8]},"то":{"params":{"class":"союз","classMask":15,"info":{"isCapital":false,"isUpper":false},"stack":"((<DictionaryAnalyzer>, u'\\u0442\\u043e', 20, 0),)"},"sentenceIndex":[4],"words":["то"],"wordsIndex":[2]},"транспорт":{"params":{"class":"с","classMask":1,"info":{"isCapital":false,"isUpper":false},"stack":"((<DictionaryAnalyzer>, u'\\u0442\\u0440\\u0430\\u043d\\u0441\\u043f\\u043e\\u0440\\u0442\\u0435', 33, 5),)"},"sentenceIndex":[5],"words":["транспорте"],"wordsIndex":[19]},"трап":{"params":{"class":"с","classMask":1,"info":{"isCapital":false,"isUpper":false},"stack":"((<DictionaryAnalyzer>, u'\\u0442\\u0440\\u0430\\u043f\\u0443', 33, 2),)"},"sentenceIndex":[4],"words":["трапу"],"wordsIndex":[5]},"увезти":{"params":{"class":"г","classMask":5,"info":{"isCapital":false,"isUpper":false},"stack":"((<DictionaryAnalyzer>, u'\\u0443\\u0432\\u0435\\u0437\\u043b\\u0438', 619, 4),)"},"sentenceIndex":[9],"words":["увезли"],"wordsIndex":[6]},"управление":{"params":{"class":"с","classMask":1,"info":{"isCapital":false,"isUpper":false},"stack":"((<DictionaryAnalyzer>, u'\\u0443\\u043f\\u0440\\u0430\\u0432\\u043b\\u0435\\u043d\\u0438\\u044f', 76, 2),)"},"sentenceIndex":[5],"words":["управления"],"wordsIndex":[17]},"уральский":{"params":{"class":"п","classMask":2,"info":{"isCapital":false,"isUpper":false},"stack":"((<DictionaryAnalyzer>, u'\\u0443\\u0440\\u0430\\u043b\\u044c\\u0441\\u043a\\u043e\\u0433\\u043e', 16, 1),)"},"sentenceIndex":[5],"words":["уральского"],"wordsIndex":[15]},"устанавливать":{"params":{"class":"г","classMask":5,"info":{"isCapital":false,"isUpper":false},"stack":"((<DictionaryAnalyzer>, u'\\u0443\\u0441\\u0442\\u0430\\u043d\\u0430\\u0432\\u043b\\u0438\\u0432\\u0430\\u044e\\u0442', 206, 6),)"},"sentenceIndex":[7],"words":["устанавливают"],"wordsIndex":[1]},"уфа":{"params":{"class":"имя","classMask":22,"info":{"isCapital":true,"isUpper":false},"stack":"((<DictionaryAnalyzer>, u'\\u0443\\u0444\\u0443', 35, 3),)"},"sentenceIndex":[8],"words":["Уфу"],"wordsIndex":[6]},"ухудшение":{"params":{"class":"с","classMask":1,"info":{"isCapital":false,"isUpper":false},"stack":"((<DictionaryAnalyzer>, u'\\u0443\\u0445\\u0443\\u0434\\u0448\\u0435\\u043d\\u0438\\u044f', 76, 2),)"},"sentenceIndex":[0],"words":["ухудшения"],"wordsIndex":[16]},"февраль":{"params":{"class":"с","classMask":1,"info":{"isCapital":false,"isUpper":false},"stack":"((<DictionaryAnalyzer>, u'\\u0444\\u0435\\u0432\\u0440\\u0430\\u043b\\u044f', 190, 1),)"},"sentenceIndex":[2],"words":["февраля"],"wordsIndex":[6]},"хабаровск":{"params":{"class":"имя","classMask":22,"info":{"isCapital":true,"isUpper":false},"stack":"((<DictionaryAnalyzer>, u'\\u0445\\u0430\\u0431\\u0430\\u0440\\u043e\\u0432\\u0441\\u043a', 73, 0),)"},"sentenceIndex":[0],"words":["Хабаровск"],"wordsIndex":[4]},"член":{"params":{"class":"с","classMask":1,"info":{"isCapital":false,"isUpper":false},"stack":"((<DictionaryAnalyzer>, u'\\u0447\\u043b\\u0435\\u043d\\u043e\\u0432', 52, 9),)"},"sentenceIndex":[6],"words":["членов"],"wordsIndex":[8]},"что":{"params":{"class":"союз","classMask":15,"info":{"isCapital":false,"isUpper":false},"stack":"((<DictionaryAnalyzer>, u'\\u0447\\u0442\\u043e', 3046, 0),)"},"sentenceIndex":[4],"words":["что"],"wordsIndex":[3]},"шереметьево":{"params":{"class":"имя","classMask":22,"info":{"isCapital":true,"isUpper":false},"stack":"((<DictionaryAnalyzer>, u'\\u0448\\u0435\\u0440\\u0435\\u043c\\u0435\\u0442\\u044c\\u0435\\u0432\\u043e', 56, 0),)"},"sentenceIndex":[8],"words":["Шереметьево"],"wordsIndex":[14]},"экипаж":{"params":{"class":"с","classMask":1,"info":{"isCapital":false,"isUpper":false},"stack":"((<DictionaryAnalyzer>, u'\\u044d\\u043a\\u0438\\u043f\\u0430\\u0436\\u0430', 79, 1),)"},"sentenceIndex":[6,8,9],"words":["экипажа","экипажа","экипажа"],"wordsIndex":[9,21,4]},"экстренно":{"params":{"class":"н","classMask":11,"info":{"isCapital":false,"isUpper":false},"stack":"((<DictionaryAnalyzer>, u'\\u044d\\u043a\\u0441\\u0442\\u0440\\u0435\\u043d\\u043d\\u043e', 3, 0),)"},"sentenceIndex":[4,9],"words":["экстренно","экстренно"],"wordsIndex":[10,5]},"экстренный":{"params":{"class":"п","classMask":2,"info":{"isCapital":false,"isUpper":false},"stack":"((<DictionaryAnalyzer>, u'\\u044d\\u043a\\u0441\\u0442\\u0440\\u0435\\u043d\\u043d\\u044b\\u0445', 328, 26),)"},"sentenceIndex":[1],"words":["экстренных"],"wordsIndex":[6]},"это":{"params":{"class":"мс","classMask":12,"info":{"isCapital":false,"isUpper":false},"stack":"((<DictionaryAnalyzer>, u'\\u044d\\u0442\\u043e\\u043c', 3098, 5),)"},"sentenceIndex":[1],"words":["этом"],"wordsIndex":[1]},"январь":{"params":{"class":"с","classMask":1,"info":{"isCapital":false,"isUpper":false},"stack":"((<DictionaryAnalyzer>, u'\\u044f\\u043d\\u0432\\u0430\\u0440\\u0435', 190, 5),)"},"sentenceIndex":[8],"words":["январе"],"wordsIndex":[1]}}