{"47":{"params":{"class":"наим","classMask":19,"info":{},"stack":""},"sentenceIndex":[1],"words":["47"],"wordsIndex":[0]},"47-летняя":{"params":{"class":"наим","classMask":19,"info":{},"stack":""},"sentenceIndex":[1],"words":["47-летняя"],"wordsIndex":[2]},"5":{"params":{"class":"число","classMask":10,"info":{},"stack":""},"sentenceIndex":[1],"words":["5"],"wordsIndex":[8]},"rostovgazeta":{"params":{"class":"имя","classMask":22,"info":{"isCapital":true,"isUpper":false},"stack":""},"sentenceIndex":[5],"words":["RostovGazeta"],"wordsIndex":[9]},"более":{"params":{"class":"н","classMask":11,"info":{"isCapital":false,"isUpper":false},"stack":"((<DictionaryAnalyzer>, u'\\u0431\\u043e\\u043b\\u0435\\u0435', 3, 0),)"},"sentenceIndex":[1],"words":["более"],"wordsIndex":[7]},"бухгалтер":{"params":{"class":"с","classMask":1,"info":{"isCapital":false,"isUpper":false},"stack":"((<DictionaryAnalyzer>, u'\\u0431\\u0443\\u0445\\u0433\\u0430\\u043b\\u0442\\u0435\\u0440\\u0430', 52, 1),)"},"sentenceIndex":[0],"words":["бухгалтера"],"wordsIndex":[8]},"бывший":{"params":{"class":"п","classMask":2,"info":{"isCapital":false,"isUpper":false},"stack":"((<DictionaryAnalyzer>, u'\\u0431\\u044b\\u0432\\u0448\\u0435\\u0433\\u043e', 585, 1),)"},"sentenceIndex":[0],"words":["бывшего"],"wordsIndex":[6]},"в":{"params":{"class":"символ","classMask":20,"info":{},"stack":""},"sentenceIndex":[0,1,2],"words":["В","в","в"],"wordsIndex":[0,5,2]},"возбудить":{"params":{"class":"кр_причастие","classMask":8,"info":{"isCapital":false,"isUpper":false},"stack":"((<DictionaryAnalyzer>, u'\\u0432\\u043e\\u0437\\u0431\\u0443\\u0436\\u0434\\u0435\\u043d\\u043e', 835, 73),)"},"sentenceIndex":[4],"words":["возбуждено"],"wordsIndex":[3]},"выплата":{"params":{"class":"с","classMask":1,"info":{"isCapital":false,"isUpper":false},"stack":"((<DictionaryAnalyzer>, u'\\u0432\\u044b\\u043f\\u043b\\u0430\\u0442', 55, 8),)"},"sentenceIndex":[3,3],"words":["выплат","выплат"],"wordsIndex":[4,6]},"главный":{"params":{"class":"п","classMask":2,"info":{"isCapital":false,"isUpper":false},"stack":"((<DictionaryAnalyzer>, u'\\u0433\\u043b\\u0430\\u0432\\u043d\\u043e\\u0433\\u043e', 214, 1),)"},"sentenceIndex":[0],"words":["главного"],"wordsIndex":[7]},"дело":{"params":{"class":"с","classMask":1,"info":{"isCapital":false,"isUpper":false},"stack":"((<DictionaryAnalyzer>, u'\\u0434\\u0435\\u043b\\u043e', 1266, 0),)"},"sentenceIndex":[4],"words":["дело"],"wordsIndex":[5]},"деньга":{"params":{"class":"с","classMask":1,"info":{"isCapital":false,"isUpper":false},"stack":"((<DictionaryAnalyzer>, u'\\u0434\\u0435\\u043d\\u044c\\u0433\\u0438', 1268, 1),)"},"sentenceIndex":[2],"words":["деньги"],"wordsIndex":[12]},"детский":{"params":{"class":"п","classMask":2,"info":{"isCapital":false,"isUpper":false},"stack":"((<DictionaryAnalyzer>, u'\\u0434\\u0435\\u0442\\u0441\\u043a\\u043e\\u0433\\u043e', 16, 15),)"},"sentenceIndex":[0],"words":["детского"],"wordsIndex":[9]},"для":{"params":{"class":"предл","classMask":14,"info":{"isCapital":false,"isUpper":false},"stack":"((<DictionaryAnalyzer>, u'\\u0434\\u043b\\u044f', 24, 0),)"},"sentenceIndex":[3],"words":["для"],"wordsIndex":[3]},"документ":{"params":{"class":"с","classMask":1,"info":{"isCapital":false,"isUpper":false},"stack":"((<DictionaryAnalyzer>, u'\\u0434\\u043e\\u043a\\u0443\\u043c\\u0435\\u043d\\u0442\\u044b', 33, 9),)"},"sentenceIndex":[2],"words":["документы"],"wordsIndex":[6]},"женщина":{"params":{"class":"с","classMask":1,"info":{"isCapital":false,"isUpper":false},"stack":"((<DictionaryAnalyzer>, u'\\u0436\\u0435\\u043d\\u0449\\u0438\\u043d\\u0430', 53, 0),)"},"sentenceIndex":[1],"words":["женщина"],"wordsIndex":[3]},"задержать":{"params":{"class":"г","classMask":5,"info":{"isCapital":false,"isUpper":false},"stack":"((<DictionaryAnalyzer>, u'\\u0437\\u0430\\u0434\\u0435\\u0440\\u0436\\u0430\\u043b\\u0438', 845, 4),)"},"sentenceIndex":[0],"words":["задержали"],"wordsIndex":[5]},"зерноградский":{"params":{"class":"имя","classMask":22,"info":{"isCapital":true,"isUpper":false},"stack":"((<DictionaryAnalyzer>, u'\\u0437\\u0435\\u0440\\u043d\\u043e\\u0433\\u0440\\u0430\\u0434\\u0441\\u043a\\u043e\\u043c', 16, 6),)"},"sentenceIndex":[0],"words":["Зерноградском"],"wordsIndex":[1]},"и":{"params":{"class":"символ","classMask":20,"info":{},"stack":""},"sentenceIndex":[2],"words":["и"],"wordsIndex":[7]},"кредитный":{"params":{"class":"п","classMask":2,"info":{"isCapital":false,"isUpper":false},"stack":"((<DictionaryAnalyzer>, u'\\u043a\\u0440\\u0435\\u0434\\u0438\\u0442\\u043d\\u043e\\u0435', 12, 14),)"},"sentenceIndex":[2],"words":["кредитное"],"wordsIndex":[3]},"летний":{"params":{"class":"п","classMask":2,"info":{"isCapital":false,"isUpper":false},"stack":"((<DictionaryAnalyzer>, u'\\u043b\\u0435\\u0442\\u043d\\u044f\\u044f', 382, 7),)"},"sentenceIndex":[1],"words":["летняя"],"wordsIndex":[1]},"миллион":{"params":{"class":"с","classMask":1,"info":{"isCapital":false,"isUpper":false},"stack":"((<DictionaryAnalyzer>, u'\\u043c\\u043b\\u043d', 1949, 12),)"},"sentenceIndex":[1],"words":["млн"],"wordsIndex":[9]},"на":{"params":{"class":"предл","classMask":14,"info":{"isCapital":false,"isUpper":false},"stack":"((<DictionaryAnalyzer>, u'\\u043d\\u0430', 24, 0),)"},"sentenceIndex":[2],"words":["на"],"wordsIndex":[9]},"находиться":{"params":{"class":"г","classMask":5,"info":{"isCapital":false,"isUpper":false},"stack":"((<DictionaryAnalyzer>, u'\\u043d\\u0430\\u0445\\u043e\\u0434\\u0438\\u0442\\u0441\\u044f', 411, 5),)"},"sentenceIndex":[5],"words":["находится"],"wordsIndex":[3]},"невыезд":{"params":{"class":"с","classMask":1,"info":{"isCapital":false,"isUpper":false},"stack":"((<DictionaryAnalyzer>, u'\\u043d\\u0435\\u0432\\u044b\\u0435\\u0437\\u0434\\u0435', 33, 5),)"},"sentenceIndex":[5],"words":["невыезде"],"wordsIndex":[7]},"о":{"params":{"class":"символ","classMask":20,"info":{},"stack":""},"sentenceIndex":[5],"words":["о"],"wordsIndex":[6]},"область":{"params":{"class":"с","classMask":1,"info":{"isCapital":false,"isUpper":false},"stack":"((<DictionaryAnalyzer>, u'\\u043e\\u0431\\u043b\\u0430\\u0441\\u0442\\u0438', 2150, 5),)"},"sentenceIndex":[0],"words":["области"],"wordsIndex":[4]},"она":{"params":{"class":"мс","classMask":12,"info":{"isCapital":false,"isUpper":false},"stack":"((<DictionaryAnalyzer>, u'\\u043e\\u043d\\u0430', 2209, 0),)"},"sentenceIndex":[5],"words":["она"],"wordsIndex":[2]},"переводить":{"params":{"class":"г","classMask":5,"info":{"isCapital":false,"isUpper":false},"stack":"((<DictionaryAnalyzer>, u'\\u043f\\u0435\\u0440\\u0435\\u0432\\u043e\\u0434\\u0438\\u043b\\u0430', 935, 2),)"},"sentenceIndex":[2],"words":["переводила"],"wordsIndex":[8]},"писать":{"params":{"class":"г","classMask":5,"info":{"isCapital":false,"isUpper":false},"stack":"((<DictionaryAnalyzer>, u'\\u043f\\u0438\\u0448\\u0435\\u0442', 2359, 5),)"},"sentenceIndex":[5],"words":["пишет"],"wordsIndex":[8]},"по":{"params":{"class":"предл","classMask":14,"info":{"isCapital":true,"isUpper":false},"stack":"((<DictionaryAnalyzer>, u'\\u043f\\u043e', 24, 0),)"},"sentenceIndex":[4],"words":["По"],"wordsIndex":[0]},"под":{"params":{"class":"предл","classMask":14,"info":{"isCapital":false,"isUpper":false},"stack":"((<DictionaryAnalyzer>, u'\\u043f\\u043e\\u0434', 375, 0),)"},"sentenceIndex":[5],"words":["под"],"wordsIndex":[4]},"поддельный":{"params":{"class":"п","classMask":2,"info":{"isCapital":false,"isUpper":false},"stack":"((<DictionaryAnalyzer>, u'\\u043f\\u043e\\u0434\\u0434\\u0435\\u043b\\u044c\\u043d\\u044b\\u0435', 211, 20),)"},"sentenceIndex":[2],"words":["поддельные"],"wordsIndex":[5]},"подозревать":{"params":{"class":"причастие","classMask":7,"info":{"isCapital":true,"isUpper":false},"stack":"((<DictionaryAnalyzer>, u'\\u043f\\u043e\\u0434\\u043e\\u0437\\u0440\\u0435\\u0432\\u0430\\u0435\\u043c\\u0430\\u044f', 206, 74),)"},"sentenceIndex":[2,5],"words":["Подозреваемая","Подозреваемую"],"wordsIndex":[0,0]},"подозреваться":{"params":{"class":"г","classMask":5,"info":{"isCapital":false,"isUpper":false},"stack":"((<DictionaryAnalyzer>, u'\\u043f\\u043e\\u0434\\u043e\\u0437\\u0440\\u0435\\u0432\\u0430\\u0435\\u0442\\u0441\\u044f', 224, 5),)"},"sentenceIndex":[1],"words":["подозревается"],"wordsIndex":[4]},"подписка":{"params":{"class":"с","classMask":1,"info":{"isCapital":false,"isUpper":false},"stack":"((<DictionaryAnalyzer>, u'\\u043f\\u043e\\u0434\\u043f\\u0438\\u0441\\u043a\\u043e\\u0439', 8, 4),)"},"sentenceIndex":[5],"words":["подпиской"],"wordsIndex":[5]},"похитить":{"params":{"class":"причастие","classMask":7,"info":{"isCapital":true,"isUpper":false},"stack":"((<DictionaryAnalyzer>, u'\\u043f\\u043e\\u0445\\u0438\\u0449\\u0435\\u043d\\u043d\\u044b\\u0435', 2038, 62),)"},"sentenceIndex":[3],"words":["Похищенные"],"wordsIndex":[0]},"предназначаться":{"params":{"class":"г","classMask":5,"info":{"isCapital":false,"isUpper":false},"stack":"((<DictionaryAnalyzer>, u'\\u043f\\u0440\\u0435\\u0434\\u043d\\u0430\\u0437\\u043d\\u0430\\u0447\\u0430\\u043b\\u0438\\u0441\\u044c', 224, 10),)"},"sentenceIndex":[3],"words":["предназначались"],"wordsIndex":[2]},"предоставлять":{"params":{"class":"г","classMask":5,"info":{"isCapital":false,"isUpper":false},"stack":"((<DictionaryAnalyzer>, u'\\u043f\\u0440\\u0435\\u0434\\u043e\\u0441\\u0442\\u0430\\u0432\\u043b\\u044f\\u043b\\u0430', 206, 8),)"},"sentenceIndex":[2],"words":["предоставляла"],"wordsIndex":[1]},"присвоение":{"params":{"class":"с","classMask":1,"info":{"isCapital":false,"isUpper":false},"stack":"((<DictionaryAnalyzer>, u'\\u043f\\u0440\\u0438\\u0441\\u0432\\u043e\\u0435\\u043d\\u0438\\u0438', 76, 10),)"},"sentenceIndex":[1],"words":["присвоении"],"wordsIndex":[6]},"район":{"params":{"class":"с","classMask":1,"info":{"isCapital":false,"isUpper":false},"stack":"((<DictionaryAnalyzer>, u'\\u0440\\u0430\\u0439\\u043e\\u043d\\u0435', 33, 5),)"},"sentenceIndex":[0],"words":["районе"],"wordsIndex":[2]},"ростовский":{"params":{"class":"имя","classMask":22,"info":{"isCapital":true,"isUpper":false},"stack":"((<DictionaryAnalyzer>, u'\\u0440\\u043e\\u0441\\u0442\\u043e\\u0432\\u0441\\u043a\\u043e\\u0439', 16, 13),)"},"sentenceIndex":[0],"words":["Ростовской"],"wordsIndex":[3]},"рубль":{"params":{"class":"с","classMask":1,"info":{"isCapital":false,"isUpper":false},"stack":"((<DictionaryAnalyzer>, u'\\u0440\\u0443\\u0431\\u043b\\u0435\\u0439', 2694, 7),)"},"sentenceIndex":[1],"words":["рублей"],"wordsIndex":[10]},"садик":{"params":{"class":"с","classMask":1,"info":{"isCapital":false,"isUpper":false},"stack":"((<DictionaryAnalyzer>, u'\\u0441\\u0430\\u0434\\u0438\\u043a\\u0430', 19, 1),)"},"sentenceIndex":[0,3],"words":["садика","садика"],"wordsIndex":[10,8]},"свой":{"params":{"class":"п","classMask":2,"info":{"isCapital":false,"isUpper":false},"stack":"((<DictionaryAnalyzer>, u'\\u0441\\u0432\\u043e\\u0439', 2737, 3),)"},"sentenceIndex":[2],"words":["свой"],"wordsIndex":[10]},"случиться":{"params":{"class":"причастие","classMask":7,"info":{"isCapital":false,"isUpper":false},"stack":"((<DictionaryAnalyzer>, u'\\u0441\\u043b\\u0443\\u0447\\u0438\\u0432\\u0448\\u0435\\u0433\\u043e\\u0441\\u044f', 804, 30),)"},"sentenceIndex":[4],"words":["случившегося"],"wordsIndex":[2]},"сотрудник":{"params":{"class":"с","classMask":1,"info":{"isCapital":false,"isUpper":false},"stack":"((<DictionaryAnalyzer>, u'\\u0441\\u043e\\u0442\\u0440\\u0443\\u0434\\u043d\\u0438\\u043a\\u0430\\u043c', 2, 8),)"},"sentenceIndex":[3],"words":["сотрудникам"],"wordsIndex":[7]},"средство":{"params":{"class":"с","classMask":1,"info":{"isCapital":false,"isUpper":false},"stack":"((<DictionaryAnalyzer>, u'\\u0441\\u0440\\u0435\\u0434\\u0441\\u0442\\u0432\\u0430', 54, 1),)"},"sentenceIndex":[3],"words":["средства"],"wordsIndex":[1]},"стимулировать":{"params":{"class":"причастие","classMask":7,"info":{"isCapital":false,"isUpper":false},"stack":"((<DictionaryAnalyzer>, u'\\u0441\\u0442\\u0438\\u043c\\u0443\\u043b\\u0438\\u0440\\u0443\\u044e\\u0449\\u0438\\u0445', 75, 105),)"},"sentenceIndex":[3],"words":["стимулирующих"],"wordsIndex":[5]},"счёт":{"params":{"class":"с","classMask":1,"info":{"isCapital":false,"isUpper":false},"stack":"((<DictionaryAnalyzer>, u'\\u0441\\u0447\\u0451\\u0442', 2860, 3),)"},"sentenceIndex":[2],"words":["счет"],"wordsIndex":[11]},"уволить":{"params":{"class":"г","classMask":5,"info":{"isCapital":false,"isUpper":false},"stack":"((<DictionaryAnalyzer>, u'\\u0443\\u0432\\u043e\\u043b\\u0438\\u043b\\u0438', 623, 4),)"},"sentenceIndex":[5],"words":["уволили"],"wordsIndex":[1]},"уголовный":{"params":{"class":"п","classMask":2,"info":{"isCapital":false,"isUpper":false},"stack":"((<DictionaryAnalyzer>, u'\\u0443\\u0433\\u043e\\u043b\\u043e\\u0432\\u043d\\u043e\\u0435', 12, 14),)"},"sentenceIndex":[4],"words":["уголовное"],"wordsIndex":[4]},"учреждение":{"params":{"class":"с","classMask":1,"info":{"isCapital":false,"isUpper":false},"stack":"((<DictionaryAnalyzer>, u'\\u0443\\u0447\\u0440\\u0435\\u0436\\u0434\\u0435\\u043d\\u0438\\u0435', 76, 0),)"},"sentenceIndex":[2],"words":["учреждение"],"wordsIndex":[4]},"факт":{"params":{"class":"с","classMask":1,"info":{"isCapital":false,"isUpper":false},"stack":"((<DictionaryAnalyzer>, u'\\u0444\\u0430\\u043a\\u0442\\u0443', 33, 2),)"},"sentenceIndex":[4],"words":["факту"],"wordsIndex":[1]}}