{"23":{"params":{"class":"наим","classMask":19,"info":{},"stack":""},"sentenceIndex":[6],"words":["23"],"wordsIndex":[2]},"26":{"params":{"class":"наим","classMask":19,"info":{},"stack":""},"sentenceIndex":[5],"words":["26"],"wordsIndex":[14]},"7":{"params":{"class":"число","classMask":10,"info":{},"stack":""},"sentenceIndex":[6],"words":["7"],"wordsIndex":[5]},"апрель":{"params":{"class":"с","classMask":1,"info":{"isCapital":false,"isUpper":false},"stack":"((<DictionaryAnalyzer>, u'\\u0430\\u043f\\u0440\\u0435\\u043b\\u044f', 91, 1),)"},"sentenceIndex":[6],"words":["апреля"],"wordsIndex":[3]},"большинство":{"params":{"class":"с","classMask":1,"info":{"isCapital":false,"isUpper":false},"stack":"((<DictionaryAnalyzer>, u'\\u0431\\u043e\\u043b\\u044c\\u0448\\u0438\\u043d\\u0441\\u0442\\u0432\\u043e', 109, 0),)"},"sentenceIndex":[1,3],"words":["большинство","большинство"],"wordsIndex":[4,6]},"в":{"params":{"class":"символ","classMask":20,"info":{},"stack":""},"sentenceIndex":[2,3,5,5,5],"words":["в","в","в","во","во"],"wordsIndex":[2,10,6,11,18]},"вернуться":{"params":{"class":"г","classMask":5,"info":{"isCapital":false,"isUpper":false},"stack":"((<DictionaryAnalyzer>, u'\\u0432\\u0435\\u0440\\u043d\\u0443\\u0442\\u0441\\u044f', 504, 10),)"},"sentenceIndex":[4,4],"words":["вернутся","вернутся"],"wordsIndex":[6,10]},"война":{"params":{"class":"с","classMask":1,"info":{"isCapital":false,"isUpper":false},"stack":"((<DictionaryAnalyzer>, u'\\u0432\\u043e\\u0439\\u043d\\u044b', 55, 1),)"},"sentenceIndex":[4],"words":["войны"],"wordsIndex":[12]},"второе":{"params":{"class":"с","classMask":1,"info":{"isCapital":false,"isUpper":false},"stack":"((<DictionaryAnalyzer>, u'\\u0432\\u0442\\u043e\\u0440\\u043e\\u043c', 972, 5),)"},"sentenceIndex":[5],"words":["втором"],"wordsIndex":[19]},"вы":{"params":{"class":"мс","classMask":12,"info":{"isCapital":false,"isUpper":false},"stack":"((<DictionaryAnalyzer>, u'\\u0432\\u044b', 977, 0),)"},"sentenceIndex":[3],"words":["вы"],"wordsIndex":[1]},"выбор":{"params":{"class":"с","classMask":1,"info":{"isCapital":false,"isUpper":false},"stack":"((<DictionaryAnalyzer>, u'\\u0432\\u044b\\u0431\\u043e\\u0440\\u043e\\u0432', 33, 7),)"},"sentenceIndex":[5],"words":["выборов"],"wordsIndex":[10]},"выборы":{"params":{"class":"с","classMask":1,"info":{"isCapital":false,"isUpper":false},"stack":"((<DictionaryAnalyzer>, u'\\u0432\\u044b\\u0431\\u043e\\u0440\\u0430\\u0445', 133, 5),)"},"sentenceIndex":[0,3],"words":["выборах","выборах"],"wordsIndex":[14,18]},"глава":{"params":{"class":"с","classMask":1,"info":{"isCapital":false,"isUpper":false},"stack":"((<DictionaryAnalyzer>, u'\\u0433\\u043b\\u0430\\u0432\\u0430', 513, 0),)"},"sentenceIndex":[2],"words":["глава"],"wordsIndex":[7]},"голос":{"params":{"class":"с","classMask":1,"info":{"isCapital":false,"isUpper":false},"stack":"((<DictionaryAnalyzer>, u'\\u0433\\u043e\\u043b\\u043e\\u0441\\u043e\\u0432', 1175, 8),)"},"sentenceIndex":[5],"words":["голосов"],"wordsIndex":[15]},"голосование":{"params":{"class":"с","classMask":1,"info":{"isCapital":true,"isUpper":false},"stack":"((<DictionaryAnalyzer>, u'\\u0433\\u043e\\u043b\\u043e\\u0441\\u043e\\u0432\\u0430\\u043d\\u0438\\u044f', 76, 2),)"},"sentenceIndex":[6],"words":["Голосования"],"wordsIndex":[0]},"гольдшмидт":{"params":{"class":"имя","classMask":22,"info":{"isCapital":true,"isUpper":false},"stack":"((<DictionaryAnalyzer>, u'\\u0448\\u043c\\u0438\\u0434\\u0442', 28, 0), (<UnknownPrefixAnalyzer>, u'\\u0433\\u043e\\u043b\\u044c\\u0434'))"},"sentenceIndex":[2,3],"words":["Гольдшмидт","Гольдшмидт"],"wordsIndex":[12,26]},"государство":{"params":{"class":"с","classMask":1,"info":{"isCapital":false,"isUpper":false},"stack":"((<DictionaryAnalyzer>, u'\\u0433\\u043e\\u0441\\u0443\\u0434\\u0430\\u0440\\u0441\\u0442\\u0432\\u0430', 54, 1),)"},"sentenceIndex":[4],"words":["государства"],"wordsIndex":[5]},"да":{"params":{"class":"част","classMask":16,"info":{"isCapital":false,"isUpper":false},"stack":"((<DictionaryAnalyzer>, u'\\u0434\\u0430', 22, 0),)"},"sentenceIndex":[3],"words":["да"],"wordsIndex":[23]},"еврей":{"params":{"class":"с","classMask":1,"info":{"isCapital":false,"isUpper":false},"stack":"((<DictionaryAnalyzer>, u'\\u0435\\u0432\\u0440\\u0435\\u0438', 66, 6),)"},"sentenceIndex":[0,3],"words":["евреи","евреев"],"wordsIndex":[1,7]},"европа":{"params":{"class":"имя","classMask":22,"info":{"isCapital":true,"isUpper":false},"stack":"((<DictionaryAnalyzer>, u'\\u0435\\u0432\\u0440\\u043e\\u043f\\u044b', 35, 1),)"},"sentenceIndex":[2,4],"words":["Европы","Европы"],"wordsIndex":[10,15]},"европейский":{"params":{"class":"п","classMask":2,"info":{"isCapital":false,"isUpper":false},"stack":"((<DictionaryAnalyzer>, u'\\u0435\\u0432\\u0440\\u043e\\u043f\\u0435\\u0439\\u0441\\u043a\\u0438\\u0435', 16, 20),)"},"sentenceIndex":[4],"words":["европейские"],"wordsIndex":[4]},"если":{"params":{"class":"союз","classMask":15,"info":{"isCapital":true,"isUpper":false},"stack":"((<DictionaryAnalyzer>, u'\\u0435\\u0441\\u043b\\u0438', 20, 0),)"},"sentenceIndex":[1,3,4],"words":["Если","Если","если"],"wordsIndex":[0,0,3]},"заявить":{"params":{"class":"г","classMask":5,"info":{"isCapital":false,"isUpper":false},"stack":"((<DictionaryAnalyzer>, u'\\u0437\\u0430\\u044f\\u0432\\u0438\\u043b', 647, 1),)"},"sentenceIndex":[2],"words":["заявил"],"wordsIndex":[6]},"и":{"params":{"class":"символ","classMask":20,"info":{},"stack":""},"sentenceIndex":[4,6],"words":["и","и"],"wordsIndex":[11,4]},"из":{"params":{"class":"предл","classMask":14,"info":{"isCapital":false,"isUpper":false},"stack":"((<DictionaryAnalyzer>, u'\\u0438\\u0437', 375, 0),)"},"sentenceIndex":[1,3],"words":["из","из"],"wordsIndex":[5,8]},"интервью":{"params":{"class":"с","classMask":1,"info":{"isCapital":false,"isUpper":false},"stack":"((<DictionaryAnalyzer>, u'\\u0438\\u043d\\u0442\\u0435\\u0440\\u0432\\u044c\\u044e', 23, 3),)"},"sentenceIndex":[2],"words":["интервью"],"wordsIndex":[3]},"к":{"params":{"class":"символ","classMask":20,"info":{},"stack":""},"sentenceIndex":[4],"words":["к"],"wordsIndex":[7]},"ле":{"params":{"class":"имя","classMask":22,"info":{"isCapital":true,"isUpper":false},"stack":""},"sentenceIndex":[0,3,5],"words":["Ле","Ле","Ле"],"wordsIndex":[10,14,3]},"ли":{"params":{"class":"част","classMask":16,"info":{"isCapital":false,"isUpper":false},"stack":"((<DictionaryAnalyzer>, u'\\u043b\\u0438', 22, 0),)"},"sentenceIndex":[3],"words":["ли"],"wordsIndex":[5]},"лидер":{"params":{"class":"с","classMask":1,"info":{"isCapital":false,"isUpper":false},"stack":"((<DictionaryAnalyzer>, u'\\u043b\\u0438\\u0434\\u0435\\u0440\\u0430', 52, 1),)"},"sentenceIndex":[0],"words":["лидера"],"wordsIndex":[5]},"май":{"params":{"class":"с","classMask":1,"info":{"isCapital":false,"isUpper":false},"stack":"((<DictionaryAnalyzer>, u'\\u043c\\u0430\\u044f', 865, 1),)"},"sentenceIndex":[6],"words":["мая"],"wordsIndex":[6]},"марин":{"params":{"class":"имя","classMask":22,"info":{"isCapital":true,"isUpper":false},"stack":"((<DictionaryAnalyzer>, u'\\u043c\\u0430\\u0440\\u0438\\u043d', 26, 0),)"},"sentenceIndex":[0,3],"words":["Марин","Марин"],"wordsIndex":[9,13]},"между":{"params":{"class":"предл","classMask":14,"info":{"isCapital":false,"isUpper":false},"stack":"((<DictionaryAnalyzer>, u'\\u043c\\u0435\\u0436\\u0434\\u0443', 24, 0),)"},"sentenceIndex":[4],"words":["между"],"wordsIndex":[13]},"на":{"params":{"class":"предл","classMask":14,"info":{"isCapital":false,"isUpper":false},"stack":"((<DictionaryAnalyzer>, u'\\u043d\\u0430', 24, 0),)"},"sentenceIndex":[0,3],"words":["на","на"],"wordsIndex":[12,16]},"набрать":{"params":{"class":"деепричастие","classMask":9,"info":{"isCapital":false,"isUpper":false},"stack":"((<DictionaryAnalyzer>, u'\\u043d\\u0430\\u0431\\u0440\\u0430\\u0432', 1287, 69),)"},"sentenceIndex":[5],"words":["набрав"],"wordsIndex":[13]},"национальный":{"params":{"class":"имя","classMask":22,"info":{"isCapital":true,"isUpper":false},"stack":"((<DictionaryAnalyzer>, u'\\u043d\\u0430\\u0446\\u0438\\u043e\\u043d\\u0430\\u043b\\u044c\\u043d\\u044b\\u0439', 60, 0),)"},"sentenceIndex":[0],"words":["Национальный"],"wordsIndex":[7]},"недавний":{"params":{"class":"п","classMask":2,"info":{"isCapital":false,"isUpper":false},"stack":"((<DictionaryAnalyzer>, u'\\u043d\\u0435\\u0434\\u0430\\u0432\\u043d\\u0435\\u043c\\u0443', 2062, 2),)"},"sentenceIndex":[5],"words":["недавнему"],"wordsIndex":[1]},"новость":{"params":{"class":"имя","classMask":22,"info":{"isCapital":true,"isUpper":false},"stack":"((<DictionaryAnalyzer>, u'\\u043d\\u043e\\u0432\\u043e\\u0441\\u0442\\u0438', 13, 1),)"},"sentenceIndex":[2],"words":["Новости"],"wordsIndex":[5]},"о":{"params":{"class":"предл","classMask":14,"info":{"isCapital":true,"isUpper":false},"stack":"((<DictionaryAnalyzer>, u'\\u043e\\u0431', 2133, 1),)"},"sentenceIndex":[2],"words":["Об"],"wordsIndex":[0]},"однако":{"params":{"class":"союз","classMask":15,"info":{"isCapital":false,"isUpper":false},"stack":"((<DictionaryAnalyzer>, u'\\u043e\\u0434\\u043d\\u0430\\u043a\\u043e', 2200, 0),)"},"sentenceIndex":[5],"words":["однако"],"wordsIndex":[16]},"он":{"params":{"class":"мс","classMask":12,"info":{"isCapital":false,"isUpper":false},"stack":"((<DictionaryAnalyzer>, u'\\u0435\\u0433\\u043e', 2208, 5),)"},"sentenceIndex":[4],"words":["его"],"wordsIndex":[1]},"они":{"params":{"class":"мс","classMask":12,"info":{"isCapital":false,"isUpper":false},"stack":"((<DictionaryAnalyzer>, u'\\u043d\\u0438\\u0445', 2210, 2),)"},"sentenceIndex":[1],"words":["них"],"wordsIndex":[6]},"опасаться":{"params":{"class":"г","classMask":5,"info":{"isCapital":false,"isUpper":false},"stack":"((<DictionaryAnalyzer>, u'\\u043e\\u043f\\u0430\\u0441\\u0430\\u044e\\u0442\\u0441\\u044f', 224, 6),)"},"sentenceIndex":[0],"words":["опасаются"],"wordsIndex":[3]},"опрос":{"params":{"class":"с","classMask":1,"info":{"isCapital":false,"isUpper":false},"stack":"((<DictionaryAnalyzer>, u'\\u043e\\u043f\\u0440\\u043e\\u0441\\u0443', 33, 2),)"},"sentenceIndex":[5],"words":["опросу"],"wordsIndex":[2]},"очень":{"params":{"class":"н","classMask":11,"info":{"isCapital":false,"isUpper":false},"stack":"((<DictionaryAnalyzer>, u'\\u043e\\u0447\\u0435\\u043d\\u044c', 3, 0),)"},"sentenceIndex":[0],"words":["очень"],"wordsIndex":[2]},"партия":{"params":{"class":"с","classMask":1,"info":{"isCapital":false,"isUpper":false},"stack":"((<DictionaryAnalyzer>, u'\\u043f\\u0430\\u0440\\u0442\\u0438\\u0438', 40, 1),)"},"sentenceIndex":[0],"words":["партии"],"wordsIndex":[6]},"пена":{"params":{"class":"имя","classMask":22,"info":{"isCapital":true,"isUpper":false},"stack":"((<DictionaryAnalyzer>, u'\\u043f\\u0435\\u043d', 55, 8),)"},"sentenceIndex":[0,3,5],"words":["Пен","Пен","Пен"],"wordsIndex":[11,15,4]},"первое":{"params":{"class":"с","classMask":1,"info":{"isCapital":false,"isUpper":false},"stack":"((<DictionaryAnalyzer>, u'\\u043f\\u0435\\u0440\\u0432\\u043e\\u043c', 972, 5),)"},"sentenceIndex":[5],"words":["первом"],"wordsIndex":[7]},"пинхас":{"params":{"class":"имя","classMask":22,"info":{"isCapital":true,"isUpper":false},"stack":"((<FakeDictionary>, u'\\u043f\\u0438\\u043d\\u0445\\u0430\\u0441', 26, 0), (<KnownSuffixAnalyzer>, u'\\u0445\\u0430\\u0441'))"},"sentenceIndex":[2],"words":["Пинхас"],"wordsIndex":[11]},"по":{"params":{"class":"предл","classMask":14,"info":{"isCapital":true,"isUpper":false},"stack":"((<DictionaryAnalyzer>, u'\\u043f\\u043e', 24, 0),)"},"sentenceIndex":[4],"words":["По"],"wordsIndex":[0]},"победа":{"params":{"class":"с","classMask":1,"info":{"isCapital":false,"isUpper":false},"stack":"((<DictionaryAnalyzer>, u'\\u043f\\u043e\\u0431\\u0435\\u0434\\u044b', 55, 1),)"},"sentenceIndex":[0,3],"words":["победы","победы"],"wordsIndex":[4,12]},"победить":{"params":{"class":"г","classMask":5,"info":{"isCapital":false,"isUpper":false},"stack":"((<DictionaryAnalyzer>, u'\\u043f\\u043e\\u0431\\u0435\\u0434\\u0438\\u0442', 860, 9),)"},"sentenceIndex":[5],"words":["победит"],"wordsIndex":[5]},"покинуть":{"params":{"class":"г","classMask":5,"info":{"isCapital":false,"isUpper":false},"stack":"((<DictionaryAnalyzer>, u'\\u043f\\u043e\\u043a\\u0438\\u043d\\u0435\\u0442', 649, 9),)"},"sentenceIndex":[1],"words":["покинет"],"wordsIndex":[7]},"президентский":{"params":{"class":"п","classMask":2,"info":{"isCapital":false,"isUpper":false},"stack":"((<DictionaryAnalyzer>, u'\\u043f\\u0440\\u0435\\u0437\\u0438\\u0434\\u0435\\u043d\\u0442\\u0441\\u043a\\u0438\\u0445', 16, 21),)"},"sentenceIndex":[0,3,5],"words":["президентских","президентских","президентских"],"wordsIndex":[13,17,9]},"проиграть":{"params":{"class":"г","classMask":5,"info":{"isCapital":false,"isUpper":false},"stack":"((<DictionaryAnalyzer>, u'\\u043f\\u0440\\u043e\\u0438\\u0433\\u0440\\u0430\\u0435\\u0442', 614, 9),)"},"sentenceIndex":[5],"words":["проиграет"],"wordsIndex":[17]},"пройти":{"params":{"class":"г","classMask":5,"info":{"isCapital":false,"isUpper":false},"stack":"((<DictionaryAnalyzer>, u'\\u043f\\u0440\\u043e\\u0439\\u0434\\u0443\\u0442', 2013, 10),)"},"sentenceIndex":[6],"words":["пройдут"],"wordsIndex":[1]},"раввин":{"params":{"class":"с","classMask":1,"info":{"isCapital":false,"isUpper":false},"stack":"((<DictionaryAnalyzer>, u'\\u0440\\u0430\\u0432\\u0432\\u0438\\u043d\\u043e\\u0432', 52, 7),)"},"sentenceIndex":[2],"words":["раввинов"],"wordsIndex":[9]},"риа":{"params":{"class":"с","classMask":1,"info":{"isCapital":false,"isUpper":true},"stack":"((<DictionaryAnalyzer>, u'\\u0440\\u0438\\u0430', 148, 0),)"},"sentenceIndex":[2],"words":["РИА"],"wordsIndex":[4]},"сказать":{"params":{"class":"г","classMask":5,"info":{"isCapital":false,"isUpper":false},"stack":"((<DictionaryAnalyzer>, u'\\u0441\\u043a\\u0430\\u0436\\u0443', 638, 5),)"},"sentenceIndex":[3,3],"words":["скажу","сказал"],"wordsIndex":[21,25]},"следующий":{"params":{"class":"п","classMask":2,"info":{"isCapital":false,"isUpper":false},"stack":"((<DictionaryAnalyzer>, u'\\u0441\\u043b\\u0435\\u0434\\u0443\\u044e\\u0449\\u0435\\u0435', 162, 14),)"},"sentenceIndex":[3],"words":["следующее"],"wordsIndex":[22]},"слово":{"params":{"class":"с","classMask":1,"info":{"isCapital":false,"isUpper":false},"stack":"((<DictionaryAnalyzer>, u'\\u0441\\u043b\\u043e\\u0432\\u0430\\u043c', 54, 8),)"},"sentenceIndex":[4],"words":["словам"],"wordsIndex":[2]},"случай":{"params":{"class":"с","classMask":1,"info":{"isCapital":false,"isUpper":false},"stack":"((<DictionaryAnalyzer>, u'\\u0441\\u043b\\u0443\\u0447\\u0430\\u0435', 175, 5),)"},"sentenceIndex":[3],"words":["случае"],"wordsIndex":[11]},"случиться":{"params":{"class":"г","classMask":5,"info":{"isCapital":false,"isUpper":false},"stack":"((<DictionaryAnalyzer>, u'\\u0441\\u043b\\u0443\\u0447\\u0438\\u0442\\u0441\\u044f', 804, 9),)"},"sentenceIndex":[1],"words":["случится"],"wordsIndex":[2]},"совет":{"params":{"class":"имя","classMask":22,"info":{"isCapital":true,"isUpper":false},"stack":"((<DictionaryAnalyzer>, u'\\u0441\\u043e\\u0432\\u0435\\u0442\\u0430', 33, 1),)"},"sentenceIndex":[2],"words":["Совета"],"wordsIndex":[8]},"согласно":{"params":{"class":"предл","classMask":14,"info":{"isCapital":true,"isUpper":false},"stack":"((<DictionaryAnalyzer>, u'\\u0441\\u043e\\u0433\\u043b\\u0430\\u0441\\u043d\\u043e', 24, 0),)"},"sentenceIndex":[5],"words":["Согласно"],"wordsIndex":[0]},"спросить":{"params":{"class":"г","classMask":5,"info":{"isCapital":false,"isUpper":false},"stack":"((<DictionaryAnalyzer>, u'\\u0441\\u043f\\u0440\\u043e\\u0441\\u0438\\u0442\\u0435', 819, 8),)"},"sentenceIndex":[3],"words":["спросите"],"wordsIndex":[3]},"страна":{"params":{"class":"с","classMask":1,"info":{"isCapital":false,"isUpper":false},"stack":"((<DictionaryAnalyzer>, u'\\u0441\\u0442\\u0440\\u0430\\u043d\\u0443', 55, 3),)"},"sentenceIndex":[1,4],"words":["страну","странами"],"wordsIndex":[8,14]},"то":{"params":{"class":"союз","classMask":15,"info":{"isCapital":false,"isUpper":false},"stack":"((<DictionaryAnalyzer>, u'\\u0442\\u043e', 20, 0),)"},"sentenceIndex":[1,3,4],"words":["то","то","то"],"wordsIndex":[3,19,9]},"тур":{"params":{"class":"с","classMask":1,"info":{"isCapital":false,"isUpper":false},"stack":"((<DictionaryAnalyzer>, u'\\u0442\\u0443\\u0440\\u0435', 33, 5),)"},"sentenceIndex":[5,5],"words":["туре","туре"],"wordsIndex":[8,20]},"уехать":{"params":{"class":"г","classMask":5,"info":{"isCapital":false,"isUpper":false},"stack":"((<DictionaryAnalyzer>, u'\\u0443\\u0435\\u0434\\u0435\\u0442', 779, 9),)"},"sentenceIndex":[3,3],"words":["уедет","уедет"],"wordsIndex":[4,24]},"ультранационализм":{"params":{"class":"с","classMask":1,"info":{"isCapital":false,"isUpper":false},"stack":"((<DictionaryAnalyzer>, u'\\u043d\\u0430\\u0446\\u0438\\u043e\\u043d\\u0430\\u043b\\u0438\\u0437\\u043c\\u0443', 33, 2), (<KnownPrefixAnalyzer>, u'\\u0443\\u043b\\u044c\\u0442\\u0440\\u0430'))"},"sentenceIndex":[4],"words":["ультранационализму"],"wordsIndex":[8]},"франция":{"params":{"class":"имя","classMask":1122,"info":{"isCapital":true,"isCountry":true,"isUpper":false},"stack":"((<DictionaryAnalyzer>, u'\\u0444\\u0440\\u0430\\u043d\\u0446\\u0438\\u0438', 70, 1),)"},"sentenceIndex":[3,5],"words":["Франции","Франции"],"wordsIndex":[9,12]},"французский":{"params":{"class":"п","classMask":2,"info":{"isCapital":true,"isUpper":false},"stack":"((<DictionaryAnalyzer>, u'\\u0444\\u0440\\u0430\\u043d\\u0446\\u0443\\u0437\\u0441\\u043a\\u0438\\u0435', 16, 20),)"},"sentenceIndex":[0],"words":["Французские"],"wordsIndex":[0]},"фронт":{"params":{"class":"с","classMask":1,"info":{"isCapital":false,"isUpper":false},"stack":"((<DictionaryAnalyzer>, u'\\u0444\\u0440\\u043e\\u043d\\u0442', 503, 0),)"},"sentenceIndex":[0],"words":["фронт"],"wordsIndex":[8]},"это":{"params":{"class":"част","classMask":16,"info":{"isCapital":false,"isUpper":false},"stack":"((<DictionaryAnalyzer>, u'\\u044d\\u0442\\u043e', 22, 0),)"},"sentenceIndex":[1,2],"words":["это","этом"],"wordsIndex":[1,1]},"я":{"params":{"class":"мс","classMask":12,"info":{"isCapital":false,"isUpper":false},"stack":"((<DictionaryAnalyzer>, u'\\u043c\\u0435\\u043d\\u044f', 3100, 3),)"},"sentenceIndex":[3,3],"words":["меня","я"],"wordsIndex":[2,20]}}