{"быть":{"indexObj":{"classMask":5,"counter":106921.0,"finded":19713,"isExisted":true,"letterId":1,"meta":"{}","server":"_buber3_","table":"wordIndex.ru","uid":253,"word":"быть","wordHash":"714cdce3286cb2e2d53894204ad7c323_fcf73f0508e9f990293dfa00a5434e590dd4fb647c39ce4b1e7dafff7d73b474f4433574fc482055ab35a432ae9f7c848645cd7b94596a9006f0b64e37f06a17","wordId":"1:253"},"morphObj":{"params":{"class":"г","classMask":5,"info":{"isCapital":false,"isUpper":false},"stack":"((<DictionaryAnalyzer>, u'\\u0431\\u0443\\u0434\\u0443\\u0442', 587, 13),)"},"sentenceIndex":[5],"words":["будут"],"wordsIndex":[2]},"rating":50.0,"stats":{"counter":106921.0,"counterAll":106921.0,"isAdjf":0,"isCombo":0,"isComp":0,"isCountry":0,"isEng":0,"isName":0,"isNominal":0,"isNoun":0,"isNum":0,"isPrtf":0,"isSymbol":0,"isUnknown":0,"isVerb":1,"repeat":0.5,"weight":1.0000374121982472,"weightAll":1.0000374121982472}},"бюро":{"indexObj":{"classMask":1,"counter":422.0,"finded":321,"isExisted":true,"letterId":1,"meta":"{}","server":"_buber3_","table":"wordIndex.ru","uid":14850,"word":"бюро","wordHash":"97d67b5347e845b620d727c42c21ae1f_d11e554acdc5abd28e51ed73b33073175219a5960aca93ddfb6c374ab0d386216ee8ff6c18a0bcfe91e4d7f77207132b4f7057dc5227e766ca0a6f803aff758c","wordId":"1:14850"},"morphObj":{"params":{"class":"с","classMask":1,"info":{"isCapital":false,"isUpper":false},"stack":"((<DictionaryAnalyzer>, u'\\u0431\\u044e\\u0440\\u043e', 23, 0),)"},"sentenceIndex":[3],"words":["бюро"],"wordsIndex":[4]},"rating":50.0,"stats":{"counter":422.0,"counterAll":422.0,"isAdjf":0,"isCombo":0,"isComp":0,"isCountry":0,"isEng":0,"isName":0,"isNominal":0,"isNoun":1,"isNum":0,"isPrtf":0,"isSymbol":0,"isUnknown":0,"isVerb":0,"repeat":0.5,"weight":0.003946986915083663,"weightAll":0.003946986915083663}},"горком":{"indexObj":{"classMask":1,"counter":68.0,"finded":60,"isExisted":true,"letterId":3,"meta":"{}","server":"_buber3_","table":"wordIndex.ru","uid":22597,"word":"горком","wordHash":"d1266f1ce019ebaaf412100901caed91_3720fac0d2d2dbd525461e6d0c4641b9bbd231a99b42b7bbc47b84b44f2bff544244c4088f2609379d933b3bbb0dc9888a0a004c4625262f09ac7bd145d5d700","wordId":"3:22597"},"morphObj":{"params":{"class":"с","classMask":1,"info":{"isCapital":false,"isUpper":false},"stack":"((<DictionaryAnalyzer>, u'\\u0433\\u043e\\u0440\\u043a\\u043e\\u043c', 33, 0),)"},"sentenceIndex":[4],"words":["горком"],"wordsIndex":[12]},"rating":50.0,"stats":{"counter":68.0,"counterAll":68.0,"isAdjf":0,"isCombo":0,"isComp":0,"isCountry":0,"isEng":0,"isName":0,"isNominal":0,"isNoun":1,"isNum":0,"isPrtf":0,"isSymbol":0,"isUnknown":0,"isVerb":0,"repeat":0.5,"weight":0.0006360073702030547,"weightAll":0.0006360073702030547}},"госслужащий":{"indexObj":{"classMask":1,"counter":45.0,"finded":37,"isExisted":true,"letterId":3,"meta":"{}","server":"_buber3_","table":"wordIndex.ru","uid":47476,"word":"госслужащий","wordHash":"00848aee0bed2427299c5539ef4be26b_cdbbfea5e2a6c5a6504cd1ce9fb94a0627122768c582cf2d2c95efe1173b6c9c9086d07835dbcd4bbd54e6eb4c72dc092163f31361ce74fbbb7d207b604ce4f2","wordId":"3:47476"},"morphObj":{"params":{"class":"с","classMask":1,"info":{"isCapital":true,"isUpper":false},"stack":"((<DictionaryAnalyzer>, u'\\u0433\\u043e\\u0441\\u0441\\u043b\\u0443\\u0436\\u0430\\u0449\\u0438\\u0435', 351, 6),)"},"sentenceIndex":[5],"words":["Госслужащие"],"wordsIndex":[0]},"rating":50.0,"stats":{"counter":45.0,"counterAll":45.0,"isAdjf":0,"isCombo":0,"isComp":0,"isCountry":0,"isEng":0,"isName":0,"isNominal":0,"isNoun":1,"isNum":0,"isPrtf":0,"isSymbol":0,"isUnknown":0,"isVerb":0,"repeat":0.5,"weight":0.00042088723028143324,"weightAll":0.00042088723028143324}},"дисциплинарный":{"indexObj":{"classMask":2,"counter":64.0,"finded":55,"isExisted":true,"letterId":6,"meta":"{}","server":"_buber3_","table":"wordIndex.ru","uid":58295,"word":"дисциплинарный","wordHash":"3a4d6231b2c783ecee7d2f1687530aa8_6f5ef98b014ff6dcc5e4ed6d7c8e6ba07cca8cf5f641971faf1ab47612809b50e71dc4248234c12ea81db26e5de99637dc64ae20c2e53ba666efeb1ec7d23620","wordId":"6:58295"},"morphObj":{"params":{"class":"п","classMask":2,"info":{"isCapital":false,"isUpper":false},"stack":"((<DictionaryAnalyzer>, u'\\u0434\\u0438\\u0441\\u0446\\u0438\\u043f\\u043b\\u0438\\u043d\\u0430\\u0440\\u043d\\u043e\\u043c', 34, 6),)"},"sentenceIndex":[3],"words":["дисциплинарном"],"wordsIndex":[3]},"rating":50.0,"stats":{"counter":64.0,"counterAll":64.0,"isAdjf":1,"isCombo":0,"isComp":0,"isCountry":0,"isEng":0,"isName":0,"isNominal":0,"isNoun":0,"isNum":0,"isPrtf":0,"isSymbol":0,"isUnknown":0,"isVerb":0,"repeat":0.5,"weight":0.0005985951719558162,"weightAll":0.0005985951719558162}},"должный":{"indexObj":{"classMask":3,"counter":5251.0,"finded":2833,"isExisted":true,"letterId":6,"meta":"{}","server":"_buber3_","table":"wordIndex.ru","uid":5571,"word":"должный","wordHash":"66f8ca5f7e2d9f1f81bb4404e7bb0e65_e1eba942b79a65eef93f70d0f0f3e2e54f85f9ed20e7b6a1d41111b4fe09d88dc925b9b541da98f0332f53722fcea55831094dc36a98515421f9af4e2456eb6f","wordId":"6:5571"},"morphObj":{"params":{"class":"кр_прил","classMask":3,"info":{"isCapital":false,"isUpper":false},"stack":"((<DictionaryAnalyzer>, u'\\u0434\\u043e\\u043b\\u0436\\u043d\\u044b', 34, 30),)"},"sentenceIndex":[5],"words":["должны"],"wordsIndex":[1]},"rating":50.0,"stats":{"counter":5251.0,"counterAll":5251.0,"isAdjf":1,"isCombo":0,"isComp":0,"isCountry":0,"isEng":0,"isName":0,"isNominal":0,"isNoun":0,"isNum":0,"isPrtf":0,"isSymbol":0,"isUnknown":0,"isVerb":0,"repeat":0.5,"weight":0.049112863249062354,"weightAll":0.049112863249062354}},"заставить":{"indexObj":{"classMask":5,"counter":337.0,"finded":274,"isExisted":true,"letterId":7,"meta":"{}","server":"_buber3_","table":"wordIndex.ru","uid":5802,"word":"заставить","wordHash":"1b6739ffe9871364564531c51d74b2e9_45885ea67eedfb618ed28473226a2995aaa7d9531e3d9ba935ddfd61ec9258c1537ab7549fdc8910507248056044c3412e0d5e5e00b49b9f094bdca445d9759a","wordId":"7:5802"},"morphObj":{"params":{"class":"г","classMask":5,"info":{"isCapital":false,"isUpper":false},"stack":"((<DictionaryAnalyzer>, u'\\u0437\\u0430\\u0441\\u0442\\u0430\\u0432\\u0438\\u043b\\u0438', 753, 4),)"},"sentenceIndex":[4],"words":["заставили"],"wordsIndex":[3]},"rating":50.0,"stats":{"counter":337.0,"counterAll":337.0,"isAdjf":0,"isCombo":0,"isComp":0,"isCountry":0,"isEng":0,"isName":0,"isNominal":0,"isNoun":0,"isNum":0,"isPrtf":0,"isSymbol":0,"isUnknown":0,"isVerb":1,"repeat":0.5,"weight":0.0031519777023298447,"weightAll":0.0031519777023298447}},"извиниться":{"indexObj":{"classMask":6,"counter":15.0,"finded":15,"isExisted":true,"letterId":10,"meta":"{}","server":"_buber3_","table":"wordIndex.ru","uid":107086,"word":"извиниться","wordHash":"40db6f2adb8cf90987692cccffef4348_1930b0d8c17d96f91a3f5a98d10d407550b8dd45af7ad76e7d48799abc4364aa6b7da6b5947c6004e09db5f616766fa76145d84cd5921cdef7b1bc9087ad3e4f","wordId":"10:107086"},"morphObj":{"params":{"class":"инфинитив","classMask":6,"info":{"isCapital":false,"isUpper":false},"stack":"((<DictionaryAnalyzer>, u'\\u0438\\u0437\\u0432\\u0438\\u043d\\u0438\\u0442\\u044c\\u0441\\u044f', 618, 0),)"},"sentenceIndex":[4],"words":["извиниться"],"wordsIndex":[5]},"rating":50.0,"stats":{"counter":15.0,"counterAll":15.0,"isAdjf":0,"isCombo":0,"isComp":0,"isCountry":0,"isEng":0,"isName":0,"isNominal":0,"isNoun":0,"isNum":0,"isPrtf":0,"isSymbol":0,"isUnknown":0,"isVerb":1,"repeat":0.5,"weight":0.00014029574342714441,"weightAll":0.00014029574342714441}},"инцидент":{"indexObj":{"classMask":1,"counter":566.0,"finded":402,"isExisted":true,"letterId":10,"meta":"{}","server":"_buber3_","table":"wordIndex.ru","uid":3247,"word":"инцидент","wordHash":"fd2ef65d35e0f62be3f896de272504ad_59ceb29b1abdaa1933ab7877c40119a5f5ba7547515430ad120e4afae557e23ba19d3ec88d257488387ce5bf5f3133f8a6d79c5e9b60cdf3f74dfe9f94f31c65","wordId":"10:3247"},"morphObj":{"params":{"class":"с","classMask":1,"info":{"isCapital":true,"isUpper":false},"stack":"((<DictionaryAnalyzer>, u'\\u0438\\u043d\\u0446\\u0438\\u0434\\u0435\\u043d\\u0442', 33, 0),)"},"sentenceIndex":[0],"words":["Инцидент"],"wordsIndex":[0]},"rating":50.0,"stats":{"counter":566.0,"counterAll":566.0,"isAdjf":0,"isCombo":0,"isComp":0,"isCountry":0,"isEng":0,"isName":0,"isNominal":0,"isNoun":1,"isNum":0,"isPrtf":0,"isSymbol":0,"isUnknown":0,"isVerb":0,"repeat":0.5,"weight":0.005293826051984249,"weightAll":0.005293826051984249}},"какой":{"indexObj":{"classMask":2,"counter":2846.0,"finded":1921,"isExisted":true,"letterId":12,"meta":"{}","server":"_buber3_","table":"wordIndex.ru","uid":6818,"word":"какой","wordHash":"b3eb652491c558af89cac5b250212dd0_d6835ad656cbd7e7fe5bbf2092c0d976caeba94ddac91d4b302694729b53f5acd144f946f9aecf6e4c4c61502e8ffea7ca3ac80e618830d5318f1c58ae4095f2","wordId":"12:6818"},"morphObj":{"params":{"class":"п","classMask":2,"info":{"isCapital":false,"isUpper":false},"stack":"((<DictionaryAnalyzer>, u'\\u043a\\u0430\\u043a\\u043e\\u0439', 1676, 8),)"},"sentenceIndex":[2],"words":["какой"],"wordsIndex":[2]},"rating":50.0,"stats":{"counter":2846.0,"counterAll":2846.0,"isAdjf":1,"isCombo":0,"isComp":0,"isCountry":0,"isEng":0,"isName":0,"isNominal":0,"isNoun":0,"isNum":0,"isPrtf":0,"isSymbol":0,"isUnknown":0,"isVerb":0,"repeat":0.5,"weight":0.026618779052910203,"weightAll":0.026618779052910203}},"какой-то":{"indexObj":{"classMask":1202,"counter":709.0,"finded":592,"isExisted":true,"letterId":12,"meta":"{}","server":"_buber3_","table":"wordIndex.ru","uid":6879,"word":"какой-то","wordHash":"9073a884d64f7c657b457aed17a5c834_b856fbefb4a781fdcc0b0d97d503cd0219addea3f3a4997f82b5612ea85f85dfb2031cb20cafe17e8ab998e6b13bc623ceda1684d0b674f2da92c3fd97e8552e","wordId":"12:6879"},"morphObj":{"params":{"class":"п","classMask":1202,"info":{"comboClassStats":{"п":1,"союз":1},"isCapital":false,"isCombo":true,"isUpper":false},"stack":"<classByLadder>"},"sentenceIndex":[2],"words":["какой-то"],"wordsIndex":[4]},"rating":50.0,"stats":{"counter":709.0,"counterAll":709.0,"isAdjf":1,"isCombo":1,"isComp":0,"isCountry":0,"isEng":0,"isName":0,"isNominal":0,"isNoun":0,"isNum":0,"isPrtf":0,"isSymbol":0,"isUnknown":0,"isVerb":0,"repeat":0.5,"weight":0.0066313121393230265,"weightAll":0.0066313121393230265}},"коллега":{"indexObj":{"classMask":1,"counter":613.0,"finded":501,"isExisted":true,"letterId":12,"meta":"{}","server":"_buber3_","table":"wordIndex.ru","uid":1240,"word":"коллега","wordHash":"858e6c81c7ef4f67e1017f23835b1c56_7532bd97ab37c5eae2fd5dff1480a58dcfa406e8d3cda4b2703834398d5d77a6cac8c3bfe5de64723d1bff6f9df9684310c189f6a66243a2eca38259d7336975","wordId":"12:1240"},"morphObj":{"params":{"class":"с","classMask":1,"info":{"isCapital":false,"isUpper":false},"stack":"((<DictionaryAnalyzer>, u'\\u043a\\u043e\\u043b\\u043b\\u0435\\u0433', 371, 8),)"},"sentenceIndex":[1],"words":["коллег"],"wordsIndex":[12]},"rating":50.0,"stats":{"counter":613.0,"counterAll":613.0,"isAdjf":0,"isCombo":0,"isComp":0,"isCountry":0,"isEng":0,"isName":0,"isNominal":0,"isNoun":1,"isNum":0,"isPrtf":0,"isSymbol":0,"isUnknown":0,"isVerb":0,"repeat":0.5,"weight":0.005733419381389302,"weightAll":0.005733419381389302}},"коммунистический":{"indexObj":{"classMask":22,"counter":476.0,"finded":221,"isExisted":true,"letterId":12,"meta":"{}","server":"_buber3_","table":"wordIndex.ru","uid":18689,"word":"коммунистический","wordHash":"455df5953086a33faf53c5c352240e9b_c1d0351fc2effbfb8c2b412618540f0632a82a9f2b33143d6d3b146503728187112b7f16382ba7627091196ea37346a7e134ed2577f465510a0b8d1e925f5984","wordId":"12:18689"},"morphObj":{"params":{"class":"имя","classMask":22,"info":{"isCapital":true,"isUpper":false},"stack":"((<DictionaryAnalyzer>, u'\\u043a\\u043e\\u043c\\u043c\\u0443\\u043d\\u0438\\u0441\\u0442\\u0438\\u0447\\u0435\\u0441\\u043a\\u043e\\u0439', 16, 8),)"},"sentenceIndex":[3],"words":["Коммунистической"],"wordsIndex":[7]},"rating":150.0,"stats":{"counter":476.0,"counterAll":476.0,"isAdjf":0,"isCombo":0,"isComp":0,"isCountry":0,"isEng":0,"isName":1,"isNominal":0,"isNoun":0,"isNum":0,"isPrtf":0,"isSymbol":0,"isUnknown":0,"isVerb":0,"repeat":0.5,"weight":0.004452051591421383,"weightAll":0.004452051591421383}},"ленивый":{"indexObj":{"classMask":2,"counter":24.0,"finded":22,"isExisted":true,"letterId":11,"meta":"{}","server":"_buber3_","table":"wordIndex.ru","uid":79980,"word":"ленивый","wordHash":"26e0e9efb2d48424dad6c33ba9029ad4_e8146743e5c55a3f996aa72e04f3c1a3427a02c2a5563ee592a85ac5e0bc390cfdb702fdb48fb382f53ac47e7daf0a650e40a21829294216c578fe06f4fd342f","wordId":"11:79980"},"morphObj":{"params":{"class":"п","classMask":2,"info":{"isCapital":false,"isUpper":false},"stack":"((<DictionaryAnalyzer>, u'\\u043b\\u0435\\u043d\\u0438\\u0432\\u044b\\u0445', 238, 21),)"},"sentenceIndex":[1],"words":["ленивых"],"wordsIndex":[11]},"rating":50.0,"stats":{"counter":24.0,"counterAll":24.0,"isAdjf":1,"isCombo":0,"isComp":0,"isCountry":0,"isEng":0,"isName":0,"isNominal":0,"isNoun":0,"isNum":0,"isPrtf":0,"isSymbol":0,"isUnknown":0,"isVerb":0,"repeat":0.5,"weight":0.00022447318948343108,"weightAll":0.00022447318948343108}},"медлительный":{"indexObj":{"classMask":2,"counter":16.0,"finded":14,"isExisted":true,"letterId":14,"meta":"{}","server":"_buber3_","table":"wordIndex.ru","uid":70174,"word":"медлительный","wordHash":"b5c7312729d46aa0290117ec227dea56_5d33aeab8d19af9dabf215f3d7250d17babcff3acef24a5679cc488a3495fc83d290975e40c7f8b9bbcbddd269c27ea1dbb30fb5c9394e0ddd780ed8f7553fb6","wordId":"14:70174"},"morphObj":{"params":{"class":"п","classMask":2,"info":{"isCapital":false,"isUpper":false},"stack":"((<DictionaryAnalyzer>, u'\\u043c\\u0435\\u0434\\u043b\\u0438\\u0442\\u0435\\u043b\\u044c\\u043d\\u044b\\u0445', 211, 21),)"},"sentenceIndex":[1],"words":["медлительных"],"wordsIndex":[9]},"rating":50.0,"stats":{"counter":16.0,"counterAll":16.0,"isAdjf":1,"isCombo":0,"isComp":0,"isCountry":0,"isEng":0,"isName":0,"isNominal":0,"isNoun":0,"isNum":0,"isPrtf":0,"isSymbol":0,"isUnknown":0,"isVerb":0,"repeat":0.5,"weight":0.00014964879298895404,"weightAll":0.00014964879298895404}},"местный":{"indexObj":{"classMask":2,"counter":4643.0,"finded":3196,"isExisted":true,"letterId":14,"meta":"{}","server":"_buber3_","table":"wordIndex.ru","uid":1926,"word":"местный","wordHash":"b73fb3a6a902ac6976d47b0a29772a10_6efcacfa7fd063cf917b5b6d836acad3a4bec5f75701195ac8de541605b81d71b0d5ba03efedc276e4e3356c39aa8598718ff8504026c05bd49f7555e94eaa7a","wordId":"14:1926"},"morphObj":{"params":{"class":"п","classMask":2,"info":{"isCapital":false,"isUpper":false},"stack":"((<DictionaryAnalyzer>, u'\\u043c\\u0435\\u0441\\u0442\\u043d\\u043e\\u0433\\u043e', 12, 15),)"},"sentenceIndex":[3],"words":["местного"],"wordsIndex":[5]},"rating":50.0,"stats":{"counter":4643.0,"counterAll":4643.0,"isAdjf":1,"isCombo":0,"isComp":0,"isCountry":0,"isEng":0,"isName":0,"isNominal":0,"isNoun":0,"isNum":0,"isPrtf":0,"isSymbol":0,"isUnknown":0,"isVerb":0,"repeat":0.5,"weight":0.0434262091154821,"weightAll":0.0434262091154821}},"момент":{"indexObj":{"classMask":1,"counter":4001.0,"finded":2796,"isExisted":true,"letterId":14,"meta":"{}","server":"_buber3_","table":"wordIndex.ru","uid":1231,"word":"момент","wordHash":"b74cc4f7106e92402f415b5e48a7a133_c4140757968f67a0e63fe7eef88fd8942b4dc56a881957347463c878835d4ed131aa184cd21d0d920b30f97f3caad7ce602396a839195e3b219f05ed46e0ce37","wordId":"14:1231"},"morphObj":{"params":{"class":"с","classMask":1,"info":{"isCapital":false,"isUpper":false},"stack":"((<DictionaryAnalyzer>, u'\\u043c\\u043e\\u043c\\u0435\\u043d\\u0442', 33, 3),)"},"sentenceIndex":[2],"words":["момент"],"wordsIndex":[5]},"rating":50.0,"stats":{"counter":4001.0,"counterAll":4001.0,"isAdjf":0,"isCombo":0,"isComp":0,"isCountry":0,"isEng":0,"isName":0,"isNominal":0,"isNoun":1,"isNum":0,"isPrtf":0,"isSymbol":0,"isUnknown":0,"isVerb":0,"repeat":0.5,"weight":0.037421551296800325,"weightAll":0.037421551296800325}},"мотивация":{"indexObj":{"classMask":1,"counter":86.0,"finded":72,"isExisted":true,"letterId":14,"meta":"{}","server":"_buber3_","table":"wordIndex.ru","uid":20087,"word":"мотивация","wordHash":"54daba91249370d82844f7fc64a588fd_e1a26ab9d2841c5aa67bcc22dd10604292bd1209bf32be81198595f409345713e35687b0c50273d39e4820b0e3b617f31fd1a4b375bd52a4f351637162cf83b8","wordId":"14:20087"},"morphObj":{"params":{"class":"с","classMask":1,"info":{"isCapital":false,"isUpper":false},"stack":"((<DictionaryAnalyzer>, u'\\u043c\\u043e\\u0442\\u0438\\u0432\\u0430\\u0446\\u0438\\u0438', 40, 1),)"},"sentenceIndex":[1],"words":["мотивации"],"wordsIndex":[7]},"rating":50.0,"stats":{"counter":86.0,"counterAll":86.0,"isAdjf":0,"isCombo":0,"isComp":0,"isCountry":0,"isEng":0,"isName":0,"isNominal":0,"isNoun":1,"isNum":0,"isPrtf":0,"isSymbol":0,"isUnknown":0,"isVerb":0,"repeat":0.5,"weight":0.000804362262315628,"weightAll":0.000804362262315628}},"написать":{"indexObj":{"classMask":6,"counter":129.0,"finded":80,"isExisted":true,"letterId":13,"meta":"{}","server":"_buber3_","table":"wordIndex.ru","uid":27251,"word":"написать","wordHash":"81e830bfdfcea8d67310df0cae921d45_49ec1efef976f3cd488de2d2e0f95dffa6e2b4e667de1998f55b6dc4f40421e77295234b3b47f32d43e41fa45dcdd53ffab0fca4591f6367dfb0e0640c90762a","wordId":"13:27251"},"morphObj":{"params":{"class":"инфинитив","classMask":6,"info":{"isCapital":false,"isUpper":false},"stack":"((<DictionaryAnalyzer>, u'\\u043d\\u0430\\u043f\\u0438\\u0441\\u0430\\u0442\\u044c', 916, 0),)"},"sentenceIndex":[4,5],"words":["написать","написать"],"wordsIndex":[7,3]},"rating":100.0,"stats":{"counter":129.0,"counterAll":258.0,"isAdjf":0,"isCombo":0,"isComp":0,"isCountry":0,"isEng":0,"isName":0,"isNominal":0,"isNoun":0,"isNum":0,"isPrtf":0,"isSymbol":0,"isUnknown":0,"isVerb":1,"repeat":1.0,"weight":0.001206543393473442,"weightAll":0.002413086786946884}},"народ":{"indexObj":{"classMask":1,"counter":2584.0,"finded":1425,"isExisted":true,"letterId":13,"meta":"{}","server":"_buber3_","table":"wordIndex.ru","uid":130,"word":"народ","wordHash":"5b9a5d629085beaceef44a82e8b5f19b_9d6f28e79fea08b9059fa35f794c43648638abeeeaf8a30ed19c6e7a27a7a854e75b3013581be6bea1d69166340cbaa8ab03315a512a6d112bf5ec7d2e209b1a","wordId":"13:130"},"morphObj":{"params":{"class":"с","classMask":1,"info":{"isCapital":false,"isUpper":false},"stack":"((<DictionaryAnalyzer>, u'\\u043d\\u0430\\u0440\\u043e\\u0434\\u0430', 158, 1),)"},"sentenceIndex":[4],"words":["народа"],"wordsIndex":[2]},"rating":50.0,"stats":{"counter":2584.0,"counterAll":2584.0,"isAdjf":0,"isCombo":0,"isComp":0,"isCountry":0,"isEng":0,"isName":0,"isNominal":0,"isNoun":1,"isNum":0,"isPrtf":0,"isSymbol":0,"isUnknown":0,"isVerb":0,"repeat":0.5,"weight":0.02416828006771608,"weightAll":0.02416828006771608}},"обсуждение":{"indexObj":{"classMask":1,"counter":372.0,"finded":280,"isExisted":true,"letterId":16,"meta":"{}","server":"_buber3_","table":"wordIndex.ru","uid":7502,"word":"обсуждение","wordHash":"ae9de940e1d2957e0d59cb2bc3957361_bc1169fbbe697fa67d75ce3994b4d824337762b926fe30d0638b3ac764c987a3630a48b8167ca50303bbab40976c4607df9d3e20d37c032e4d13b7043ca908f3","wordId":"16:7502"},"morphObj":{"params":{"class":"с","classMask":1,"info":{"isCapital":false,"isUpper":false},"stack":"((<DictionaryAnalyzer>, u'\\u043e\\u0431\\u0441\\u0443\\u0436\\u0434\\u0435\\u043d\\u0438\\u044f', 76, 2),)"},"sentenceIndex":[2],"words":["обсуждения"],"wordsIndex":[10]},"rating":50.0,"stats":{"counter":372.0,"counterAll":372.0,"isAdjf":0,"isCombo":0,"isComp":0,"isCountry":0,"isEng":0,"isName":0,"isNominal":0,"isNoun":1,"isNum":0,"isPrtf":0,"isSymbol":0,"isUnknown":0,"isVerb":0,"repeat":0.5,"weight":0.003479334436993182,"weightAll":0.003479334436993182}},"оказаться":{"indexObj":{"classMask":5,"counter":2478.0,"finded":1648,"isExisted":true,"letterId":16,"meta":"{}","server":"_buber3_","table":"wordIndex.ru","uid":919,"word":"оказаться","wordHash":"87c4b62ad9e925550c511bff1d62191a_f407fd69051a60fef810fdcc1097026949f1623bb8bd03a15b90c925e7b02d7d7f3796da593d3ac6fa7281e132dcad2969fc3d48b2b10b1fbd566609e5d08e13","wordId":"16:919"},"morphObj":{"params":{"class":"г","classMask":5,"info":{"isCapital":false,"isUpper":false},"stack":"((<DictionaryAnalyzer>, u'\\u043e\\u043a\\u0430\\u0437\\u0430\\u043b\\u043e\\u0441\\u044c', 639, 3),)"},"sentenceIndex":[2],"words":["оказалось"],"wordsIndex":[6]},"rating":50.0,"stats":{"counter":2478.0,"counterAll":2478.0,"isAdjf":0,"isCombo":0,"isComp":0,"isCountry":0,"isEng":0,"isName":0,"isNominal":0,"isNoun":0,"isNum":0,"isPrtf":0,"isSymbol":0,"isUnknown":0,"isVerb":1,"repeat":0.5,"weight":0.02317685681416426,"weightAll":0.02317685681416426}},"округа":{"indexObj":{"classMask":1,"counter":5005.0,"finded":3110,"isExisted":true,"letterId":16,"meta":"{}","server":"_buber3_","table":"wordIndex.ru","uid":1365,"word":"округа","wordHash":"916e973d0aa0e4b73fa7bcccd993d325_ffc18e389803d3f191709aaf003bc578cb25597238d0d52ff22b09bb3d84a508f637f02cbf73315459fe8adfdda5c94d409511e28c3db6e40fbfaf1342d74279","wordId":"16:1365"},"morphObj":{"params":{"class":"с","classMask":1,"info":{"isCapital":false,"isUpper":false},"stack":"((<DictionaryAnalyzer>, u'\\u043e\\u043a\\u0440\\u0443\\u0433\\u0435', 43, 2),)"},"sentenceIndex":[0],"words":["округе"],"wordsIndex":[3]},"rating":50.0,"stats":{"counter":5005.0,"counterAll":5005.0,"isAdjf":0,"isCombo":0,"isComp":0,"isCountry":0,"isEng":0,"isName":0,"isNominal":0,"isNoun":1,"isNum":0,"isPrtf":0,"isSymbol":0,"isUnknown":0,"isVerb":0,"repeat":0.5,"weight":0.046812013056857185,"weightAll":0.046812013056857185}},"отделение":{"indexObj":{"classMask":1,"counter":2372.0,"finded":1492,"isExisted":true,"letterId":16,"meta":"{}","server":"_buber3_","table":"wordIndex.ru","uid":278,"word":"отделение","wordHash":"8e86ce70e1542d4070081ca9de5d03bd_8fcdf2876b210467c102e4eab1efc3f7bcf6a28642a5147cb0a461748a4d7cdf0e6ed2844d792a5bbec7a601692ae0cfc91aa073be035f3d87194417d3915ed2","wordId":"16:278"},"morphObj":{"params":{"class":"с","classMask":1,"info":{"isCapital":false,"isUpper":false},"stack":"((<DictionaryAnalyzer>, u'\\u043e\\u0442\\u0434\\u0435\\u043b\\u0435\\u043d\\u0438\\u044f', 76, 2),)"},"sentenceIndex":[3],"words":["отделения"],"wordsIndex":[6]},"rating":50.0,"stats":{"counter":2372.0,"counterAll":2372.0,"isAdjf":0,"isCombo":0,"isComp":0,"isCountry":0,"isEng":0,"isName":0,"isNominal":0,"isNoun":1,"isNum":0,"isPrtf":0,"isSymbol":0,"isUnknown":0,"isVerb":0,"repeat":0.5,"weight":0.02218543356061244,"weightAll":0.02218543356061244}},"партия":{"indexObj":{"classMask":1,"counter":3899.0,"finded":1658,"isExisted":true,"letterId":15,"meta":"{}","server":"_buber3_","table":"wordIndex.ru","uid":4747,"word":"партия","wordHash":"bb0e05113f7d4150fde113d2f23ca7d8_2ed965bc36ccd4d83b9085ff594be0900ee77a700c0eb3678240fdd7252fcc0d3b62eb7bbf74fb9e97de9df5e9966ea1e1ee3f0d555ef701d36bef7d3e80547a","wordId":"15:4747"},"morphObj":{"params":{"class":"с","classMask":1,"info":{"isCapital":false,"isUpper":false},"stack":"((<DictionaryAnalyzer>, u'\\u043f\\u0430\\u0440\\u0442\\u0438\\u0438', 40, 1),)"},"sentenceIndex":[3,4],"words":["партии","партии"],"wordsIndex":[8,13]},"rating":100.0,"stats":{"counter":3899.0,"counterAll":7798.0,"isAdjf":0,"isCombo":0,"isComp":0,"isCountry":0,"isEng":0,"isName":0,"isNominal":0,"isNoun":1,"isNum":0,"isPrtf":0,"isSymbol":0,"isUnknown":0,"isVerb":0,"repeat":1.0,"weight":0.03646754024149574,"weightAll":0.07293508048299148}},"письмо":{"indexObj":{"classMask":1,"counter":1523.0,"finded":864,"isExisted":true,"letterId":15,"meta":"{}","server":"_buber3_","table":"wordIndex.ru","uid":11174,"word":"письмо","wordHash":"8f31965819b1b07aeac7e4b9ac63c11c_354cfce5f5106bb6fcfbf0de6ba78f8657034fa0036c002bd618dfac45232679766fb11eb6b4141756dcf6af31e6dff228123424bbc9cdc20d1c5cd913e43f81","wordId":"15:11174"},"morphObj":{"params":{"class":"с","classMask":1,"info":{"isCapital":false,"isUpper":false},"stack":"((<DictionaryAnalyzer>, u'\\u043f\\u0438\\u0441\\u044c\\u043c\\u0430', 117, 1),)"},"sentenceIndex":[4,5],"words":["письма","письма"],"wordsIndex":[8,4]},"rating":100.0,"stats":{"counter":1523.0,"counterAll":3046.0,"isAdjf":0,"isCombo":0,"isComp":0,"isCountry":0,"isEng":0,"isName":0,"isNominal":0,"isNoun":1,"isNum":0,"isPrtf":0,"isSymbol":0,"isUnknown":0,"isVerb":0,"repeat":1.0,"weight":0.014244694482636064,"weightAll":0.028489388965272127}},"придумать":{"indexObj":{"classMask":6,"counter":19.0,"finded":17,"isExisted":true,"letterId":15,"meta":"{}","server":"_buber3_","table":"wordIndex.ru","uid":25454,"word":"придумать","wordHash":"a4dbd17bf29b5a95ac5b649a01da2ed8_c3b89d4ec7ab47b8969efcbaf83bbf38cd9b9697b7b4f8d98f13d487518049e1cf1e3d3342598c9a7c8d967b6bddfb91c105824d2eeb7e24677c684aea72d486","wordId":"15:25454"},"morphObj":{"params":{"class":"инфинитив","classMask":6,"info":{"isCapital":false,"isUpper":false},"stack":"((<DictionaryAnalyzer>, u'\\u043f\\u0440\\u0438\\u0434\\u0443\\u043c\\u0430\\u0442\\u044c', 614, 0),)"},"sentenceIndex":[1],"words":["придумать"],"wordsIndex":[5]},"rating":50.0,"stats":{"counter":19.0,"counterAll":19.0,"isAdjf":0,"isCombo":0,"isComp":0,"isCountry":0,"isEng":0,"isName":0,"isNominal":0,"isNoun":0,"isNum":0,"isPrtf":0,"isSymbol":0,"isUnknown":0,"isVerb":1,"repeat":0.5,"weight":0.00017770794167438293,"weightAll":0.00017770794167438293}},"провиниться":{"indexObj":{"classMask":7,"counter":12.0,"finded":12,"isExisted":true,"letterId":15,"meta":"{}","server":"_buber3_","table":"wordIndex.ru","uid":107022,"word":"провиниться","wordHash":"cc45ca93b9360a7a06c43a57d5c1cbe5_90eff326ba8b14229ac44a50d76cc100acdb2fec9a7def41ea55ac0920a2a6f907f3f91980e54463752a8c14e8c824d402afffa5f3acb31c9a8f01ed9f4c82ab","wordId":"15:107022"},"morphObj":{"params":{"class":"причастие","classMask":7,"info":{"isCapital":true,"isUpper":false},"stack":"((<DictionaryAnalyzer>, u'\\u043f\\u0440\\u043e\\u0432\\u0438\\u043d\\u0438\\u0432\\u0448\\u0438\\u0445\\u0441\\u044f', 618, 36),)"},"sentenceIndex":[4],"words":["Провинившихся"],"wordsIndex":[0]},"rating":50.0,"stats":{"counter":12.0,"counterAll":12.0,"isAdjf":0,"isCombo":0,"isComp":0,"isCountry":0,"isEng":0,"isName":0,"isNominal":0,"isNoun":0,"isNum":0,"isPrtf":1,"isSymbol":0,"isUnknown":0,"isVerb":0,"repeat":0.5,"weight":0.00011223659474171554,"weightAll":0.00011223659474171554}},"провинция":{"indexObj":{"classMask":1,"counter":2986.0,"finded":1707,"isExisted":true,"letterId":15,"meta":"{}","server":"_buber3_","table":"wordIndex.ru","uid":3694,"word":"провинция","wordHash":"5716668f2330352a50d31f1d7a4770ff_5439e94f21abe42bf1427cf19e100c0113e1665fc5ef1830d55a1bc46e475ce87e49b1cc772088ded575a3cf39b5f2f8ccb1109c4afa92be4ab5f94fba6c25f8","wordId":"15:3694"},"morphObj":{"params":{"class":"с","classMask":1,"info":{"isCapital":false,"isUpper":false},"stack":"((<DictionaryAnalyzer>, u'\\u043f\\u0440\\u043e\\u0432\\u0438\\u043d\\u0446\\u0438\\u0438', 40, 1),)"},"sentenceIndex":[0],"words":["провинции"],"wordsIndex":[5]},"rating":50.0,"stats":{"counter":2986.0,"counterAll":2986.0,"isAdjf":0,"isCombo":0,"isComp":0,"isCountry":0,"isEng":0,"isName":0,"isNominal":0,"isNoun":1,"isNum":0,"isPrtf":0,"isSymbol":0,"isUnknown":0,"isVerb":0,"repeat":0.5,"weight":0.027928205991563548,"weightAll":0.027928205991563548}},"произойти":{"indexObj":{"classMask":5,"counter":2122.0,"finded":1560,"isExisted":true,"letterId":15,"meta":"{}","server":"_buber3_","table":"wordIndex.ru","uid":7179,"word":"произойти","wordHash":"11872037c3f64c7e556b94412749d619_696fb41612aa8a87f4c5082caf527ee3eb60cfd0cd36436aa3d981bc74674d4af823eda0a10d5384331fd671327030490df4fd17ab034c10282bc89aac2f0575","wordId":"15:7179"},"morphObj":{"params":{"class":"г","classMask":5,"info":{"isCapital":true,"isUpper":false},"stack":"((<DictionaryAnalyzer>, u'\\u043f\\u0440\\u043e\\u0438\\u0437\\u043e\\u0448\\u0451\\u043b', 2581, 1),)"},"sentenceIndex":[0,3],"words":["произошел","Произошедшее"],"wordsIndex":[1,0]},"rating":100.0,"stats":{"counter":2122.0,"counterAll":4244.0,"isAdjf":0,"isCombo":0,"isComp":0,"isCountry":0,"isEng":0,"isName":0,"isNominal":0,"isNoun":0,"isNum":0,"isPrtf":0,"isSymbol":0,"isUnknown":0,"isVerb":1,"repeat":1.0,"weight":0.019847171170160032,"weightAll":0.039694342340320064}},"публично":{"indexObj":{"classMask":11,"counter":146.0,"finded":135,"isExisted":true,"letterId":15,"meta":"{}","server":"_buber3_","table":"wordIndex.ru","uid":11121,"word":"публично","wordHash":"3add30c7a9e4a038b24129829156a22e_0af7a23e15d3b9e01feac7de5e9c57fbd6283e822544d3f99c910298fdad8f2a33567fe5eaed3dd07f2b9658dfad552b1e9dba5f394071972f29f94f9bacb5d0","wordId":"15:11121"},"morphObj":{"params":{"class":"н","classMask":11,"info":{"isCapital":false,"isUpper":false},"stack":"((<DictionaryAnalyzer>, u'\\u043f\\u0443\\u0431\\u043b\\u0438\\u0447\\u043d\\u043e', 3, 0),)"},"sentenceIndex":[4],"words":["публично"],"wordsIndex":[4]},"rating":50.0,"stats":{"counter":146.0,"counterAll":146.0,"isAdjf":0,"isCombo":0,"isComp":0,"isCountry":0,"isEng":0,"isName":0,"isNominal":0,"isNoun":0,"isNum":0,"isPrtf":0,"isSymbol":0,"isUnknown":0,"isVerb":0,"repeat":0.5,"weight":0.0013655452360242057,"weightAll":0.0013655452360242057}},"рассмотреть":{"indexObj":{"classMask":5,"counter":139.0,"finded":104,"isExisted":true,"letterId":18,"meta":"{}","server":"_buber3_","table":"wordIndex.ru","uid":7721,"word":"рассмотреть","wordHash":"cb03ff1643114ad5a42d39caec4bb046_1d37af8823f5b3901bcb608c0bb9e322b0dcd6629ffaf8c5c96edbde17e271cfc75678d254280011ba29f2f787d877bf5ce84c17f6397794daf02b441e5f2a5e","wordId":"18:7721"},"morphObj":{"params":{"class":"г","classMask":5,"info":{"isCapital":false,"isUpper":false},"stack":"((<DictionaryAnalyzer>, u'\\u0440\\u0430\\u0441\\u0441\\u043c\\u043e\\u0442\\u0440\\u0435\\u043b\\u0438', 1085, 4),)"},"sentenceIndex":[3],"words":["рассмотрели"],"wordsIndex":[1]},"rating":50.0,"stats":{"counter":139.0,"counterAll":139.0,"isAdjf":0,"isCombo":0,"isComp":0,"isCountry":0,"isEng":0,"isName":0,"isNominal":0,"isNoun":0,"isNum":0,"isPrtf":0,"isSymbol":0,"isUnknown":0,"isVerb":1,"repeat":0.5,"weight":0.0013000738890915384,"weightAll":0.0013000738890915384}},"самокритика":{"indexObj":{"classMask":1,"counter":6.0,"finded":4,"isExisted":true,"letterId":17,"meta":"{}","server":"_buber3_","table":"wordIndex.ru","uid":346411,"word":"самокритика","wordHash":"549b4f3cd00992afeb5f323f9171d314_039f9cf9624efd8670e84c52b589943a211e244dcab33f26b6f15094c486889c5bc4466a1c29bf8bd496fe927200ffc83923b269fee3c8bd91d239514acca593","wordId":"17:346411"},"morphObj":{"params":{"class":"с","classMask":1,"info":{"isCapital":false,"isUpper":false},"stack":"((<DictionaryAnalyzer>, u'\\u0441\\u0430\\u043c\\u043e\\u043a\\u0440\\u0438\\u0442\\u0438\\u043a\\u043e\\u0439', 43, 4),)"},"sentenceIndex":[4,5],"words":["самокритикой","самокритикой"],"wordsIndex":[10,6]},"rating":100.0,"stats":{"counter":6.0,"counterAll":12.0,"isAdjf":0,"isCombo":0,"isComp":0,"isCountry":0,"isEng":0,"isName":0,"isNominal":0,"isNoun":1,"isNum":0,"isPrtf":0,"isSymbol":0,"isUnknown":0,"isVerb":0,"repeat":1.0,"weight":5.611829737085777e-05,"weightAll":0.00011223659474171554}},"свой":{"indexObj":{"classMask":2,"counter":32745.0,"finded":11584,"isExisted":true,"letterId":17,"meta":"{}","server":"_buber3_","table":"wordIndex.ru","uid":236,"word":"свой","wordHash":"d6faa737e864693849cd76c07c2e44d1_79a010cdde6958f33f43c9b8cf61eb16f7aad0b92a4eb90b9118b00ac56196c56394370eb6e8aa0d5e6ddb3d09f6f8987a9fded51ea0e9432ae8fafeec3e4938","wordId":"17:236"},"morphObj":{"params":{"class":"п","classMask":2,"info":{"isCapital":false,"isUpper":false},"stack":"((<DictionaryAnalyzer>, u'\\u0441\\u0432\\u043e\\u0438\\u0445', 2737, 21),)"},"sentenceIndex":[1],"words":["своих"],"wordsIndex":[8]},"rating":50.0,"stats":{"counter":32745.0,"counterAll":32745.0,"isAdjf":1,"isCombo":0,"isComp":0,"isCountry":0,"isEng":0,"isName":0,"isNominal":0,"isNoun":0,"isNum":0,"isPrtf":0,"isSymbol":0,"isUnknown":0,"isVerb":0,"repeat":0.5,"weight":0.3062656079014563,"weightAll":0.3062656079014563}},"слуга":{"indexObj":{"classMask":1,"counter":184.0,"finded":134,"isExisted":true,"letterId":17,"meta":"{}","server":"_buber3_","table":"wordIndex.ru","uid":860,"word":"слуга","wordHash":"6d676de86e7f5a4d26b2867d6ce426de_8155dab74d5867ab0b2c950e6db1fa1ae4ac02ba92b375cbe37d2950a4dd546e670d6562ee28c21f7b95e063a30da72a5fe3c6d02f135811c69ecb1da29641e4","wordId":"17:860"},"morphObj":{"params":{"class":"с","classMask":1,"info":{"isCapital":false,"isUpper":false},"stack":"((<DictionaryAnalyzer>, u'\\u0441\\u043b\\u0443\\u0433', 156, 8),)"},"sentenceIndex":[4],"words":["слуг"],"wordsIndex":[1]},"rating":50.0,"stats":{"counter":184.0,"counterAll":184.0,"isAdjf":0,"isCombo":0,"isComp":0,"isCountry":0,"isEng":0,"isName":0,"isNominal":0,"isNoun":1,"isNum":0,"isPrtf":0,"isSymbol":0,"isUnknown":0,"isVerb":0,"repeat":0.5,"weight":0.0017209611193729716,"weightAll":0.0017209611193729716}},"собраться":{"indexObj":{"classMask":5,"counter":214.0,"finded":165,"isExisted":true,"letterId":17,"meta":"{}","server":"_buber3_","table":"wordIndex.ru","uid":24122,"word":"собраться","wordHash":"2e4a9c9b7463cd76a3127f6c3f04709f_c82cf967d9b410e111e212caf2163995b301fe9dcd6bf4c09e75cf17cc387b47d930df677dab218a5d27a754faee68c134cae24d389aa74ce5b5f1c8c71b3633","wordId":"17:24122"},"morphObj":{"params":{"class":"г","classMask":5,"info":{"isCapital":false,"isUpper":false},"stack":"((<DictionaryAnalyzer>, u'\\u0441\\u043e\\u0431\\u0440\\u0430\\u043b\\u0438\\u0441\\u044c', 1288, 4),)"},"sentenceIndex":[1],"words":["собрались"],"wordsIndex":[1]},"rating":50.0,"stats":{"counter":214.0,"counterAll":214.0,"isAdjf":0,"isCombo":0,"isComp":0,"isCountry":0,"isEng":0,"isName":0,"isNominal":0,"isNoun":0,"isNum":0,"isPrtf":0,"isSymbol":0,"isUnknown":0,"isVerb":1,"repeat":0.5,"weight":0.0020015526062272604,"weightAll":0.0020015526062272604}},"совещание":{"indexObj":{"classMask":1,"counter":296.0,"finded":195,"isExisted":true,"letterId":17,"meta":"{}","server":"_buber3_","table":"wordIndex.ru","uid":10359,"word":"совещание","wordHash":"673fc343d568109aaa176cfc6fc99ea7_c029d0f7695aa61adbe22fefc755b14d8e79cd40f3f0eeafcd16ee5ded1d790219c974763b5e9ef7958216545bd076adf6555f10f0979b19b82afae0f5fd182d","wordId":"17:10359"},"morphObj":{"params":{"class":"с","classMask":1,"info":{"isCapital":false,"isUpper":false},"stack":"((<DictionaryAnalyzer>, u'\\u0441\\u043e\\u0432\\u0435\\u0449\\u0430\\u043d\\u0438\\u0435', 76, 6),)"},"sentenceIndex":[1],"words":["совещание"],"wordsIndex":[3]},"rating":50.0,"stats":{"counter":296.0,"counterAll":296.0,"isAdjf":0,"isCombo":0,"isComp":0,"isCountry":0,"isEng":0,"isName":0,"isNominal":0,"isNoun":1,"isNum":0,"isPrtf":0,"isSymbol":0,"isUnknown":0,"isVerb":0,"repeat":0.5,"weight":0.00276850267029565,"weightAll":0.00276850267029565}},"спать":{"indexObj":{"classMask":5,"counter":72.0,"finded":58,"isExisted":true,"letterId":17,"meta":"{}","server":"_buber3_","table":"wordIndex.ru","uid":20500,"word":"спать","wordHash":"fb5947d288363c3d3b6701f525e1bd76_6f917555d1262711188d22afa487ac6858bf39afc1c9f67e96e7bf5b97052193842bbd924595203472322697edb80c23b158de91dda0c81687e562db83ceaaac","wordId":"17:20500"},"morphObj":{"params":{"class":"г","classMask":5,"info":{"isCapital":false,"isUpper":false},"stack":"((<DictionaryAnalyzer>, u'\\u0441\\u043f\\u044f\\u0442', 2808, 6),)"},"sentenceIndex":[2],"words":["спят"],"wordsIndex":[11]},"rating":50.0,"stats":{"counter":72.0,"counterAll":72.0,"isAdjf":0,"isCombo":0,"isComp":0,"isCountry":0,"isEng":0,"isName":0,"isNominal":0,"isNoun":0,"isNum":0,"isPrtf":0,"isSymbol":0,"isUnknown":0,"isVerb":1,"repeat":0.5,"weight":0.0006734195684502932,"weightAll":0.0006734195684502932}},"способ":{"indexObj":{"classMask":1,"counter":1393.0,"finded":948,"isExisted":true,"letterId":17,"meta":"{}","server":"_buber3_","table":"wordIndex.ru","uid":953,"word":"способ","wordHash":"24e563e70737e84c9b43e6eee992cbb7_7ef41004458aefd5cbc9482f1b73f73860f88807e8e8b1e2a7647a1f1c5ac4e46f2d0453031e5052140b24082f266a01d41a00e72510699a344c9eaf55f543c4","wordId":"17:953"},"morphObj":{"params":{"class":"с","classMask":1,"info":{"isCapital":false,"isUpper":false},"stack":"((<DictionaryAnalyzer>, u'\\u0441\\u043f\\u043e\\u0441\\u043e\\u0431\\u044b', 33, 6),)"},"sentenceIndex":[1],"words":["способы"],"wordsIndex":[6]},"rating":50.0,"stats":{"counter":1393.0,"counterAll":1393.0,"isAdjf":0,"isCombo":0,"isComp":0,"isCountry":0,"isEng":0,"isName":0,"isNominal":0,"isNoun":1,"isNum":0,"isPrtf":0,"isSymbol":0,"isUnknown":0,"isVerb":0,"repeat":0.5,"weight":0.013028798039600812,"weightAll":0.013028798039600812}},"сянъян":{"indexObj":{"classMask":22,"counter":4.0,"finded":4,"isExisted":true,"letterId":17,"meta":"{}","server":"_buber3_","table":"wordIndex.ru","uid":52675,"word":"сянъян","wordHash":"08f9786c7f6afd34f784831ac645a3ad_60871cc6251560d8f1657af4026b4fd1f953421b321d998504e3a34a97c95ea6f6d4e5c9e482e463982c379344cda0d546a0e68f8989abb8fd66f521f831dc81","wordId":"17:52675"},"morphObj":{"params":{"class":"имя","classMask":22,"info":{"isCapital":true,"isUpper":false},"stack":"((<FakeDictionary>, u'\\u0441\\u044f\\u043d\\u044a\\u044f\\u043d', 33, 0), (<KnownSuffixAnalyzer>, u'\\u044a\\u044f\\u043d'))"},"sentenceIndex":[0],"words":["Сянъян"],"wordsIndex":[4]},"rating":150.0,"stats":{"counter":4.0,"counterAll":4.0,"isAdjf":0,"isCombo":0,"isComp":0,"isCountry":0,"isEng":0,"isName":1,"isNominal":0,"isNoun":0,"isNum":0,"isPrtf":0,"isSymbol":0,"isUnknown":0,"isVerb":0,"repeat":0.5,"weight":3.741219824723851e-05,"weightAll":3.741219824723851e-05}},"участник":{"indexObj":{"classMask":1,"counter":5089.0,"finded":3155,"isExisted":true,"letterId":19,"meta":"{}","server":"_buber3_","table":"wordIndex.ru","uid":2591,"word":"участник","wordHash":"5bcedc5d3f1721b118d682f97011af1e_135cdc0495a4297fd23ad1fad7856667c44a1ec648521cec2ab1409d4d14eed79ea606effb2da95c0e63ada240f47b5ec4383fd6161e4cf748df22a2dd312c4d","wordId":"19:2591"},"morphObj":{"params":{"class":"с","classMask":1,"info":{"isCapital":false,"isUpper":false},"stack":"((<DictionaryAnalyzer>, u'\\u0443\\u0447\\u0430\\u0441\\u0442\\u043d\\u0438\\u043a\\u043e\\u0432', 2, 7),)"},"sentenceIndex":[2],"words":["участников"],"wordsIndex":[9]},"rating":50.0,"stats":{"counter":5089.0,"counterAll":5089.0,"isAdjf":0,"isCombo":0,"isComp":0,"isCountry":0,"isEng":0,"isName":0,"isNominal":0,"isNoun":1,"isNum":0,"isPrtf":0,"isSymbol":0,"isUnknown":0,"isVerb":0,"repeat":0.5,"weight":0.047597669220049196,"weightAll":0.047597669220049196}},"хубэй":{"indexObj":{"classMask":22,"counter":26.0,"finded":14,"isExisted":true,"letterId":21,"meta":"{}","server":"_buber3_","table":"wordIndex.ru","uid":12831,"word":"хубэй","wordHash":"877af583483d33e3b12c11314174c7c3_6f2f9c211fd343b3da071de5d6cf11aa68ff2656356f7cccbc259f2e041d120c945d009a450c71c5e9347a16d852579b790edfb6dd1ce40e97169d96e39d0005","wordId":"21:12831"},"morphObj":{"params":{"class":"имя","classMask":22,"info":{"isCapital":true,"isUpper":false},"stack":"((<FakeDictionary>, u'\\u0445\\u0443\\u0431\\u044d\\u0439', 42, 0), (<KnownSuffixAnalyzer>, u'\\u044d\\u0439'))"},"sentenceIndex":[0],"words":["Хубэй"],"wordsIndex":[6]},"rating":150.0,"stats":{"counter":26.0,"counterAll":26.0,"isAdjf":0,"isCombo":0,"isComp":0,"isCountry":0,"isEng":0,"isName":1,"isNominal":0,"isNoun":0,"isNum":0,"isPrtf":0,"isSymbol":0,"isUnknown":0,"isVerb":0,"repeat":0.5,"weight":0.00024317928860705034,"weightAll":0.00024317928860705034}},"чиновник":{"indexObj":{"classMask":1,"counter":708.0,"finded":512,"isExisted":true,"letterId":23,"meta":"{}","server":"_buber3_","table":"wordIndex.ru","uid":4699,"word":"чиновник","wordHash":"03f986d375ff1b275dbbdd31dcf34660_7cd5362da7e6cd8d222e36c3d81d2dff2ae00f520a644c2d469d944258770a8d621388f2a33b0078b82e6cfa062e2e7108601f21c954acae9217ce4f423a730b","wordId":"23:4699"},"morphObj":{"params":{"class":"с","classMask":1,"info":{"isCapital":true,"isUpper":false},"stack":"((<DictionaryAnalyzer>, u'\\u0447\\u0438\\u043d\\u043e\\u0432\\u043d\\u0438\\u043a\\u0438', 2, 6),)"},"sentenceIndex":[1],"words":["Чиновники"],"wordsIndex":[0]},"rating":50.0,"stats":{"counter":708.0,"counterAll":708.0,"isAdjf":0,"isCombo":0,"isComp":0,"isCountry":0,"isEng":0,"isName":0,"isNominal":0,"isNoun":1,"isNum":0,"isPrtf":0,"isSymbol":0,"isUnknown":0,"isVerb":0,"repeat":0.5,"weight":0.006621959089761217,"weightAll":0.006621959089761217}},"шестеро":{"indexObj":{"classMask":10,"counter":87.0,"finded":80,"isExisted":true,"letterId":26,"meta":"{}","server":"_buber3_","table":"wordIndex.ru","uid":7514,"word":"шестеро","wordHash":"3b0f0d07b025a1d520a93be9f96a0ded_2c008bc9fabdfcad93bf1667600daec35d80f202d5a2c871d589e9ab7c494a1d937739533bfd1d459ecccff35b6a1d18ef7ea4e792a9197f9c9ce385f4106035","wordId":"26:7514"},"morphObj":{"params":{"class":"числ","classMask":10,"info":{"isCapital":false,"isUpper":false},"stack":"((<DictionaryAnalyzer>, u'\\u0448\\u0435\\u0441\\u0442\\u0435\\u0440\\u043e', 910, 0),)"},"sentenceIndex":[2],"words":["шестеро"],"wordsIndex":[8]},"rating":50.0,"stats":{"counter":87.0,"counterAll":87.0,"isAdjf":0,"isCombo":0,"isComp":0,"isCountry":0,"isEng":0,"isName":0,"isNominal":0,"isNoun":0,"isNum":0,"isPrtf":0,"isSymbol":0,"isUnknown":0,"isVerb":0,"repeat":0.5,"weight":0.0008137153118774376,"weightAll":0.0008137153118774376}}}