{"100":{"indexObj":{"classMask":19,"counter":3365.0,"finded":2255,"isExisted":true,"letterId":60,"meta":"{}","server":"_buber3_","table":"wordIndex.other","uid":257,"word":"100","wordHash":"f899139df5e1059396431415e770c6dd_643c30f73a3017050b287794fc8c5bb9ab06b9ce38a1fc58df402a8b66ff58f69bf0a606ae17585352a0306f0e9752de8c5c064aed7003f52808b43ff992a603","wordId":"60:257"},"morphObj":{"params":{"class":"наим","classMask":19,"info":{},"stack":""},"sentenceIndex":[0,3],"words":["100","100"],"wordsIndex":[20,16]},"rating":66.66666666666666,"stats":{"counter":3365.0,"counterAll":6730.0,"isAdjf":0,"isCombo":0,"isComp":0,"isCountry":0,"isEng":0,"isName":0,"isNominal":1,"isNoun":0,"isNum":0,"isPrtf":0,"isSymbol":0,"isUnknown":0,"isVerb":0,"repeat":0.6666666666666666,"weight":0.017669514442793306,"weightAll":0.03533902888558661}},"158":{"indexObj":{"classMask":19,"counter":147.0,"finded":111,"isExisted":true,"letterId":60,"meta":"{}","server":"_buber3_","table":"wordIndex.other","uid":1378,"word":"158","wordHash":"06409663226af2f3114485aa4e0a23b4_0abcd0d5563dda2ab3a1d307bfa31b7f6dc1ba0709c076424ab6b1b4fc93c3c497794c5d1d404e1186b5c6dc820e7d16fb1cd65f0024b803c6dbda9613b7e895","wordId":"60:1378"},"morphObj":{"params":{"class":"наим","classMask":19,"info":{},"stack":""},"sentenceIndex":[6],"words":["158"],"wordsIndex":[0]},"rating":33.33333333333333,"stats":{"counter":147.0,"counterAll":147.0,"isAdjf":0,"isCombo":0,"isComp":0,"isCountry":0,"isEng":0,"isName":0,"isNominal":1,"isNoun":0,"isNum":0,"isPrtf":0,"isSymbol":0,"isUnknown":0,"isVerb":0,"repeat":0.3333333333333333,"weight":0.0007718926071591727,"weightAll":0.0007718926071591727}},"20":{"indexObj":{"classMask":19,"counter":7736.0,"finded":4851,"isExisted":true,"letterId":63,"meta":"{}","server":"_buber3_","table":"wordIndex.other","uid":93,"word":"20","wordHash":"98f13708210194c475687be6106a3b84_dfa5d1cefd0efdf5f52b765120da72c5706eb1dd113234cfdf31e31f9cd0283366f6a8f7230f29ea42d83acfe02743dc2504cda07c30f6e84bf9b1ca35966266","wordId":"63:93"},"morphObj":{"params":{"class":"наим","classMask":19,"info":{},"stack":""},"sentenceIndex":[8],"words":["20"],"wordsIndex":[4]},"rating":33.33333333333333,"stats":{"counter":7736.0,"counterAll":7736.0,"isAdjf":0,"isCombo":0,"isComp":0,"isCountry":0,"isEng":0,"isName":0,"isNominal":1,"isNoun":0,"isNum":0,"isPrtf":0,"isSymbol":0,"isUnknown":0,"isVerb":0,"repeat":0.3333333333333333,"weight":0.040621504823016054,"weightAll":0.040621504823016054}},"2015":{"indexObj":{"classMask":19,"counter":4472.0,"finded":2358,"isExisted":true,"letterId":63,"meta":"{}","server":"_buber3_","table":"wordIndex.other","uid":72,"word":"2015","wordHash":"65d2ea03425887a717c435081cfc5dbb_f620ea9ab05df05bb794a2add59a984419bcb1b76168eb7b5089e5f44d117d965f634c9a3cb48f5cbb6da5c04a1484b6e684a944e887b66aad5ddbdd6e32568d","wordId":"63:72"},"morphObj":{"params":{"class":"наим","classMask":19,"info":{},"stack":""},"sentenceIndex":[3],"words":["2015"],"wordsIndex":[4]},"rating":33.33333333333333,"stats":{"counter":4472.0,"counterAll":4472.0,"isAdjf":0,"isCombo":0,"isComp":0,"isCountry":0,"isEng":0,"isName":0,"isNominal":1,"isNoun":0,"isNum":0,"isPrtf":0,"isSymbol":0,"isUnknown":0,"isVerb":0,"repeat":0.3333333333333333,"weight":0.02348233836201238,"weightAll":0.02348233836201238}},"2016":{"indexObj":{"classMask":19,"counter":4230.0,"finded":2403,"isExisted":true,"letterId":63,"meta":"{}","server":"_buber3_","table":"wordIndex.other","uid":71,"word":"2016","wordHash":"95192c98732387165bf8e396c0f2dad2_da0ae9104086a1c58f89f82766ac55a02c8ab44277ce39f959ec0e73391bef651c6f9793657396ce47fbd846068465ccbf3056764424bed9be7789bd1101ace7","wordId":"63:71"},"morphObj":{"params":{"class":"наим","classMask":19,"info":{},"stack":""},"sentenceIndex":[3],"words":["2016"],"wordsIndex":[8]},"rating":33.33333333333333,"stats":{"counter":4230.0,"counterAll":4230.0,"isAdjf":0,"isCombo":0,"isComp":0,"isCountry":0,"isEng":0,"isName":0,"isNominal":1,"isNoun":0,"isNum":0,"isPrtf":0,"isSymbol":0,"isUnknown":0,"isVerb":0,"repeat":0.3333333333333333,"weight":0.022211603593763948,"weightAll":0.022211603593763948}},"2016-го":{"indexObj":{"classMask":19,"counter":129.0,"finded":125,"isExisted":true,"letterId":63,"meta":"{}","server":"_buber3_","table":"wordIndex.other","uid":8091,"word":"2016-го","wordHash":"07d6aa22fd2786cd3c7405215958d0cd_1803b172ec4f026f89d2e21e3102df08caa395778cc93aef7e6f0bec70ccc68ecad5209b46d50e4459fe8bc669fb5e1e25444d956f0751047207ece2ec3eed22","wordId":"63:8091"},"morphObj":{"params":{"class":"наим","classMask":19,"info":{},"stack":""},"sentenceIndex":[3],"words":["2016-го"],"wordsIndex":[10]},"rating":33.33333333333333,"stats":{"counter":129.0,"counterAll":129.0,"isAdjf":0,"isCombo":0,"isComp":0,"isCountry":0,"isEng":0,"isName":0,"isNominal":1,"isNoun":0,"isNum":0,"isPrtf":0,"isSymbol":0,"isUnknown":0,"isVerb":0,"repeat":0.3333333333333333,"weight":0.0006773751450580495,"weightAll":0.0006773751450580495}},"апрель":{"indexObj":{"classMask":1,"counter":7640.0,"finded":4360,"isExisted":true,"letterId":2,"meta":"{}","server":"_buber3_","table":"wordIndex.ru","uid":1212,"word":"апрель","wordHash":"752b70b198a614af9971e475d1e38c98_1a01f562b12349d4d312112b97a668b4ffcd66c3f22c51b5e7eb25086871f99b4eadf2f46ec85b1e073e55ce052723c79080630e8efe65b31444c63737436b93","wordId":"2:1212"},"morphObj":{"params":{"class":"с","classMask":1,"info":{"isCapital":false,"isUpper":false},"stack":"((<DictionaryAnalyzer>, u'\\u0430\\u043f\\u0440\\u0435\\u043b\\u044c', 91, 3),)"},"sentenceIndex":[3],"words":["апрель"],"wordsIndex":[7]},"rating":33.33333333333333,"stats":{"counter":7640.0,"counterAll":7640.0,"isAdjf":0,"isCombo":0,"isComp":0,"isCountry":0,"isEng":0,"isName":0,"isNominal":0,"isNoun":1,"isNum":0,"isPrtf":0,"isSymbol":0,"isUnknown":0,"isVerb":0,"repeat":0.3333333333333333,"weight":0.04011741169181006,"weightAll":0.04011741169181006}},"банковский":{"indexObj":{"classMask":2,"counter":318.0,"finded":193,"isExisted":true,"letterId":1,"meta":"{}","server":"_buber3_","table":"wordIndex.ru","uid":4160,"word":"банковский","wordHash":"97171c39acaa6adacbbf7698c7fb3193_a0bb103464618f6389cb369b07aed21bfc39ed72b464d5092185b9a59d83bc46b38a7837a905580052a7ac80cf627b88c19287487fe171d5844f93c3d8cea00c","wordId":"1:4160"},"morphObj":{"params":{"class":"п","classMask":2,"info":{"isCapital":false,"isUpper":false},"stack":"((<DictionaryAnalyzer>, u'\\u0431\\u0430\\u043d\\u043a\\u043e\\u0432\\u0441\\u043a\\u0443\\u044e', 16, 10),)"},"sentenceIndex":[2],"words":["банковскую"],"wordsIndex":[9]},"rating":33.33333333333333,"stats":{"counter":318.0,"counterAll":318.0,"isAdjf":1,"isCombo":0,"isComp":0,"isCountry":0,"isEng":0,"isName":0,"isNominal":0,"isNoun":0,"isNum":0,"isPrtf":0,"isSymbol":0,"isUnknown":0,"isVerb":0,"repeat":0.3333333333333333,"weight":0.001669808497119843,"weightAll":0.001669808497119843}},"версия":{"indexObj":{"classMask":1,"counter":4283.0,"finded":1951,"isExisted":true,"letterId":4,"meta":"{}","server":"_buber3_","table":"wordIndex.ru","uid":1408,"word":"версия","wordHash":"09739884762a24a07f847cc2b235e6e4_0f42969e8d2a9d257b74609367c903878d8ec06c3922f59faece822b836399b09f1977075d2a67e4436f54d6a506c31a1b0c6b13516001cacef191a5bb929577","wordId":"4:1408"},"morphObj":{"params":{"class":"с","classMask":1,"info":{"isCapital":false,"isUpper":false},"stack":"((<DictionaryAnalyzer>, u'\\u0432\\u0435\\u0440\\u0441\\u0438\\u0438', 40, 2),)"},"sentenceIndex":[2],"words":["версии"],"wordsIndex":[1]},"rating":33.33333333333333,"stats":{"counter":4283.0,"counterAll":4283.0,"isAdjf":0,"isCombo":0,"isComp":0,"isCountry":0,"isEng":0,"isName":0,"isNominal":0,"isNoun":1,"isNum":0,"isPrtf":0,"isSymbol":0,"isUnknown":0,"isVerb":0,"repeat":0.3333333333333333,"weight":0.02248990500995059,"weightAll":0.02248990500995059}},"вина":{"indexObj":{"classMask":1,"counter":268.0,"finded":217,"isExisted":true,"letterId":4,"meta":"{}","server":"_buber3_","table":"wordIndex.ru","uid":11049,"word":"вина","wordHash":"ff4b0d6b388d0d2b1f8adc9d23006ada_d798c5d30ac103c87d965eb81d738076c076efcf8f7279673996ed9525e29a61624f63cba7b303bbf1d80ce0194df8bd6931026d91f0bfd3348f4c9a206c976f","wordId":"4:11049"},"morphObj":{"params":{"class":"с","classMask":1,"info":{"isCapital":false,"isUpper":false},"stack":"((<DictionaryAnalyzer>, u'\\u0432\\u0438\\u043d\\u0443', 55, 3),)"},"sentenceIndex":[7],"words":["вину"],"wordsIndex":[4]},"rating":33.33333333333333,"stats":{"counter":268.0,"counterAll":268.0,"isAdjf":0,"isCombo":0,"isComp":0,"isCountry":0,"isEng":0,"isName":0,"isNominal":0,"isNoun":1,"isNum":0,"isPrtf":0,"isSymbol":0,"isUnknown":0,"isVerb":0,"repeat":0.3333333333333333,"weight":0.0014072599912833897,"weightAll":0.0014072599912833897}},"возбудить":{"indexObj":{"classMask":8,"counter":154.0,"finded":132,"isExisted":true,"letterId":4,"meta":"{}","server":"_buber3_","table":"wordIndex.ru","uid":10326,"word":"возбудить","wordHash":"86266a42ebd380cb4212c6ef20a36780_cd200cdf00e5ba27148774093c6e7020958aefff0381c40251d7049a5fbdc011ac304484552d697b222bd0ac67de7a763d170eeae5c634bc19807cc8d1f17829","wordId":"4:10326"},"morphObj":{"params":{"class":"кр_причастие","classMask":8,"info":{"isCapital":false,"isUpper":false},"stack":"((<DictionaryAnalyzer>, u'\\u0432\\u043e\\u0437\\u0431\\u0443\\u0436\\u0434\\u0435\\u043d\\u043e', 835, 73),)"},"sentenceIndex":[4],"words":["возбуждено"],"wordsIndex":[3]},"rating":33.33333333333333,"stats":{"counter":154.0,"counterAll":154.0,"isAdjf":0,"isCombo":0,"isComp":0,"isCountry":0,"isEng":0,"isName":0,"isNominal":0,"isNoun":0,"isNum":0,"isPrtf":1,"isSymbol":0,"isUnknown":0,"isVerb":0,"repeat":0.3333333333333333,"weight":0.0008086493979762761,"weightAll":0.0008086493979762761}},"возместить":{"indexObj":{"classMask":5,"counter":6.0,"finded":6,"isExisted":true,"letterId":4,"meta":"{}","server":"_buber3_","table":"wordIndex.ru","uid":175079,"word":"возместить","wordHash":"6f27cf165e729ce39d3f7d3eb259d716_c446440d205cb5c0ef09f3ea43e19d9444f0e6fdaf72b40a6532ed4e6f54845b15addd56f1fcab32dee7a2f1fae2df3c7b77fd2f31d328226c5808d136a705bd","wordId":"4:175079"},"morphObj":{"params":{"class":"г","classMask":5,"info":{"isCapital":false,"isUpper":false},"stack":"((<DictionaryAnalyzer>, u'\\u0432\\u043e\\u0437\\u043c\\u0435\\u0441\\u0442\\u0438\\u043b\\u0430', 764, 2),)"},"sentenceIndex":[7],"words":["возместила"],"wordsIndex":[6]},"rating":33.33333333333333,"stats":{"counter":6.0,"counterAll":6.0,"isAdjf":0,"isCombo":0,"isComp":0,"isCountry":0,"isEng":0,"isName":0,"isNominal":0,"isNoun":0,"isNum":0,"isPrtf":0,"isSymbol":0,"isUnknown":0,"isVerb":1,"repeat":0.3333333333333333,"weight":3.15058207003744e-05,"weightAll":3.15058207003744e-05}},"гбу":{"indexObj":{"classMask":18,"counter":9.0,"finded":6,"isExisted":true,"letterId":3,"meta":"{}","server":"_buber3_","table":"wordIndex.ru","uid":113863,"word":"гбу","wordHash":"12d724a39bf99570eb4d52147722032b_6a80c2724da324d8c4f2aa8b6e81acd5ba420d18d6d5a2ce3d65e99d923af3047e844eef7be91ed67b5aaffc73aa1dbd38a2f81aedb0ded45b990643035e346e","wordId":"3:113863"},"morphObj":{"params":{"class":"неизвестный","classMask":18,"info":{"isCapital":false,"isUpper":true},"stack":""},"sentenceIndex":[0],"words":["ГБУ"],"wordsIndex":[6]},"rating":33.33333333333333,"stats":{"counter":9.0,"counterAll":9.0,"isAdjf":0,"isCombo":0,"isComp":0,"isCountry":0,"isEng":0,"isName":0,"isNominal":0,"isNoun":0,"isNum":0,"isPrtf":0,"isSymbol":0,"isUnknown":1,"isVerb":0,"repeat":0.3333333333333333,"weight":4.725873105056159e-05,"weightAll":4.725873105056159e-05}},"го":{"indexObj":{"classMask":1,"counter":5891.0,"finded":2596,"isExisted":true,"letterId":3,"meta":"{}","server":"_buber3_","table":"wordIndex.ru","uid":2791,"word":"го","wordHash":"b0524fcd16f5992ce5fa5777f9be89c1_6af463187acc826192c09181b52bc5275ae5ec9ea1905a493752285c88084df7ee76f6e61704516bd4caed273e2f5e56127de663af5f2e78eeb1bd7cbda04307","wordId":"3:2791"},"morphObj":{"params":{"class":"с","classMask":1,"info":{"isCapital":false,"isUpper":false},"stack":"((<DictionaryAnalyzer>, u'\\u0433\\u043e', 23, 0),)"},"sentenceIndex":[3],"words":["го"],"wordsIndex":[9]},"rating":33.33333333333333,"stats":{"counter":5891.0,"counterAll":5891.0,"isAdjf":0,"isCombo":0,"isComp":0,"isCountry":0,"isEng":0,"isName":0,"isNominal":0,"isNoun":1,"isNum":0,"isPrtf":0,"isSymbol":0,"isUnknown":0,"isVerb":0,"repeat":0.3333333333333333,"weight":0.030933464957650925,"weightAll":0.030933464957650925}},"год":{"indexObj":{"classMask":1,"counter":190443.0,"finded":27736,"isExisted":true,"letterId":3,"meta":"{}","server":"_buber3_","table":"wordIndex.ru","uid":41,"word":"год","wordHash":"6270693d76d15c0b806abbb0929ca8a8_74cd8d3b64ee6f979b467bb39ea5e63d26f2645e0d0da7c4b1cc0ef5676678b91f80fb1d385e43bc555371b2b4a6f20c3b13daacb271dc75a41fb88c2102a24a","wordId":"3:41"},"morphObj":{"params":{"class":"с","classMask":1,"info":{"isCapital":false,"isUpper":false},"stack":"((<DictionaryAnalyzer>, u'\\u0433\\u043e\\u0434\\u0430', 1168, 1),)"},"sentenceIndex":[3],"words":["года"],"wordsIndex":[5]},"rating":33.33333333333333,"stats":{"counter":190443.0,"counterAll":190443.0,"isAdjf":0,"isCombo":0,"isComp":0,"isCountry":0,"isEng":0,"isName":0,"isNominal":0,"isNoun":1,"isNum":0,"isPrtf":0,"isSymbol":0,"isUnknown":0,"isVerb":0,"repeat":0.3333333333333333,"weight":1.0000105019402334,"weightAll":1.0000105019402334}},"гражданин":{"indexObj":{"classMask":1,"counter":1787.0,"finded":1088,"isExisted":true,"letterId":3,"meta":"{}","server":"_buber3_","table":"wordIndex.ru","uid":66,"word":"гражданин","wordHash":"ce425b8d9906cb7578d39a706bc8e0e2_0624a41555c7f8112865e108642f0b650f1a26911704895c675e0dff94b859fc5ae96425772e94e0d29170e4f3e3825ad437b36df11de180f55dae827f606fb5","wordId":"3:66"},"morphObj":{"params":{"class":"с","classMask":1,"info":{"isCapital":false,"isUpper":false},"stack":"((<DictionaryAnalyzer>, u'\\u0433\\u0440\\u0430\\u0436\\u0434\\u0430\\u043d\\u0438\\u043d\\u0443', 159, 2),)"},"sentenceIndex":[6],"words":["гражданину"],"wordsIndex":[12]},"rating":33.33333333333333,"stats":{"counter":1787.0,"counterAll":1787.0,"isAdjf":0,"isCombo":0,"isComp":0,"isCountry":0,"isEng":0,"isName":0,"isNominal":0,"isNoun":1,"isNum":0,"isPrtf":0,"isSymbol":0,"isUnknown":0,"isVerb":0,"repeat":0.3333333333333333,"weight":0.00938348359859484,"weightAll":0.00938348359859484}},"дать":{"indexObj":{"classMask":7,"counter":5646.0,"finded":3159,"isExisted":true,"letterId":6,"meta":"{}","server":"_buber3_","table":"wordIndex.ru","uid":1336,"word":"дать","wordHash":"c728d30beb197b9ba75325ed940d6c13_52eb76772540271cbbe90fccdc56b13e2c6ee89543d43f9bcbb1223bd7967828db89e12e8f4ad0b119518428581c1b41fc0b4997fbb91a5a8b72822015f0cc63","wordId":"6:1336"},"morphObj":{"params":{"class":"причастие","classMask":7,"info":{"isCapital":false,"isUpper":false},"stack":"((<DictionaryAnalyzer>, u'\\u0434\\u0430\\u043d\\u043d\\u043e\\u043c\\u0443', 843, 44),)"},"sentenceIndex":[4],"words":["данному"],"wordsIndex":[1]},"rating":33.33333333333333,"stats":{"counter":5646.0,"counterAll":5646.0,"isAdjf":0,"isCombo":0,"isComp":0,"isCountry":0,"isEng":0,"isName":0,"isNominal":0,"isNoun":0,"isNum":0,"isPrtf":1,"isSymbol":0,"isUnknown":0,"isVerb":0,"repeat":0.3333333333333333,"weight":0.029646977279052304,"weightAll":0.029646977279052304}},"дело":{"indexObj":{"classMask":1,"counter":5792.0,"finded":3144,"isExisted":true,"letterId":6,"meta":"{}","server":"_buber3_","table":"wordIndex.ru","uid":163,"word":"дело","wordHash":"4efcc19e6530a37f411dc4ad17556c11_afda13c8e4c8266829c6e6c25ec2d8c55ddbc114d151697eba520ac420a4d2dfe633cef304f365b8c2dc354990d40b35ad179ab3c98185b8d0fa457f9890c8f6","wordId":"6:163"},"morphObj":{"params":{"class":"с","classMask":1,"info":{"isCapital":false,"isUpper":false},"stack":"((<DictionaryAnalyzer>, u'\\u0434\\u0435\\u043b\\u043e', 1266, 0),)"},"sentenceIndex":[4],"words":["дело"],"wordsIndex":[5]},"rating":33.33333333333333,"stats":{"counter":5792.0,"counterAll":5792.0,"isAdjf":0,"isCombo":0,"isComp":0,"isCountry":0,"isEng":0,"isName":0,"isNominal":0,"isNoun":1,"isNum":0,"isPrtf":0,"isSymbol":0,"isUnknown":0,"isVerb":0,"repeat":0.3333333333333333,"weight":0.03041361891609475,"weightAll":0.03041361891609475}},"должность":{"indexObj":{"classMask":1,"counter":3447.0,"finded":1975,"isExisted":true,"letterId":6,"meta":"{}","server":"_buber3_","table":"wordIndex.ru","uid":3167,"word":"должность","wordHash":"f9e4abb7c07736c3b591cb2049133231_d98dff35695c60bfec7ea331da217cda914066a1118a08c2f05ab2309e17b9c4612267659ebb2ded821e5c19d80c4db8cb24cf0f456dadf6eced99b80bd95d6b","wordId":"6:3167"},"morphObj":{"params":{"class":"с","classMask":1,"info":{"isCapital":false,"isUpper":false},"stack":"((<DictionaryAnalyzer>, u'\\u0434\\u043e\\u043b\\u0436\\u043d\\u043e\\u0441\\u0442\\u0438', 13, 5),)"},"sentenceIndex":[9],"words":["должности"],"wordsIndex":[3]},"rating":33.33333333333333,"stats":{"counter":3447.0,"counterAll":3447.0,"isAdjf":0,"isCombo":0,"isComp":0,"isCountry":0,"isEng":0,"isName":0,"isNominal":0,"isNoun":1,"isNum":0,"isPrtf":0,"isSymbol":0,"isUnknown":0,"isVerb":0,"repeat":0.3333333333333333,"weight":0.01810009399236509,"weightAll":0.01810009399236509}},"дом":{"indexObj":{"classMask":1,"counter":6236.0,"finded":3115,"isExisted":true,"letterId":6,"meta":"{}","server":"_buber3_","table":"wordIndex.ru","uid":964,"word":"дом","wordHash":"aff66fb77a62d6e6df6a9c28bd2d1e8e_523b60991148d2593f26df39d9913352abd63db8f8910480cbbd46be35ef841974762a758d6d9ec918dd7c36c55193c1a268764d2b6870f5d991717996409cfb","wordId":"6:964"},"morphObj":{"params":{"class":"с","classMask":1,"info":{"isCapital":false,"isUpper":false},"stack":"((<DictionaryAnalyzer>, u'\\u0434\\u043e\\u043c\\u0443', 1314, 3),)"},"sentenceIndex":[0],"words":["дому"],"wordsIndex":[5]},"rating":33.33333333333333,"stats":{"counter":6236.0,"counterAll":6236.0,"isAdjf":0,"isCombo":0,"isComp":0,"isCountry":0,"isEng":0,"isName":0,"isNominal":0,"isNoun":1,"isNum":0,"isPrtf":0,"isSymbol":0,"isUnknown":0,"isVerb":0,"repeat":0.3333333333333333,"weight":0.03274504964792246,"weightAll":0.03274504964792246}},"женщина":{"indexObj":{"classMask":1,"counter":5186.0,"finded":2745,"isExisted":true,"letterId":8,"meta":"{}","server":"_buber3_","table":"wordIndex.ru","uid":907,"word":"женщина","wordHash":"19fb5b190f79dcf130e01158f35a865d_4637eef49a3bec55969f3ded2bf6d6c84af55cbce78a7f9fc6488b517d544112ce6d068403bde5584c12f7760c92e97be6002f66482c27455e1cdb3320c6d18e","wordId":"8:907"},"morphObj":{"params":{"class":"с","classMask":1,"info":{"isCapital":false,"isUpper":false},"stack":"((<DictionaryAnalyzer>, u'\\u0436\\u0435\\u043d\\u0449\\u0438\\u043d\\u044b', 53, 7),)"},"sentenceIndex":[2,9],"words":["женщины","женщину"],"wordsIndex":[8,4]},"rating":66.66666666666666,"stats":{"counter":5186.0,"counterAll":10372.0,"isAdjf":0,"isCombo":0,"isComp":0,"isCountry":0,"isEng":0,"isName":0,"isNominal":0,"isNoun":1,"isNum":0,"isPrtf":0,"isSymbol":0,"isUnknown":0,"isVerb":0,"repeat":0.6666666666666666,"weight":0.027231531025356935,"weightAll":0.05446306205071387}},"завтделение":{"indexObj":{"classMask":1,"counter":2.0,"finded":2,"isExisted":true,"letterId":7,"meta":"{}","server":"_buber3_","table":"wordIndex.ru","uid":351408,"word":"завтделение","wordHash":"c4d632fe37503b9f446f5c8fb6833a68_d8f112dc9d336a3d3b0ceea25ed63ac9de7d3899226e66980075e4abe9811535148f8eef6c10812e23f1511c4d44a30ee676b6ae088563c75f81801091650aa2","wordId":"7:351408"},"morphObj":{"params":{"class":"с","classMask":1,"info":{"isCapital":true,"isUpper":false},"stack":"((<DictionaryAnalyzer>, u'\\u0434\\u0435\\u043b\\u0435\\u043d\\u0438\\u0435\\u043c', 76, 8), (<UnknownPrefixAnalyzer>, u'\\u0432\\u0442'), (<KnownPrefixAnalyzer>, u'\\u0437\\u0430'))"},"sentenceIndex":[0],"words":["Завтделением"],"wordsIndex":[0]},"rating":33.33333333333333,"stats":{"counter":2.0,"counterAll":2.0,"isAdjf":0,"isCombo":0,"isComp":0,"isCountry":0,"isEng":0,"isName":0,"isNominal":0,"isNoun":1,"isNum":0,"isPrtf":0,"isSymbol":0,"isUnknown":0,"isVerb":0,"repeat":0.3333333333333333,"weight":1.0501940233458131e-05,"weightAll":1.0501940233458131e-05}},"занимать":{"indexObj":{"classMask":7,"counter":348.0,"finded":244,"isExisted":true,"letterId":7,"meta":"{}","server":"_buber3_","table":"wordIndex.ru","uid":4678,"word":"занимать","wordHash":"649a5064d8b6a3a35ab4b814eb8724cc_2e49283901c6f63e95fa27640e0f48c6f73434ed4d53d3089cb525e0cc49bf98a9dbf7d084759c670c9725d6525f5b3e77737955e2be1281e03a03f69f16053c","wordId":"7:4678"},"morphObj":{"params":{"class":"причастие","classMask":7,"info":{"isCapital":false,"isUpper":false},"stack":"((<DictionaryAnalyzer>, u'\\u0437\\u0430\\u043d\\u0438\\u043c\\u0430\\u0435\\u043c\\u043e\\u0439', 206, 75),)"},"sentenceIndex":[9],"words":["занимаемой"],"wordsIndex":[2]},"rating":33.33333333333333,"stats":{"counter":348.0,"counterAll":348.0,"isAdjf":0,"isCombo":0,"isComp":0,"isCountry":0,"isEng":0,"isName":0,"isNominal":0,"isNoun":0,"isNum":0,"isPrtf":1,"isSymbol":0,"isUnknown":0,"isVerb":0,"repeat":0.3333333333333333,"weight":0.001827337600621715,"weightAll":0.001827337600621715}},"злоумышленница":{"indexObj":{"classMask":1,"counter":3.0,"finded":3,"isExisted":true,"letterId":7,"meta":"{}","server":"_buber3_","table":"wordIndex.ru","uid":351327,"word":"злоумышленница","wordHash":"c6944d5414e7876f71d1bfa62ef27c2d_6f1b17849f830cd2fcc61c32087dab6a6ee9ba42cadeba92703627f63e81af09efee9f76f8f63295cdaa76edc0f8a2c667f7fd6b8cdfa9c9e3b5d43b6b188fd3","wordId":"7:351327"},"morphObj":{"params":{"class":"с","classMask":1,"info":{"isCapital":false,"isUpper":false},"stack":"((<DictionaryAnalyzer>, u'\\u0437\\u043b\\u043e\\u0443\\u043c\\u044b\\u0448\\u043b\\u0435\\u043d\\u043d\\u0438\\u0446\\u0443', 143, 3),)"},"sentenceIndex":[8],"words":["злоумышленницу"],"wordsIndex":[2]},"rating":33.33333333333333,"stats":{"counter":3.0,"counterAll":3.0,"isAdjf":0,"isCombo":0,"isComp":0,"isCountry":0,"isEng":0,"isName":0,"isNominal":0,"isNoun":1,"isNum":0,"isPrtf":0,"isSymbol":0,"isUnknown":0,"isVerb":0,"repeat":0.3333333333333333,"weight":1.57529103501872e-05,"weightAll":1.57529103501872e-05}},"значительный":{"indexObj":{"classMask":2,"counter":2196.0,"finded":1589,"isExisted":true,"letterId":7,"meta":"{}","server":"_buber3_","table":"wordIndex.ru","uid":568,"word":"значительный","wordHash":"c46e21e32b42cf466b743035a2e651e0_38c691a48ebf73f0d09fbf3d91b72d08b8348be86b26aaa0943ad5fba4703b73cf3e6b28d5d804ab630a1fe9f93cb3d25be36360ca143a3aca0bfbe23db14d66","wordId":"7:568"},"morphObj":{"params":{"class":"п","classMask":2,"info":{"isCapital":false,"isUpper":false},"stack":"((<DictionaryAnalyzer>, u'\\u0437\\u043d\\u0430\\u0447\\u0438\\u0442\\u0435\\u043b\\u044c\\u043d\\u043e\\u0433\\u043e', 216, 15),)"},"sentenceIndex":[6],"words":["значительного"],"wordsIndex":[10]},"rating":33.33333333333333,"stats":{"counter":2196.0,"counterAll":2196.0,"isAdjf":1,"isCombo":0,"isComp":0,"isCountry":0,"isEng":0,"isName":0,"isNominal":0,"isNoun":0,"isNum":0,"isPrtf":0,"isSymbol":0,"isUnknown":0,"isVerb":0,"repeat":0.3333333333333333,"weight":0.011531130376337028,"weightAll":0.011531130376337028}},"иа":{"indexObj":{"classMask":18,"counter":176.0,"finded":173,"isExisted":true,"letterId":10,"meta":"{}","server":"_buber3_","table":"wordIndex.ru","uid":76924,"word":"иа","wordHash":"c11cda9fbb62af04a3196f5b83f344a0_c6339aa5e709095e13454bb94cef8178a7dcf6aee0f216c74b8284fda10bd16f8ec92bde5d767d668154aaec2ab4f7a671d8151fa36a6dca3ab4c68630c8f735","wordId":"10:76924"},"morphObj":{"params":{"class":"неизвестный","classMask":18,"info":{"isCapital":false,"isUpper":true},"stack":""},"sentenceIndex":[9],"words":["ИА"],"wordsIndex":[7]},"rating":33.33333333333333,"stats":{"counter":176.0,"counterAll":176.0,"isAdjf":0,"isCombo":0,"isComp":0,"isCountry":0,"isEng":0,"isName":0,"isNominal":0,"isNoun":0,"isNum":0,"isPrtf":0,"isSymbol":0,"isUnknown":1,"isVerb":0,"repeat":0.3333333333333333,"weight":0.0009241707405443155,"weightAll":0.0009241707405443155}},"имущество":{"indexObj":{"classMask":1,"counter":560.0,"finded":388,"isExisted":true,"letterId":10,"meta":"{}","server":"_buber3_","table":"wordIndex.ru","uid":11159,"word":"имущество","wordHash":"7f8f14748192434576a4eb039b29e941_d4afd45a6af70b49467385ecec7b7888565f4c6e5c65354a0bd6809391d6847541bd93ab06df1e21b758a2c1a7e0a360dfbe8f39631cb80c395beb838ca552e2","wordId":"10:11159"},"morphObj":{"params":{"class":"с","classMask":1,"info":{"isCapital":false,"isUpper":false},"stack":"((<DictionaryAnalyzer>, u'\\u0438\\u043c\\u0443\\u0449\\u0435\\u0441\\u0442\\u0432\\u0430', 54, 1),)"},"sentenceIndex":[6],"words":["имущества"],"wordsIndex":[6]},"rating":33.33333333333333,"stats":{"counter":560.0,"counterAll":560.0,"isAdjf":0,"isCombo":0,"isComp":0,"isCountry":0,"isEng":0,"isName":0,"isNominal":0,"isNoun":1,"isNum":0,"isPrtf":0,"isSymbol":0,"isUnknown":0,"isVerb":0,"repeat":0.3333333333333333,"weight":0.0029405432653682767,"weightAll":0.0029405432653682767}},"имя":{"indexObj":{"classMask":1,"counter":14220.0,"finded":7067,"isExisted":true,"letterId":10,"meta":"{}","server":"_buber3_","table":"wordIndex.ru","uid":127,"word":"имя","wordHash":"f08ca02ac8bb7e9293b47c3ec614fde3_e1b6b2cd08e47704d37a4791efe4110733388e9938097027970e23f965d723cface6faf27c6297e5ddb76ad640116dae1ede153d3e7608adb0d9715de31eba52","wordId":"10:127"},"morphObj":{"params":{"class":"с","classMask":1,"info":{"isCapital":false,"isUpper":false},"stack":"((<DictionaryAnalyzer>, u'\\u0438\\u043c\\u044f', 1647, 3),)"},"sentenceIndex":[2],"words":["имя"],"wordsIndex":[6]},"rating":33.33333333333333,"stats":{"counter":14220.0,"counterAll":14220.0,"isAdjf":0,"isCombo":0,"isComp":0,"isCountry":0,"isEng":0,"isName":0,"isNominal":0,"isNoun":1,"isNum":0,"isPrtf":0,"isSymbol":0,"isUnknown":0,"isVerb":0,"repeat":0.3333333333333333,"weight":0.07466879505988731,"weightAll":0.07466879505988731}},"карта":{"indexObj":{"classMask":1,"counter":2396.0,"finded":1013,"isExisted":true,"letterId":12,"meta":"{}","server":"_buber3_","table":"wordIndex.ru","uid":997,"word":"карта","wordHash":"8c08c9951556b4d0af32105d65ee3766_f545bb5ddd7ee7a99a633f612db7691fb6d1a569f37e4282db5578506d8030239571daa25d2562301a546f82260c63eaa3985d28c995b31a077e9a0f12621477","wordId":"12:997"},"morphObj":{"params":{"class":"с","classMask":1,"info":{"isCapital":false,"isUpper":false},"stack":"((<DictionaryAnalyzer>, u'\\u043a\\u0430\\u0440\\u0442\\u0443', 55, 3),)"},"sentenceIndex":[2],"words":["карту"],"wordsIndex":[10]},"rating":33.33333333333333,"stats":{"counter":2396.0,"counterAll":2396.0,"isAdjf":0,"isCombo":0,"isComp":0,"isCountry":0,"isEng":0,"isName":0,"isNominal":0,"isNoun":1,"isNum":0,"isPrtf":0,"isSymbol":0,"isUnknown":0,"isVerb":0,"repeat":0.3333333333333333,"weight":0.012581324399682842,"weightAll":0.012581324399682842}},"кашинский":{"indexObj":{"classMask":22,"counter":32.0,"finded":18,"isExisted":true,"letterId":12,"meta":"{}","server":"_buber3_","table":"wordIndex.ru","uid":16186,"word":"кашинский","wordHash":"eff4219b2a0e8fe8996a22322ffd7591_c586e86c8155b2d62ca1d3c825eaa4d17f78a73243f2bb265d4bb50ca88448b95e89db189017961e18b678f1b4df812e5c271c37b8774f4cb2f6f8fa74e00206","wordId":"12:16186"},"morphObj":{"params":{"class":"имя","classMask":22,"info":{"isCapital":true,"isUpper":false},"stack":"((<DictionaryAnalyzer>, u'\\u043a\\u0430\\u0448\\u0438\\u043d\\u0441\\u043a\\u043e\\u0433\\u043e', 16, 1),)"},"sentenceIndex":[0],"words":["Кашинского"],"wordsIndex":[12]},"rating":133.33333333333331,"stats":{"counter":32.0,"counterAll":32.0,"isAdjf":0,"isCombo":0,"isComp":0,"isCountry":0,"isEng":0,"isName":1,"isNominal":0,"isNoun":0,"isNum":0,"isPrtf":0,"isSymbol":0,"isUnknown":0,"isVerb":0,"repeat":0.3333333333333333,"weight":0.0001680310437353301,"weightAll":0.0001680310437353301}},"комплексный":{"indexObj":{"classMask":22,"counter":26.0,"finded":15,"isExisted":true,"letterId":12,"meta":"{}","server":"_buber3_","table":"wordIndex.ru","uid":5375,"word":"комплексный","wordHash":"01f88bedf40723a7442031822a0fbc1c_94eb0e30b31652e00eb7ebde771ec3a9e88a689b6b8519fdb0ffdb146d4b5a34829f4bc3e7172b37821e51d6b3b5d0141b15a9fe4a0286774f01c75f42ee5fd7","wordId":"12:5375"},"morphObj":{"params":{"class":"имя","classMask":22,"info":{"isCapital":true,"isUpper":false},"stack":"((<DictionaryAnalyzer>, u'\\u043a\\u043e\\u043c\\u043f\\u043b\\u0435\\u043a\\u0441\\u043d\\u044b\\u0439', 34, 0),)"},"sentenceIndex":[0],"words":["Комплексный"],"wordsIndex":[7]},"rating":133.33333333333331,"stats":{"counter":26.0,"counterAll":26.0,"isAdjf":0,"isCombo":0,"isComp":0,"isCountry":0,"isEng":0,"isName":1,"isNominal":0,"isNoun":0,"isNum":0,"isPrtf":0,"isSymbol":0,"isUnknown":0,"isVerb":0,"repeat":0.3333333333333333,"weight":0.0001365252230349557,"weightAll":0.0001365252230349557}},"население":{"indexObj":{"classMask":1,"counter":14601.0,"finded":7502,"isExisted":true,"letterId":13,"meta":"{}","server":"_buber3_","table":"wordIndex.ru","uid":993,"word":"население","wordHash":"312baadc569cee6ba60a0bb3238979ef_0d5430cdb738168d119e63c6e1ce38d08435c34ba4ff387f74b3dd9d00c4a126ecd1bd5f6133e2e33eb9b9aeff1de21f5cd187422a49caceff898c3a35252914","wordId":"13:993"},"morphObj":{"params":{"class":"с","classMask":1,"info":{"isCapital":false,"isUpper":false},"stack":"((<DictionaryAnalyzer>, u'\\u043d\\u0430\\u0441\\u0435\\u043b\\u0435\\u043d\\u0438\\u044f', 76, 2),)"},"sentenceIndex":[0],"words":["населения"],"wordsIndex":[11]},"rating":33.33333333333333,"stats":{"counter":14601.0,"counterAll":14601.0,"isAdjf":0,"isCombo":0,"isComp":0,"isCountry":0,"isEng":0,"isName":0,"isNominal":0,"isNoun":1,"isNum":0,"isPrtf":0,"isSymbol":0,"isUnknown":0,"isVerb":0,"repeat":0.3333333333333333,"weight":0.07666941467436109,"weightAll":0.07666941467436109}},"ноябрь":{"indexObj":{"classMask":1,"counter":7515.0,"finded":4274,"isExisted":true,"letterId":13,"meta":"{}","server":"_buber3_","table":"wordIndex.ru","uid":2626,"word":"ноябрь","wordHash":"343983ddeadd446a1dd0355cc0c414a6_a1e37781506c3a76849a83de90683166fbbd32c1692ebf1085779a18e500988954cdd44a55a13741dca73f4fc06c40456d322e0ea601518a6a3fa37d0f410129","wordId":"13:2626"},"morphObj":{"params":{"class":"с","classMask":1,"info":{"isCapital":false,"isUpper":false},"stack":"((<DictionaryAnalyzer>, u'\\u043d\\u043e\\u044f\\u0431\\u0440\\u044f', 190, 1),)"},"sentenceIndex":[3],"words":["ноября"],"wordsIndex":[3]},"rating":33.33333333333333,"stats":{"counter":7515.0,"counterAll":7515.0,"isAdjf":0,"isCombo":0,"isComp":0,"isCountry":0,"isEng":0,"isName":0,"isNominal":0,"isNoun":1,"isNum":0,"isPrtf":0,"isSymbol":0,"isUnknown":0,"isVerb":0,"repeat":0.3333333333333333,"weight":0.03946104042721893,"weightAll":0.03946104042721893}},"обвинять":{"indexObj":{"classMask":7,"counter":165.0,"finded":105,"isExisted":true,"letterId":16,"meta":"{}","server":"_buber3_","table":"wordIndex.ru","uid":11073,"word":"обвинять","wordHash":"d58830c47cc9c00f920bc898901461b0_caaae081b7e8456c989bd432c7dcb60b71ce46da7099d328ee74b7e2f8a46568ee36344814361c158736ca53966940e46b00141fe41d965694b4030074aeb9ca","wordId":"16:11073"},"morphObj":{"params":{"class":"причастие","classMask":7,"info":{"isCapital":true,"isUpper":false},"stack":"((<DictionaryAnalyzer>, u'\\u043e\\u0431\\u0432\\u0438\\u043d\\u044f\\u0435\\u043c\\u0430\\u044f', 2138, 74),)"},"sentenceIndex":[2,7],"words":["обвиняемая","Обвиняемая"],"wordsIndex":[3,0]},"rating":66.66666666666666,"stats":{"counter":165.0,"counterAll":330.0,"isAdjf":0,"isCombo":0,"isComp":0,"isCountry":0,"isEng":0,"isName":0,"isNominal":0,"isNoun":0,"isNum":0,"isPrtf":1,"isSymbol":0,"isUnknown":0,"isVerb":0,"repeat":0.6666666666666666,"weight":0.0008664100692602958,"weightAll":0.0017328201385205916}},"область":{"indexObj":{"classMask":1,"counter":16327.0,"finded":8740,"isExisted":true,"letterId":16,"meta":"{}","server":"_buber3_","table":"wordIndex.ru","uid":1877,"word":"область","wordHash":"83f3a13a3b932df5bad18f421cefb186_6b451655f9a296ba4d54979c233d22c8f8da03a4e3b2dd380df757d57b905726179944bf4a8c638494db9e84a373fa2facf042b3e2ada1c358386d990757ce46","wordId":"16:1877"},"morphObj":{"params":{"class":"с","classMask":1,"info":{"isCapital":false,"isUpper":false},"stack":"((<DictionaryAnalyzer>, u'\\u043e\\u0431\\u043b\\u0430\\u0441\\u0442\\u0438', 2150, 5),)"},"sentenceIndex":[0,1],"words":["области","области"],"wordsIndex":[15,9]},"rating":66.66666666666666,"stats":{"counter":16327.0,"counterAll":32654.0,"isAdjf":0,"isCombo":0,"isComp":0,"isCountry":0,"isEng":0,"isName":0,"isNominal":0,"isNoun":1,"isNum":0,"isPrtf":0,"isSymbol":0,"isUnknown":0,"isVerb":0,"repeat":0.6666666666666666,"weight":0.08573258909583546,"weightAll":0.17146517819167093}},"обслуживание":{"indexObj":{"classMask":1,"counter":522.0,"finded":397,"isExisted":true,"letterId":16,"meta":"{}","server":"_buber3_","table":"wordIndex.ru","uid":5386,"word":"обслуживание","wordHash":"4fabe10b116cc97a81d5b0f53b49466f_ca192177cf6657afd7da1a56b9b46f6df788d7a5f9bab05b8b03c0b7cc1356d01c568045efe861079e611fc1f70a87f48a11de343efd9bfb1c9e61761671d774","wordId":"16:5386"},"morphObj":{"params":{"class":"с","classMask":1,"info":{"isCapital":false,"isUpper":false},"stack":"((<DictionaryAnalyzer>, u'\\u043e\\u0431\\u0441\\u043b\\u0443\\u0436\\u0438\\u0432\\u0430\\u043d\\u0438\\u044e', 76, 4),)"},"sentenceIndex":[0,0],"words":["обслуживанию","обслуживания"],"wordsIndex":[3,10]},"rating":66.66666666666666,"stats":{"counter":522.0,"counterAll":1044.0,"isAdjf":0,"isCombo":0,"isComp":0,"isCountry":0,"isEng":0,"isName":0,"isNominal":0,"isNoun":1,"isNum":0,"isPrtf":0,"isSymbol":0,"isUnknown":0,"isVerb":0,"repeat":0.6666666666666666,"weight":0.002741006400932572,"weightAll":0.005482012801865144}},"объём":{"indexObj":{"classMask":1,"counter":1477.0,"finded":891,"isExisted":true,"letterId":16,"meta":"{}","server":"_buber3_","table":"wordIndex.ru","uid":6075,"word":"объём","wordHash":"aabc18298d497a46281c1c863e204ca0_fba62fbd79457168eab6a943513fb4fc2d40f5457e893dec4b70b8466317afb59c2d11cc62dc3108acfe3f8c919e2c9218520aeec66a49c95f1ad0c968d92889","wordId":"16:6075"},"morphObj":{"params":{"class":"с","classMask":1,"info":{"isCapital":false,"isUpper":false},"stack":"((<DictionaryAnalyzer>, u'\\u043e\\u0431\\u044a\\u0451\\u043c\\u0435', 33, 5),)"},"sentenceIndex":[7],"words":["объеме"],"wordsIndex":[12]},"rating":33.33333333333333,"stats":{"counter":1477.0,"counterAll":1477.0,"isAdjf":0,"isCombo":0,"isComp":0,"isCountry":0,"isEng":0,"isName":0,"isNominal":0,"isNoun":1,"isNum":0,"isPrtf":0,"isSymbol":0,"isUnknown":0,"isVerb":0,"repeat":0.3333333333333333,"weight":0.00775568286240883,"weightAll":0.00775568286240883}},"оформить":{"indexObj":{"classMask":5,"counter":84.0,"finded":69,"isExisted":true,"letterId":16,"meta":"{}","server":"_buber3_","table":"wordIndex.ru","uid":21763,"word":"оформить","wordHash":"d14c197b9a3f4b975ee8434853702789_32c138c5d1cd1261b5d9b2a2eaedca0f9eadb776b9c5549c5e9bf4fa7ca8bda8fda5ceed831340e81a27361cd6af03ff13e5dc0934ba35de150758a76e7c0331","wordId":"16:21763"},"morphObj":{"params":{"class":"г","classMask":5,"info":{"isCapital":false,"isUpper":false},"stack":"((<DictionaryAnalyzer>, u'\\u043e\\u0444\\u043e\\u0440\\u043c\\u0438\\u043b\\u0430', 647, 2),)"},"sentenceIndex":[2],"words":["оформила"],"wordsIndex":[4]},"rating":33.33333333333333,"stats":{"counter":84.0,"counterAll":84.0,"isAdjf":0,"isCombo":0,"isComp":0,"isCountry":0,"isEng":0,"isName":0,"isNominal":0,"isNoun":0,"isNum":0,"isPrtf":0,"isSymbol":0,"isUnknown":0,"isVerb":1,"repeat":0.3333333333333333,"weight":0.0004410814898052415,"weightAll":0.0004410814898052415}},"оштрафовать":{"indexObj":{"classMask":5,"counter":14.0,"finded":12,"isExisted":true,"letterId":16,"meta":"{}","server":"_buber3_","table":"wordIndex.ru","uid":58309,"word":"оштрафовать","wordHash":"05a7a2d3ae5fa1e2e24924fa1e445103_b0c73e7da65719acb8981e39f33622d45d3e8a62f80ff56db280d8453b6898e272f470097813b48ae30e4ad44ee7d98f6758db2a3576996783fc986ad188bc1f","wordId":"16:58309"},"morphObj":{"params":{"class":"г","classMask":5,"info":{"isCapital":false,"isUpper":false},"stack":"((<DictionaryAnalyzer>, u'\\u043e\\u0448\\u0442\\u0440\\u0430\\u0444\\u043e\\u0432\\u0430\\u043b', 276, 1),)"},"sentenceIndex":[8],"words":["оштрафовал"],"wordsIndex":[1]},"rating":33.33333333333333,"stats":{"counter":14.0,"counterAll":14.0,"isAdjf":0,"isCombo":0,"isComp":0,"isCountry":0,"isEng":0,"isName":0,"isNominal":0,"isNoun":0,"isNum":0,"isPrtf":0,"isSymbol":0,"isUnknown":0,"isVerb":1,"repeat":0.3333333333333333,"weight":7.351358163420692e-05,"weightAll":7.351358163420692e-05}},"пенсионерка":{"indexObj":{"classMask":1,"counter":33.0,"finded":23,"isExisted":true,"letterId":15,"meta":"{}","server":"_buber3_","table":"wordIndex.ru","uid":101502,"word":"пенсионерка","wordHash":"2d49b0791b98369f6fc535c378310b26_38acc7dc994a4cdfc75b9fbffa2107b7d63bce51d86aa229e8c3ca1a71a98c814a2b6ea5e70775f82c7850d8383f541a670e5b9f53b76a39dbc13f055f39dca1","wordId":"15:101502"},"morphObj":{"params":{"class":"с","classMask":1,"info":{"isCapital":false,"isUpper":false},"stack":"((<DictionaryAnalyzer>, u'\\u043f\\u0435\\u043d\\u0441\\u0438\\u043e\\u043d\\u0435\\u0440\\u043a\\u0438', 39, 7),)"},"sentenceIndex":[0,3],"words":["пенсионерки","пенсионерки"],"wordsIndex":[18,14]},"rating":66.66666666666666,"stats":{"counter":33.0,"counterAll":66.0,"isAdjf":0,"isCombo":0,"isComp":0,"isCountry":0,"isEng":0,"isName":0,"isNominal":0,"isNoun":1,"isNum":0,"isPrtf":0,"isSymbol":0,"isUnknown":0,"isVerb":0,"repeat":0.6666666666666666,"weight":0.00017328201385205917,"weightAll":0.00034656402770411835}},"период":{"indexObj":{"classMask":1,"counter":5574.0,"finded":3269,"isExisted":true,"letterId":15,"meta":"{}","server":"_buber3_","table":"wordIndex.ru","uid":2317,"word":"период","wordHash":"d7af43ed249c913363a7e57380e1a231_7f2f5d68c644568c88b8f0eebbb1046ae42d53f422b1e94b30346f2f256c63718134464ac10dbb70a934b15036e557588a23a44bc4d89b00b1b3a25102e1ba0c","wordId":"15:2317"},"morphObj":{"params":{"class":"с","classMask":1,"info":{"isCapital":false,"isUpper":false},"stack":"((<DictionaryAnalyzer>, u'\\u043f\\u0435\\u0440\\u0438\\u043e\\u0434', 33, 3),)"},"sentenceIndex":[3],"words":["период"],"wordsIndex":[1]},"rating":33.33333333333333,"stats":{"counter":5574.0,"counterAll":5574.0,"isAdjf":0,"isCombo":0,"isComp":0,"isCountry":0,"isEng":0,"isName":0,"isNominal":0,"isNoun":1,"isNum":0,"isPrtf":0,"isSymbol":0,"isUnknown":0,"isVerb":0,"repeat":0.3333333333333333,"weight":0.029268907430647813,"weightAll":0.029268907430647813}},"пожилой":{"indexObj":{"classMask":2,"counter":64.0,"finded":63,"isExisted":true,"letterId":15,"meta":"{}","server":"_buber3_","table":"wordIndex.ru","uid":34550,"word":"пожилой","wordHash":"4f97dc116d40d2b215caebae3a2ae733_6d0c19e4ab6a3aad5e43fd487270540a9d97079fd1996a3d76da22417e7c45e9b700d246b569f65c93c54462d62c8b9c199f3b19c096742cb467fd6eae773199","wordId":"15:34550"},"morphObj":{"params":{"class":"п","classMask":2,"info":{"isCapital":false,"isUpper":false},"stack":"((<DictionaryAnalyzer>, u'\\u043f\\u043e\\u0436\\u0438\\u043b\\u043e\\u0439', 136, 0),)"},"sentenceIndex":[2],"words":["пожилой"],"wordsIndex":[7]},"rating":33.33333333333333,"stats":{"counter":64.0,"counterAll":64.0,"isAdjf":1,"isCombo":0,"isComp":0,"isCountry":0,"isEng":0,"isName":0,"isNominal":0,"isNoun":0,"isNum":0,"isPrtf":0,"isSymbol":0,"isUnknown":0,"isVerb":0,"repeat":0.3333333333333333,"weight":0.0003360620874706602,"weightAll":0.0003360620874706602}},"полностью":{"indexObj":{"classMask":11,"counter":2247.0,"finded":1684,"isExisted":true,"letterId":15,"meta":"{}","server":"_buber3_","table":"wordIndex.ru","uid":846,"word":"полностью","wordHash":"9dfb814633787d1447346f7f1f19f56a_a4a6f3ce34e3e3324e4732bd648b3fcf44156963f7eba04753cfab61d53e6eaecde2804202313b5b438f6c2656b5bc5b8118f91126bd36e376566f08d379ca54","wordId":"15:846"},"morphObj":{"params":{"class":"н","classMask":11,"info":{"isCapital":false,"isUpper":false},"stack":"((<DictionaryAnalyzer>, u'\\u043f\\u043e\\u043b\\u043d\\u043e\\u0441\\u0442\\u044c\\u044e', 3, 0),)"},"sentenceIndex":[7],"words":["полностью"],"wordsIndex":[1]},"rating":33.33333333333333,"stats":{"counter":2247.0,"counterAll":2247.0,"isAdjf":0,"isCombo":0,"isComp":0,"isCountry":0,"isEng":0,"isName":0,"isNominal":0,"isNoun":0,"isNum":0,"isPrtf":0,"isSymbol":0,"isUnknown":0,"isVerb":0,"repeat":0.3333333333333333,"weight":0.01179892985229021,"weightAll":0.01179892985229021}},"полный":{"indexObj":{"classMask":2,"counter":2931.0,"finded":2071,"isExisted":true,"letterId":15,"meta":"{}","server":"_buber3_","table":"wordIndex.ru","uid":979,"word":"полный","wordHash":"70fc30ac40bb4c913484ff72ff212d3b_85628d8e9f3775c834d2c1ad1f426fd0f22f700b9373f773bb7d00250f968250eac17f79e728b80ab2f42c1e3c267ec5aae62f2db32d5dad6ce8db7dee6d35a7","wordId":"15:979"},"morphObj":{"params":{"class":"п","classMask":2,"info":{"isCapital":false,"isUpper":false},"stack":"((<DictionaryAnalyzer>, u'\\u043f\\u043e\\u043b\\u043d\\u043e\\u043c', 2466, 6),)"},"sentenceIndex":[7],"words":["полном"],"wordsIndex":[11]},"rating":33.33333333333333,"stats":{"counter":2931.0,"counterAll":2931.0,"isAdjf":1,"isCombo":0,"isComp":0,"isCountry":0,"isEng":0,"isName":0,"isNominal":0,"isNoun":0,"isNum":0,"isPrtf":0,"isSymbol":0,"isUnknown":0,"isVerb":0,"repeat":0.3333333333333333,"weight":0.015390593412132891,"weightAll":0.015390593412132891}},"потерпевший":{"indexObj":{"classMask":2,"counter":146.0,"finded":78,"isExisted":true,"letterId":15,"meta":"{}","server":"_buber3_","table":"wordIndex.ru","uid":11023,"word":"потерпевший","wordHash":"3e9e61e889f92d47206a06ff1b1621e3_b18a37bc3424af3fd7d05edf2ec742cd96cfbd9357c9eeef85c402c5253ca4e6286b63395437c957f34e8c040544d8b49d5803d46ebb20a8d0c53ca2a93716b2","wordId":"15:11023"},"morphObj":{"params":{"class":"п","classMask":2,"info":{"isCapital":false,"isUpper":false},"stack":"((<DictionaryAnalyzer>, u'\\u043f\\u043e\\u0442\\u0435\\u0440\\u043f\\u0435\\u0432\\u0448\\u0435\\u0439', 100, 8),)"},"sentenceIndex":[7],"words":["потерпевшей"],"wordsIndex":[8]},"rating":33.33333333333333,"stats":{"counter":146.0,"counterAll":146.0,"isAdjf":1,"isCombo":0,"isComp":0,"isCountry":0,"isEng":0,"isName":0,"isNominal":0,"isNoun":0,"isNum":0,"isPrtf":0,"isSymbol":0,"isUnknown":0,"isVerb":0,"repeat":0.3333333333333333,"weight":0.0007666416370424436,"weightAll":0.0007666416370424436}},"похитить":{"indexObj":{"classMask":5,"counter":90.0,"finded":71,"isExisted":true,"letterId":15,"meta":"{}","server":"_buber3_","table":"wordIndex.ru","uid":9757,"word":"похитить","wordHash":"7fdf821f1959376bee29b05d5caeca42_77d16c1e382a6aa3129e411e057fefdb390632487ffdda6e301d19ea1ee1316e4d6d5d35b19ce45efded4db104140e359c89dc40d8d999bb38eba342225ccedb","wordId":"15:9757"},"morphObj":{"params":{"class":"г","classMask":5,"info":{"isCapital":false,"isUpper":false},"stack":"((<DictionaryAnalyzer>, u'\\u043f\\u043e\\u0445\\u0438\\u0442\\u0438\\u043b\\u0430', 2038, 2),)"},"sentenceIndex":[0,3],"words":["похитила","похитила"],"wordsIndex":[16,12]},"rating":66.66666666666666,"stats":{"counter":90.0,"counterAll":180.0,"isAdjf":0,"isCombo":0,"isComp":0,"isCountry":0,"isEng":0,"isName":0,"isNominal":0,"isNoun":0,"isNum":0,"isPrtf":0,"isSymbol":0,"isUnknown":0,"isVerb":1,"repeat":0.6666666666666666,"weight":0.0004725873105056159,"weightAll":0.0009451746210112318}},"пресс":{"indexObj":{"classMask":1,"counter":1201.0,"finded":937,"isExisted":true,"letterId":15,"meta":"{}","server":"_buber3_","table":"wordIndex.ru","uid":4070,"word":"пресс","wordHash":"1acc0f598bb46b4cf9ef4c01d7c6efc4_edd9ecd75562388f58b669c560294c04fc61742e7f76c6f3ed1e9feb567871f95d77079c18257924b3280033854a07404b1d86bdff63ae38f3ea7e47ad95022b","wordId":"15:4070"},"morphObj":{"params":{"class":"с","classMask":1,"info":{"isCapital":false,"isUpper":false},"stack":"((<DictionaryAnalyzer>, u'\\u043f\\u0440\\u0435\\u0441\\u0441', 33, 0),)"},"sentenceIndex":[1],"words":["пресс"],"wordsIndex":[4]},"rating":33.33333333333333,"stats":{"counter":1201.0,"counterAll":1201.0,"isAdjf":0,"isCombo":0,"isComp":0,"isCountry":0,"isEng":0,"isName":0,"isNominal":0,"isNoun":1,"isNum":0,"isPrtf":0,"isSymbol":0,"isUnknown":0,"isVerb":0,"repeat":0.3333333333333333,"weight":0.006306415110191608,"weightAll":0.006306415110191608}},"пресс-служба":{"indexObj":{"classMask":1201,"counter":402.0,"finded":356,"isExisted":true,"letterId":15,"meta":"{}","server":"_buber3_","table":"wordIndex.ru","uid":39622,"word":"пресс-служба","wordHash":"c40e04867b91aee1f9ef80f383f49e2c_691b8f4300b4b0c1fedac4b6afb9a99ed20e2dfcb07e17c87c64fb6a987dbf495fa257ff634cb7b82e984e67e5103d26d00ed896e64171a1363ecc373ce223a5","wordId":"15:39622"},"morphObj":{"params":{"class":"с","classMask":1201,"info":{"comboClassStats":{"с":2},"isCapital":false,"isCombo":true,"isUpper":false},"stack":"<classByLadder>"},"sentenceIndex":[1],"words":["пресс-службе"],"wordsIndex":[6]},"rating":33.33333333333333,"stats":{"counter":402.0,"counterAll":402.0,"isAdjf":0,"isCombo":1,"isComp":0,"isCountry":0,"isEng":0,"isName":0,"isNominal":0,"isNoun":1,"isNum":0,"isPrtf":0,"isSymbol":0,"isUnknown":0,"isVerb":0,"repeat":0.3333333333333333,"weight":0.0021108899869250845,"weightAll":0.0021108899869250845}},"преступница":{"indexObj":{"classMask":1,"counter":10.0,"finded":9,"isExisted":true,"letterId":15,"meta":"{}","server":"_buber3_","table":"wordIndex.ru","uid":78301,"word":"преступница","wordHash":"817f21a87085830105b9723112fa490d_31d9843bc8ef95004776cf9228608d3328d10081c14fa22517addac6663360461577cf26ce39420439922d0405e92c0d97f8b137cd421298670d8191373c3724","wordId":"15:78301"},"morphObj":{"params":{"class":"с","classMask":1,"info":{"isCapital":false,"isUpper":false},"stack":"((<DictionaryAnalyzer>, u'\\u043f\\u0440\\u0435\\u0441\\u0442\\u0443\\u043f\\u043d\\u0438\\u0446\\u0430', 143, 0),)"},"sentenceIndex":[3],"words":["преступница"],"wordsIndex":[11]},"rating":33.33333333333333,"stats":{"counter":10.0,"counterAll":10.0,"isAdjf":0,"isCombo":0,"isComp":0,"isCountry":0,"isEng":0,"isName":0,"isNominal":0,"isNoun":1,"isNum":0,"isPrtf":0,"isSymbol":0,"isUnknown":0,"isVerb":0,"repeat":0.3333333333333333,"weight":5.250970116729066e-05,"weightAll":5.250970116729066e-05}},"признать":{"indexObj":{"classMask":5,"counter":691.0,"finded":514,"isExisted":true,"letterId":15,"meta":"{}","server":"_buber3_","table":"wordIndex.ru","uid":12319,"word":"признать","wordHash":"9953fe89ae29a0df2c6748e3657c44f9_04230f3d49b465feeb25f9db01a2ec292e743577e4ade83a2c9451a3f346324a62a3e7206ebb50e90eae9778d850ff9fc0a5311e6b2ff0c436b96564a6a4b54e","wordId":"15:12319"},"morphObj":{"params":{"class":"г","classMask":5,"info":{"isCapital":false,"isUpper":false},"stack":"((<DictionaryAnalyzer>, u'\\u043f\\u0440\\u0438\\u0437\\u043d\\u0430\\u043b\\u0430', 614, 2),)"},"sentenceIndex":[7],"words":["признала"],"wordsIndex":[2]},"rating":33.33333333333333,"stats":{"counter":691.0,"counterAll":691.0,"isAdjf":0,"isCombo":0,"isComp":0,"isCountry":0,"isEng":0,"isName":0,"isNominal":0,"isNoun":0,"isNum":0,"isPrtf":0,"isSymbol":0,"isUnknown":0,"isVerb":1,"repeat":0.3333333333333333,"weight":0.0036284203506597845,"weightAll":0.0036284203506597845}},"причинение":{"indexObj":{"classMask":1,"counter":111.0,"finded":50,"isExisted":true,"letterId":15,"meta":"{}","server":"_buber3_","table":"wordIndex.ru","uid":30570,"word":"причинение","wordHash":"ba6d012a908c6e9ed415aecd5d2a14e2_48e7f942fa3d6db00323bf32e39932693112bfabcda904b76a2af6c9d00b280e3b2b373bd7e71d6f5465c255901d16b7537839df194988aa9724e9653fb1b5f9","wordId":"15:30570"},"morphObj":{"params":{"class":"с","classMask":1,"info":{"isCapital":false,"isUpper":false},"stack":"((<DictionaryAnalyzer>, u'\\u043f\\u0440\\u0438\\u0447\\u0438\\u043d\\u0435\\u043d\\u0438\\u0435\\u043c', 76, 8),)"},"sentenceIndex":[6],"words":["причинением"],"wordsIndex":[9]},"rating":33.33333333333333,"stats":{"counter":111.0,"counterAll":111.0,"isAdjf":0,"isCombo":0,"isComp":0,"isCountry":0,"isEng":0,"isName":0,"isNominal":0,"isNoun":1,"isNum":0,"isPrtf":0,"isSymbol":0,"isUnknown":0,"isVerb":0,"repeat":0.3333333333333333,"weight":0.0005828576829569262,"weightAll":0.0005828576829569262}},"причинить":{"indexObj":{"classMask":7,"counter":63.0,"finded":44,"isExisted":true,"letterId":15,"meta":"{}","server":"_buber3_","table":"wordIndex.ru","uid":15787,"word":"причинить","wordHash":"6ebed4c64156101a8cc6b44fd225a9f7_0536d75d7d2d128671ebd005ef51e0664b9b8dd8bebdca5d21e2bad4f4a9500f8b0a6c661e850d1fc15194ccde94f3e920955a4639503f6fe84e2e0c209adf0e","wordId":"15:15787"},"morphObj":{"params":{"class":"причастие","classMask":7,"info":{"isCapital":false,"isUpper":false},"stack":"((<DictionaryAnalyzer>, u'\\u043f\\u0440\\u0438\\u0447\\u0438\\u043d\\u0451\\u043d\\u043d\\u044b\\u0439', 720, 42),)"},"sentenceIndex":[7],"words":["причиненный"],"wordsIndex":[7]},"rating":33.33333333333333,"stats":{"counter":63.0,"counterAll":63.0,"isAdjf":0,"isCombo":0,"isComp":0,"isCountry":0,"isEng":0,"isName":0,"isNominal":0,"isNoun":0,"isNum":0,"isPrtf":1,"isSymbol":0,"isUnknown":0,"isVerb":0,"repeat":0.3333333333333333,"weight":0.0003308111173539311,"weightAll":0.0003308111173539311}},"прокуратура":{"indexObj":{"classMask":1,"counter":361.0,"finded":223,"isExisted":true,"letterId":15,"meta":"{}","server":"_buber3_","table":"wordIndex.ru","uid":10000,"word":"прокуратура","wordHash":"97debcbbed72a708dc4a0d41c14d7949_b9e93319995a96aaee23da8d7a51c29f0a7aa4b877025ac619cd50540eb322ca3ba57b31a9981c0b9a24dfaf54081802e31a31b66339d4996a235b9f9a0d22f8","wordId":"15:10000"},"morphObj":{"params":{"class":"с","classMask":1,"info":{"isCapital":false,"isUpper":false},"stack":"((<DictionaryAnalyzer>, u'\\u043f\\u0440\\u043e\\u043a\\u0443\\u0440\\u0430\\u0442\\u0443\\u0440\\u044b', 55, 1),)"},"sentenceIndex":[1],"words":["прокуратуры"],"wordsIndex":[7]},"rating":33.33333333333333,"stats":{"counter":361.0,"counterAll":361.0,"isAdjf":0,"isCombo":0,"isComp":0,"isCountry":0,"isEng":0,"isName":0,"isNominal":0,"isNoun":1,"isNum":0,"isPrtf":0,"isSymbol":0,"isUnknown":0,"isVerb":0,"repeat":0.3333333333333333,"weight":0.0018956002121391928,"weightAll":0.0018956002121391928}},"район":{"indexObj":{"classMask":1,"counter":18721.0,"finded":9076,"isExisted":true,"letterId":18,"meta":"{}","server":"_buber3_","table":"wordIndex.ru","uid":366,"word":"район","wordHash":"66f872ee0c56fb3dc21a01e1cb8724f1_82d3ee7e40774153611185ecf57ebbceea02e270a56096b275668b34ee5182e1772aa7d03685d36a0f964c038798ea5781dfffeebf1fc3116ec6ff2515c0ac3e","wordId":"18:366"},"morphObj":{"params":{"class":"с","classMask":1,"info":{"isCapital":false,"isUpper":false},"stack":"((<DictionaryAnalyzer>, u'\\u0440\\u0430\\u0439\\u043e\\u043d\\u0430', 33, 1),)"},"sentenceIndex":[0],"words":["района"],"wordsIndex":[13]},"rating":33.33333333333333,"stats":{"counter":18721.0,"counterAll":18721.0,"isAdjf":0,"isCombo":0,"isComp":0,"isCountry":0,"isEng":0,"isName":0,"isNominal":0,"isNoun":1,"isNum":0,"isPrtf":0,"isSymbol":0,"isUnknown":0,"isVerb":0,"repeat":0.3333333333333333,"weight":0.09830341155528484,"weightAll":0.09830341155528484}},"рубль":{"indexObj":{"classMask":1,"counter":2294.0,"finded":914,"isExisted":true,"letterId":18,"meta":"{}","server":"_buber3_","table":"wordIndex.ru","uid":4952,"word":"рубль","wordHash":"e066e4674f88bd9370068aad10c4959d_fe2c0ae5fbfb2bdd9c35a0d085ae6fd024fc188570081db09a752fe4b6a45df5d48a7273a3ce8c4181c4c928e2f5e957d727bfc0037f95961371979be5ea6379","wordId":"18:4952"},"morphObj":{"params":{"class":"с","classMask":1,"info":{"isCapital":false,"isUpper":false},"stack":"((<DictionaryAnalyzer>, u'\\u0440\\u0443\\u0431\\u043b\\u0435\\u0439', 2694, 7),)"},"sentenceIndex":[0,3,9],"words":["рублей","рублей","рублей"],"wordsIndex":[22,18,0]},"rating":100.0,"stats":{"counter":2294.0,"counterAll":6882.0,"isAdjf":0,"isCombo":0,"isComp":0,"isCountry":0,"isEng":0,"isName":0,"isNominal":0,"isNoun":1,"isNum":0,"isPrtf":0,"isSymbol":0,"isUnknown":0,"isVerb":0,"repeat":1.0,"weight":0.012045725447776478,"weightAll":0.03613717634332943}},"рф":{"indexObj":{"classMask":1,"counter":2874.0,"finded":1746,"isExisted":true,"letterId":18,"meta":"{}","server":"_buber3_","table":"wordIndex.ru","uid":1376,"word":"рф","wordHash":"8a2942f4e362053e57b07450ff7f039c_2339faef715ac1c1ef2fbf16bafc074a0d09fce43453dbe2b0d3322f6425982afa2dfcc1c230477986ff64d3078bed997b036e9bc54ec166b2ca691163eaa90a","wordId":"18:1376"},"morphObj":{"params":{"class":"с","classMask":1,"info":{"isCapital":false,"isUpper":true},"stack":"((<DictionaryAnalyzer>, u'\\u0440\\u0444', 1351, 1),)"},"sentenceIndex":[6],"words":["РФ"],"wordsIndex":[2]},"rating":33.33333333333333,"stats":{"counter":2874.0,"counterAll":2874.0,"isAdjf":0,"isCombo":0,"isComp":0,"isCountry":0,"isEng":0,"isName":0,"isNominal":0,"isNoun":1,"isNum":0,"isPrtf":0,"isSymbol":0,"isUnknown":0,"isVerb":0,"repeat":0.3333333333333333,"weight":0.015091288115479334,"weightAll":0.015091288115479334}},"свой":{"indexObj":{"classMask":2,"counter":32745.0,"finded":11584,"isExisted":true,"letterId":17,"meta":"{}","server":"_buber3_","table":"wordIndex.ru","uid":236,"word":"свой","wordHash":"d6faa737e864693849cd76c07c2e44d1_79a010cdde6958f33f43c9b8cf61eb16f7aad0b92a4eb90b9118b00ac56196c56394370eb6e8aa0d5e6ddb3d09f6f8987a9fded51ea0e9432ae8fafeec3e4938","wordId":"17:236"},"morphObj":{"params":{"class":"п","classMask":2,"info":{"isCapital":false,"isUpper":false},"stack":"((<DictionaryAnalyzer>, u'\\u0441\\u0432\\u043e\\u044e', 2737, 10),)"},"sentenceIndex":[7],"words":["свою"],"wordsIndex":[3]},"rating":33.33333333333333,"stats":{"counter":32745.0,"counterAll":32745.0,"isAdjf":1,"isCombo":0,"isComp":0,"isCountry":0,"isEng":0,"isName":0,"isNominal":0,"isNoun":0,"isNum":0,"isPrtf":0,"isSymbol":0,"isUnknown":0,"isVerb":0,"repeat":0.3333333333333333,"weight":0.17194301647229326,"weightAll":0.17194301647229326}},"свыше":{"indexObj":{"classMask":11,"counter":834.0,"finded":550,"isExisted":true,"letterId":17,"meta":"{}","server":"_buber3_","table":"wordIndex.ru","uid":7298,"word":"свыше","wordHash":"1cbe4872258f136f0edb84bd064486c9_b13bcac416f6e8f4d83821e500373f68a94ee43e6eba3cc8079e1213aa7c6d6a8e9eb0ba00ea3ba6dc500d32232a83d9e1f7b277c3fe3f7ff800c31e51bbf78a","wordId":"17:7298"},"morphObj":{"params":{"class":"н","classMask":11,"info":{"isCapital":false,"isUpper":false},"stack":"((<DictionaryAnalyzer>, u'\\u0441\\u0432\\u044b\\u0448\\u0435', 3, 0),)"},"sentenceIndex":[0,3],"words":["свыше","свыше"],"wordsIndex":[19,15]},"rating":66.66666666666666,"stats":{"counter":834.0,"counterAll":1668.0,"isAdjf":0,"isCombo":0,"isComp":0,"isCountry":0,"isEng":0,"isName":0,"isNominal":0,"isNoun":0,"isNum":0,"isPrtf":0,"isSymbol":0,"isUnknown":0,"isVerb":0,"repeat":0.6666666666666666,"weight":0.004379309077352041,"weightAll":0.008758618154704082}},"следствие":{"indexObj":{"classMask":1,"counter":672.0,"finded":508,"isExisted":true,"letterId":17,"meta":"{}","server":"_buber3_","table":"wordIndex.ru","uid":5437,"word":"следствие","wordHash":"577b1019bfce594d735c8ca75d5a2c34_979a6d933c1a331964837616474edb134e847ee21b38be6c3eb8b09bee90c8f3aacf29fefe13ae6254eed30e412ee2d3d12d85e86005460adf7c88694bee53ba","wordId":"17:5437"},"morphObj":{"params":{"class":"с","classMask":1,"info":{"isCapital":false,"isUpper":false},"stack":"((<DictionaryAnalyzer>, u'\\u0441\\u043b\\u0435\\u0434\\u0441\\u0442\\u0432\\u0438\\u044f', 119, 1),)"},"sentenceIndex":[2],"words":["следствия"],"wordsIndex":[2]},"rating":33.33333333333333,"stats":{"counter":672.0,"counterAll":672.0,"isAdjf":0,"isCombo":0,"isComp":0,"isCountry":0,"isEng":0,"isName":0,"isNominal":0,"isNoun":1,"isNum":0,"isPrtf":0,"isSymbol":0,"isUnknown":0,"isVerb":0,"repeat":0.3333333333333333,"weight":0.003528651918441932,"weightAll":0.003528651918441932}},"служба":{"indexObj":{"classMask":1,"counter":4727.0,"finded":2797,"isExisted":true,"letterId":17,"meta":"{}","server":"_buber3_","table":"wordIndex.ru","uid":3064,"word":"служба","wordHash":"d1b18e345c21d5ed6c5e0036fbb80841_0f91823c9c6b2c924a393faa1746679ed8bc6a9ea50e0c283c6bbfd737e72704012f79e827e5ec2024b8598bf9a293d1ce048162f663f427ba4dc5fcd275aa4d","wordId":"17:3064"},"morphObj":{"params":{"class":"с","classMask":1,"info":{"isCapital":false,"isUpper":false},"stack":"((<DictionaryAnalyzer>, u'\\u0441\\u043b\\u0443\\u0436\\u0431\\u0435', 55, 6),)"},"sentenceIndex":[1],"words":["службе"],"wordsIndex":[5]},"rating":33.33333333333333,"stats":{"counter":4727.0,"counterAll":4727.0,"isAdjf":0,"isCombo":0,"isComp":0,"isCountry":0,"isEng":0,"isName":0,"isNominal":0,"isNoun":1,"isNum":0,"isPrtf":0,"isSymbol":0,"isUnknown":0,"isVerb":0,"repeat":0.3333333333333333,"weight":0.024821335741778295,"weightAll":0.024821335741778295}},"совершенный":{"indexObj":{"classMask":2,"counter":311.0,"finded":249,"isExisted":true,"letterId":17,"meta":"{}","server":"_buber3_","table":"wordIndex.ru","uid":31091,"word":"совершенный","wordHash":"493dae2f84eafa8ae7196a76259d9021_d437f649b3779d6fa643cc4c82fb1ea6a32227fe491a8e46712abba2b9ddbc473059f532725a06ac5dc1f495b446c8fd47081dd5b80168ff6fef8dfa0b5ff51e","wordId":"17:31091"},"morphObj":{"params":{"class":"п","classMask":2,"info":{"isCapital":false,"isUpper":false},"stack":"((<DictionaryAnalyzer>, u'\\u0441\\u043e\\u0432\\u0435\\u0440\\u0448\\u0435\\u043d\\u043d\\u043e\\u0433\\u043e', 653, 1),)"},"sentenceIndex":[6],"words":["совершенного"],"wordsIndex":[7]},"rating":33.33333333333333,"stats":{"counter":311.0,"counterAll":311.0,"isAdjf":1,"isCombo":0,"isComp":0,"isCountry":0,"isEng":0,"isName":0,"isNominal":0,"isNoun":0,"isNum":0,"isPrtf":0,"isSymbol":0,"isUnknown":0,"isVerb":0,"repeat":0.3333333333333333,"weight":0.0016330517063027393,"weightAll":0.0016330517063027393}},"сообщать":{"indexObj":{"classMask":5,"counter":1902.0,"finded":1661,"isExisted":true,"letterId":17,"meta":"{}","server":"_buber3_","table":"wordIndex.ru","uid":1954,"word":"сообщать","wordHash":"49044442e835fd02adb8c0061842f160_3568d244b5557ea9339e4a027955ca45bc74a7fe56e13513f1809390a8f28f2099018a78a11c67d281322590295a263ae7f2eb7fd9f02cf60495a9e0f85150a0","wordId":"17:1954"},"morphObj":{"params":{"class":"г","classMask":5,"info":{"isCapital":false,"isUpper":false},"stack":"((<DictionaryAnalyzer>, u'\\u0441\\u043e\\u043e\\u0431\\u0449\\u0430\\u0435\\u0442', 206, 5),)"},"sentenceIndex":[9],"words":["сообщает"],"wordsIndex":[6]},"rating":33.33333333333333,"stats":{"counter":1902.0,"counterAll":1902.0,"isAdjf":0,"isCombo":0,"isComp":0,"isCountry":0,"isEng":0,"isName":0,"isNominal":0,"isNoun":0,"isNum":0,"isPrtf":0,"isSymbol":0,"isUnknown":0,"isVerb":1,"repeat":0.3333333333333333,"weight":0.009987345162018683,"weightAll":0.009987345162018683}},"сообщить":{"indexObj":{"classMask":5,"counter":1738.0,"finded":1277,"isExisted":true,"letterId":17,"meta":"{}","server":"_buber3_","table":"wordIndex.ru","uid":4319,"word":"сообщить","wordHash":"ab0b4f774af8f4fb24986932649de327_21d24de13eece6173b1ce62d1a06bee5c8a88978186d23797d52d999ce80c286eac13cd768b71bc50d7495f1ea907042888cd591a80d06d1fe57e0aa56b1a9fa","wordId":"17:4319"},"morphObj":{"params":{"class":"г","classMask":5,"info":{"isCapital":false,"isUpper":false},"stack":"((<DictionaryAnalyzer>, u'\\u0441\\u043e\\u043e\\u0431\\u0449\\u0438\\u043b\\u0438', 741, 4),)"},"sentenceIndex":[1],"words":["сообщили"],"wordsIndex":[2]},"rating":33.33333333333333,"stats":{"counter":1738.0,"counterAll":1738.0,"isAdjf":0,"isCombo":0,"isComp":0,"isCountry":0,"isEng":0,"isName":0,"isNominal":0,"isNoun":0,"isNum":0,"isPrtf":0,"isSymbol":0,"isUnknown":0,"isVerb":1,"repeat":0.3333333333333333,"weight":0.009126186062875116,"weightAll":0.009126186062875116}},"социальный":{"indexObj":{"classMask":2,"counter":2248.0,"finded":1207,"isExisted":true,"letterId":17,"meta":"{}","server":"_buber3_","table":"wordIndex.ru","uid":1470,"word":"социальный","wordHash":"1dc73233a3ec1264b4ec397f2570317f_21bdd3dba67be46fe06c2df5324f016edbd0230ed9dca0e1ce5eadb0309434e08be9506c6191cc790cd32ba0ca5d373c730b40468f3394a329659a22fa8f12df","wordId":"17:1470"},"morphObj":{"params":{"class":"п","classMask":2,"info":{"isCapital":false,"isUpper":false},"stack":"((<DictionaryAnalyzer>, u'\\u0441\\u043e\\u0446\\u0438\\u0430\\u043b\\u044c\\u043d\\u043e\\u043c\\u0443', 211, 2),)"},"sentenceIndex":[0,0],"words":["социальному","социального"],"wordsIndex":[2,9]},"rating":66.66666666666666,"stats":{"counter":2248.0,"counterAll":4496.0,"isAdjf":1,"isCombo":0,"isComp":0,"isCountry":0,"isEng":0,"isName":0,"isNominal":0,"isNoun":0,"isNum":0,"isPrtf":0,"isSymbol":0,"isUnknown":0,"isVerb":0,"repeat":0.6666666666666666,"weight":0.01180418082240694,"weightAll":0.02360836164481388}},"ст":{"indexObj":{"classMask":1,"counter":1143.0,"finded":415,"isExisted":true,"letterId":17,"meta":"{}","server":"_buber3_","table":"wordIndex.ru","uid":9055,"word":"ст","wordHash":"c5ba723c7f91efa6d3c526508ec74ab5_024148a7abde0b20f3ec7040de38dece3062d6ecaa79816f9915a3fe3c892a336ab6d5fd1860e31a434b5e1686a521043c8ec72cbb99c6ddcd92a70fbfd9ac56","wordId":"17:9055"},"morphObj":{"params":{"class":"с","classMask":1,"info":{"isCapital":false,"isUpper":false},"stack":"((<DictionaryAnalyzer>, u'\\u0441\\u0442', 1127, 0),)"},"sentenceIndex":[5],"words":["ст"],"wordsIndex":[1]},"rating":33.33333333333333,"stats":{"counter":1143.0,"counterAll":1143.0,"isAdjf":0,"isCombo":0,"isComp":0,"isCountry":0,"isEng":0,"isName":0,"isNominal":0,"isNoun":1,"isNum":0,"isPrtf":0,"isSymbol":0,"isUnknown":0,"isVerb":0,"repeat":0.3333333333333333,"weight":0.006001858843421322,"weightAll":0.006001858843421322}},"суд":{"indexObj":{"classMask":1,"counter":2644.0,"finded":1316,"isExisted":true,"letterId":17,"meta":"{}","server":"_buber3_","table":"wordIndex.ru","uid":725,"word":"суд","wordHash":"23f2c2d9855dd8787911d0b4ca935572_c81a06ec936a69454ff7093b9550476be7d06c14ef408d52c569da0e278042fd1933ceb7eebc1b62b24550cc6b834f02952d0b0956bb5e76aa65c5267e53ac97","wordId":"17:725"},"morphObj":{"params":{"class":"с","classMask":1,"info":{"isCapital":true,"isUpper":false},"stack":"((<DictionaryAnalyzer>, u'\\u0441\\u0443\\u0434', 33, 0),)"},"sentenceIndex":[8],"words":["Суд"],"wordsIndex":[0]},"rating":33.33333333333333,"stats":{"counter":2644.0,"counterAll":2644.0,"isAdjf":0,"isCombo":0,"isComp":0,"isCountry":0,"isEng":0,"isName":0,"isNominal":0,"isNoun":1,"isNum":0,"isPrtf":0,"isSymbol":0,"isUnknown":0,"isVerb":0,"repeat":0.3333333333333333,"weight":0.01388356498863165,"weightAll":0.01388356498863165}},"тайный":{"indexObj":{"classMask":22,"counter":80.0,"finded":55,"isExisted":true,"letterId":20,"meta":"{}","server":"_buber3_","table":"wordIndex.ru","uid":14253,"word":"тайный","wordHash":"02bdf09f8d349a835f253e565042fa7e_ea3963e5e88a7535701a25a18f16fc0ca8b6ad60ca94c008e85039c692d52bbdd60531ce3146cb369ad06b5063d7db47db7e76e6630825f46a5f0abf410937de","wordId":"20:14253"},"morphObj":{"params":{"class":"имя","classMask":22,"info":{"isCapital":true,"isUpper":false},"stack":"((<DictionaryAnalyzer>, u'\\u0442\\u0430\\u0439\\u043d\\u043e\\u0435', 263, 14),)"},"sentenceIndex":[6],"words":["Тайное"],"wordsIndex":[3]},"rating":133.33333333333331,"stats":{"counter":80.0,"counterAll":80.0,"isAdjf":0,"isCombo":0,"isComp":0,"isCountry":0,"isEng":0,"isName":1,"isNominal":0,"isNoun":0,"isNum":0,"isPrtf":0,"isSymbol":0,"isUnknown":0,"isVerb":0,"repeat":0.3333333333333333,"weight":0.0004200776093383253,"weightAll":0.0004200776093383253}},"твериград":{"indexObj":{"classMask":1,"counter":8.0,"finded":8,"isExisted":true,"letterId":20,"meta":"{}","server":"_buber3_","table":"wordIndex.ru","uid":349640,"word":"твериград","wordHash":"5ce91e7a56d4b435cf97d2ca023760dc_f97506bef95a2af42374f8ed99e3f9c80aaabcdb11f5e73ee2d0c60906ab7ad6ec937f630c2b54f6b2691f7d620a8618be1b2ca002582efdac570d1a3aa9e802","wordId":"20:349640"},"morphObj":{"params":{"class":"с","classMask":1,"info":{"isCapital":false,"isUpper":true},"stack":"((<DictionaryAnalyzer>, u'\\u0433\\u0440\\u0430\\u0434', 158, 0), (<UnknownPrefixAnalyzer>, u'\\u0442\\u0432\\u0435\\u0440\\u0438'))"},"sentenceIndex":[9],"words":["ТВЕРИГРАД"],"wordsIndex":[8]},"rating":33.33333333333333,"stats":{"counter":8.0,"counterAll":8.0,"isAdjf":0,"isCombo":0,"isComp":0,"isCountry":0,"isEng":0,"isName":0,"isNominal":0,"isNoun":1,"isNum":0,"isPrtf":0,"isSymbol":0,"isUnknown":0,"isVerb":0,"repeat":0.3333333333333333,"weight":4.2007760933832525e-05,"weightAll":4.2007760933832525e-05}},"тверская":{"indexObj":{"classMask":22,"counter":405.0,"finded":227,"isExisted":true,"letterId":20,"meta":"{}","server":"_buber3_","table":"wordIndex.ru","uid":25578,"word":"тверская","wordHash":"ca07d23531b330c5f40b500687539d05_fe4be7e220a59fe602b401df8151bdfb82c542eda51bfa1e4f286fef1b3631c8649dac86d3699411fc47b988c1cb7c17ef606d65014ab5ac5001baeb08253287","wordId":"20:25578"},"morphObj":{"params":{"class":"имя","classMask":22,"info":{"isCapital":true,"isUpper":false},"stack":"((<DictionaryAnalyzer>, u'\\u0442\\u0432\\u0435\\u0440\\u0441\\u043a\\u043e\\u0439', 401, 1),)"},"sentenceIndex":[0,1],"words":["Тверской","Тверской"],"wordsIndex":[14,8]},"rating":166.66666666666666,"stats":{"counter":405.0,"counterAll":810.0,"isAdjf":0,"isCombo":0,"isComp":0,"isCountry":0,"isEng":0,"isName":1,"isNominal":0,"isNoun":0,"isNum":0,"isPrtf":0,"isSymbol":0,"isUnknown":0,"isVerb":0,"repeat":0.6666666666666666,"weight":0.0021266428972752716,"weightAll":0.004253285794550543}},"тысяча":{"indexObj":{"classMask":1,"counter":5893.0,"finded":2791,"isExisted":true,"letterId":20,"meta":"{}","server":"_buber3_","table":"wordIndex.ru","uid":1756,"word":"тысяча","wordHash":"3076a09e3a3bd3ccbf98a42eba71e943_525dd19202af1edaef26c59bb0cfbf62f0e995f56283e7c002eb3c4965472981a1f8848fd36c89ae4ce61a891ebba2d699c2e04ed9e0db929d929919348bfbb6","wordId":"20:1756"},"morphObj":{"params":{"class":"с","classMask":1,"info":{"isCapital":false,"isUpper":false},"stack":"((<DictionaryAnalyzer>, u'\\u0442\\u044b\\u0441\\u044f\\u0447', 2923, 8),)"},"sentenceIndex":[0,3,8],"words":["тысяч","тысяч","тыс"],"wordsIndex":[21,17,5]},"rating":100.0,"stats":{"counter":5893.0,"counterAll":17679.0,"isAdjf":0,"isCombo":0,"isComp":0,"isCountry":0,"isEng":0,"isName":0,"isNominal":0,"isNoun":1,"isNum":0,"isPrtf":0,"isSymbol":0,"isUnknown":0,"isVerb":0,"repeat":1.0,"weight":0.030943966897884385,"weightAll":0.09283190069365316}},"уволить":{"indexObj":{"classMask":5,"counter":68.0,"finded":52,"isExisted":true,"letterId":19,"meta":"{}","server":"_buber3_","table":"wordIndex.ru","uid":12349,"word":"уволить","wordHash":"d1fd9a81b64b6ed4fcac8cd023c5b038_fa01053ea397496c2391277df6ea52d7b6ad71e423998894d2a24946c38edb31531a119eb898352ac67c6f4b6b8ded1d141de3eede52ce9aa97a5d4a2981264e","wordId":"19:12349"},"morphObj":{"params":{"class":"г","classMask":5,"info":{"isCapital":false,"isUpper":false},"stack":"((<DictionaryAnalyzer>, u'\\u0443\\u0432\\u043e\\u043b\\u0438\\u043b\\u0438', 623, 4),)"},"sentenceIndex":[9],"words":["уволили"],"wordsIndex":[5]},"rating":33.33333333333333,"stats":{"counter":68.0,"counterAll":68.0,"isAdjf":0,"isCombo":0,"isComp":0,"isCountry":0,"isEng":0,"isName":0,"isNominal":0,"isNoun":0,"isNum":0,"isPrtf":0,"isSymbol":0,"isUnknown":0,"isVerb":1,"repeat":0.3333333333333333,"weight":0.00035706596793757644,"weightAll":0.00035706596793757644}},"уголовный":{"indexObj":{"classMask":2,"counter":700.0,"finded":459,"isExisted":true,"letterId":19,"meta":"{}","server":"_buber3_","table":"wordIndex.ru","uid":1280,"word":"уголовный","wordHash":"87ef78ae7b0b53d52edc39bf449a1b30_1fccda7efcdedfd6e9f2dc3445c0a0f63d5091bae82e9b1e10112324ce61560ff3a847d2fc8559fc38a0724ddc9c12801685a4703a7565d26e0c3dcbe7d813e3","wordId":"19:1280"},"morphObj":{"params":{"class":"п","classMask":2,"info":{"isCapital":false,"isUpper":false},"stack":"((<DictionaryAnalyzer>, u'\\u0443\\u0433\\u043e\\u043b\\u043e\\u0432\\u043d\\u043e\\u0435', 12, 14),)"},"sentenceIndex":[4],"words":["уголовное"],"wordsIndex":[4]},"rating":33.33333333333333,"stats":{"counter":700.0,"counterAll":700.0,"isAdjf":1,"isCombo":0,"isComp":0,"isCountry":0,"isEng":0,"isName":0,"isNominal":0,"isNoun":0,"isNum":0,"isPrtf":0,"isSymbol":0,"isUnknown":0,"isVerb":0,"repeat":0.3333333333333333,"weight":0.003675679081710346,"weightAll":0.003675679081710346}},"ук":{"indexObj":{"classMask":1,"counter":241.0,"finded":155,"isExisted":true,"letterId":19,"meta":"{}","server":"_buber3_","table":"wordIndex.ru","uid":22418,"word":"ук","wordHash":"68f5bc5ebb8bb194dc4ef3b964ace1f9_69283a44dcbb9540459540d0107bf9acb44b3aa521ca5cc2abf42073de7ac752b0b36030cb39510d5487118340993f56184b3ed165c38b9c5ef5eec63094414b","wordId":"19:22418"},"morphObj":{"params":{"class":"с","classMask":1,"info":{"isCapital":false,"isUpper":true},"stack":"((<DictionaryAnalyzer>, u'\\u0443\\u043a', 19, 0),)"},"sentenceIndex":[6],"words":["УК"],"wordsIndex":[1]},"rating":33.33333333333333,"stats":{"counter":241.0,"counterAll":241.0,"isAdjf":0,"isCombo":0,"isComp":0,"isCountry":0,"isEng":0,"isName":0,"isNominal":0,"isNoun":1,"isNum":0,"isPrtf":0,"isSymbol":0,"isUnknown":0,"isVerb":0,"repeat":0.3333333333333333,"weight":0.0012654837981317048,"weightAll":0.0012654837981317048}},"ущерб":{"indexObj":{"classMask":1,"counter":341.0,"finded":268,"isExisted":true,"letterId":19,"meta":"{}","server":"_buber3_","table":"wordIndex.ru","uid":11545,"word":"ущерб","wordHash":"6f2db75c0b6c6d2ee870efb4153c119e_02f103463557d4caabf49a1baf5fcf8a4493a66e1d455a2f49e2651ce2677d8707b73ead91bd915375cc10756d3f6258f8976e9cfce08e7393b5f0eb23c90eff","wordId":"19:11545"},"morphObj":{"params":{"class":"с","classMask":1,"info":{"isCapital":false,"isUpper":false},"stack":"((<DictionaryAnalyzer>, u'\\u0443\\u0449\\u0435\\u0440\\u0431\\u0430', 33, 1),)"},"sentenceIndex":[6,7],"words":["ущерба","ущерб"],"wordsIndex":[11,9]},"rating":66.66666666666666,"stats":{"counter":341.0,"counterAll":682.0,"isAdjf":0,"isCombo":0,"isComp":0,"isCountry":0,"isEng":0,"isName":0,"isNominal":0,"isNoun":1,"isNum":0,"isPrtf":0,"isSymbol":0,"isUnknown":0,"isVerb":0,"repeat":0.6666666666666666,"weight":0.0017905808098046113,"weightAll":0.0035811616196092227}},"факт":{"indexObj":{"classMask":1,"counter":1874.0,"finded":1547,"isExisted":true,"letterId":22,"meta":"{}","server":"_buber3_","table":"wordIndex.ru","uid":1246,"word":"факт","wordHash":"debac57b4eea2009f2580e93855cb6b3_980ab94e57a790627bbeeb9cbc252c328d9e5ae0a4e0404c82b8ed77dafc833fa3cb0af9ae5bbaa26c54222ee1d6e8e50b225de70441557c5f60ff269fe595b4","wordId":"22:1246"},"morphObj":{"params":{"class":"с","classMask":1,"info":{"isCapital":false,"isUpper":false},"stack":"((<DictionaryAnalyzer>, u'\\u0444\\u0430\\u043a\\u0442\\u0443', 33, 2),)"},"sentenceIndex":[4],"words":["факту"],"wordsIndex":[2]},"rating":33.33333333333333,"stats":{"counter":1874.0,"counterAll":1874.0,"isAdjf":0,"isCombo":0,"isComp":0,"isCountry":0,"isEng":0,"isName":0,"isNominal":0,"isNoun":1,"isNum":0,"isPrtf":0,"isSymbol":0,"isUnknown":0,"isVerb":0,"repeat":0.3333333333333333,"weight":0.00984031799875027,"weightAll":0.00984031799875027}},"хищение":{"indexObj":{"classMask":1,"counter":84.0,"finded":71,"isExisted":true,"letterId":21,"meta":"{}","server":"_buber3_","table":"wordIndex.ru","uid":23350,"word":"хищение","wordHash":"0086c4ef074b46ace3ca564442ce798f_9947a4e301453c432370cd3dc90a55f05d2ffe6fa68a1d215b76ea42e305a176d6faf1357120696cb089fcc6e2beb7aeade127af1651bf9592226968d76207dd","wordId":"21:23350"},"morphObj":{"params":{"class":"с","classMask":1,"info":{"isCapital":false,"isUpper":false},"stack":"((<DictionaryAnalyzer>, u'\\u0445\\u0438\\u0449\\u0435\\u043d\\u0438\\u0435', 76, 0),)"},"sentenceIndex":[6],"words":["хищение"],"wordsIndex":[4]},"rating":33.33333333333333,"stats":{"counter":84.0,"counterAll":84.0,"isAdjf":0,"isCombo":0,"isComp":0,"isCountry":0,"isEng":0,"isName":0,"isNominal":0,"isNoun":1,"isNum":0,"isPrtf":0,"isSymbol":0,"isUnknown":0,"isVerb":0,"repeat":0.3333333333333333,"weight":0.0004410814898052415,"weightAll":0.0004410814898052415}},"центр":{"indexObj":{"classMask":1,"counter":9297.0,"finded":5753,"isExisted":true,"letterId":24,"meta":"{}","server":"_buber3_","table":"wordIndex.ru","uid":2703,"word":"центр","wordHash":"17a9048f4a8e36421e18b5448a3b93bf_438c8c1caac2229c6834c7da4f203a12258e07b874bed10e9eb0ffcefb3201071fec6d9f1dbf75c2a6467954e62259d4c82537084050ede91bf1f7f9eba4e73a","wordId":"24:2703"},"morphObj":{"params":{"class":"с","classMask":1,"info":{"isCapital":false,"isUpper":false},"stack":"((<DictionaryAnalyzer>, u'\\u0446\\u0435\\u043d\\u0442\\u0440', 33, 0),)"},"sentenceIndex":[0],"words":["центр"],"wordsIndex":[8]},"rating":33.33333333333333,"stats":{"counter":9297.0,"counterAll":9297.0,"isAdjf":0,"isCombo":0,"isComp":0,"isCountry":0,"isEng":0,"isName":0,"isNominal":0,"isNoun":1,"isNum":0,"isPrtf":0,"isSymbol":0,"isUnknown":0,"isVerb":0,"repeat":0.3333333333333333,"weight":0.048818269175230126,"weightAll":0.048818269175230126}},"чужое":{"indexObj":{"classMask":1,"counter":149.0,"finded":132,"isExisted":true,"letterId":23,"meta":"{}","server":"_buber3_","table":"wordIndex.ru","uid":15444,"word":"чужое","wordHash":"9859c812b1e6077cee9b0ff0484d4172_b218eb24de99d7eda15f9354585719a18188e74d2730df3a77d426fbacd2ec7a63655b4f92e57baf18fa0c118934ca1751abb785f618b0ac06b381e1d8f41452","wordId":"23:15444"},"morphObj":{"params":{"class":"с","classMask":1,"info":{"isCapital":false,"isUpper":false},"stack":"((<DictionaryAnalyzer>, u'\\u0447\\u0443\\u0436\\u043e\\u0433\\u043e', 576, 1),)"},"sentenceIndex":[6],"words":["чужого"],"wordsIndex":[5]},"rating":33.33333333333333,"stats":{"counter":149.0,"counterAll":149.0,"isAdjf":0,"isCombo":0,"isComp":0,"isCountry":0,"isEng":0,"isName":0,"isNominal":0,"isNoun":1,"isNum":0,"isPrtf":0,"isSymbol":0,"isUnknown":0,"isVerb":0,"repeat":0.3333333333333333,"weight":0.0007823945473926307,"weightAll":0.0007823945473926307}}}