{"20":{"params":{"class":"наим","classMask":19,"info":{},"stack":""},"sentenceIndex":[7],"words":["20"],"wordsIndex":[13]},"20-30":{"params":{"class":"наим","classMask":19,"info":{},"stack":""},"sentenceIndex":[7],"words":["20-30"],"wordsIndex":[15]},"2016":{"params":{"class":"наим","classMask":19,"info":{},"stack":""},"sentenceIndex":[8],"words":["2016"],"wordsIndex":[6]},"29":{"params":{"class":"наим","classMask":19,"info":{},"stack":""},"sentenceIndex":[9],"words":["29"],"wordsIndex":[3]},"3":{"params":{"class":"число","classMask":10,"info":{},"stack":""},"sentenceIndex":[8],"words":["3"],"wordsIndex":[12]},"30":{"params":{"class":"наим","classMask":19,"info":{},"stack":""},"sentenceIndex":[7],"words":["30"],"wordsIndex":[14]},"48":{"params":{"class":"наим","classMask":19,"info":{},"stack":""},"sentenceIndex":[8],"words":["48"],"wordsIndex":[13]},"i":{"params":{"class":"символ","classMask":20,"info":{},"stack":""},"sentenceIndex":[8],"words":["I"],"wordsIndex":[4]},"rns":{"params":{"class":"иняз","classMask":21,"info":{"isCapital":false,"isUpper":true},"stack":""},"sentenceIndex":[1],"words":["RNS"],"wordsIndex":[25]},"а":{"params":{"class":"символ","classMask":20,"info":{},"stack":""},"sentenceIndex":[3],"words":["а"],"wordsIndex":[18]},"аналогичный":{"params":{"class":"п","classMask":2,"info":{"isCapital":false,"isUpper":false},"stack":"((<DictionaryAnalyzer>, u'\\u0430\\u043d\\u0430\\u043b\\u043e\\u0433\\u0438\\u0447\\u043d\\u044b\\u0439', 34, 0),)"},"sentenceIndex":[9],"words":["аналогичный"],"wordsIndex":[7]},"бесплатный":{"params":{"class":"п","classMask":2,"info":{"isCapital":false,"isUpper":false},"stack":"((<DictionaryAnalyzer>, u'\\u0431\\u0435\\u0441\\u043f\\u043b\\u0430\\u0442\\u043d\\u043e\\u0439', 12, 8),)"},"sentenceIndex":[0,1],"words":["бесплатной","бесплатными"],"wordsIndex":[20,10]},"борьба":{"params":{"class":"с","classMask":1,"info":{"isCapital":false,"isUpper":false},"stack":"((<DictionaryAnalyzer>, u'\\u0431\\u043e\\u0440\\u044c\\u0431\\u0435', 29, 6),)"},"sentenceIndex":[2],"words":["борьбе"],"wordsIndex":[12]},"будущее":{"params":{"class":"с","classMask":1,"info":{"isCapital":false,"isUpper":false},"stack":"((<DictionaryAnalyzer>, u'\\u0431\\u0443\\u0434\\u0443\\u0449\\u0435\\u0435', 501, 3),)"},"sentenceIndex":[1],"words":["будущее"],"wordsIndex":[23]},"бы":{"params":{"class":"част","classMask":16,"info":{"isCapital":false,"isUpper":false},"stack":"((<DictionaryAnalyzer>, u'\\u0431\\u044b', 22, 0),)"},"sentenceIndex":[7],"words":["бы"],"wordsIndex":[9]},"быть":{"params":{"class":"г","classMask":5,"info":{"isCapital":false,"isUpper":false},"stack":"((<DictionaryAnalyzer>, u'\\u0431\\u044b\\u043b\\u043e', 587, 6),)"},"sentenceIndex":[8],"words":["было"],"wordsIndex":[10]},"в":{"params":{"class":"символ","classMask":20,"info":{},"stack":""},"sentenceIndex":[0,0,1,1,2,2,3,3,5,5,6,7,7,8,8],"words":["В","в","в","в","в","в","в","в","в","в","В","В","в","в","в"],"wordsIndex":[0,8,19,22,5,11,12,19,2,22,0,0,11,3,8]},"вариант":{"params":{"class":"с","classMask":1,"info":{"isCapital":false,"isUpper":false},"stack":"((<DictionaryAnalyzer>, u'\\u0432\\u0430\\u0440\\u0438\\u0430\\u043d\\u0442', 33, 0),)"},"sentenceIndex":[4],"words":["вариант"],"wordsIndex":[8]},"ведомство":{"params":{"class":"с","classMask":1,"info":{"isCapital":false,"isUpper":false},"stack":"((<DictionaryAnalyzer>, u'\\u0432\\u0435\\u0434\\u043e\\u043c\\u0441\\u0442\\u0432\\u0430', 54, 1),)"},"sentenceIndex":[1],"words":["ведомства"],"wordsIndex":[13]},"весь":{"params":{"class":"п","classMask":2,"info":{"isCapital":false,"isUpper":false},"stack":"((<DictionaryAnalyzer>, u'\\u0432\\u0441\\u0435', 703, 20),)"},"sentenceIndex":[5],"words":["все"],"wordsIndex":[36]},"виза":{"params":{"class":"с","classMask":1,"info":{"isCapital":false,"isUpper":false},"stack":"((<DictionaryAnalyzer>, u'\\u0432\\u0438\\u0437\\u0443', 55, 3),)"},"sentenceIndex":[0,1,3,5,5,6,7],"words":["визу","виз","визы","визы","визы","визу","визу"],"wordsIndex":[7,5,17,15,46,11,18]},"вовсе":{"params":{"class":"н","classMask":11,"info":{"isCapital":false,"isUpper":false},"stack":"((<DictionaryAnalyzer>, u'\\u0432\\u043e\\u0432\\u0441\\u0435', 3, 0),)"},"sentenceIndex":[0],"words":["вовсе"],"wordsIndex":[19]},"вообще":{"params":{"class":"н","classMask":11,"info":{"isCapital":false,"isUpper":false},"stack":"((<DictionaryAnalyzer>, u'\\u0432\\u043e\\u043e\\u0431\\u0449\\u0435', 3, 0),)"},"sentenceIndex":[1],"words":["вообще"],"wordsIndex":[7]},"въездной":{"params":{"class":"п","classMask":2,"info":{"isCapital":false,"isUpper":false},"stack":"((<DictionaryAnalyzer>, u'\\u0432\\u044a\\u0435\\u0437\\u0434\\u043d\\u0443\\u044e', 136, 10),)"},"sentenceIndex":[0,3,8],"words":["въездную","въездного","въездных"],"wordsIndex":[6,30,15]},"выбирать":{"params":{"class":"деепричастие","classMask":9,"info":{"isCapital":false,"isUpper":false},"stack":"((<DictionaryAnalyzer>, u'\\u0432\\u044b\\u0431\\u0438\\u0440\\u0430\\u044f', 206, 94),)"},"sentenceIndex":[3,4],"words":["выбирая","выбирает"],"wordsIndex":[4,3]},"выражать":{"params":{"class":"г","classMask":5,"info":{"isCapital":false,"isUpper":false},"stack":"((<DictionaryAnalyzer>, u'\\u0432\\u044b\\u0440\\u0430\\u0436\\u0430\\u043b', 206, 7),)"},"sentenceIndex":[7],"words":["выражал"],"wordsIndex":[3]},"глава":{"params":{"class":"с","classMask":1,"info":{"isCapital":false,"isUpper":false},"stack":"((<DictionaryAnalyzer>, u'\\u0433\\u043b\\u0430\\u0432\\u0430', 513, 0),)"},"sentenceIndex":[1],"words":["глава"],"wordsIndex":[12]},"год":{"params":{"class":"с","classMask":1,"info":{"isCapital":false,"isUpper":false},"stack":"((<DictionaryAnalyzer>, u'\\u0433\\u043e\\u0434\\u0430', 1168, 1),)"},"sentenceIndex":[6,8,9],"words":["года","года","года"],"wordsIndex":[3,7,10]},"данные":{"params":{"class":"с","classMask":1,"info":{"isCapital":false,"isUpper":false},"stack":"((<DictionaryAnalyzer>, u'\\u0434\\u0430\\u043d\\u043d\\u044b\\u043c', 151, 2),)"},"sentenceIndex":[8],"words":["данным"],"wordsIndex":[1]},"денежный":{"params":{"class":"п","classMask":2,"info":{"isCapital":false,"isUpper":false},"stack":"((<DictionaryAnalyzer>, u'\\u0434\\u0435\\u043d\\u0435\\u0436\\u043d\\u044b\\u0435', 12, 24),)"},"sentenceIndex":[5],"words":["денежные"],"wordsIndex":[26]},"деньга":{"params":{"class":"с","classMask":1,"info":{"isCapital":false,"isUpper":false},"stack":"((<DictionaryAnalyzer>, u'\\u0434\\u0435\\u043d\\u044c\\u0433\\u0438', 1268, 1),)"},"sentenceIndex":[5,5],"words":["деньги","деньги"],"wordsIndex":[11,40]},"для":{"params":{"class":"предл","classMask":14,"info":{"isCapital":false,"isUpper":false},"stack":"((<DictionaryAnalyzer>, u'\\u0434\\u043b\\u044f', 24, 0),)"},"sentenceIndex":[3],"words":["для"],"wordsIndex":[6]},"документ":{"params":{"class":"с","classMask":1,"info":{"isCapital":false,"isUpper":false},"stack":"((<DictionaryAnalyzer>, u'\\u0434\\u043e\\u043a\\u0443\\u043c\\u0435\\u043d\\u0442\\u0430', 33, 1),)"},"sentenceIndex":[3],"words":["документа"],"wordsIndex":[31]},"дополнительный":{"params":{"class":"п","classMask":2,"info":{"isCapital":false,"isUpper":false},"stack":"((<DictionaryAnalyzer>, u'\\u0434\\u043e\\u043f\\u043e\\u043b\\u043d\\u0438\\u0442\\u0435\\u043b\\u044c\\u043d\\u044b\\u0435', 60, 20),)"},"sentenceIndex":[5],"words":["дополнительные"],"wordsIndex":[25]},"доступный":{"params":{"class":"п","classMask":2,"info":{"isCapital":false,"isUpper":false},"stack":"((<DictionaryAnalyzer>, u'\\u0434\\u043e\\u0441\\u0442\\u0443\\u043f\\u043d\\u044b\\u0439', 86, 0),)"},"sentenceIndex":[4],"words":["доступный"],"wordsIndex":[7]},"другой":{"params":{"class":"п","classMask":2,"info":{"isCapital":false,"isUpper":false},"stack":"((<DictionaryAnalyzer>, u'\\u0434\\u0440\\u0443\\u0433\\u0438\\u043c\\u0438', 1362, 25),)"},"sentenceIndex":[2,5],"words":["другими","другие"],"wordsIndex":[9,10]},"за":{"params":{"class":"предл","classMask":14,"info":{"isCapital":false,"isUpper":false},"stack":"((<DictionaryAnalyzer>, u'\\u0437\\u0430', 24, 0),)"},"sentenceIndex":[2,7,9],"words":["за","за","за"],"wordsIndex":[13,16,6]},"заинтересовать":{"params":{"class":"кр_причастие","classMask":8,"info":{"isCapital":false,"isUpper":false},"stack":"((<DictionaryAnalyzer>, u'\\u0437\\u0430\\u0438\\u043d\\u0442\\u0435\\u0440\\u0435\\u0441\\u043e\\u0432\\u0430\\u043d\\u044b', 276, 74),)"},"sentenceIndex":[5],"words":["заинтересованы"],"wordsIndex":[1]},"заметить":{"params":{"class":"г","classMask":5,"info":{"isCapital":false,"isUpper":false},"stack":"((<DictionaryAnalyzer>, u'\\u0437\\u0430\\u043c\\u0435\\u0442\\u0438\\u043b', 928, 1),)"},"sentenceIndex":[3],"words":["заметил"],"wordsIndex":[1]},"заработать":{"params":{"class":"г","classMask":5,"info":{"isCapital":false,"isUpper":false},"stack":"((<DictionaryAnalyzer>, u'\\u0437\\u0430\\u0440\\u0430\\u0431\\u043e\\u0442\\u0430\\u0435\\u043c', 614, 6),)"},"sentenceIndex":[5,5],"words":["заработаем","заработать"],"wordsIndex":[8,39]},"и":{"params":{"class":"символ","classMask":20,"info":{},"stack":""},"sentenceIndex":[0,0,3,4,5,9],"words":["и","и","и","и","и","И"],"wordsIndex":[11,18,26,6,31,0]},"излишний":{"params":{"class":"п","classMask":2,"info":{"isCapital":false,"isUpper":false},"stack":"((<DictionaryAnalyzer>, u'\\u0438\\u0437\\u043b\\u0438\\u0448\\u043d\\u0435\\u0439', 716, 8),)"},"sentenceIndex":[0],"words":["излишней"],"wordsIndex":[10]},"или":{"params":{"class":"союз","classMask":15,"info":{"isCapital":false,"isUpper":false},"stack":"((<DictionaryAnalyzer>, u'\\u0438\\u043b\\u0438', 20, 0),)"},"sentenceIndex":[0],"words":["или"],"wordsIndex":[16]},"инвестиция":{"params":{"class":"с","classMask":1,"info":{"isCapital":false,"isUpper":false},"stack":"((<DictionaryAnalyzer>, u'\\u0438\\u043d\\u0432\\u0435\\u0441\\u0442\\u0438\\u0446\\u0438\\u0438', 40, 1),)"},"sentenceIndex":[1],"words":["инвестиции"],"wordsIndex":[21]},"иностранец":{"params":{"class":"с","classMask":1,"info":{"isCapital":false,"isUpper":false},"stack":"((<DictionaryAnalyzer>, u'\\u0438\\u043d\\u043e\\u0441\\u0442\\u0440\\u0430\\u043d\\u0446\\u044b', 38, 6),)"},"sentenceIndex":[3],"words":["иностранцы"],"wordsIndex":[3]},"как":{"params":{"class":"союз","classMask":15,"info":{"isCapital":true,"isUpper":false},"stack":"((<DictionaryAnalyzer>, u'\\u043a\\u0430\\u043a', 1673, 0),)"},"sentenceIndex":[4],"words":["Как"],"wordsIndex":[0]},"какой":{"params":{"class":"п","classMask":2,"info":{"isCapital":false,"isUpper":false},"stack":"((<DictionaryAnalyzer>, u'\\u043a\\u0430\\u043a\\u0438\\u0435', 1676, 20),)"},"sentenceIndex":[3,3],"words":["какие","какие"],"wordsIndex":[13,20]},"квартал":{"params":{"class":"с","classMask":1,"info":{"isCapital":false,"isUpper":false},"stack":"((<DictionaryAnalyzer>, u'\\u043a\\u0432\\u0430\\u0440\\u0442\\u0430\\u043b\\u0435', 33, 5),)"},"sentenceIndex":[8],"words":["квартале"],"wordsIndex":[5]},"конкуренция":{"params":{"class":"с","classMask":1,"info":{"isCapital":false,"isUpper":false},"stack":"((<DictionaryAnalyzer>, u'\\u043a\\u043e\\u043d\\u043a\\u0443\\u0440\\u0435\\u043d\\u0446\\u0438\\u0438', 40, 1),)"},"sentenceIndex":[2],"words":["конкуренции"],"wordsIndex":[7]},"конференция":{"params":{"class":"с","classMask":1,"info":{"isCapital":false,"isUpper":false},"stack":"((<DictionaryAnalyzer>, u'\\u043a\\u043e\\u043d\\u0444\\u0435\\u0440\\u0435\\u043d\\u0446\\u0438\\u0438', 40, 1),)"},"sentenceIndex":[1],"words":["конференции"],"wordsIndex":[17]},"который":{"params":{"class":"п","classMask":2,"info":{"isCapital":false,"isUpper":false},"stack":"((<DictionaryAnalyzer>, u'\\u043a\\u043e\\u0442\\u043e\\u0440\\u044b\\u0435', 1788, 19),)"},"sentenceIndex":[5],"words":["которые"],"wordsIndex":[41]},"маленький":{"params":{"class":"к","classMask":4,"info":{"isCapital":false,"isUpper":false},"stack":"((<DictionaryAnalyzer>, u'\\u043c\\u0435\\u043d\\u044c\\u0448\\u0435', 1902, 58),)"},"sentenceIndex":[9],"words":["меньше"],"wordsIndex":[4]},"март":{"params":{"class":"с","classMask":1,"info":{"isCapital":false,"isUpper":false},"stack":"((<DictionaryAnalyzer>, u'\\u043c\\u0430\\u0440\\u0442\\u0435', 33, 5),)"},"sentenceIndex":[6],"words":["марте"],"wordsIndex":[1]},"место":{"params":{"class":"с","classMask":1,"info":{"isCapital":false,"isUpper":false},"stack":"((<DictionaryAnalyzer>, u'\\u043c\\u0435\\u0441\\u0442\\u043e', 54, 3),)"},"sentenceIndex":[3],"words":["место"],"wordsIndex":[5]},"миллион":{"params":{"class":"с","classMask":1,"info":{"isCapital":false,"isUpper":false},"stack":"((<DictionaryAnalyzer>, u'\\u043c\\u043b\\u043d', 1949, 12),)"},"sentenceIndex":[8],"words":["млн"],"wordsIndex":[14]},"мнение":{"params":{"class":"с","classMask":1,"info":{"isCapital":false,"isUpper":false},"stack":"((<DictionaryAnalyzer>, u'\\u043c\\u043d\\u0435\\u043d\\u0438\\u0435', 76, 6),)"},"sentenceIndex":[7],"words":["мнение"],"wordsIndex":[4]},"мочь":{"params":{"class":"г","classMask":5,"info":{"isCapital":false,"isUpper":false},"stack":"((<DictionaryAnalyzer>, u'\\u043c\\u043e\\u0436\\u0435\\u0442', 1979, 5),)"},"sentenceIndex":[1],"words":["может"],"wordsIndex":[6]},"мы":{"params":{"class":"мс","classMask":12,"info":{"isCapital":true,"isUpper":false},"stack":"((<DictionaryAnalyzer>, u'\\u043c\\u044b', 1990, 0),)"},"sentenceIndex":[5,5],"words":["Мы","мы"],"wordsIndex":[0,7]},"на":{"params":{"class":"предл","classMask":14,"info":{"isCapital":false,"isUpper":false},"stack":"((<DictionaryAnalyzer>, u'\\u043d\\u0430', 24, 0),)"},"sentenceIndex":[0,1,3,5,6,9],"words":["на","на","на","на","на","на"],"wordsIndex":[5,16,10,28,9,2]},"насколько":{"params":{"class":"н","classMask":11,"info":{"isCapital":false,"isUpper":false},"stack":"((<DictionaryAnalyzer>, u'\\u043d\\u0430\\u0441\\u043a\\u043e\\u043b\\u044c\\u043a\\u043e', 1130, 0),)"},"sentenceIndex":[3],"words":["насколько"],"wordsIndex":[22]},"находиться":{"params":{"class":"г","classMask":5,"info":{"isCapital":false,"isUpper":false},"stack":"((<DictionaryAnalyzer>, u'\\u043d\\u0430\\u0445\\u043e\\u0434\\u0438\\u0442\\u0441\\u044f', 411, 5),)"},"sentenceIndex":[2],"words":["находится"],"wordsIndex":[4]},"не":{"params":{"class":"част","classMask":16,"info":{"isCapital":false,"isUpper":false},"stack":"((<DictionaryAnalyzer>, u'\\u043d\\u0435', 22, 0),)"},"sentenceIndex":[5],"words":["не"],"wordsIndex":[42]},"несомненно":{"params":{"class":"н","classMask":11,"info":{"isCapital":false,"isUpper":false},"stack":"((<DictionaryAnalyzer>, u'\\u043d\\u0435\\u0441\\u043e\\u043c\\u043d\\u0435\\u043d\\u043d\\u043e', 385, 0),)"},"sentenceIndex":[5],"words":["несомненно"],"wordsIndex":[9]},"несравнимый":{"params":{"class":"п","classMask":2,"info":{"isCapital":false,"isUpper":false},"stack":"((<DictionaryAnalyzer>, u'\\u043d\\u0435\\u0441\\u0440\\u0430\\u0432\\u043d\\u0438\\u043c\\u044b\\u0435', 4, 20),)"},"sentenceIndex":[5],"words":["несравнимые"],"wordsIndex":[12]},"нет":{"params":{"class":"предк","classMask":13,"info":{"isCapital":false,"isUpper":false},"stack":"((<DictionaryAnalyzer>, u'\\u043d\\u0435\\u0442', 242, 0),)"},"sentenceIndex":[3],"words":["нет"],"wordsIndex":[21]},"нужно":{"params":{"class":"предк","classMask":13,"info":{"isCapital":true,"isUpper":false},"stack":"((<DictionaryAnalyzer>, u'\\u043d\\u0443\\u0436\\u043d\\u043e', 242, 0),)"},"sentenceIndex":[1,3],"words":["Нужно","нужно"],"wordsIndex":[0,15]},"нынешний":{"params":{"class":"п","classMask":2,"info":{"isCapital":false,"isUpper":false},"stack":"((<DictionaryAnalyzer>, u'\\u043d\\u044b\\u043d\\u0435\\u0448\\u043d\\u044e\\u044e', 382, 10),)"},"sentenceIndex":[0],"words":["нынешнюю"],"wordsIndex":[3]},"образ":{"params":{"class":"с","classMask":1,"info":{"isCapital":false,"isUpper":false},"stack":"((<DictionaryAnalyzer>, u'\\u043e\\u0431\\u0440\\u0430\\u0437\\u043e\\u043c', 2168, 4),)"},"sentenceIndex":[1,5],"words":["образом","образом"],"wordsIndex":[2,34]},"один":{"params":{"class":"п","classMask":2,"info":{"isCapital":false,"isUpper":false},"stack":"((<DictionaryAnalyzer>, u'\\u043e\\u0434\\u043d\\u0443', 2198, 10),)"},"sentenceIndex":[7],"words":["одну"],"wordsIndex":[17]},"олег":{"params":{"class":"имя","classMask":22,"info":{"isCapital":true,"isUpper":false},"stack":"((<DictionaryAnalyzer>, u'\\u043e\\u043b\\u0435\\u0433', 57, 0),)"},"sentenceIndex":[1],"words":["Олег"],"wordsIndex":[14]},"он":{"params":{"class":"мс","classMask":12,"info":{"isCapital":true,"isUpper":false},"stack":"((<DictionaryAnalyzer>, u'\\u0435\\u0433\\u043e', 2208, 5),)"},"sentenceIndex":[2,3,7],"words":["его","Он","он"],"wordsIndex":[1,0,2]},"она":{"params":{"class":"мс","classMask":12,"info":{"isCapital":false,"isUpper":false},"stack":"((<DictionaryAnalyzer>, u'\\u0435\\u0451', 2209, 1),)"},"sentenceIndex":[0],"words":["ее"],"wordsIndex":[14]},"они":{"params":{"class":"мс","classMask":12,"info":{"isCapital":false,"isUpper":false},"stack":"((<DictionaryAnalyzer>, u'\\u0438\\u0445', 2210, 1),)"},"sentenceIndex":[1],"words":["их"],"wordsIndex":[8]},"ориентироваться":{"params":{"class":"г","classMask":5,"info":{"isCapital":false,"isUpper":false},"stack":"((<DictionaryAnalyzer>, u'\\u043e\\u0440\\u0438\\u0435\\u043d\\u0442\\u0438\\u0440\\u0443\\u044e\\u0442\\u0441\\u044f', 138, 6),)"},"sentenceIndex":[3],"words":["ориентируются"],"wordsIndex":[9]},"отдых":{"params":{"class":"с","classMask":1,"info":{"isCapital":false,"isUpper":false},"stack":"((<DictionaryAnalyzer>, u'\\u043e\\u0442\\u0434\\u044b\\u0445\\u0430', 19, 1),)"},"sentenceIndex":[3],"words":["отдыха"],"wordsIndex":[7]},"оформление":{"params":{"class":"с","classMask":1,"info":{"isCapital":false,"isUpper":false},"stack":"((<DictionaryAnalyzer>, u'\\u043e\\u0444\\u043e\\u0440\\u043c\\u043b\\u0435\\u043d\\u0438\\u0435', 76, 0),)"},"sentenceIndex":[3],"words":["оформление"],"wordsIndex":[29]},"оформлять":{"params":{"class":"инфинитив","classMask":6,"info":{"isCapital":false,"isUpper":false},"stack":"((<DictionaryAnalyzer>, u'\\u043e\\u0444\\u043e\\u0440\\u043c\\u043b\\u044f\\u0442\\u044c', 206, 0),)"},"sentenceIndex":[3],"words":["оформлять"],"wordsIndex":[16]},"передавать":{"params":{"class":"г","classMask":5,"info":{"isCapital":false,"isUpper":false},"stack":"((<DictionaryAnalyzer>, u'\\u043f\\u0435\\u0440\\u0435\\u0434\\u0430\\u0451\\u0442', 2308, 5),)"},"sentenceIndex":[1],"words":["передает"],"wordsIndex":[24]},"период":{"params":{"class":"с","classMask":1,"info":{"isCapital":false,"isUpper":false},"stack":"((<DictionaryAnalyzer>, u'\\u043f\\u0435\\u0440\\u0438\\u043e\\u0434', 33, 3),)"},"sentenceIndex":[9],"words":["период"],"wordsIndex":[8]},"по":{"params":{"class":"предл","classMask":14,"info":{"isCapital":true,"isUpper":false},"stack":"((<DictionaryAnalyzer>, u'\\u043f\\u043e', 24, 0),)"},"sentenceIndex":[2,8],"words":["По","По"],"wordsIndex":[0,0]},"повысить":{"params":{"class":"инфинитив","classMask":6,"info":{"isCapital":false,"isUpper":false},"stack":"((<DictionaryAnalyzer>, u'\\u043f\\u043e\\u0432\\u044b\\u0441\\u0438\\u0442\\u044c', 549, 0),)"},"sentenceIndex":[7],"words":["повысить"],"wordsIndex":[6]},"поездка":{"params":{"class":"с","classMask":1,"info":{"isCapital":false,"isUpper":false},"stack":"((<DictionaryAnalyzer>, u'\\u043f\\u043e\\u0435\\u0437\\u0434\\u043e\\u043a', 8, 8),)"},"sentenceIndex":[8],"words":["поездок"],"wordsIndex":[17]},"помочь":{"params":{"class":"г","classMask":5,"info":{"isCapital":false,"isUpper":false},"stack":"((<DictionaryAnalyzer>, u'\\u043f\\u043e\\u043c\\u043e\\u0433\\u043b\\u0430', 857, 2),)"},"sentenceIndex":[7],"words":["помогла"],"wordsIndex":[8]},"понизить":{"params":{"class":"инфинитив","classMask":6,"info":{"isCapital":false,"isUpper":false},"stack":"((<DictionaryAnalyzer>, u'\\u043f\\u043e\\u043d\\u0438\\u0437\\u0438\\u0442\\u044c', 821, 0),)"},"sentenceIndex":[1,6],"words":["понизить","понизить"],"wordsIndex":[3,7]},"правило":{"params":{"class":"с","classMask":1,"info":{"isCapital":false,"isUpper":false},"stack":"((<DictionaryAnalyzer>, u'\\u043f\\u0440\\u0430\\u0432\\u0438\\u043b\\u043e', 54, 0),)"},"sentenceIndex":[4],"words":["правило"],"wordsIndex":[1]},"предлагать":{"params":{"class":"г","classMask":5,"info":{"isCapital":false,"isUpper":false},"stack":"((<DictionaryAnalyzer>, u'\\u043f\\u0440\\u0435\\u0434\\u043b\\u0430\\u0433\\u0430\\u044e\\u0442', 206, 6),)"},"sentenceIndex":[0,6],"words":["предлагают","предлагал"],"wordsIndex":[12,6]},"приезжать":{"params":{"class":"причастие","classMask":7,"info":{"isCapital":false,"isUpper":false},"stack":"((<DictionaryAnalyzer>, u'\\u043f\\u0440\\u0438\\u0435\\u0437\\u0436\\u0430\\u044e\\u0449\\u0438\\u0439', 15, 13),)"},"sentenceIndex":[5],"words":["приезжающий"],"wordsIndex":[21]},"приехать":{"params":{"class":"г","classMask":5,"info":{"isCapital":false,"isUpper":false},"stack":"((<DictionaryAnalyzer>, u'\\u043f\\u0440\\u0438\\u0435\\u0445\\u0430\\u043b', 779, 1),)"},"sentenceIndex":[5],"words":["приехал"],"wordsIndex":[6]},"простой":{"params":{"class":"с","classMask":1,"info":{"isCapital":false,"isUpper":false},"stack":"((<DictionaryAnalyzer>, u'\\u043f\\u0440\\u043e\\u0441\\u0442\\u043e\\u0439', 175, 0),)"},"sentenceIndex":[4],"words":["простой"],"wordsIndex":[5]},"процесс":{"params":{"class":"с","classMask":1,"info":{"isCapital":false,"isUpper":false},"stack":"((<DictionaryAnalyzer>, u'\\u043f\\u0440\\u043e\\u0446\\u0435\\u0441\\u0441', 33, 0),)"},"sentenceIndex":[3],"words":["процесс"],"wordsIndex":[25]},"прошлое":{"params":{"class":"с","classMask":1,"info":{"isCapital":false,"isUpper":false},"stack":"((<DictionaryAnalyzer>, u'\\u043f\\u0440\\u043e\\u0448\\u043b\\u043e\\u0433\\u043e', 972, 1),)"},"sentenceIndex":[6,9],"words":["прошлого","прошлого"],"wordsIndex":[2,9]},"равно":{"params":{"class":"союз","classMask":15,"info":{"isCapital":false,"isUpper":false},"stack":"((<DictionaryAnalyzer>, u'\\u0440\\u0430\\u0432\\u043d\\u043e', 20, 0),)"},"sentenceIndex":[5],"words":["равно"],"wordsIndex":[37]},"различный":{"params":{"class":"п","classMask":2,"info":{"isCapital":false,"isUpper":false},"stack":"((<DictionaryAnalyzer>, u'\\u0440\\u0430\\u0437\\u043b\\u0438\\u0447\\u043d\\u044b\\u0435', 12, 20),)"},"sentenceIndex":[5],"words":["различные"],"wordsIndex":[29]},"район":{"params":{"class":"с","classMask":1,"info":{"isCapital":false,"isUpper":false},"stack":"((<DictionaryAnalyzer>, u'\\u0440\\u0430\\u0439\\u043e\\u043d\\u0435', 33, 5),)"},"sentenceIndex":[7],"words":["районе"],"wordsIndex":[12]},"российский":{"params":{"class":"п","classMask":2,"info":{"isCapital":false,"isUpper":false},"stack":"((<DictionaryAnalyzer>, u'\\u0440\\u043e\\u0441\\u0441\\u0438\\u0439\\u0441\\u043a\\u0443\\u044e', 16, 10),)"},"sentenceIndex":[6],"words":["российскую"],"wordsIndex":[10]},"россия":{"params":{"class":"имя","classMask":1122,"info":{"isCapital":true,"isCountry":true,"isUpper":false},"stack":"((<DictionaryAnalyzer>, u'\\u0440\\u043e\\u0441\\u0441\\u0438\\u044e', 70, 3),)"},"sentenceIndex":[0,1,2,5,8],"words":["Россию","России","Россия","России","Россию"],"wordsIndex":[9,20,3,35,9]},"росстат":{"params":{"class":"имя","classMask":22,"info":{"isCapital":true,"isUpper":false},"stack":"((<DictionaryAnalyzer>, u'\\u0442\\u0430\\u0442\\u0430', 52, 1), (<UnknownPrefixAnalyzer>, u'\\u0440\\u043e\\u0441\\u0441'))"},"sentenceIndex":[8],"words":["Росстата"],"wordsIndex":[2]},"ростуризм":{"params":{"class":"имя","classMask":22,"info":{"isCapital":true,"isUpper":false},"stack":"((<DictionaryAnalyzer>, u'\\u0442\\u0443\\u0440\\u0438\\u0437\\u043c\\u0435', 33, 5), (<UnknownPrefixAnalyzer>, u'\\u0440\\u043e\\u0441'))"},"sentenceIndex":[0],"words":["Ростуризме"],"wordsIndex":[1]},"рф":{"params":{"class":"с","classMask":1,"info":{"isCapital":false,"isUpper":true},"stack":"((<DictionaryAnalyzer>, u'\\u0440\\u0444', 1351, 1),)"},"sentenceIndex":[5],"words":["РФ"],"wordsIndex":[23]},"с":{"params":{"class":"символ","classMask":20,"info":{},"stack":""},"sentenceIndex":[2,5,5],"words":["с","со","со"],"wordsIndex":[8,13,44]},"самый":{"params":{"class":"п","classMask":2,"info":{"isCapital":false,"isUpper":false},"stack":"((<DictionaryAnalyzer>, u'\\u0441\\u0430\\u043c\\u044b\\u0439', 1245, 0),)"},"sentenceIndex":[4],"words":["самый"],"wordsIndex":[4]},"сафон":{"params":{"class":"имя","classMask":22,"info":{"isCapital":true,"isUpper":false},"stack":"((<DictionaryAnalyzer>, u'\\u0441\\u0430\\u0444\\u043e\\u043d\\u043e\\u0432', 26, 7),)"},"sentenceIndex":[1,5,6],"words":["Сафонов","Сафонов","Сафонов"],"wordsIndex":[15,17,4]},"сделать":{"params":{"class":"инфинитив","classMask":6,"info":{"isCapital":false,"isUpper":false},"stack":"((<DictionaryAnalyzer>, u'\\u0441\\u0434\\u0435\\u043b\\u0430\\u0442\\u044c', 614, 0),)"},"sentenceIndex":[0,1],"words":["сделать","сделать"],"wordsIndex":[17,9]},"серьёзный":{"params":{"class":"п","classMask":2,"info":{"isCapital":false,"isUpper":false},"stack":"((<DictionaryAnalyzer>, u'\\u0441\\u0435\\u0440\\u044c\\u0451\\u0437\\u043d\\u044b\\u043c', 12, 22),)"},"sentenceIndex":[1,2],"words":["серьезным","серьезной"],"wordsIndex":[1,6]},"сказать":{"params":{"class":"г","classMask":5,"info":{"isCapital":false,"isUpper":false},"stack":"((<DictionaryAnalyzer>, u'\\u0441\\u043a\\u0430\\u0437\\u0430\\u043b', 638, 1),)"},"sentenceIndex":[1,5],"words":["сказал","сказал"],"wordsIndex":[11,16]},"сколько":{"params":{"class":"союз","classMask":15,"info":{"isCapital":false,"isUpper":false},"stack":"((<DictionaryAnalyzer>, u'\\u0441\\u043a\\u043e\\u043b\\u044c\\u043a\\u043e', 20, 0),)"},"sentenceIndex":[3],"words":["сколько"],"wordsIndex":[27]},"слово":{"params":{"class":"с","classMask":1,"info":{"isCapital":false,"isUpper":false},"stack":"((<DictionaryAnalyzer>, u'\\u0441\\u043b\\u043e\\u0432\\u0430\\u043c', 54, 8),)"},"sentenceIndex":[2],"words":["словам"],"wordsIndex":[2]},"сложный":{"params":{"class":"п","classMask":2,"info":{"isCapital":false,"isUpper":false},"stack":"((<DictionaryAnalyzer>, u'\\u0441\\u043b\\u043e\\u0436\\u043d\\u044b\\u0439', 214, 0),)"},"sentenceIndex":[3],"words":["сложный"],"wordsIndex":[24]},"снизить":{"params":{"class":"инфинитив","classMask":6,"info":{"isCapital":false,"isUpper":false},"stack":"((<DictionaryAnalyzer>, u'\\u0441\\u043d\\u0438\\u0437\\u0438\\u0442\\u044c', 821, 0),)"},"sentenceIndex":[0],"words":["снизить"],"wordsIndex":[13]},"совершить":{"params":{"class":"кр_причастие","classMask":8,"info":{"isCapital":false,"isUpper":false},"stack":"((<DictionaryAnalyzer>, u'\\u0441\\u043e\\u0432\\u0435\\u0440\\u0448\\u0435\\u043d\\u043e', 741, 73),)"},"sentenceIndex":[8],"words":["совершено"],"wordsIndex":[11]},"сравниться":{"params":{"class":"г","classMask":5,"info":{"isCapital":false,"isUpper":false},"stack":"((<DictionaryAnalyzer>, u'\\u0441\\u0440\\u0430\\u0432\\u043d\\u044f\\u0442\\u0441\\u044f', 618, 10),)"},"sentenceIndex":[5],"words":["сравнятся"],"wordsIndex":[43]},"средство":{"params":{"class":"с","classMask":1,"info":{"isCapital":false,"isUpper":false},"stack":"((<DictionaryAnalyzer>, u'\\u0441\\u0440\\u0435\\u0434\\u0441\\u0442\\u0432\\u0430', 54, 1),)"},"sentenceIndex":[5],"words":["средства"],"wordsIndex":[27]},"стоимость":{"params":{"class":"с","classMask":1,"info":{"isCapital":false,"isUpper":false},"stack":"((<DictionaryAnalyzer>, u'\\u0441\\u0442\\u043e\\u0438\\u043c\\u043e\\u0441\\u0442\\u044c', 13, 0),)"},"sentenceIndex":[0,1,5,5],"words":["стоимость","стоимость","стоимостью","стоимостью"],"wordsIndex":[15,4,14,45]},"стоить":{"params":{"class":"г","classMask":5,"info":{"isCapital":false,"isUpper":false},"stack":"((<DictionaryAnalyzer>, u'\\u0441\\u0442\\u043e\\u0438\\u0442', 1304, 2),)"},"sentenceIndex":[3],"words":["стоит"],"wordsIndex":[28]},"страна":{"params":{"class":"с","classMask":1,"info":{"isCapital":false,"isUpper":false},"stack":"((<DictionaryAnalyzer>, u'\\u0441\\u0442\\u0440\\u0430\\u043d\\u0430\\u043c\\u0438', 55, 11),)"},"sentenceIndex":[2,3],"words":["странами","страны"],"wordsIndex":[10,14]},"считать":{"params":{"class":"г","classMask":5,"info":{"isCapital":false,"isUpper":false},"stack":"((<DictionaryAnalyzer>, u'\\u0441\\u0447\\u0438\\u0442\\u0430\\u044e\\u0442', 2861, 6),)"},"sentenceIndex":[0],"words":["считают"],"wordsIndex":[2]},"также":{"params":{"class":"союз","classMask":15,"info":{"isCapital":false,"isUpper":false},"stack":"((<DictionaryAnalyzer>, u'\\u0442\\u0430\\u043a\\u0436\\u0435', 20, 0),)"},"sentenceIndex":[6],"words":["также"],"wordsIndex":[5]},"такой":{"params":{"class":"п","classMask":2,"info":{"isCapital":false,"isUpper":false},"stack":"((<DictionaryAnalyzer>, u'\\u0442\\u0430\\u043a\\u0438\\u043c', 1676, 22),)"},"sentenceIndex":[5],"words":["таким"],"wordsIndex":[33]},"то":{"params":{"class":"союз","classMask":15,"info":{"isCapital":false,"isUpper":false},"stack":"((<DictionaryAnalyzer>, u'\\u0442\\u043e', 20, 0),)"},"sentenceIndex":[3],"words":["то"],"wordsIndex":[11]},"товар":{"params":{"class":"с","classMask":1,"info":{"isCapital":false,"isUpper":false},"stack":"((<DictionaryAnalyzer>, u'\\u0442\\u043e\\u0432\\u0430\\u0440\\u044b', 158, 7),)"},"sentenceIndex":[5],"words":["товары"],"wordsIndex":[32]},"тот":{"params":{"class":"имя","classMask":1122,"info":{"isCapital":false,"isCountry":true,"isUpper":false},"stack":"((<DictionaryAnalyzer>, u'\\u0442\\u043e\\u043c', 2900, 18),)"},"sentenceIndex":[5],"words":["том"],"wordsIndex":[3]},"тратить":{"params":{"class":"г","classMask":5,"info":{"isCapital":false,"isUpper":false},"stack":"((<DictionaryAnalyzer>, u'\\u0442\\u0440\\u0430\\u0442\\u0438\\u0442', 325, 5),)"},"sentenceIndex":[5],"words":["тратит"],"wordsIndex":[24]},"туризм":{"params":{"class":"имя","classMask":22,"info":{"isCapital":true,"isUpper":false},"stack":"((<DictionaryAnalyzer>, u'\\u0442\\u0443\\u0440\\u0438\\u0437\\u043c', 33, 0),)"},"sentenceIndex":[1],"words":["Туризм"],"wordsIndex":[18]},"турист":{"params":{"class":"с","classMask":1,"info":{"isCapital":false,"isUpper":false},"stack":"((<DictionaryAnalyzer>, u'\\u0442\\u0443\\u0440\\u0438\\u0441\\u0442\\u043e\\u0432', 52, 7),)"},"sentenceIndex":[2,4,5],"words":["туристов","турист","турист"],"wordsIndex":[14,2,20]},"туристский":{"params":{"class":"п","classMask":2,"info":{"isCapital":false,"isUpper":false},"stack":"((<DictionaryAnalyzer>, u'\\u0442\\u0443\\u0440\\u0438\\u0441\\u0442\\u0441\\u043a\\u0438\\u0445', 16, 21),)"},"sentenceIndex":[8],"words":["туристских"],"wordsIndex":[16]},"турпоток":{"params":{"class":"с","classMask":1,"info":{"isCapital":false,"isUpper":false},"stack":"((<DictionaryAnalyzer>, u'\\u043f\\u043e\\u0442\\u043e\\u043a', 19, 0), (<UnknownPrefixAnalyzer>, u'\\u0442\\u0443\\u0440'))"},"sentenceIndex":[7],"words":["турпоток"],"wordsIndex":[7]},"удаться":{"params":{"class":"г","classMask":5,"info":{"isCapital":false,"isUpper":false},"stack":"((<DictionaryAnalyzer>, u'\\u0443\\u0434\\u0430\\u0441\\u0442\\u0441\\u044f', 648, 9),)"},"sentenceIndex":[5],"words":["удастся"],"wordsIndex":[38]},"указать":{"params":{"class":"деепричастие","classMask":9,"info":{"isCapital":false,"isUpper":false},"stack":"((<DictionaryAnalyzer>, u'\\u0443\\u043a\\u0430\\u0437\\u0430\\u0432', 638, 69),)"},"sentenceIndex":[5],"words":["указав"],"wordsIndex":[18]},"услуга":{"params":{"class":"с","classMask":1,"info":{"isCapital":false,"isUpper":false},"stack":"((<DictionaryAnalyzer>, u'\\u0443\\u0441\\u043b\\u0443\\u0433\\u0438', 43, 1),)"},"sentenceIndex":[5],"words":["услуги"],"wordsIndex":[30]},"цена":{"params":{"class":"с","classMask":1,"info":{"isCapital":false,"isUpper":false},"stack":"((<DictionaryAnalyzer>, u'\\u0446\\u0435\\u043d\\u0443', 55, 3),)"},"sentenceIndex":[0,6,7],"words":["цену","цену","цена"],"wordsIndex":[4,8,10]},"частность":{"params":{"class":"с","classMask":1,"info":{"isCapital":false,"isUpper":false},"stack":"((<DictionaryAnalyzer>, u'\\u0447\\u0430\\u0441\\u0442\\u043d\\u043e\\u0441\\u0442\\u0438', 13, 5),)"},"sentenceIndex":[7],"words":["частности"],"wordsIndex":[1]},"часто":{"params":{"class":"н","classMask":11,"info":{"isCapital":false,"isUpper":false},"stack":"((<DictionaryAnalyzer>, u'\\u0447\\u0430\\u0441\\u0442\\u043e', 3, 0),)"},"sentenceIndex":[3],"words":["часто"],"wordsIndex":[8]},"человек":{"params":{"class":"с","classMask":1,"info":{"isCapital":false,"isUpper":false},"stack":"((<DictionaryAnalyzer>, u'\\u0447\\u0435\\u043b\\u043e\\u0432\\u0435\\u043a', 488, 0),)"},"sentenceIndex":[5],"words":["человек"],"wordsIndex":[5]},"чем":{"params":{"class":"союз","classMask":15,"info":{"isCapital":false,"isUpper":false},"stack":"((<DictionaryAnalyzer>, u'\\u0447\\u0435\\u043c', 20, 0),)"},"sentenceIndex":[9],"words":["чем"],"wordsIndex":[5]},"что":{"params":{"class":"союз","classMask":15,"info":{"isCapital":false,"isUpper":false},"stack":"((<DictionaryAnalyzer>, u'\\u0447\\u0442\\u043e', 3046, 0),)"},"sentenceIndex":[3,5,7],"words":["что","что","что"],"wordsIndex":[2,19,5]},"чтобы":{"params":{"class":"союз","classMask":15,"info":{"isCapital":false,"isUpper":false},"stack":"((<DictionaryAnalyzer>, u'\\u0447\\u0442\\u043e\\u0431\\u044b', 20, 0),)"},"sentenceIndex":[5],"words":["чтобы"],"wordsIndex":[4]},"это":{"params":{"class":"част","classMask":16,"info":{"isCapital":false,"isUpper":false},"stack":"((<DictionaryAnalyzer>, u'\\u044d\\u0442\\u043e', 22, 0),)"},"sentenceIndex":[3,9],"words":["это","это"],"wordsIndex":[23,1]}}