{"bloomberg":{"params":{"class":"имя","classMask":22,"info":{"isCapital":true,"isUpper":false},"stack":""},"sentenceIndex":[0],"words":["Bloomberg"],"wordsIndex":[19]},"агентство":{"params":{"class":"с","classMask":1,"info":{"isCapital":false,"isUpper":false},"stack":"((<DictionaryAnalyzer>, u'\\u0430\\u0433\\u0435\\u043d\\u0442\\u0441\\u0442\\u0432\\u0430', 54, 1),)"},"sentenceIndex":[1],"words":["агентства"],"wordsIndex":[3]},"азербайджан":{"params":{"class":"имя","classMask":1122,"info":{"isCapital":true,"isCountry":true,"isUpper":false},"stack":"((<DictionaryAnalyzer>, u'\\u0430\\u0437\\u0435\\u0440\\u0431\\u0430\\u0439\\u0434\\u0436\\u0430\\u043d\\u0435', 32, 5),)"},"sentenceIndex":[1,5],"words":["Азербайджане","Азербайджане"],"wordsIndex":[11,6]},"америкать":{"params":{"class":"кр_причастие","classMask":8,"info":{"isCapital":false,"isUpper":false},"stack":"((<FakeDictionary>, u'\\u0430\\u043c\\u0435\\u0440\\u0438\\u043a\\u0430\\u043d\\u043e', 614, 73), (<KnownSuffixAnalyzer>, u'\\u0438\\u043a\\u0430\\u043d\\u043e'))"},"sentenceIndex":[2],"words":["американо"],"wordsIndex":[7]},"америкать-российский":{"params":{"class":"п","classMask":1202,"info":{"comboClassStats":{"кр_причастие":1,"п":1},"isCapital":false,"isCombo":true,"isUpper":false},"stack":"<classByLadder>"},"sentenceIndex":[2],"words":["американо-российских"],"wordsIndex":[9]},"ближний":{"params":{"class":"имя","classMask":22,"info":{"isCapital":true,"isUpper":false},"stack":"((<DictionaryAnalyzer>, u'\\u0431\\u043b\\u0438\\u0436\\u043d\\u0435\\u043c', 351, 5),)"},"sentenceIndex":[4],"words":["Ближнем"],"wordsIndex":[6]},"в":{"params":{"class":"символ","classMask":20,"info":{},"stack":""},"sentenceIndex":[1,1,1,2,4,5],"words":["в","в","в","в","в","в"],"wordsIndex":[4,8,10,20,9,5]},"важность":{"params":{"class":"с","classMask":1,"info":{"isCapital":false,"isUpper":false},"stack":"((<DictionaryAnalyzer>, u'\\u0432\\u0430\\u0436\\u043d\\u043e\\u0441\\u0442\\u044c', 13, 3),)"},"sentenceIndex":[2],"words":["важность"],"wordsIndex":[13]},"валерий":{"params":{"class":"имя","classMask":22,"info":{"isCapital":true,"isUpper":false},"stack":"((<DictionaryAnalyzer>, u'\\u0432\\u0430\\u043b\\u0435\\u0440\\u0438\\u0439', 61, 0),)"},"sentenceIndex":[0],"words":["Валерий"],"wordsIndex":[5]},"включая":{"params":{"class":"предл","classMask":14,"info":{"isCapital":false,"isUpper":false},"stack":"((<DictionaryAnalyzer>, u'\\u0432\\u043a\\u043b\\u044e\\u0447\\u0430\\u044f', 24, 0),)"},"sentenceIndex":[2],"words":["включая"],"wordsIndex":[4]},"военный":{"params":{"class":"с","classMask":1,"info":{"isCapital":false,"isUpper":false},"stack":"((<DictionaryAnalyzer>, u'\\u0432\\u043e\\u0435\\u043d\\u043d\\u044b\\u0445', 218, 7),)"},"sentenceIndex":[2,2],"words":["военных","военными"],"wordsIndex":[10,19]},"вопрос":{"params":{"class":"с","classMask":1,"info":{"isCapital":false,"isUpper":false},"stack":"((<DictionaryAnalyzer>, u'\\u0432\\u043e\\u043f\\u0440\\u043e\\u0441\\u043e\\u0432', 33, 7),)"},"sentenceIndex":[2],"words":["вопросов"],"wordsIndex":[3]},"восток":{"params":{"class":"имя","classMask":22,"info":{"isCapital":true,"isUpper":false},"stack":"((<DictionaryAnalyzer>, u'\\u0432\\u043e\\u0441\\u0442\\u043e\\u043a\\u0435', 19, 5),)"},"sentenceIndex":[4],"words":["Востоке"],"wordsIndex":[7]},"вс":{"params":{"class":"с","classMask":1,"info":{"isCapital":false,"isUpper":true},"stack":"((<DictionaryAnalyzer>, u'\\u0432\\u0441', 204, 0),)"},"sentenceIndex":[0],"words":["ВС"],"wordsIndex":[3]},"встретиться":{"params":{"class":"г","classMask":5,"info":{"isCapital":false,"isUpper":false},"stack":"((<DictionaryAnalyzer>, u'\\u0432\\u0441\\u0442\\u0440\\u0435\\u0442\\u0438\\u0442\\u0441\\u044f', 719, 9),)"},"sentenceIndex":[0],"words":["встретится"],"wordsIndex":[8]},"встреча":{"params":{"class":"с","classMask":1,"info":{"isCapital":false,"isUpper":false},"stack":"((<DictionaryAnalyzer>, u'\\u0432\\u0441\\u0442\\u0440\\u0435\\u0447\\u0430', 93, 0),)"},"sentenceIndex":[1,5],"words":["встреча","встреча"],"wordsIndex":[6,3]},"генеральный":{"params":{"class":"имя","classMask":22,"info":{"isCapital":true,"isUpper":false},"stack":"((<DictionaryAnalyzer>, u'\\u0433\\u0435\\u043d\\u0435\\u0440\\u0430\\u043b\\u044c\\u043d\\u043e\\u0433\\u043e', 60, 1),)"},"sentenceIndex":[0],"words":["Генерального"],"wordsIndex":[1]},"герасимов":{"params":{"class":"имя","classMask":22,"info":{"isCapital":true,"isUpper":false},"stack":"((<DictionaryAnalyzer>, u'\\u0433\\u0435\\u0440\\u0430\\u0441\\u0438\\u043c\\u043e\\u0432', 36, 0),)"},"sentenceIndex":[0,3],"words":["Герасимов","Герасимов"],"wordsIndex":[6,0]},"глава":{"params":{"class":"с","classMask":1,"info":{"isCapital":true,"isUpper":false},"stack":"((<DictionaryAnalyzer>, u'\\u0433\\u043b\\u0430\\u0432\\u0430', 513, 0),)"},"sentenceIndex":[0],"words":["Глава"],"wordsIndex":[0]},"год":{"params":{"class":"с","classMask":1,"info":{"isCapital":false,"isUpper":false},"stack":"((<DictionaryAnalyzer>, u'\\u0433\\u043e\\u0434\\u0430', 1168, 1),)"},"sentenceIndex":[4],"words":["года"],"wordsIndex":[12]},"данные":{"params":{"class":"с","classMask":1,"info":{"isCapital":false,"isUpper":false},"stack":"((<DictionaryAnalyzer>, u'\\u0434\\u0430\\u043d\\u043d\\u044b\\u043c', 151, 2),)"},"sentenceIndex":[1,5],"words":["данным","данным"],"wordsIndex":[1,1]},"данфорд":{"params":{"class":"имя","classMask":22,"info":{"isCapital":true,"isUpper":false},"stack":"((<DictionaryAnalyzer>, u'\\u0444\\u043e\\u0440\\u0434\\u043e\\u043c', 33, 4), (<UnknownPrefixAnalyzer>, u'\\u0434\\u0430\\u043d'))"},"sentenceIndex":[0,3],"words":["Данфордом","Данфорд"],"wordsIndex":[17,2]},"декабрь":{"params":{"class":"с","classMask":1,"info":{"isCapital":false,"isUpper":false},"stack":"((<DictionaryAnalyzer>, u'\\u0434\\u0435\\u043a\\u0430\\u0431\\u0440\\u0435', 190, 5),)"},"sentenceIndex":[4],"words":["декабре"],"wordsIndex":[10]},"джозеф":{"params":{"class":"имя","classMask":22,"info":{"isCapital":true,"isUpper":false},"stack":"((<DictionaryAnalyzer>, u'\\u0434\\u0436\\u043e\\u0437\\u0435\\u0444\\u043e\\u043c', 26, 4),)"},"sentenceIndex":[0],"words":["Джозефом"],"wordsIndex":[16]},"и":{"params":{"class":"символ","classMask":20,"info":{},"stack":""},"sentenceIndex":[2,2,2,3],"words":["и","и","и","и"],"wordsIndex":[12,15,24,1]},"источник":{"params":{"class":"с","classMask":1,"info":{"isCapital":false,"isUpper":false},"stack":"((<DictionaryAnalyzer>, u'\\u0438\\u0441\\u0442\\u043e\\u0447\\u043d\\u0438\\u043a\\u043e\\u0432', 19, 7),)"},"sentenceIndex":[1,5],"words":["источников","источника"],"wordsIndex":[2,2]},"комитет":{"params":{"class":"с","classMask":1,"info":{"isCapital":false,"isUpper":false},"stack":"((<DictionaryAnalyzer>, u'\\u043a\\u043e\\u043c\\u0438\\u0442\\u0435\\u0442\\u0430', 33, 1),)"},"sentenceIndex":[0],"words":["комитета"],"wordsIndex":[12]},"кризис":{"params":{"class":"с","classMask":1,"info":{"isCapital":false,"isUpper":false},"stack":"((<DictionaryAnalyzer>, u'\\u043a\\u0440\\u0438\\u0437\\u0438\\u0441\\u043e\\u0432', 33, 7),)"},"sentenceIndex":[2],"words":["кризисов"],"wordsIndex":[26]},"между":{"params":{"class":"предл","classMask":14,"info":{"isCapital":false,"isUpper":false},"stack":"((<DictionaryAnalyzer>, u'\\u043c\\u0435\\u0436\\u0434\\u0443', 24, 0),)"},"sentenceIndex":[2],"words":["между"],"wordsIndex":[18]},"на":{"params":{"class":"предл","classMask":14,"info":{"isCapital":false,"isUpper":false},"stack":"((<DictionaryAnalyzer>, u'\\u043d\\u0430', 24, 0),)"},"sentenceIndex":[4],"words":["на"],"wordsIndex":[5]},"начальник":{"params":{"class":"с","classMask":1,"info":{"isCapital":false,"isUpper":false},"stack":"((<DictionaryAnalyzer>, u'\\u043d\\u0430\\u0447\\u0430\\u043b\\u044c\\u043d\\u0438\\u043a\\u043e\\u0432', 2, 7),)"},"sentenceIndex":[0],"words":["начальников"],"wordsIndex":[13]},"обсудить":{"params":{"class":"г","classMask":5,"info":{"isCapital":false,"isUpper":false},"stack":"((<DictionaryAnalyzer>, u'\\u043e\\u0431\\u0441\\u0443\\u0434\\u044f\\u0442', 860, 10),)"},"sentenceIndex":[2],"words":["обсудят"],"wordsIndex":[1]},"объединить":{"params":{"class":"причастие","classMask":7,"info":{"isCapital":false,"isUpper":false},"stack":"((<DictionaryAnalyzer>, u'\\u043e\\u0431\\u044a\\u0435\\u0434\\u0438\\u043d\\u0451\\u043d\\u043d\\u043e\\u0433\\u043e', 720, 43),)"},"sentenceIndex":[0],"words":["объединенного"],"wordsIndex":[11]},"отношение":{"params":{"class":"с","classMask":1,"info":{"isCapital":false,"isUpper":false},"stack":"((<DictionaryAnalyzer>, u'\\u043e\\u0442\\u043d\\u043e\\u0448\\u0435\\u043d\\u0438\\u0439', 76, 15),)"},"sentenceIndex":[2],"words":["отношений"],"wordsIndex":[11]},"пентагон":{"params":{"class":"имя","classMask":22,"info":{"isCapital":true,"isUpper":false},"stack":"((<DictionaryAnalyzer>, u'\\u043f\\u0435\\u043d\\u0442\\u0430\\u0433\\u043e\\u043d\\u0435', 47, 5),)"},"sentenceIndex":[1],"words":["Пентагоне"],"wordsIndex":[5]},"переговоры":{"params":{"class":"с","classMask":1,"info":{"isCapital":false,"isUpper":false},"stack":"((<DictionaryAnalyzer>, u'\\u043f\\u0435\\u0440\\u0435\\u0433\\u043e\\u0432\\u043e\\u0440\\u043e\\u0432', 133, 1),)"},"sentenceIndex":[4],"words":["переговоров"],"wordsIndex":[2]},"планировать":{"params":{"class":"г","classMask":5,"info":{"isCapital":false,"isUpper":false},"stack":"((<DictionaryAnalyzer>, u'\\u043f\\u043b\\u0430\\u043d\\u0438\\u0440\\u0443\\u0435\\u0442', 1726, 5),)"},"sentenceIndex":[0],"words":["планирует"],"wordsIndex":[7]},"по":{"params":{"class":"предл","classMask":14,"info":{"isCapital":true,"isUpper":false},"stack":"((<DictionaryAnalyzer>, u'\\u043f\\u043e', 24, 0),)"},"sentenceIndex":[1,3,5],"words":["По","по","По"],"wordsIndex":[0,5,0]},"посвятить":{"params":{"class":"причастие","classMask":7,"info":{"isCapital":false,"isUpper":false},"stack":"((<DictionaryAnalyzer>, u'\\u043f\\u043e\\u0441\\u0432\\u044f\\u0449\\u0451\\u043d\\u043d\\u0430\\u044f', 837, 49),)"},"sentenceIndex":[4],"words":["посвященная"],"wordsIndex":[3]},"последний":{"params":{"class":"п","classMask":2,"info":{"isCapital":true,"isUpper":false},"stack":"((<DictionaryAnalyzer>, u'\\u043f\\u043e\\u0441\\u043b\\u0435\\u0434\\u043d\\u044f\\u044f', 382, 7),)"},"sentenceIndex":[4],"words":["Последняя"],"wordsIndex":[0]},"последовательный":{"params":{"class":"п","classMask":2,"info":{"isCapital":false,"isUpper":false},"stack":"((<DictionaryAnalyzer>, u'\\u043f\\u043e\\u0441\\u043b\\u0435\\u0434\\u043e\\u0432\\u0430\\u0442\\u0435\\u043b\\u044c\\u043d\\u043e\\u0439', 1289, 8),)"},"sentenceIndex":[2],"words":["последовательной"],"wordsIndex":[14]},"потенциальный":{"params":{"class":"п","classMask":2,"info":{"isCapital":false,"isUpper":false},"stack":"((<DictionaryAnalyzer>, u'\\u043f\\u043e\\u0442\\u0435\\u043d\\u0446\\u0438\\u0430\\u043b\\u044c\\u043d\\u044b\\u0445', 60, 21),)"},"sentenceIndex":[2],"words":["потенциальных"],"wordsIndex":[25]},"предотвращение":{"params":{"class":"с","classMask":1,"info":{"isCapital":false,"isUpper":false},"stack":"((<DictionaryAnalyzer>, u'\\u043f\\u0440\\u0435\\u0434\\u043e\\u0442\\u0432\\u0440\\u0430\\u0449\\u0435\\u043d\\u0438\\u044f', 76, 2),)"},"sentenceIndex":[2],"words":["предотвращения"],"wordsIndex":[22]},"председатель":{"params":{"class":"с","classMask":1,"info":{"isCapital":false,"isUpper":false},"stack":"((<DictionaryAnalyzer>, u'\\u043f\\u0440\\u0435\\u0434\\u0441\\u0435\\u0434\\u0430\\u0442\\u0435\\u043b\\u0435\\u043c', 121, 4),)"},"sentenceIndex":[0],"words":["председателем"],"wordsIndex":[10]},"пройти":{"params":{"class":"г","classMask":5,"info":{"isCapital":false,"isUpper":false},"stack":"((<DictionaryAnalyzer>, u'\\u043f\\u0440\\u043e\\u0448\\u043b\\u0430', 2013, 2),)"},"sentenceIndex":[4,5],"words":["прошла","пройдет"],"wordsIndex":[8,4]},"просчёт":{"params":{"class":"с","classMask":1,"info":{"isCapital":false,"isUpper":false},"stack":"((<DictionaryAnalyzer>, u'\\u043f\\u0440\\u043e\\u0441\\u0447\\u0451\\u0442\\u043e\\u0432', 33, 7),)"},"sentenceIndex":[2],"words":["просчетов"],"wordsIndex":[23]},"прошлое":{"params":{"class":"с","classMask":1,"info":{"isCapital":false,"isUpper":false},"stack":"((<DictionaryAnalyzer>, u'\\u043f\\u0440\\u043e\\u0448\\u043b\\u043e\\u0433\\u043e', 972, 1),)"},"sentenceIndex":[4],"words":["прошлого"],"wordsIndex":[11]},"регулярно":{"params":{"class":"н","classMask":11,"info":{"isCapital":false,"isUpper":false},"stack":"((<DictionaryAnalyzer>, u'\\u0440\\u0435\\u0433\\u0443\\u043b\\u044f\\u0440\\u043d\\u043e', 3, 0),)"},"sentenceIndex":[3],"words":["регулярно"],"wordsIndex":[3]},"российский":{"params":{"class":"п","classMask":2,"info":{"isCapital":false,"isUpper":false},"stack":"((<DictionaryAnalyzer>, u'\\u0440\\u043e\\u0441\\u0441\\u0438\\u0439\\u0441\\u043a\\u0438\\u0445', 16, 21),)"},"sentenceIndex":[2],"words":["российских"],"wordsIndex":[8]},"россия":{"params":{"class":"имя","classMask":1122,"info":{"isCapital":true,"isCountry":true,"isUpper":false},"stack":"((<DictionaryAnalyzer>, u'\\u0440\\u043e\\u0441\\u0441\\u0438\\u0438', 70, 1),)"},"sentenceIndex":[0],"words":["России"],"wordsIndex":[4]},"с":{"params":{"class":"символ","classMask":20,"info":{},"stack":""},"sentenceIndex":[0],"words":["с"],"wordsIndex":[9]},"связываться":{"params":{"class":"г","classMask":5,"info":{"isCapital":false,"isUpper":false},"stack":"((<DictionaryAnalyzer>, u'\\u0441\\u0432\\u044f\\u0437\\u044b\\u0432\\u0430\\u044e\\u0442\\u0441\\u044f', 224, 6),)"},"sentenceIndex":[3],"words":["связываются"],"wordsIndex":[4]},"связь":{"params":{"class":"с","classMask":1,"info":{"isCapital":false,"isUpper":false},"stack":"((<DictionaryAnalyzer>, u'\\u0441\\u0432\\u044f\\u0437\\u0438', 544, 6),)"},"sentenceIndex":[2],"words":["связи"],"wordsIndex":[17]},"серия":{"params":{"class":"с","classMask":1,"info":{"isCapital":false,"isUpper":false},"stack":"((<DictionaryAnalyzer>, u'\\u0441\\u0435\\u0440\\u0438\\u044f', 40, 0),)"},"sentenceIndex":[4],"words":["серия"],"wordsIndex":[1]},"ситуация":{"params":{"class":"с","classMask":1,"info":{"isCapital":false,"isUpper":false},"stack":"((<DictionaryAnalyzer>, u'\\u0441\\u0438\\u0442\\u0443\\u0430\\u0446\\u0438\\u0438', 40, 6),)"},"sentenceIndex":[4],"words":["ситуации"],"wordsIndex":[4]},"сообщать":{"params":{"class":"г","classMask":5,"info":{"isCapital":false,"isUpper":false},"stack":"((<DictionaryAnalyzer>, u'\\u0441\\u043e\\u043e\\u0431\\u0449\\u0430\\u0435\\u0442', 206, 5),)"},"sentenceIndex":[0],"words":["сообщает"],"wordsIndex":[18]},"состояние":{"params":{"class":"с","classMask":1,"info":{"isCapital":false,"isUpper":false},"stack":"((<DictionaryAnalyzer>, u'\\u0441\\u043e\\u0441\\u0442\\u043e\\u044f\\u043d\\u0438\\u0435', 76, 6),)"},"sentenceIndex":[2],"words":["состояние"],"wordsIndex":[6]},"состояться":{"params":{"class":"г","classMask":5,"info":{"isCapital":false,"isUpper":false},"stack":"((<DictionaryAnalyzer>, u'\\u0441\\u043e\\u0441\\u0442\\u043e\\u0438\\u0442\\u0441\\u044f', 1091, 9),)"},"sentenceIndex":[1],"words":["состоится"],"wordsIndex":[7]},"спектр":{"params":{"class":"с","classMask":1,"info":{"isCapital":false,"isUpper":false},"stack":"((<DictionaryAnalyzer>, u'\\u0441\\u043f\\u0435\\u043a\\u0442\\u0440', 33, 3),)"},"sentenceIndex":[2],"words":["спектр"],"wordsIndex":[2]},"сторона":{"params":{"class":"с","classMask":1,"info":{"isCapital":true,"isUpper":false},"stack":"((<DictionaryAnalyzer>, u'\\u0441\\u0442\\u043e\\u0440\\u043e\\u043d\\u044b', 55, 1),)"},"sentenceIndex":[2],"words":["Стороны"],"wordsIndex":[0]},"сша":{"params":{"class":"с","classMask":1,"info":{"isCapital":false,"isUpper":true},"stack":"((<DictionaryAnalyzer>, u'\\u0441\\u0448\\u0430', 1828, 1),)"},"sentenceIndex":[0],"words":["США"],"wordsIndex":[15]},"текущий":{"params":{"class":"п","classMask":2,"info":{"isCapital":false,"isUpper":false},"stack":"((<DictionaryAnalyzer>, u'\\u0442\\u0435\\u043a\\u0443\\u0449\\u0435\\u0435', 162, 14),)"},"sentenceIndex":[2],"words":["текущее"],"wordsIndex":[5]},"телефон":{"params":{"class":"с","classMask":1,"info":{"isCapital":false,"isUpper":false},"stack":"((<DictionaryAnalyzer>, u'\\u0442\\u0435\\u043b\\u0435\\u0444\\u043e\\u043d\\u0443', 33, 2),)"},"sentenceIndex":[3],"words":["телефону"],"wordsIndex":[6]},"цель":{"params":{"class":"с","classMask":1,"info":{"isCapital":false,"isUpper":false},"stack":"((<DictionaryAnalyzer>, u'\\u0446\\u0435\\u043b\\u044f\\u0445', 13, 11),)"},"sentenceIndex":[2],"words":["целях"],"wordsIndex":[21]},"четверг":{"params":{"class":"с","classMask":1,"info":{"isCapital":false,"isUpper":false},"stack":"((<DictionaryAnalyzer>, u'\\u0447\\u0435\\u0442\\u0432\\u0435\\u0440\\u0433', 19, 3),)"},"sentenceIndex":[1],"words":["четверг"],"wordsIndex":[9]},"штаб":{"params":{"class":"с","classMask":1,"info":{"isCapital":false,"isUpper":false},"stack":"((<DictionaryAnalyzer>, u'\\u0448\\u0442\\u0430\\u0431\\u0430', 503, 1),)"},"sentenceIndex":[0,0],"words":["штаба","штабов"],"wordsIndex":[2,14]},"ясный":{"params":{"class":"п","classMask":2,"info":{"isCapital":false,"isUpper":false},"stack":"((<DictionaryAnalyzer>, u'\\u044f\\u0441\\u043d\\u043e\\u0439', 86, 8),)"},"sentenceIndex":[2],"words":["ясной"],"wordsIndex":[16]}}