{"10":{"params":{"class":"наим","classMask":19,"info":{},"stack":""},"sentenceIndex":[6],"words":["10"],"wordsIndex":[4]},"1550":{"params":{"class":"наим","classMask":19,"info":{},"stack":""},"sentenceIndex":[5],"words":["1550"],"wordsIndex":[14]},"2010":{"params":{"class":"наим","classMask":19,"info":{},"stack":""},"sentenceIndex":[0,4,7],"words":["2010","2010","2010"],"wordsIndex":[18,14,12]},"700":{"params":{"class":"наим","classMask":19,"info":{},"stack":""},"sentenceIndex":[5],"words":["700"],"wordsIndex":[10]},"8":{"params":{"class":"число","classMask":10,"info":{},"stack":""},"sentenceIndex":[4,7],"words":["8","8"],"wordsIndex":[12,10]},"reuters":{"params":{"class":"имя","classMask":22,"info":{"isCapital":true,"isUpper":false},"stack":""},"sentenceIndex":[0],"words":["Reuters"],"wordsIndex":[21]},"агентство":{"params":{"class":"с","classMask":1,"info":{"isCapital":false,"isUpper":false},"stack":"((<DictionaryAnalyzer>, u'\\u0430\\u0433\\u0435\\u043d\\u0442\\u0441\\u0442\\u0432\\u0430', 54, 1),)"},"sentenceIndex":[1],"words":["агентства"],"wordsIndex":[3]},"апрель":{"params":{"class":"с","classMask":1,"info":{"isCapital":false,"isUpper":false},"stack":"((<DictionaryAnalyzer>, u'\\u0430\\u043f\\u0440\\u0435\\u043b\\u044f', 91, 1),)"},"sentenceIndex":[4,7],"words":["апреля","апреля"],"wordsIndex":[13,11]},"боезаряд":{"params":{"class":"с","classMask":1,"info":{"isCapital":false,"isUpper":false},"stack":"((<DictionaryAnalyzer>, u'\\u0431\\u043e\\u0435\\u0437\\u0430\\u0440\\u044f\\u0434\\u043e\\u0432', 33, 7),)"},"sentenceIndex":[5],"words":["боезарядов"],"wordsIndex":[16]},"быть":{"params":{"class":"г","classMask":5,"info":{"isCapital":false,"isUpper":false},"stack":"((<DictionaryAnalyzer>, u'\\u0431\\u044b\\u043b', 587, 4),)"},"sentenceIndex":[4,7],"words":["был","был"],"wordsIndex":[4,2]},"в":{"params":{"class":"символ","classMask":20,"info":{},"stack":""},"sentenceIndex":[2,3,4,7],"words":["в","во","в","в"],"wordsIndex":[2,4,10,8]},"вашингтон":{"params":{"class":"имя","classMask":22,"info":{"isCapital":true,"isUpper":false},"stack":"((<DictionaryAnalyzer>, u'\\u0432\\u0430\\u0448\\u0438\\u043d\\u0433\\u0442\\u043e\\u043d\\u0430', 32, 1),)"},"sentenceIndex":[1],"words":["Вашингтона"],"wordsIndex":[10]},"владимир":{"params":{"class":"имя","classMask":22,"info":{"isCapital":true,"isUpper":false},"stack":"((<DictionaryAnalyzer>, u'\\u0432\\u043b\\u0430\\u0434\\u0438\\u043c\\u0438\\u0440\\u043e\\u043c', 26, 4),)"},"sentenceIndex":[2],"words":["Владимиром"],"wordsIndex":[9]},"возможный":{"params":{"class":"п","classMask":2,"info":{"isCapital":false,"isUpper":false},"stack":"((<DictionaryAnalyzer>, u'\\u0432\\u043e\\u0437\\u043c\\u043e\\u0436\\u043d\\u043e\\u043c', 86, 19),)"},"sentenceIndex":[3],"words":["возможном"],"wordsIndex":[11]},"возобновление":{"params":{"class":"с","classMask":1,"info":{"isCapital":false,"isUpper":false},"stack":"((<DictionaryAnalyzer>, u'\\u0432\\u043e\\u0437\\u043e\\u0431\\u043d\\u043e\\u0432\\u043b\\u0435\\u043d\\u0438\\u0438', 76, 10),)"},"sentenceIndex":[3],"words":["возобновлении"],"wordsIndex":[12]},"вооружение":{"params":{"class":"с","classMask":1,"info":{"isCapital":false,"isUpper":false},"stack":"((<DictionaryAnalyzer>, u'\\u0432\\u043e\\u043e\\u0440\\u0443\\u0436\\u0435\\u043d\\u0438\\u0439', 76, 15),)"},"sentenceIndex":[0],"words":["вооружений"],"wordsIndex":[15]},"вопрос":{"params":{"class":"с","classMask":1,"info":{"isCapital":false,"isUpper":false},"stack":"((<DictionaryAnalyzer>, u'\\u0432\\u043e\\u043f\\u0440\\u043e\\u0441', 33, 0),)"},"sentenceIndex":[3],"words":["вопрос"],"wordsIndex":[9]},"время":{"params":{"class":"с","classMask":1,"info":{"isCapital":false,"isUpper":false},"stack":"((<DictionaryAnalyzer>, u'\\u0432\\u0440\\u0435\\u043c\\u044f', 536, 3),)"},"sentenceIndex":[3],"words":["время"],"wordsIndex":[5]},"год":{"params":{"class":"с","classMask":1,"info":{"isCapital":false,"isUpper":false},"stack":"((<DictionaryAnalyzer>, u'\\u0433\\u043e\\u0434\\u0430', 1168, 1),)"},"sentenceIndex":[0,4,6,7],"words":["года","года","лет","года"],"wordsIndex":[19,15,5,13]},"дальнейший":{"params":{"class":"п","classMask":2,"info":{"isCapital":false,"isUpper":false},"stack":"((<DictionaryAnalyzer>, u'\\u0434\\u0430\\u043b\\u044c\\u043d\\u0435\\u0439\\u0448\\u0435\\u043c\\u0443', 100, 16),)"},"sentenceIndex":[0],"words":["дальнейшему"],"wordsIndex":[9]},"данный":{"params":{"class":"п","classMask":2,"info":{"isCapital":false,"isUpper":false},"stack":"((<DictionaryAnalyzer>, u'\\u0434\\u0430\\u043d\\u043d\\u043e\\u0435', 1245, 13),)"},"sentenceIndex":[1,2],"words":["данное","данного"],"wordsIndex":[6,20]},"действие":{"params":{"class":"с","classMask":1,"info":{"isCapital":false,"isUpper":false},"stack":"((<DictionaryAnalyzer>, u'\\u0434\\u0435\\u0439\\u0441\\u0442\\u0432\\u0438\\u044f', 119, 1),)"},"sentenceIndex":[6],"words":["действия"],"wordsIndex":[1]},"для":{"params":{"class":"предл","classMask":14,"info":{"isCapital":false,"isUpper":false},"stack":"((<DictionaryAnalyzer>, u'\\u0434\\u043b\\u044f', 24, 0),)"},"sentenceIndex":[1],"words":["для"],"wordsIndex":[9]},"до":{"params":{"class":"предл","classMask":14,"info":{"isCapital":false,"isUpper":false},"stack":"((<DictionaryAnalyzer>, u'\\u0434\\u043e', 24, 0),)"},"sentenceIndex":[5,5],"words":["до","до"],"wordsIndex":[9,13]},"договор":{"params":{"class":"имя","classMask":22,"info":{"isCapital":true,"isUpper":false},"stack":"((<DictionaryAnalyzer>, u'\\u0434\\u043e\\u0433\\u043e\\u0432\\u043e\\u0440', 282, 0),)"},"sentenceIndex":[0],"words":["Договор"],"wordsIndex":[5]},"документ":{"params":{"class":"с","classMask":1,"info":{"isCapital":false,"isUpper":false},"stack":"((<DictionaryAnalyzer>, u'\\u0434\\u043e\\u043a\\u0443\\u043c\\u0435\\u043d\\u0442\\u0430', 33, 1),)"},"sentenceIndex":[2,6],"words":["документа","документа"],"wordsIndex":[21,2]},"дональд":{"params":{"class":"имя","classMask":22,"info":{"isCapital":true,"isUpper":false},"stack":"((<DictionaryAnalyzer>, u'\\u0434\\u043e\\u043d\\u0430\\u043b\\u044c\\u0434', 26, 0),)"},"sentenceIndex":[0],"words":["Дональд"],"wordsIndex":[2]},"дснв":{"params":{"class":"с","classMask":1,"info":{"isCapital":false,"isUpper":true},"stack":"((<DictionaryAnalyzer>, u'\\u0441\\u043d\\u0432', 3145, 0), (<UnknownPrefixAnalyzer>, u'\\u0434'))"},"sentenceIndex":[0,4,7],"words":["ДСНВ","ДСНВ","ДСНВ"],"wordsIndex":[16,3,1]},"единица":{"params":{"class":"с","classMask":1,"info":{"isCapital":false,"isUpper":false},"stack":"((<DictionaryAnalyzer>, u'\\u0435\\u0434\\u0438\\u043d\\u0438\\u0446', 1378, 8),)"},"sentenceIndex":[5],"words":["единиц"],"wordsIndex":[11]},"звонок":{"params":{"class":"с","classMask":1,"info":{"isCapital":false,"isUpper":false},"stack":"((<DictionaryAnalyzer>, u'\\u0437\\u0432\\u043e\\u043d\\u043a\\u0430', 139, 1),)"},"sentenceIndex":[3],"words":["звонка"],"wordsIndex":[6]},"и":{"params":{"class":"символ","classMask":20,"info":{},"stack":""},"sentenceIndex":[0,4,5,7],"words":["и","и","и","и"],"wordsIndex":[11,8,12,6]},"источник":{"params":{"class":"с","classMask":1,"info":{"isCapital":false,"isUpper":false},"stack":"((<DictionaryAnalyzer>, u'\\u0438\\u0441\\u0442\\u043e\\u0447\\u043d\\u0438\\u043a\\u043e\\u0432', 19, 7),)"},"sentenceIndex":[1],"words":["источников"],"wordsIndex":[2]},"каждый":{"params":{"class":"п","classMask":2,"info":{"isCapital":false,"isUpper":false},"stack":"((<DictionaryAnalyzer>, u'\\u043a\\u0430\\u0436\\u0434\\u043e\\u0439', 1245, 8),)"},"sentenceIndex":[5],"words":["каждой"],"wordsIndex":[7]},"кроме":{"params":{"class":"предл","classMask":14,"info":{"isCapital":true,"isUpper":false},"stack":"((<DictionaryAnalyzer>, u'\\u043a\\u0440\\u043e\\u043c\\u0435', 24, 0),)"},"sentenceIndex":[3],"words":["Кроме"],"wordsIndex":[0]},"мера":{"params":{"class":"с","classMask":1,"info":{"isCapital":false,"isUpper":false},"stack":"((<DictionaryAnalyzer>, u'\\u043c\\u0435\\u0440\\u0430\\u0445', 55, 12),)"},"sentenceIndex":[0],"words":["мерах"],"wordsIndex":[7]},"момент":{"params":{"class":"с","classMask":1,"info":{"isCapital":false,"isUpper":false},"stack":"((<DictionaryAnalyzer>, u'\\u043c\\u043e\\u043c\\u0435\\u043d\\u0442\\u043e\\u0432', 33, 7),)"},"sentenceIndex":[3],"words":["моментов"],"wordsIndex":[18]},"на":{"params":{"class":"предл","classMask":14,"info":{"isCapital":false,"isUpper":false},"stack":"((<DictionaryAnalyzer>, u'\\u043d\\u0430', 24, 0),)"},"sentenceIndex":[5],"words":["на"],"wordsIndex":[17]},"назвать":{"params":{"class":"г","classMask":5,"info":{"isCapital":false,"isUpper":false},"stack":"((<DictionaryAnalyzer>, u'\\u043d\\u0430\\u0437\\u0432\\u0430\\u043b', 851, 1),)"},"sentenceIndex":[1],"words":["назвал"],"wordsIndex":[5]},"напомнить":{"params":{"class":"г","classMask":5,"info":{"isCapital":true,"isUpper":false},"stack":"((<DictionaryAnalyzer>, u'\\u043d\\u0430\\u043f\\u043e\\u043c\\u043d\\u0438\\u043c', 617, 6),)"},"sentenceIndex":[4],"words":["Напомним"],"wordsIndex":[0]},"наступательный":{"params":{"class":"п","classMask":2,"info":{"isCapital":false,"isUpper":false},"stack":"((<DictionaryAnalyzer>, u'\\u043d\\u0430\\u0441\\u0442\\u0443\\u043f\\u0430\\u0442\\u0435\\u043b\\u044c\\u043d\\u044b\\u0445', 211, 26),)"},"sentenceIndex":[0],"words":["наступательных"],"wordsIndex":[14]},"новый":{"params":{"class":"п","classMask":2,"info":{"isCapital":true,"isUpper":false},"stack":"((<DictionaryAnalyzer>, u'\\u043d\\u043e\\u0432\\u044b\\u0439', 405, 4),)"},"sentenceIndex":[4,7],"words":["новый","Новый"],"wordsIndex":[2,0]},"носитель":{"params":{"class":"с","classMask":1,"info":{"isCapital":false,"isUpper":false},"stack":"((<DictionaryAnalyzer>, u'\\u043d\\u043e\\u0441\\u0438\\u0442\\u0435\\u043b\\u0435\\u0439', 91, 7),)"},"sentenceIndex":[5],"words":["носителей"],"wordsIndex":[5]},"о":{"params":{"class":"символ","classMask":20,"info":{},"stack":""},"sentenceIndex":[0,2,3],"words":["о","о","о"],"wordsIndex":[6,18,10]},"ограничение":{"params":{"class":"с","classMask":1,"info":{"isCapital":false,"isUpper":false},"stack":"((<DictionaryAnalyzer>, u'\\u043e\\u0433\\u0440\\u0430\\u043d\\u0438\\u0447\\u0435\\u043d\\u0438\\u044e', 76, 4),)"},"sentenceIndex":[0],"words":["ограничению"],"wordsIndex":[12]},"он":{"params":{"class":"мс","classMask":12,"info":{"isCapital":true,"isUpper":false},"stack":"((<DictionaryAnalyzer>, u'\\u043e\\u043d', 2208, 0),)"},"sentenceIndex":[5],"words":["Он"],"wordsIndex":[0]},"они":{"params":{"class":"мс","classMask":12,"info":{"isCapital":false,"isUpper":false},"stack":"((<DictionaryAnalyzer>, u'\\u043d\\u0438\\u0445', 2210, 2),)"},"sentenceIndex":[5],"words":["них"],"wordsIndex":[18]},"от":{"params":{"class":"предл","classMask":14,"info":{"isCapital":false,"isUpper":false},"stack":"((<DictionaryAnalyzer>, u'\\u043e\\u0442', 375, 0),)"},"sentenceIndex":[0],"words":["от"],"wordsIndex":[17]},"отмечаться":{"params":{"class":"г","classMask":5,"info":{"isCapital":true,"isUpper":false},"stack":"((<DictionaryAnalyzer>, u'\\u043e\\u0442\\u043c\\u0435\\u0447\\u0430\\u0435\\u0442\\u0441\\u044f', 224, 5),)"},"sentenceIndex":[2],"words":["Отмечается"],"wordsIndex":[0]},"пауза":{"params":{"class":"с","classMask":1,"info":{"isCapital":false,"isUpper":false},"stack":"((<DictionaryAnalyzer>, u'\\u043f\\u0430\\u0443\\u0437\\u0443', 55, 3),)"},"sentenceIndex":[2],"words":["паузу"],"wordsIndex":[13]},"переговоры":{"params":{"class":"с","classMask":1,"info":{"isCapital":false,"isUpper":false},"stack":"((<DictionaryAnalyzer>, u'\\u043f\\u0435\\u0440\\u0435\\u0433\\u043e\\u0432\\u043e\\u0440\\u043e\\u0432', 133, 1),)"},"sentenceIndex":[3],"words":["переговоров"],"wordsIndex":[13]},"передавать":{"params":{"class":"г","classMask":5,"info":{"isCapital":false,"isUpper":false},"stack":"((<DictionaryAnalyzer>, u'\\u043f\\u0435\\u0440\\u0435\\u0434\\u0430\\u0451\\u0442', 2308, 5),)"},"sentenceIndex":[0],"words":["передает"],"wordsIndex":[20]},"плохой":{"params":{"class":"п","classMask":2,"info":{"isCapital":false,"isUpper":false},"stack":"((<DictionaryAnalyzer>, u'\\u043f\\u043b\\u043e\\u0445\\u0438\\u043c', 2376, 5),)"},"sentenceIndex":[1],"words":["плохим"],"wordsIndex":[8]},"по":{"params":{"class":"предл","classMask":14,"info":{"isCapital":true,"isUpper":false},"stack":"((<DictionaryAnalyzer>, u'\\u043f\\u043e', 24, 0),)"},"sentenceIndex":[0,1,3],"words":["по","По","по"],"wordsIndex":[8,0,14]},"поднять":{"params":{"class":"г","classMask":5,"info":{"isCapital":false,"isUpper":false},"stack":"((<DictionaryAnalyzer>, u'\\u043f\\u043e\\u0434\\u043d\\u044f\\u043b', 2406, 1),)"},"sentenceIndex":[3],"words":["поднял"],"wordsIndex":[8]},"подписать":{"params":{"class":"кр_причастие","classMask":8,"info":{"isCapital":false,"isUpper":false},"stack":"((<DictionaryAnalyzer>, u'\\u043f\\u043e\\u0434\\u043f\\u0438\\u0441\\u0430\\u043d', 916, 71),)"},"sentenceIndex":[4,7],"words":["подписан","подписан"],"wordsIndex":[5,3]},"помощник":{"params":{"class":"с","classMask":1,"info":{"isCapital":false,"isUpper":false},"stack":"((<DictionaryAnalyzer>, u'\\u043f\\u043e\\u043c\\u043e\\u0449\\u043d\\u0438\\u043a\\u043e\\u0432', 2, 7),)"},"sentenceIndex":[2],"words":["помощников"],"wordsIndex":[17]},"прага":{"params":{"class":"имя","classMask":22,"info":{"isCapital":true,"isUpper":false},"stack":"((<DictionaryAnalyzer>, u'\\u043f\\u0440\\u0430\\u0433\\u0435', 51, 6),)"},"sentenceIndex":[4,7],"words":["Праге","Праге"],"wordsIndex":[11,9]},"предусматривать":{"params":{"class":"г","classMask":5,"info":{"isCapital":false,"isUpper":false},"stack":"((<DictionaryAnalyzer>, u'\\u043f\\u0440\\u0435\\u0434\\u0443\\u0441\\u043c\\u0430\\u0442\\u0440\\u0438\\u0432\\u0430\\u0435\\u0442', 206, 5),)"},"sentenceIndex":[5],"words":["предусматривает"],"wordsIndex":[1]},"президент":{"params":{"class":"с","classMask":1,"info":{"isCapital":true,"isUpper":false},"stack":"((<DictionaryAnalyzer>, u'\\u043f\\u0440\\u0435\\u0437\\u0438\\u0434\\u0435\\u043d\\u0442', 52, 0),)"},"sentenceIndex":[0,2,4,7],"words":["Президент","президентом","президентами","президентами"],"wordsIndex":[0,7,6,4]},"путин":{"params":{"class":"имя","classMask":22,"info":{"isCapital":true,"isUpper":false},"stack":"((<DictionaryAnalyzer>, u'\\u043f\\u0443\\u0442\\u0438\\u043d\\u044b\\u043c', 36, 4),)"},"sentenceIndex":[2,3],"words":["Путиным","Путин"],"wordsIndex":[10,7]},"развернуть":{"params":{"class":"причастие","classMask":7,"info":{"isCapital":false,"isUpper":false},"stack":"((<DictionaryAnalyzer>, u'\\u0440\\u0430\\u0437\\u0432\\u0451\\u0440\\u043d\\u0443\\u0442\\u044b\\u0445', 2633, 63),)"},"sentenceIndex":[5],"words":["развернутых"],"wordsIndex":[3]},"разговор":{"params":{"class":"с","classMask":1,"info":{"isCapital":false,"isUpper":false},"stack":"((<DictionaryAnalyzer>, u'\\u0440\\u0430\\u0437\\u0433\\u043e\\u0432\\u043e\\u0440\\u0430', 33, 1),)"},"sentenceIndex":[2],"words":["разговора"],"wordsIndex":[5]},"раскритиковать":{"params":{"class":"г","classMask":5,"info":{"isCapital":false,"isUpper":false},"stack":"((<DictionaryAnalyzer>, u'\\u0440\\u0430\\u0441\\u043a\\u0440\\u0438\\u0442\\u0438\\u043a\\u043e\\u0432\\u0430\\u043b', 276, 1),)"},"sentenceIndex":[0],"words":["раскритиковал"],"wordsIndex":[4]},"рф":{"params":{"class":"с","classMask":1,"info":{"isCapital":false,"isUpper":true},"stack":"((<DictionaryAnalyzer>, u'\\u0440\\u0444', 1351, 1),)"},"sentenceIndex":[2,4,7],"words":["РФ","РФ","РФ"],"wordsIndex":[8,7,5]},"ряд":{"params":{"class":"с","classMask":1,"info":{"isCapital":false,"isUpper":false},"stack":"((<DictionaryAnalyzer>, u'\\u0440\\u044f\\u0434\\u0443', 111, 2),)"},"sentenceIndex":[3],"words":["ряду"],"wordsIndex":[16]},"с":{"params":{"class":"символ","classMask":20,"info":{},"stack":""},"sentenceIndex":[2,5],"words":["с","с"],"wordsIndex":[6,6]},"свой":{"params":{"class":"п","classMask":2,"info":{"isCapital":false,"isUpper":false},"stack":"((<DictionaryAnalyzer>, u'\\u0441\\u0432\\u043e\\u0438\\u0445', 2737, 21),)"},"sentenceIndex":[2],"words":["своих"],"wordsIndex":[16]},"сделать":{"params":{"class":"г","classMask":5,"info":{"isCapital":false,"isUpper":false},"stack":"((<DictionaryAnalyzer>, u'\\u0441\\u0434\\u0435\\u043b\\u0430\\u043b', 614, 1),)"},"sentenceIndex":[2],"words":["сделал"],"wordsIndex":[12]},"слово":{"params":{"class":"с","classMask":1,"info":{"isCapital":false,"isUpper":false},"stack":"((<DictionaryAnalyzer>, u'\\u0441\\u043b\\u043e\\u0432\\u0430\\u043c', 54, 8),)"},"sentenceIndex":[1],"words":["словам"],"wordsIndex":[1]},"соглашение":{"params":{"class":"с","classMask":1,"info":{"isCapital":false,"isUpper":false},"stack":"((<DictionaryAnalyzer>, u'\\u0441\\u043e\\u0433\\u043b\\u0430\\u0448\\u0435\\u043d\\u0438\\u0435', 76, 0),)"},"sentenceIndex":[1],"words":["соглашение"],"wordsIndex":[7]},"содержание":{"params":{"class":"с","classMask":1,"info":{"isCapital":false,"isUpper":false},"stack":"((<DictionaryAnalyzer>, u'\\u0441\\u043e\\u0434\\u0435\\u0440\\u0436\\u0430\\u043d\\u0438\\u0438', 76, 10),)"},"sentenceIndex":[2],"words":["содержании"],"wordsIndex":[19]},"сокращение":{"params":{"class":"с","classMask":1,"info":{"isCapital":false,"isUpper":false},"stack":"((<DictionaryAnalyzer>, u'\\u0441\\u043e\\u043a\\u0440\\u0430\\u0449\\u0435\\u043d\\u0438\\u044e', 76, 4),)"},"sentenceIndex":[0,5],"words":["сокращению","сокращение"],"wordsIndex":[10,2]},"сообщаться":{"params":{"class":"г","classMask":5,"info":{"isCapital":false,"isUpper":false},"stack":"((<DictionaryAnalyzer>, u'\\u0441\\u043e\\u043e\\u0431\\u0449\\u0430\\u0435\\u0442\\u0441\\u044f', 224, 5),)"},"sentenceIndex":[3],"words":["сообщается"],"wordsIndex":[2]},"составлять":{"params":{"class":"г","classMask":5,"info":{"isCapital":false,"isUpper":false},"stack":"((<DictionaryAnalyzer>, u'\\u0441\\u043e\\u0441\\u0442\\u0430\\u0432\\u043b\\u044f\\u0435\\u0442', 206, 5),)"},"sentenceIndex":[6],"words":["составляет"],"wordsIndex":[3]},"спорный":{"params":{"class":"п","classMask":2,"info":{"isCapital":false,"isUpper":false},"stack":"((<DictionaryAnalyzer>, u'\\u0441\\u043f\\u043e\\u0440\\u043d\\u044b\\u0445', 12, 21),)"},"sentenceIndex":[3],"words":["спорных"],"wordsIndex":[17]},"спросить":{"params":{"class":"инфинитив","classMask":6,"info":{"isCapital":false,"isUpper":false},"stack":"((<DictionaryAnalyzer>, u'\\u0441\\u043f\\u0440\\u043e\\u0441\\u0438\\u0442\\u044c', 819, 0),)"},"sentenceIndex":[2],"words":["спросить"],"wordsIndex":[15]},"срок":{"params":{"class":"с","classMask":1,"info":{"isCapital":true,"isUpper":false},"stack":"((<DictionaryAnalyzer>, u'\\u0441\\u0440\\u043e\\u043a', 330, 4),)"},"sentenceIndex":[6],"words":["Срок"],"wordsIndex":[0]},"сторона":{"params":{"class":"с","classMask":1,"info":{"isCapital":false,"isUpper":false},"stack":"((<DictionaryAnalyzer>, u'\\u0441\\u0442\\u043e\\u0440\\u043e\\u043d\\u044b', 55, 1),)"},"sentenceIndex":[5],"words":["стороны"],"wordsIndex":[8]},"стратегический":{"params":{"class":"п","classMask":2,"info":{"isCapital":false,"isUpper":false},"stack":"((<DictionaryAnalyzer>, u'\\u0441\\u0442\\u0440\\u0430\\u0442\\u0435\\u0433\\u0438\\u0447\\u0435\\u0441\\u043a\\u0438\\u0445', 16, 21),)"},"sentenceIndex":[0,5],"words":["стратегических","стратегических"],"wordsIndex":[13,4]},"сша":{"params":{"class":"с","classMask":1,"info":{"isCapital":false,"isUpper":true},"stack":"((<DictionaryAnalyzer>, u'\\u0441\\u0448\\u0430', 1828, 1),)"},"sentenceIndex":[0,4,7],"words":["США","США","США"],"wordsIndex":[1,9,7]},"телефонный":{"params":{"class":"п","classMask":2,"info":{"isCapital":false,"isUpper":false},"stack":"((<DictionaryAnalyzer>, u'\\u0442\\u0435\\u043b\\u0435\\u0444\\u043e\\u043d\\u043d\\u043e\\u0433\\u043e', 12, 1),)"},"sentenceIndex":[2],"words":["телефонного"],"wordsIndex":[4]},"тот":{"params":{"class":"имя","classMask":1122,"info":{"isCapital":false,"isCountry":true,"isUpper":false},"stack":"((<DictionaryAnalyzer>, u'\\u0442\\u043e\\u0433\\u043e', 2900, 14),)"},"sentenceIndex":[3],"words":["того"],"wordsIndex":[1]},"трамп":{"params":{"class":"имя","classMask":22,"info":{"isCapital":true,"isUpper":false},"stack":"((<DictionaryAnalyzer>, u'\\u0442\\u0440\\u0430\\u043c\\u043f', 33, 0),)"},"sentenceIndex":[0,1,2],"words":["Трамп","Трамп","Трамп"],"wordsIndex":[3,4,11]},"ход":{"params":{"class":"с","classMask":1,"info":{"isCapital":false,"isUpper":false},"stack":"((<DictionaryAnalyzer>, u'\\u0445\\u043e\\u0434\\u0435', 2991, 6),)"},"sentenceIndex":[2],"words":["ходе"],"wordsIndex":[3]},"целое":{"params":{"class":"с","classMask":1,"info":{"isCapital":false,"isUpper":false},"stack":"((<DictionaryAnalyzer>, u'\\u0446\\u0435\\u043b\\u043e\\u043c\\u0443', 972, 2),)"},"sentenceIndex":[3],"words":["целому"],"wordsIndex":[15]},"что":{"params":{"class":"союз","classMask":15,"info":{"isCapital":false,"isUpper":false},"stack":"((<DictionaryAnalyzer>, u'\\u0447\\u0442\\u043e', 3046, 0),)"},"sentenceIndex":[2,3,4],"words":["что","что","что"],"wordsIndex":[1,3,1]},"чтобы":{"params":{"class":"союз","classMask":15,"info":{"isCapital":false,"isUpper":false},"stack":"((<DictionaryAnalyzer>, u'\\u0447\\u0442\\u043e\\u0431\\u044b', 20, 0),)"},"sentenceIndex":[2],"words":["чтобы"],"wordsIndex":[14]},"ядерный":{"params":{"class":"п","classMask":2,"info":{"isCapital":false,"isUpper":false},"stack":"((<DictionaryAnalyzer>, u'\\u044f\\u0434\\u0435\\u0440\\u043d\\u044b\\u0445', 12, 21),)"},"sentenceIndex":[5],"words":["ядерных"],"wordsIndex":[15]}}