{"10":{"indexObj":{"classMask":19,"counter":10975.0,"finded":6425,"isExisted":true,"letterId":60,"meta":"{}","server":"_buber3_","table":"wordIndex.other","uid":64,"word":"10","wordHash":"d3d9446802a44259755d38e6d163e820_3c11e4f316c956a27655902dc1a19b925b8887d59eff791eea63edc8a05454ec594d5eb0f40ae151df87acd6e101761ecc5bb0d3b829bf3a85f5432493b22f37","wordId":"60:64"},"morphObj":{"params":{"class":"наим","classMask":19,"info":{},"stack":""},"sentenceIndex":[6],"words":["10"],"wordsIndex":[4]},"rating":25.0,"stats":{"counter":10975.0,"counterAll":10975.0,"isAdjf":0,"isCombo":0,"isComp":0,"isCountry":0,"isEng":0,"isName":0,"isNominal":1,"isNoun":0,"isNum":0,"isPrtf":0,"isSymbol":0,"isUnknown":0,"isVerb":0,"repeat":0.25,"weight":0.05762969964293216,"weightAll":0.01440714121623839}},"1550":{"indexObj":{"classMask":19,"counter":54.0,"finded":49,"isExisted":true,"letterId":60,"meta":"{}","server":"_buber3_","table":"wordIndex.other","uid":2279,"word":"1550","wordHash":"6b8eba43551742214453411664a0dcc8_e3ad4f343d4640711b3f6b3f5d4bb4e0077a7cfbecf5af9f5c6b4acfcf66ca669bed3d0d47eeeac6c1481efe345c37415526df688f7666abaea28bed4507ed0b","wordId":"60:2279"},"morphObj":{"params":{"class":"наим","classMask":19,"info":{},"stack":""},"sentenceIndex":[5],"words":["1550"],"wordsIndex":[14]},"rating":25.0,"stats":{"counter":54.0,"counterAll":54.0,"isAdjf":0,"isCombo":0,"isComp":0,"isCountry":0,"isEng":0,"isName":0,"isNominal":1,"isNoun":0,"isNum":0,"isPrtf":0,"isSymbol":0,"isUnknown":0,"isVerb":0,"repeat":0.25,"weight":0.00028355387523629487,"weightAll":7.088707295461258e-05}},"2010":{"indexObj":{"classMask":19,"counter":7645.0,"finded":4349,"isExisted":true,"letterId":63,"meta":"{}","server":"_buber3_","table":"wordIndex.other","uid":84,"word":"2010","wordHash":"d7a84628c025d30f7b2c52c958767e76_f50c18fbf32633fb597094da976713b524d23d2b05de9a4567aa98efedbfaabbfed97ea9e791b63af5d9970d3009e40a96847f55dd7e31b0aeda05d2c44f0a91","wordId":"63:84"},"morphObj":{"params":{"class":"наим","classMask":19,"info":{},"stack":""},"sentenceIndex":[0,4,7],"words":["2010","2010","2010"],"wordsIndex":[18,14,12]},"rating":75.0,"stats":{"counter":7645.0,"counterAll":22935.0,"isAdjf":0,"isCombo":0,"isComp":0,"isCountry":0,"isEng":0,"isName":0,"isNominal":1,"isNoun":0,"isNum":0,"isPrtf":0,"isSymbol":0,"isUnknown":0,"isVerb":0,"repeat":0.75,"weight":0.04014387733669397,"weightAll":0.030107315152111843}},"700":{"indexObj":{"classMask":19,"counter":426.0,"finded":369,"isExisted":true,"letterId":66,"meta":"{}","server":"_buber3_","table":"wordIndex.other","uid":717,"word":"700","wordHash":"e5841df2166dd424a57127423d276bbe_ac073452332e003b105ea7707be4e91e2b999107c33357cd98ca6af570e232f57aed2699abb4483f994363977eacb3b27832b0f0e36dbd425eaee7386a7cce1b","wordId":"66:717"},"morphObj":{"params":{"class":"наим","classMask":19,"info":{},"stack":""},"sentenceIndex":[5],"words":["700"],"wordsIndex":[10]},"rating":25.0,"stats":{"counter":426.0,"counterAll":426.0,"isAdjf":0,"isCombo":0,"isComp":0,"isCountry":0,"isEng":0,"isName":0,"isNominal":1,"isNoun":0,"isNum":0,"isPrtf":0,"isSymbol":0,"isUnknown":0,"isVerb":0,"repeat":0.25,"weight":0.002236925015752993,"weightAll":0.0005592202421974993}},"reuters":{"indexObj":{"classMask":22,"counter":112.0,"finded":97,"isExisted":true,"letterId":52,"meta":"{}","server":"_buber3_","table":"wordIndex.en","uid":1561,"word":"reuters","wordHash":"dc54d4678e62010da03e468039cfe826_a915592a802eb08b256b311ad638550f8dd95ea82d723fd84707b1dd55d967bba220ed1ac2f768fabf877ed0c80b10fa2e890e637d42995664e0bfd73006a3b6","wordId":"52:1561"},"morphObj":{"params":{"class":"имя","classMask":22,"info":{"isCapital":true,"isUpper":false},"stack":""},"sentenceIndex":[0],"words":["Reuters"],"wordsIndex":[21]},"rating":125.0,"stats":{"counter":112.0,"counterAll":112.0,"isAdjf":0,"isCombo":0,"isComp":0,"isCountry":0,"isEng":0,"isName":1,"isNominal":0,"isNoun":0,"isNum":0,"isPrtf":0,"isSymbol":0,"isUnknown":0,"isVerb":0,"repeat":0.25,"weight":0.0005881117412308339,"weightAll":0.00014702504020215943}},"агентство":{"indexObj":{"classMask":1,"counter":1380.0,"finded":1155,"isExisted":true,"letterId":2,"meta":"{}","server":"_buber3_","table":"wordIndex.ru","uid":1361,"word":"агентство","wordHash":"631d71cafe98b7dae7b1d29b180eb056_74a4815455080720dae4253ffc6d7b965f94b34f14e0a867362132325654ee9e570ec7d81a0802eb7a19b5dc8c94f924e66c8782bae9a3fbd7a326858e2acbe3","wordId":"2:1361"},"morphObj":{"params":{"class":"с","classMask":1,"info":{"isCapital":false,"isUpper":false},"stack":"((<DictionaryAnalyzer>, u'\\u0430\\u0433\\u0435\\u043d\\u0442\\u0441\\u0442\\u0432\\u0430', 54, 1),)"},"sentenceIndex":[1],"words":["агентства"],"wordsIndex":[3]},"rating":25.0,"stats":{"counter":1380.0,"counterAll":1380.0,"isAdjf":0,"isCombo":0,"isComp":0,"isCountry":0,"isEng":0,"isName":0,"isNominal":0,"isNoun":1,"isNum":0,"isPrtf":0,"isSymbol":0,"isUnknown":0,"isVerb":0,"repeat":0.25,"weight":0.007246376811594203,"weightAll":0.0018115585310623215}},"апрель":{"indexObj":{"classMask":1,"counter":7641.0,"finded":4360,"isExisted":true,"letterId":2,"meta":"{}","server":"_buber3_","table":"wordIndex.ru","uid":1212,"word":"апрель","wordHash":"752b70b198a614af9971e475d1e38c98_1a01f562b12349d4d312112b97a668b4ffcd66c3f22c51b5e7eb25086871f99b4eadf2f46ec85b1e073e55ce052723c79080630e8efe65b31444c63737436b93","wordId":"2:1212"},"morphObj":{"params":{"class":"с","classMask":1,"info":{"isCapital":false,"isUpper":false},"stack":"((<DictionaryAnalyzer>, u'\\u0430\\u043f\\u0440\\u0435\\u043b\\u044f', 91, 1),)"},"sentenceIndex":[4,7],"words":["апреля","апреля"],"wordsIndex":[13,11]},"rating":50.0,"stats":{"counter":7641.0,"counterAll":15282.0,"isAdjf":0,"isCombo":0,"isComp":0,"isCountry":0,"isEng":0,"isName":0,"isNominal":0,"isNoun":1,"isNum":0,"isPrtf":0,"isSymbol":0,"isUnknown":0,"isVerb":0,"repeat":0.5,"weight":0.04012287334593573,"weightAll":0.02006104164615536}},"боезаряд":{"indexObj":{"classMask":1,"counter":9.0,"finded":9,"isExisted":true,"letterId":1,"meta":"{}","server":"_buber3_","table":"wordIndex.ru","uid":114264,"word":"боезаряд","wordHash":"72ef1e9833a7152d1f9a4f3b2b32c9a7_c5f09dd2fdcdb8fbc86fcc61de7afb7ef2760bf2be29b59a9f9b91565c6a03fc3cfd9abea495e629cd1302df10ca2f9bfa230c9a51f1cdfc1be8c402df3a23b4","wordId":"1:114264"},"morphObj":{"params":{"class":"с","classMask":1,"info":{"isCapital":false,"isUpper":false},"stack":"((<DictionaryAnalyzer>, u'\\u0431\\u043e\\u0435\\u0437\\u0430\\u0440\\u044f\\u0434\\u043e\\u0432', 33, 7),)"},"sentenceIndex":[5],"words":["боезарядов"],"wordsIndex":[16]},"rating":25.0,"stats":{"counter":9.0,"counterAll":9.0,"isAdjf":0,"isCombo":0,"isComp":0,"isCountry":0,"isEng":0,"isName":0,"isNominal":0,"isNoun":1,"isNum":0,"isPrtf":0,"isSymbol":0,"isUnknown":0,"isVerb":0,"repeat":0.25,"weight":4.725897920604915e-05,"weightAll":1.1814512159102098e-05}},"быть":{"indexObj":{"classMask":5,"counter":106922.0,"finded":19713,"isExisted":true,"letterId":1,"meta":"{}","server":"_buber3_","table":"wordIndex.ru","uid":253,"word":"быть","wordHash":"714cdce3286cb2e2d53894204ad7c323_fcf73f0508e9f990293dfa00a5434e590dd4fb647c39ce4b1e7dafff7d73b474f4433574fc482055ab35a432ae9f7c848645cd7b94596a9006f0b64e37f06a17","wordId":"1:253"},"morphObj":{"params":{"class":"г","classMask":5,"info":{"isCapital":false,"isUpper":false},"stack":"((<DictionaryAnalyzer>, u'\\u0431\\u044b\\u043b', 587, 4),)"},"sentenceIndex":[4,7],"words":["был","был"],"wordsIndex":[4,2]},"rating":50.0,"stats":{"counter":106922.0,"counterAll":213844.0,"isAdjf":0,"isCombo":0,"isComp":0,"isCountry":0,"isEng":0,"isName":0,"isNominal":0,"isNoun":0,"isNum":0,"isPrtf":0,"isSymbol":0,"isUnknown":0,"isVerb":1,"repeat":0.5,"weight":0.561447174963243,"weightAll":0.28071805979455877}},"вашингтон":{"indexObj":{"classMask":22,"counter":674.0,"finded":433,"isExisted":true,"letterId":4,"meta":"{}","server":"_buber3_","table":"wordIndex.ru","uid":6275,"word":"вашингтон","wordHash":"5c01b454f018b7dfc008994d3a15936f_f74051afc0fff5c333ee65cc04007d8b79f901b4b2bb33302bf39eeeccc758d37121ed11d6341e54e1f67174524b3acbd691a94bbba4a1ad78797d3dc0c7826b","wordId":"4:6275"},"morphObj":{"params":{"class":"имя","classMask":22,"info":{"isCapital":true,"isUpper":false},"stack":"((<DictionaryAnalyzer>, u'\\u0432\\u0430\\u0448\\u0438\\u043d\\u0433\\u0442\\u043e\\u043d\\u0430', 32, 1),)"},"sentenceIndex":[1],"words":["Вашингтона"],"wordsIndex":[10]},"rating":125.0,"stats":{"counter":674.0,"counterAll":674.0,"isAdjf":0,"isCombo":0,"isComp":0,"isCountry":0,"isEng":0,"isName":1,"isNominal":0,"isNoun":0,"isNum":0,"isPrtf":0,"isSymbol":0,"isUnknown":0,"isVerb":0,"repeat":0.25,"weight":0.003539172442764125,"weightAll":0.0008847756883594237}},"владимир":{"indexObj":{"classMask":22,"counter":4383.0,"finded":1990,"isExisted":true,"letterId":4,"meta":"{}","server":"_buber3_","table":"wordIndex.ru","uid":2493,"word":"владимир","wordHash":"a93eb2214c6ab5acfb5bce88dd63d616_749a3423f0eb44436ea3ddb9a9c953eb55adf3414b5ef09bc2f992901070a1ffa47bb6f72cec75d37e94d26e45f55de98f70c9ee4a5e9f6fb21088bf9b29c17c","wordId":"4:2493"},"morphObj":{"params":{"class":"имя","classMask":22,"info":{"isCapital":true,"isUpper":false},"stack":"((<DictionaryAnalyzer>, u'\\u0432\\u043b\\u0430\\u0434\\u0438\\u043c\\u0438\\u0440\\u043e\\u043c', 26, 4),)"},"sentenceIndex":[2],"words":["Владимиром"],"wordsIndex":[9]},"rating":125.0,"stats":{"counter":4383.0,"counterAll":4383.0,"isAdjf":0,"isCombo":0,"isComp":0,"isCountry":0,"isEng":0,"isName":1,"isNominal":0,"isNoun":0,"isNum":0,"isPrtf":0,"isSymbol":0,"isUnknown":0,"isVerb":0,"repeat":0.25,"weight":0.023015122873345936,"weightAll":0.005753667421482722}},"возможный":{"indexObj":{"classMask":2,"counter":1093.0,"finded":838,"isExisted":true,"letterId":4,"meta":"{}","server":"_buber3_","table":"wordIndex.ru","uid":766,"word":"возможный","wordHash":"c9d63ab31c40b660ff3380280ebdcbe6_5706337205a7cb480cb14d8d39aecd4a302ff45156121371a18d18184a4db39946762791a95a0eb937eda5dfb36611b301e59b35f797c4b37cc9b14b8a46daa1","wordId":"4:766"},"morphObj":{"params":{"class":"п","classMask":2,"info":{"isCapital":false,"isUpper":false},"stack":"((<DictionaryAnalyzer>, u'\\u0432\\u043e\\u0437\\u043c\\u043e\\u0436\\u043d\\u043e\\u043c', 86, 19),)"},"sentenceIndex":[3],"words":["возможном"],"wordsIndex":[11]},"rating":25.0,"stats":{"counter":1093.0,"counterAll":1093.0,"isAdjf":1,"isCombo":0,"isComp":0,"isCountry":0,"isEng":0,"isName":0,"isNominal":0,"isNoun":0,"isNum":0,"isPrtf":0,"isSymbol":0,"isUnknown":0,"isVerb":0,"repeat":0.25,"weight":0.0057393404746901916,"weightAll":0.001434806865544288}},"возобновление":{"indexObj":{"classMask":1,"counter":137.0,"finded":108,"isExisted":true,"letterId":4,"meta":"{}","server":"_buber3_","table":"wordIndex.ru","uid":17896,"word":"возобновление","wordHash":"c602b89321f4822f70efc3c6a8868d60_c0570e08d141aff4775ac91c2c7e75794f005401abf74a8e744044478a6799c8382e3035c3f08744e742aa1e0701a48198ec84c4bb14e5f7cf5a42de143af3d6","wordId":"4:17896"},"morphObj":{"params":{"class":"с","classMask":1,"info":{"isCapital":false,"isUpper":false},"stack":"((<DictionaryAnalyzer>, u'\\u0432\\u043e\\u0437\\u043e\\u0431\\u043d\\u043e\\u0432\\u043b\\u0435\\u043d\\u0438\\u0438', 76, 10),)"},"sentenceIndex":[3],"words":["возобновлении"],"wordsIndex":[12]},"rating":25.0,"stats":{"counter":137.0,"counterAll":137.0,"isAdjf":0,"isCombo":0,"isComp":0,"isCountry":0,"isEng":0,"isName":0,"isNominal":0,"isNoun":1,"isNum":0,"isPrtf":0,"isSymbol":0,"isUnknown":0,"isVerb":0,"repeat":0.25,"weight":0.0007193866834698593,"weightAll":0.0001798431295329986}},"вооружение":{"indexObj":{"classMask":1,"counter":1366.0,"finded":612,"isExisted":true,"letterId":4,"meta":"{}","server":"_buber3_","table":"wordIndex.ru","uid":1888,"word":"вооружение","wordHash":"4c7b94e3cd6f0cacbc6e36a2431a8044_ebdbb2b7b443e3a4437ba2a6c127f1f881ddfdfcb9d64940d43f5ddec7a645556f7d7eea7a3041b3076b67377291aee14d5afb48226ff106586f53a8726ed601","wordId":"4:1888"},"morphObj":{"params":{"class":"с","classMask":1,"info":{"isCapital":false,"isUpper":false},"stack":"((<DictionaryAnalyzer>, u'\\u0432\\u043e\\u043e\\u0440\\u0443\\u0436\\u0435\\u043d\\u0438\\u0439', 76, 15),)"},"sentenceIndex":[0],"words":["вооружений"],"wordsIndex":[15]},"rating":25.0,"stats":{"counter":1366.0,"counterAll":1366.0,"isAdjf":0,"isCombo":0,"isComp":0,"isCountry":0,"isEng":0,"isName":0,"isNominal":0,"isNoun":1,"isNum":0,"isPrtf":0,"isSymbol":0,"isUnknown":0,"isVerb":0,"repeat":0.25,"weight":0.0071728628439403485,"weightAll":0.0017931804010370516}},"вопрос":{"indexObj":{"classMask":1,"counter":4263.0,"finded":2328,"isExisted":true,"letterId":4,"meta":"{}","server":"_buber3_","table":"wordIndex.ru","uid":1084,"word":"вопрос","wordHash":"42f0e5d199c8348a6c635075be0d2c73_6f2efcc3f8bb68c6789f4c3ca4a90656cbb77b18063808b982de7e1eafbcde2fadbaa3f9e14c911ffcd87261e0d8f10bbd342141662b35ce49e9f59d464dd07a","wordId":"4:1084"},"morphObj":{"params":{"class":"с","classMask":1,"info":{"isCapital":false,"isUpper":false},"stack":"((<DictionaryAnalyzer>, u'\\u0432\\u043e\\u043f\\u0440\\u043e\\u0441', 33, 0),)"},"sentenceIndex":[3],"words":["вопрос"],"wordsIndex":[9]},"rating":25.0,"stats":{"counter":4263.0,"counterAll":4263.0,"isAdjf":0,"isCombo":0,"isComp":0,"isCountry":0,"isEng":0,"isName":0,"isNominal":0,"isNoun":1,"isNum":0,"isPrtf":0,"isSymbol":0,"isUnknown":0,"isVerb":0,"repeat":0.25,"weight":0.022385003150598614,"weightAll":0.005596140592694693}},"время":{"indexObj":{"classMask":1,"counter":27253.0,"finded":11481,"isExisted":true,"letterId":4,"meta":"{}","server":"_buber3_","table":"wordIndex.ru","uid":205,"word":"время","wordHash":"9eb6225e8cbe555c920669148772e764_386062cf9c654c89003548cfdc9b3bce6630c8377ed1771522de1ffe2a3f61197eea183e4fb6e80a3894bdf746d5cf7da8176c8181ca64dfdacafeabbca0b504","wordId":"4:205"},"morphObj":{"params":{"class":"с","classMask":1,"info":{"isCapital":false,"isUpper":false},"stack":"((<DictionaryAnalyzer>, u'\\u0432\\u0440\\u0435\\u043c\\u044f', 536, 3),)"},"sentenceIndex":[3],"words":["время"],"wordsIndex":[5]},"rating":25.0,"stats":{"counter":27253.0,"counterAll":27253.0,"isAdjf":0,"isCombo":0,"isComp":0,"isCountry":0,"isEng":0,"isName":0,"isNominal":0,"isNoun":1,"isNum":0,"isPrtf":0,"isSymbol":0,"isUnknown":0,"isVerb":0,"repeat":0.25,"weight":0.1431054400336064,"weightAll":0.035775655541334384}},"год":{"indexObj":{"classMask":1,"counter":190446.0,"finded":27736,"isExisted":true,"letterId":3,"meta":"{}","server":"_buber3_","table":"wordIndex.ru","uid":41,"word":"год","wordHash":"6270693d76d15c0b806abbb0929ca8a8_74cd8d3b64ee6f979b467bb39ea5e63d26f2645e0d0da7c4b1cc0ef5676678b91f80fb1d385e43bc555371b2b4a6f20c3b13daacb271dc75a41fb88c2102a24a","wordId":"3:41"},"morphObj":{"params":{"class":"с","classMask":1,"info":{"isCapital":false,"isUpper":false},"stack":"((<DictionaryAnalyzer>, u'\\u0433\\u043e\\u0434\\u0430', 1168, 1),)"},"sentenceIndex":[0,4,6,7],"words":["года","года","лет","года"],"wordsIndex":[19,15,5,13]},"rating":100.0,"stats":{"counter":190446.0,"counterAll":761784.0,"isAdjf":0,"isCombo":0,"isComp":0,"isCountry":0,"isEng":0,"isName":0,"isNominal":0,"isNoun":1,"isNum":0,"isPrtf":0,"isSymbol":0,"isUnknown":0,"isVerb":0,"repeat":1.0,"weight":1.0000315059861373,"weightAll":1.000011814512159}},"дальнейший":{"indexObj":{"classMask":2,"counter":2160.0,"finded":1709,"isExisted":true,"letterId":6,"meta":"{}","server":"_buber3_","table":"wordIndex.ru","uid":2143,"word":"дальнейший","wordHash":"4cef833ae0cfce9e1c372ce5ed07a9fe_abd95e94a116754853ece4936a1627f530187f2094bcb62706e195a7ec0e618536d3d8c1c233999c739ffda5d306ae737e2c41802855bb1664d15330ef32dd30","wordId":"6:2143"},"morphObj":{"params":{"class":"п","classMask":2,"info":{"isCapital":false,"isUpper":false},"stack":"((<DictionaryAnalyzer>, u'\\u0434\\u0430\\u043b\\u044c\\u043d\\u0435\\u0439\\u0448\\u0435\\u043c\\u0443', 100, 16),)"},"sentenceIndex":[0],"words":["дальнейшему"],"wordsIndex":[9]},"rating":25.0,"stats":{"counter":2160.0,"counterAll":2160.0,"isAdjf":1,"isCombo":0,"isComp":0,"isCountry":0,"isEng":0,"isName":0,"isNominal":0,"isNoun":0,"isNum":0,"isPrtf":0,"isSymbol":0,"isUnknown":0,"isVerb":0,"repeat":0.25,"weight":0.011342155009451797,"weightAll":0.002835482918184503}},"данный":{"indexObj":{"classMask":2,"counter":2093.0,"finded":1523,"isExisted":true,"letterId":6,"meta":"{}","server":"_buber3_","table":"wordIndex.ru","uid":4372,"word":"данный","wordHash":"f493a455dcac8cffc442b591febfd38b_236ae3cdf967f2311691ae76de7171e2b41ba5765e47481f06bd7c34530f7ba42ea0c9ab36ef23287d1bc565af7a2113bf37aab0400cdaff3715c2537dc36dd6","wordId":"6:4372"},"morphObj":{"params":{"class":"п","classMask":2,"info":{"isCapital":false,"isUpper":false},"stack":"((<DictionaryAnalyzer>, u'\\u0434\\u0430\\u043d\\u043d\\u043e\\u0435', 1245, 13),)"},"sentenceIndex":[1,2],"words":["данное","данного"],"wordsIndex":[6,20]},"rating":50.0,"stats":{"counter":2093.0,"counterAll":4186.0,"isAdjf":1,"isCombo":0,"isComp":0,"isCountry":0,"isEng":0,"isName":0,"isNominal":0,"isNoun":0,"isNum":0,"isPrtf":0,"isSymbol":0,"isUnknown":0,"isVerb":0,"repeat":0.5,"weight":0.010990338164251207,"weightAll":0.005495060877555709}},"действие":{"indexObj":{"classMask":1,"counter":4917.0,"finded":2662,"isExisted":true,"letterId":6,"meta":"{}","server":"_buber3_","table":"wordIndex.ru","uid":1592,"word":"действие","wordHash":"dbbaeefe07951a1fd11648a5723599d5_339ec3091569cd2d48ec3c084cae3c40f5a73e84becdd8a323fdc490fc3658a2d5f7e50262dccc5deeba3f511cda35bc4a664ed3e052c0f76ec9f578a75c4808","wordId":"6:1592"},"morphObj":{"params":{"class":"с","classMask":1,"info":{"isCapital":false,"isUpper":false},"stack":"((<DictionaryAnalyzer>, u'\\u0434\\u0435\\u0439\\u0441\\u0442\\u0432\\u0438\\u044f', 119, 1),)"},"sentenceIndex":[6],"words":["действия"],"wordsIndex":[1]},"rating":25.0,"stats":{"counter":4917.0,"counterAll":4917.0,"isAdjf":0,"isCombo":0,"isComp":0,"isCountry":0,"isEng":0,"isName":0,"isNominal":0,"isNoun":1,"isNum":0,"isPrtf":0,"isSymbol":0,"isUnknown":0,"isVerb":0,"repeat":0.25,"weight":0.025819155639571517,"weightAll":0.006454661809589445}},"договор":{"indexObj":{"classMask":22,"counter":311.0,"finded":76,"isExisted":true,"letterId":6,"meta":"{}","server":"_buber3_","table":"wordIndex.ru","uid":21424,"word":"договор","wordHash":"95c94fd72815c69bad36032930f601c3_0823d12a112c4600c29913961fbb3230af736b39d32f9fe5bbbaf4df341b6f3cb6a656b50ab50359a3e4a2c1d2543405afa333990dcfcb75675266492832bb43","wordId":"6:21424"},"morphObj":{"params":{"class":"имя","classMask":22,"info":{"isCapital":true,"isUpper":false},"stack":"((<DictionaryAnalyzer>, u'\\u0434\\u043e\\u0433\\u043e\\u0432\\u043e\\u0440', 282, 0),)"},"sentenceIndex":[0],"words":["Договор"],"wordsIndex":[5]},"rating":125.0,"stats":{"counter":311.0,"counterAll":311.0,"isAdjf":0,"isCombo":0,"isComp":0,"isCountry":0,"isEng":0,"isName":1,"isNominal":0,"isNoun":0,"isNum":0,"isPrtf":0,"isSymbol":0,"isUnknown":0,"isVerb":0,"repeat":0.25,"weight":0.0016330602814534762,"weightAll":0.0004082570312756391}},"документ":{"indexObj":{"classMask":1,"counter":1947.0,"finded":1204,"isExisted":true,"letterId":6,"meta":"{}","server":"_buber3_","table":"wordIndex.ru","uid":793,"word":"документ","wordHash":"4037de8b0b061e64ebc0b891fedf94ee_b7d37949361541a69529759c739999ea62f45b5267e7ab98011b8263641e812056a1c2b5ac40925e5aa8a36eb257fc5ffcfd18c30e491fe52544d908c0592b48","wordId":"6:793"},"morphObj":{"params":{"class":"с","classMask":1,"info":{"isCapital":false,"isUpper":false},"stack":"((<DictionaryAnalyzer>, u'\\u0434\\u043e\\u043a\\u0443\\u043c\\u0435\\u043d\\u0442\\u0430', 33, 1),)"},"sentenceIndex":[2,6],"words":["документа","документа"],"wordsIndex":[21,2]},"rating":50.0,"stats":{"counter":1947.0,"counterAll":3894.0,"isAdjf":0,"isCombo":0,"isComp":0,"isCountry":0,"isEng":0,"isName":0,"isNominal":0,"isNoun":1,"isNum":0,"isPrtf":0,"isSymbol":0,"isUnknown":0,"isVerb":0,"repeat":0.5,"weight":0.0102236925015753,"weightAll":0.005111745594171507}},"дональд":{"indexObj":{"classMask":22,"counter":543.0,"finded":413,"isExisted":true,"letterId":6,"meta":"{}","server":"_buber3_","table":"wordIndex.ru","uid":203,"word":"дональд","wordHash":"d02359beefab79f57a1c00eb10ba520a_0d263ff15d512b3e72d210bbcac080cf154b61b24d6453c5a8a874b8fec50b013d022479427d0443a3ab43842c2390526b9146764b3cd6600fd5c1ad4c73fd08","wordId":"6:203"},"morphObj":{"params":{"class":"имя","classMask":22,"info":{"isCapital":true,"isUpper":false},"stack":"((<DictionaryAnalyzer>, u'\\u0434\\u043e\\u043d\\u0430\\u043b\\u044c\\u0434', 26, 0),)"},"sentenceIndex":[0],"words":["Дональд"],"wordsIndex":[2]},"rating":125.0,"stats":{"counter":543.0,"counterAll":543.0,"isAdjf":0,"isCombo":0,"isComp":0,"isCountry":0,"isEng":0,"isName":1,"isNominal":0,"isNoun":0,"isNum":0,"isPrtf":0,"isSymbol":0,"isUnknown":0,"isVerb":0,"repeat":0.25,"weight":0.002851291745431632,"weightAll":0.0007128089002658265}},"дснв":{"indexObj":{"classMask":1,"counter":6.0,"finded":2,"isExisted":true,"letterId":6,"meta":"{}","server":"_buber3_","table":"wordIndex.ru","uid":344833,"word":"дснв","wordHash":"635246d3f72370789542b49f9fc7925f_38fbf9d26121f6b5d3be168c90887fcf3e4012a384d45bf293f06486a05566f2d4e445ac7f441d601a7bfe59ca04a98b57612932693ce9e3f7e79d71d1a0bdb9","wordId":"6:344833"},"morphObj":{"params":{"class":"с","classMask":1,"info":{"isCapital":false,"isUpper":true},"stack":"((<DictionaryAnalyzer>, u'\\u0441\\u043d\\u0432', 3145, 0), (<UnknownPrefixAnalyzer>, u'\\u0434'))"},"sentenceIndex":[0,4,7],"words":["ДСНВ","ДСНВ","ДСНВ"],"wordsIndex":[16,3,1]},"rating":75.0,"stats":{"counter":6.0,"counterAll":18.0,"isAdjf":0,"isCombo":0,"isComp":0,"isCountry":0,"isEng":0,"isName":0,"isNominal":0,"isNoun":1,"isNum":0,"isPrtf":0,"isSymbol":0,"isUnknown":0,"isVerb":0,"repeat":0.75,"weight":3.15059861373661e-05,"weightAll":2.3629024318204196e-05}},"единица":{"indexObj":{"classMask":1,"counter":1344.0,"finded":868,"isExisted":true,"letterId":5,"meta":"{}","server":"_buber3_","table":"wordIndex.ru","uid":1962,"word":"единица","wordHash":"cc52dc21eb25996e8feaf3939d1f3ffe_5a7f8ed5979c6513a1f5ac26b723a32b3160490704e03edab23bf5ed91ac5623f2427838450b9e7e7706506ba0f36454838d63135140b943e519b1b4b5db6fc1","wordId":"5:1962"},"morphObj":{"params":{"class":"с","classMask":1,"info":{"isCapital":false,"isUpper":false},"stack":"((<DictionaryAnalyzer>, u'\\u0435\\u0434\\u0438\\u043d\\u0438\\u0446', 1378, 8),)"},"sentenceIndex":[5],"words":["единиц"],"wordsIndex":[11]},"rating":25.0,"stats":{"counter":1344.0,"counterAll":1344.0,"isAdjf":0,"isCombo":0,"isComp":0,"isCountry":0,"isEng":0,"isName":0,"isNominal":0,"isNoun":1,"isNum":0,"isPrtf":0,"isSymbol":0,"isUnknown":0,"isVerb":0,"repeat":0.25,"weight":0.007057340894770006,"weightAll":0.0017643004824259131}},"звонок":{"indexObj":{"classMask":1,"counter":162.0,"finded":112,"isExisted":true,"letterId":7,"meta":"{}","server":"_buber3_","table":"wordIndex.ru","uid":10331,"word":"звонок","wordHash":"002fbfe5340ab11cd6c22f5a9c5399f9_7aac2c7e410f311059eb4d11a2e89fe64f53d442fef2f343471e0e204897bcdb63a448f99496c6d3e6a3f7d73ea8aa727f6e67667539ab59aae25fdcaff7d70e","wordId":"7:10331"},"morphObj":{"params":{"class":"с","classMask":1,"info":{"isCapital":false,"isUpper":false},"stack":"((<DictionaryAnalyzer>, u'\\u0437\\u0432\\u043e\\u043d\\u043a\\u0430', 139, 1),)"},"sentenceIndex":[3],"words":["звонка"],"wordsIndex":[6]},"rating":25.0,"stats":{"counter":162.0,"counterAll":162.0,"isAdjf":0,"isCombo":0,"isComp":0,"isCountry":0,"isEng":0,"isName":0,"isNominal":0,"isNoun":1,"isNum":0,"isPrtf":0,"isSymbol":0,"isUnknown":0,"isVerb":0,"repeat":0.25,"weight":0.0008506616257088847,"weightAll":0.00021266121886383775}},"источник":{"indexObj":{"classMask":1,"counter":4001.0,"finded":2781,"isExisted":true,"letterId":10,"meta":"{}","server":"_buber3_","table":"wordIndex.ru","uid":1101,"word":"источник","wordHash":"a458e1350fcfdde6b3787e4ae6c59d80_eb7b9d11d4b93271f11837f1a91f69de3f5e862c2c52b5ffd49b06dac670e2729a6ef3370672c53bcca3f8bb1402f3dad4670ff3d773d9ba9692563183c168c7","wordId":"10:1101"},"morphObj":{"params":{"class":"с","classMask":1,"info":{"isCapital":false,"isUpper":false},"stack":"((<DictionaryAnalyzer>, u'\\u0438\\u0441\\u0442\\u043e\\u0447\\u043d\\u0438\\u043a\\u043e\\u0432', 19, 7),)"},"sentenceIndex":[1],"words":["источников"],"wordsIndex":[2]},"rating":25.0,"stats":{"counter":4001.0,"counterAll":4001.0,"isAdjf":0,"isCombo":0,"isComp":0,"isCountry":0,"isEng":0,"isName":0,"isNominal":0,"isNoun":1,"isNum":0,"isPrtf":0,"isSymbol":0,"isUnknown":0,"isVerb":0,"repeat":0.25,"weight":0.021009241755933626,"weightAll":0.0052522070165074985}},"каждый":{"indexObj":{"classMask":2,"counter":5273.0,"finded":2984,"isExisted":true,"letterId":12,"meta":"{}","server":"_buber3_","table":"wordIndex.ru","uid":419,"word":"каждый","wordHash":"10904c45cd83d346fce6b88e3a9909b1_44a58478f0f08e7c7c80ce8c9c532ac353e038f22644d50d91c4b220b5b3d3eeb4e597aae4f8073ab6517784a1ce40caa8972d357bb7ff41ac5837dc75bd0bf5","wordId":"12:419"},"morphObj":{"params":{"class":"п","classMask":2,"info":{"isCapital":false,"isUpper":false},"stack":"((<DictionaryAnalyzer>, u'\\u043a\\u0430\\u0436\\u0434\\u043e\\u0439', 1245, 8),)"},"sentenceIndex":[5],"words":["каждой"],"wordsIndex":[7]},"rating":25.0,"stats":{"counter":5273.0,"counterAll":5273.0,"isAdjf":1,"isCombo":0,"isComp":0,"isCountry":0,"isEng":0,"isName":0,"isNominal":0,"isNoun":0,"isNum":0,"isPrtf":0,"isSymbol":0,"isUnknown":0,"isVerb":0,"repeat":0.25,"weight":0.02768851081705524,"weightAll":0.006921991401660595}},"мера":{"indexObj":{"classMask":1,"counter":1996.0,"finded":1352,"isExisted":true,"letterId":14,"meta":"{}","server":"_buber3_","table":"wordIndex.ru","uid":2780,"word":"мера","wordHash":"5b6d6e057d3f48d048a95b1dd5f16654_7de7de90825e32b2ee7fcf74a17d738a8bbd2a3b011691cf870de3dccdaed41cbc031024b6c1ee8831843f94cbb521900ae0936ca13420d2ddb7bdb035cfc478","wordId":"14:2780"},"morphObj":{"params":{"class":"с","classMask":1,"info":{"isCapital":false,"isUpper":false},"stack":"((<DictionaryAnalyzer>, u'\\u043c\\u0435\\u0440\\u0430\\u0445', 55, 12),)"},"sentenceIndex":[0],"words":["мерах"],"wordsIndex":[7]},"rating":25.0,"stats":{"counter":1996.0,"counterAll":1996.0,"isAdjf":0,"isCombo":0,"isComp":0,"isCountry":0,"isEng":0,"isName":0,"isNominal":0,"isNoun":1,"isNum":0,"isPrtf":0,"isSymbol":0,"isUnknown":0,"isVerb":0,"repeat":0.25,"weight":0.01048099138836379,"weightAll":0.0026201962521741986}},"момент":{"indexObj":{"classMask":1,"counter":4001.0,"finded":2796,"isExisted":true,"letterId":14,"meta":"{}","server":"_buber3_","table":"wordIndex.ru","uid":1231,"word":"момент","wordHash":"b74cc4f7106e92402f415b5e48a7a133_c4140757968f67a0e63fe7eef88fd8942b4dc56a881957347463c878835d4ed131aa184cd21d0d920b30f97f3caad7ce602396a839195e3b219f05ed46e0ce37","wordId":"14:1231"},"morphObj":{"params":{"class":"с","classMask":1,"info":{"isCapital":false,"isUpper":false},"stack":"((<DictionaryAnalyzer>, u'\\u043c\\u043e\\u043c\\u0435\\u043d\\u0442\\u043e\\u0432', 33, 7),)"},"sentenceIndex":[3],"words":["моментов"],"wordsIndex":[18]},"rating":25.0,"stats":{"counter":4001.0,"counterAll":4001.0,"isAdjf":0,"isCombo":0,"isComp":0,"isCountry":0,"isEng":0,"isName":0,"isNominal":0,"isNoun":1,"isNum":0,"isPrtf":0,"isSymbol":0,"isUnknown":0,"isVerb":0,"repeat":0.25,"weight":0.021009241755933626,"weightAll":0.0052522070165074985}},"назвать":{"indexObj":{"classMask":5,"counter":1123.0,"finded":815,"isExisted":true,"letterId":13,"meta":"{}","server":"_buber3_","table":"wordIndex.ru","uid":4923,"word":"назвать","wordHash":"bff91ded550f95cff883d93d7d77bd46_07dac6a6967f80b5e04b60a94a2860e4f2ec36de220742455dbe4a7692bea0f42a948c849828fdb35b1c4cbfc4f8caf97b4c37f0ac65f702f2ac769fbeb63707","wordId":"13:4923"},"morphObj":{"params":{"class":"г","classMask":5,"info":{"isCapital":false,"isUpper":false},"stack":"((<DictionaryAnalyzer>, u'\\u043d\\u0430\\u0437\\u0432\\u0430\\u043b', 851, 1),)"},"sentenceIndex":[1],"words":["назвал"],"wordsIndex":[5]},"rating":25.0,"stats":{"counter":1123.0,"counterAll":1123.0,"isAdjf":0,"isCombo":0,"isComp":0,"isCountry":0,"isEng":0,"isName":0,"isNominal":0,"isNoun":0,"isNum":0,"isPrtf":0,"isSymbol":0,"isUnknown":0,"isVerb":1,"repeat":0.25,"weight":0.005896870405377021,"weightAll":0.001474188572741295}},"напомнить":{"indexObj":{"classMask":5,"counter":400.0,"finded":373,"isExisted":true,"letterId":13,"meta":"{}","server":"_buber3_","table":"wordIndex.ru","uid":21822,"word":"напомнить","wordHash":"d1b6c380b49488102419be1910e54681_63db5d4d2c656943acb72ce5ab1d8ff04773919700f403de3d0d31b09a96ee6436a94231f990d96721f70b2b9018ec5242f84167f9613a6fa07ed44c28710999","wordId":"13:21822"},"morphObj":{"params":{"class":"г","classMask":5,"info":{"isCapital":true,"isUpper":false},"stack":"((<DictionaryAnalyzer>, u'\\u043d\\u0430\\u043f\\u043e\\u043c\\u043d\\u0438\\u043c', 617, 6),)"},"sentenceIndex":[4],"words":["Напомним"],"wordsIndex":[0]},"rating":25.0,"stats":{"counter":400.0,"counterAll":400.0,"isAdjf":0,"isCombo":0,"isComp":0,"isCountry":0,"isEng":0,"isName":0,"isNominal":0,"isNoun":0,"isNum":0,"isPrtf":0,"isSymbol":0,"isUnknown":0,"isVerb":1,"repeat":0.25,"weight":0.002100399075824407,"weightAll":0.0005250894292934265}},"наступательный":{"indexObj":{"classMask":2,"counter":396.0,"finded":180,"isExisted":true,"letterId":13,"meta":"{}","server":"_buber3_","table":"wordIndex.ru","uid":6559,"word":"наступательный","wordHash":"f7ca7dbf33ca0e69c2ea34e62dfbd524_3ae22face66ade913beb9d7db2ee27b10d0ba50ca82579f35f1b4c9a30f8bd8e4f02cea9c6fee3a7d4ee50df45d87accc5033a042a0286d9d1919a30b6f33f56","wordId":"13:6559"},"morphObj":{"params":{"class":"п","classMask":2,"info":{"isCapital":false,"isUpper":false},"stack":"((<DictionaryAnalyzer>, u'\\u043d\\u0430\\u0441\\u0442\\u0443\\u043f\\u0430\\u0442\\u0435\\u043b\\u044c\\u043d\\u044b\\u0445', 211, 26),)"},"sentenceIndex":[0],"words":["наступательных"],"wordsIndex":[14]},"rating":25.0,"stats":{"counter":396.0,"counterAll":396.0,"isAdjf":1,"isCombo":0,"isComp":0,"isCountry":0,"isEng":0,"isName":0,"isNominal":0,"isNoun":0,"isNum":0,"isPrtf":0,"isSymbol":0,"isUnknown":0,"isVerb":0,"repeat":0.25,"weight":0.0020793950850661624,"weightAll":0.0005198385350004923}},"новый":{"indexObj":{"classMask":2,"counter":7843.0,"finded":4442,"isExisted":true,"letterId":13,"meta":"{}","server":"_buber3_","table":"wordIndex.ru","uid":353,"word":"новый","wordHash":"814e21af03ab9e03888437ba5aede54f_3069bcb46b6d603aa90e292da25894c3354fd341fa1bbda3988a82b33a533840d061ef74eecc0de7faccc6302128744e79f39ded32dcf7670d53ea6d37fb7a50","wordId":"13:353"},"morphObj":{"params":{"class":"п","classMask":2,"info":{"isCapital":true,"isUpper":false},"stack":"((<DictionaryAnalyzer>, u'\\u043d\\u043e\\u0432\\u044b\\u0439', 405, 4),)"},"sentenceIndex":[4,7],"words":["новый","Новый"],"wordsIndex":[2,0]},"rating":50.0,"stats":{"counter":7843.0,"counterAll":15686.0,"isAdjf":1,"isCombo":0,"isComp":0,"isCountry":0,"isEng":0,"isName":0,"isNominal":0,"isNoun":0,"isNum":0,"isPrtf":0,"isSymbol":0,"isUnknown":0,"isVerb":0,"repeat":0.5,"weight":0.04118357487922705,"weightAll":0.020591381969741723}},"носитель":{"indexObj":{"classMask":1,"counter":665.0,"finded":387,"isExisted":true,"letterId":13,"meta":"{}","server":"_buber3_","table":"wordIndex.ru","uid":8655,"word":"носитель","wordHash":"b2c725ea9dff386d20ac9ab2ca277ab1_ca08086b915eadf8f52ee2dd81ac26e2c0d57eb92a0ffc1dac5c0335d6d100e4b3e4a3f67281f370dc55ad65fff7fff18115d1f8b254dbd1f905f384f194db90","wordId":"13:8655"},"morphObj":{"params":{"class":"с","classMask":1,"info":{"isCapital":false,"isUpper":false},"stack":"((<DictionaryAnalyzer>, u'\\u043d\\u043e\\u0441\\u0438\\u0442\\u0435\\u043b\\u0435\\u0439', 91, 7),)"},"sentenceIndex":[5],"words":["носителей"],"wordsIndex":[5]},"rating":25.0,"stats":{"counter":665.0,"counterAll":665.0,"isAdjf":0,"isCombo":0,"isComp":0,"isCountry":0,"isEng":0,"isName":0,"isNominal":0,"isNoun":1,"isNum":0,"isPrtf":0,"isSymbol":0,"isUnknown":0,"isVerb":0,"repeat":0.25,"weight":0.003491913463558076,"weightAll":0.0008729611762003216}},"ограничение":{"indexObj":{"classMask":1,"counter":744.0,"finded":512,"isExisted":true,"letterId":16,"meta":"{}","server":"_buber3_","table":"wordIndex.ru","uid":13840,"word":"ограничение","wordHash":"131acf82bb7f6097df0b7160052730d2_d433371a882c11d73d90595987bd445fb021f28b56e301580a509846991692d9aad7f1319b6bfbb5b46823ddaeeb9806fd75efc3f6d19ead803b1a6c41bfe079","wordId":"16:13840"},"morphObj":{"params":{"class":"с","classMask":1,"info":{"isCapital":false,"isUpper":false},"stack":"((<DictionaryAnalyzer>, u'\\u043e\\u0433\\u0440\\u0430\\u043d\\u0438\\u0447\\u0435\\u043d\\u0438\\u044e', 76, 4),)"},"sentenceIndex":[0],"words":["ограничению"],"wordsIndex":[12]},"rating":25.0,"stats":{"counter":744.0,"counterAll":744.0,"isAdjf":0,"isCombo":0,"isComp":0,"isCountry":0,"isEng":0,"isName":0,"isNominal":0,"isNoun":1,"isNum":0,"isPrtf":0,"isSymbol":0,"isUnknown":0,"isVerb":0,"repeat":0.25,"weight":0.003906742281033397,"weightAll":0.0009766663384857734}},"отмечаться":{"indexObj":{"classMask":5,"counter":734.0,"finded":607,"isExisted":true,"letterId":16,"meta":"{}","server":"_buber3_","table":"wordIndex.ru","uid":9212,"word":"отмечаться","wordHash":"2da42cfded5da8f2c7dab31fddfc25b8_6dd69defc24cb411da363e8ac3bf9b647ad66e9245fe723839f905bdadcc15d906f307756144de24fa073487ebda383297cfaa4ce2798cb3635de57507a7da54","wordId":"16:9212"},"morphObj":{"params":{"class":"г","classMask":5,"info":{"isCapital":true,"isUpper":false},"stack":"((<DictionaryAnalyzer>, u'\\u043e\\u0442\\u043c\\u0435\\u0447\\u0430\\u0435\\u0442\\u0441\\u044f', 224, 5),)"},"sentenceIndex":[2],"words":["Отмечается"],"wordsIndex":[0]},"rating":25.0,"stats":{"counter":734.0,"counterAll":734.0,"isAdjf":0,"isCombo":0,"isComp":0,"isCountry":0,"isEng":0,"isName":0,"isNominal":0,"isNoun":0,"isNum":0,"isPrtf":0,"isSymbol":0,"isUnknown":0,"isVerb":1,"repeat":0.25,"weight":0.003854232304137786,"weightAll":0.0009635391027534377}},"пауза":{"indexObj":{"classMask":1,"counter":103.0,"finded":83,"isExisted":true,"letterId":15,"meta":"{}","server":"_buber3_","table":"wordIndex.ru","uid":25933,"word":"пауза","wordHash":"88e6f74b3ac3f8c5480a560665881e13_b3fa024b22ed200c3b19b98050f887bbc01f98a267d52e0be75796ab595edfbf16c39889e996703afa86154fc554c1413caff20d1fe237c36e3e1f8c9c7c836c","wordId":"15:25933"},"morphObj":{"params":{"class":"с","classMask":1,"info":{"isCapital":false,"isUpper":false},"stack":"((<DictionaryAnalyzer>, u'\\u043f\\u0430\\u0443\\u0437\\u0443', 55, 3),)"},"sentenceIndex":[2],"words":["паузу"],"wordsIndex":[13]},"rating":25.0,"stats":{"counter":103.0,"counterAll":103.0,"isAdjf":0,"isCombo":0,"isComp":0,"isCountry":0,"isEng":0,"isName":0,"isNominal":0,"isNoun":1,"isNum":0,"isPrtf":0,"isSymbol":0,"isUnknown":0,"isVerb":0,"repeat":0.25,"weight":0.0005408527620247847,"weightAll":0.00013521052804305733}},"переговоры":{"indexObj":{"classMask":1,"counter":1047.0,"finded":603,"isExisted":true,"letterId":15,"meta":"{}","server":"_buber3_","table":"wordIndex.ru","uid":4280,"word":"переговоры","wordHash":"670066304d5c80a5174c7f62965bc393_f141d874596916771ec296e69af62d82cceb11903cf570c84febf98755bb636a659f53b02cc81a04ba6aa0d777b633997f2faca3b77dd8e738382e686c8521f2","wordId":"15:4280"},"morphObj":{"params":{"class":"с","classMask":1,"info":{"isCapital":false,"isUpper":false},"stack":"((<DictionaryAnalyzer>, u'\\u043f\\u0435\\u0440\\u0435\\u0433\\u043e\\u0432\\u043e\\u0440\\u043e\\u0432', 133, 1),)"},"sentenceIndex":[3],"words":["переговоров"],"wordsIndex":[13]},"rating":25.0,"stats":{"counter":1047.0,"counterAll":1047.0,"isAdjf":0,"isCombo":0,"isComp":0,"isCountry":0,"isEng":0,"isName":0,"isNominal":0,"isNoun":1,"isNum":0,"isPrtf":0,"isSymbol":0,"isUnknown":0,"isVerb":0,"repeat":0.25,"weight":0.005497794580970384,"weightAll":0.001374421581175544}},"передавать":{"indexObj":{"classMask":5,"counter":895.0,"finded":839,"isExisted":true,"letterId":15,"meta":"{}","server":"_buber3_","table":"wordIndex.ru","uid":1418,"word":"передавать","wordHash":"005d8f31d3b66a3cc8619d99116ab615_03692d02f8c283149db7d3deb0e1e9bb1a8d318adf9a22ca87eb4523dcf1486fc23be96a04eb6e4c3b245bf0c10f5059d1499533b5b0e236b1c46f4bbc6f8166","wordId":"15:1418"},"morphObj":{"params":{"class":"г","classMask":5,"info":{"isCapital":false,"isUpper":false},"stack":"((<DictionaryAnalyzer>, u'\\u043f\\u0435\\u0440\\u0435\\u0434\\u0430\\u0451\\u0442', 2308, 5),)"},"sentenceIndex":[0],"words":["передает"],"wordsIndex":[20]},"rating":25.0,"stats":{"counter":895.0,"counterAll":895.0,"isAdjf":0,"isCombo":0,"isComp":0,"isCountry":0,"isEng":0,"isName":0,"isNominal":0,"isNoun":0,"isNum":0,"isPrtf":0,"isSymbol":0,"isUnknown":0,"isVerb":1,"repeat":0.25,"weight":0.00469964293215711,"weightAll":0.001174887598044042}},"плохой":{"indexObj":{"classMask":2,"counter":596.0,"finded":485,"isExisted":true,"letterId":15,"meta":"{}","server":"_buber3_","table":"wordIndex.ru","uid":8709,"word":"плохой","wordHash":"88b3d260067be92d062b711affd87289_867852cdbbd59f4b3c726db10f9dbe7c787b8c0886fb880004ce663a028fb381f88b8e3d30c18285f06eaeb00de192771dd5d5e5671e8bcf57e9367e8f149083","wordId":"15:8709"},"morphObj":{"params":{"class":"п","classMask":2,"info":{"isCapital":false,"isUpper":false},"stack":"((<DictionaryAnalyzer>, u'\\u043f\\u043b\\u043e\\u0445\\u0438\\u043c', 2376, 5),)"},"sentenceIndex":[1],"words":["плохим"],"wordsIndex":[8]},"rating":25.0,"stats":{"counter":596.0,"counterAll":596.0,"isAdjf":1,"isCombo":0,"isComp":0,"isCountry":0,"isEng":0,"isName":0,"isNominal":0,"isNoun":0,"isNum":0,"isPrtf":0,"isSymbol":0,"isUnknown":0,"isVerb":0,"repeat":0.25,"weight":0.003129594622978366,"weightAll":0.0007823832496472056}},"поднять":{"indexObj":{"classMask":5,"counter":208.0,"finded":177,"isExisted":true,"letterId":15,"meta":"{}","server":"_buber3_","table":"wordIndex.ru","uid":16859,"word":"поднять","wordHash":"1c507ae299a37559c4d7efe4147fd50e_aeb3445898df4c49dd199eb3285075ae19ffd9d2da9113b12c3d1f651e39bcb3cae47b59a839d65f6beac4c3ccd2acce0692633957e3f77ae932f636d81a450a","wordId":"15:16859"},"morphObj":{"params":{"class":"г","classMask":5,"info":{"isCapital":false,"isUpper":false},"stack":"((<DictionaryAnalyzer>, u'\\u043f\\u043e\\u0434\\u043d\\u044f\\u043b', 2406, 1),)"},"sentenceIndex":[3],"words":["поднял"],"wordsIndex":[8]},"rating":25.0,"stats":{"counter":208.0,"counterAll":208.0,"isAdjf":0,"isCombo":0,"isComp":0,"isCountry":0,"isEng":0,"isName":0,"isNominal":0,"isNoun":0,"isNum":0,"isPrtf":0,"isSymbol":0,"isUnknown":0,"isVerb":1,"repeat":0.25,"weight":0.0010922075194286915,"weightAll":0.0002730465032325818}},"подписать":{"indexObj":{"classMask":8,"counter":375.0,"finded":262,"isExisted":true,"letterId":15,"meta":"{}","server":"_buber3_","table":"wordIndex.ru","uid":6486,"word":"подписать","wordHash":"123b12dd13f22fe5b3b5f37993392b8c_fabf8d1aa27b943ed147b7449d339f45e394c9ae8d893fbf663eee309aed1a4cc517bebd64e241ff3d49f4234235906b69c8f19568bb5f9687b2922e8695159b","wordId":"15:6486"},"morphObj":{"params":{"class":"кр_причастие","classMask":8,"info":{"isCapital":false,"isUpper":false},"stack":"((<DictionaryAnalyzer>, u'\\u043f\\u043e\\u0434\\u043f\\u0438\\u0441\\u0430\\u043d', 916, 71),)"},"sentenceIndex":[4,7],"words":["подписан","подписан"],"wordsIndex":[5,3]},"rating":50.0,"stats":{"counter":375.0,"counterAll":750.0,"isAdjf":0,"isCombo":0,"isComp":0,"isCountry":0,"isEng":0,"isName":0,"isNominal":0,"isNoun":0,"isNum":0,"isPrtf":1,"isSymbol":0,"isUnknown":0,"isVerb":0,"repeat":0.5,"weight":0.001969124133585381,"weightAll":0.0009845426799251747}},"помощник":{"indexObj":{"classMask":1,"counter":1154.0,"finded":782,"isExisted":true,"letterId":15,"meta":"{}","server":"_buber3_","table":"wordIndex.ru","uid":3110,"word":"помощник","wordHash":"778188a1d76baf1ab2feecf6a59ede72_44af5d8eed5c6663539916dfc5216b10cd0e9bff37ac1188e9041d4724dae1dd4536ca887eeece74cffec992b532eece2798005bc0bf932a55b16fffdc28c22f","wordId":"15:3110"},"morphObj":{"params":{"class":"с","classMask":1,"info":{"isCapital":false,"isUpper":false},"stack":"((<DictionaryAnalyzer>, u'\\u043f\\u043e\\u043c\\u043e\\u0449\\u043d\\u0438\\u043a\\u043e\\u0432', 2, 7),)"},"sentenceIndex":[2],"words":["помощников"],"wordsIndex":[17]},"rating":25.0,"stats":{"counter":1154.0,"counterAll":1154.0,"isAdjf":0,"isCombo":0,"isComp":0,"isCountry":0,"isEng":0,"isName":0,"isNominal":0,"isNoun":1,"isNum":0,"isPrtf":0,"isSymbol":0,"isUnknown":0,"isVerb":0,"repeat":0.25,"weight":0.006059651333753413,"weightAll":0.0015148830035115355}},"прага":{"indexObj":{"classMask":22,"counter":376.0,"finded":240,"isExisted":true,"letterId":15,"meta":"{}","server":"_buber3_","table":"wordIndex.ru","uid":8526,"word":"прага","wordHash":"9c062ece262f31e0b31980c139540b70_91b3c6d0f5f18787fad0711d880a81d260a369d75a4da911630172b3c3f5c9cc472c59f164f17217283fb801f9984f470f3632c431afdc545810021484a223ec","wordId":"15:8526"},"morphObj":{"params":{"class":"имя","classMask":22,"info":{"isCapital":true,"isUpper":false},"stack":"((<DictionaryAnalyzer>, u'\\u043f\\u0440\\u0430\\u0433\\u0435', 51, 6),)"},"sentenceIndex":[4,7],"words":["Праге","Праге"],"wordsIndex":[11,9]},"rating":150.0,"stats":{"counter":376.0,"counterAll":752.0,"isAdjf":0,"isCombo":0,"isComp":0,"isCountry":0,"isEng":0,"isName":1,"isNominal":0,"isNoun":0,"isNum":0,"isPrtf":0,"isSymbol":0,"isUnknown":0,"isVerb":0,"repeat":0.5,"weight":0.0019743751312749423,"weightAll":0.000987168127071642}},"предусматривать":{"indexObj":{"classMask":5,"counter":267.0,"finded":227,"isExisted":true,"letterId":15,"meta":"{}","server":"_buber3_","table":"wordIndex.ru","uid":18395,"word":"предусматривать","wordHash":"3c0f2af2f3530bf4ee5afc62797fb9fc_ce9da2a6a543abfc570e8a7729e180eab02f910eba4712a203beed6a9632a40c27ab22aa1a38b1895f04e0a9a9af08b44e58b290510de9a2018a50f4dc255b3a","wordId":"15:18395"},"morphObj":{"params":{"class":"г","classMask":5,"info":{"isCapital":false,"isUpper":false},"stack":"((<DictionaryAnalyzer>, u'\\u043f\\u0440\\u0435\\u0434\\u0443\\u0441\\u043c\\u0430\\u0442\\u0440\\u0438\\u0432\\u0430\\u0435\\u0442', 206, 5),)"},"sentenceIndex":[5],"words":["предусматривает"],"wordsIndex":[1]},"rating":25.0,"stats":{"counter":267.0,"counterAll":267.0,"isAdjf":0,"isCombo":0,"isComp":0,"isCountry":0,"isEng":0,"isName":0,"isNominal":0,"isNoun":0,"isNum":0,"isPrtf":0,"isSymbol":0,"isUnknown":0,"isVerb":1,"repeat":0.25,"weight":0.0014020163831127913,"weightAll":0.0003504971940533622}},"президент":{"indexObj":{"classMask":1,"counter":4483.0,"finded":2208,"isExisted":true,"letterId":15,"meta":"{}","server":"_buber3_","table":"wordIndex.ru","uid":1132,"word":"президент","wordHash":"236413bc2e4a415086ae2d13937a94ca_4ac9ac77ec71a942660c47aef0114b0d21cda9529005f88ac31b73a445d6a68eab28ed37a597520025adb9c4cc98ee26f1b3640f2431e43bcc26a89e8d1d9623","wordId":"15:1132"},"morphObj":{"params":{"class":"с","classMask":1,"info":{"isCapital":true,"isUpper":false},"stack":"((<DictionaryAnalyzer>, u'\\u043f\\u0440\\u0435\\u0437\\u0438\\u0434\\u0435\\u043d\\u0442', 52, 0),)"},"sentenceIndex":[0,2,4,7],"words":["Президент","президентом","президентами","президентами"],"wordsIndex":[0,7,6,4]},"rating":100.0,"stats":{"counter":4483.0,"counterAll":17932.0,"isAdjf":0,"isCombo":0,"isComp":0,"isCountry":0,"isEng":0,"isName":0,"isNominal":0,"isNoun":1,"isNum":0,"isPrtf":0,"isSymbol":0,"isUnknown":0,"isVerb":0,"repeat":1.0,"weight":0.023540222642302037,"weightAll":0.023539759115224313}},"путин":{"indexObj":{"classMask":22,"counter":702.0,"finded":381,"isExisted":true,"letterId":15,"meta":"{}","server":"_buber3_","table":"wordIndex.ru","uid":10854,"word":"путин","wordHash":"61aa559b6d2c8fe235d878340b693faa_33edf6457454280d8bcef23b5bcb1e432b0aa397ada7f279d1c3946bb63d3ec078311634828e883b64640d17c68bf7c9645f526661f72fac1fbb72fc7e078cdb","wordId":"15:10854"},"morphObj":{"params":{"class":"имя","classMask":22,"info":{"isCapital":true,"isUpper":false},"stack":"((<DictionaryAnalyzer>, u'\\u043f\\u0443\\u0442\\u0438\\u043d\\u044b\\u043c', 36, 4),)"},"sentenceIndex":[2,3],"words":["Путиным","Путин"],"wordsIndex":[10,7]},"rating":150.0,"stats":{"counter":702.0,"counterAll":1404.0,"isAdjf":0,"isCombo":0,"isComp":0,"isCountry":0,"isEng":0,"isName":1,"isNominal":0,"isNoun":0,"isNum":0,"isPrtf":0,"isSymbol":0,"isUnknown":0,"isVerb":0,"repeat":0.5,"weight":0.0036862003780718335,"weightAll":0.0018430638968199272}},"развернуть":{"indexObj":{"classMask":7,"counter":77.0,"finded":61,"isExisted":true,"letterId":18,"meta":"{}","server":"_buber3_","table":"wordIndex.ru","uid":38726,"word":"развернуть","wordHash":"813b8bcbb63fd3870c3b55c7c4b70f4e_f5a868a3872291338d28db89630832f7df5624b1dc473c0701c009d096f7b012119f4aebbee6b716c98463f1e13030ae4c1a17a1ad6a8f50464f53545d491795","wordId":"18:38726"},"morphObj":{"params":{"class":"причастие","classMask":7,"info":{"isCapital":false,"isUpper":false},"stack":"((<DictionaryAnalyzer>, u'\\u0440\\u0430\\u0437\\u0432\\u0451\\u0440\\u043d\\u0443\\u0442\\u044b\\u0445', 2633, 63),)"},"sentenceIndex":[5],"words":["развернутых"],"wordsIndex":[3]},"rating":25.0,"stats":{"counter":77.0,"counterAll":77.0,"isAdjf":0,"isCombo":0,"isComp":0,"isCountry":0,"isEng":0,"isName":0,"isNominal":0,"isNoun":0,"isNum":0,"isPrtf":1,"isSymbol":0,"isUnknown":0,"isVerb":0,"repeat":0.25,"weight":0.0004043268220961983,"weightAll":0.00010107971513898461}},"разговор":{"indexObj":{"classMask":1,"counter":537.0,"finded":380,"isExisted":true,"letterId":18,"meta":"{}","server":"_buber3_","table":"wordIndex.ru","uid":4146,"word":"разговор","wordHash":"262a9bb03203a9682b02dc53e96c00e3_7b6bc2db91f4cc3857623738e7a77a6dac32dbea55bcfc1a9a9915bc2d147c6ec7749d021a5ba28bc179d9336b5a9ee745611efcef2cdbcac739eecc7fb19527","wordId":"18:4146"},"morphObj":{"params":{"class":"с","classMask":1,"info":{"isCapital":false,"isUpper":false},"stack":"((<DictionaryAnalyzer>, u'\\u0440\\u0430\\u0437\\u0433\\u043e\\u0432\\u043e\\u0440\\u0430', 33, 1),)"},"sentenceIndex":[2],"words":["разговора"],"wordsIndex":[5]},"rating":25.0,"stats":{"counter":537.0,"counterAll":537.0,"isAdjf":0,"isCombo":0,"isComp":0,"isCountry":0,"isEng":0,"isName":0,"isNominal":0,"isNoun":1,"isNum":0,"isPrtf":0,"isSymbol":0,"isUnknown":0,"isVerb":0,"repeat":0.25,"weight":0.002819785759294266,"weightAll":0.0007049325588264251}},"раскритиковать":{"indexObj":{"classMask":5,"counter":84.0,"finded":77,"isExisted":true,"letterId":18,"meta":"{}","server":"_buber3_","table":"wordIndex.ru","uid":25397,"word":"раскритиковать","wordHash":"d955244c20f275bc339fa856d738c5a6_47b988ddd6e7d64f0d559a2c6d6f529320d93c22c69f2a02a55c95cb251249ab1e7aeedbea16b5fbb4247efcfe5132da2e9bd8f8191b39150a9babe21834ab22","wordId":"18:25397"},"morphObj":{"params":{"class":"г","classMask":5,"info":{"isCapital":false,"isUpper":false},"stack":"((<DictionaryAnalyzer>, u'\\u0440\\u0430\\u0441\\u043a\\u0440\\u0438\\u0442\\u0438\\u043a\\u043e\\u0432\\u0430\\u043b', 276, 1),)"},"sentenceIndex":[0],"words":["раскритиковал"],"wordsIndex":[4]},"rating":25.0,"stats":{"counter":84.0,"counterAll":84.0,"isAdjf":0,"isCombo":0,"isComp":0,"isCountry":0,"isEng":0,"isName":0,"isNominal":0,"isNoun":0,"isNum":0,"isPrtf":0,"isSymbol":0,"isUnknown":0,"isVerb":1,"repeat":0.25,"weight":0.0004410838059231254,"weightAll":0.00011026878015161957}},"рф":{"indexObj":{"classMask":1,"counter":2876.0,"finded":1746,"isExisted":true,"letterId":18,"meta":"{}","server":"_buber3_","table":"wordIndex.ru","uid":1376,"word":"рф","wordHash":"8a2942f4e362053e57b07450ff7f039c_2339faef715ac1c1ef2fbf16bafc074a0d09fce43453dbe2b0d3322f6425982afa2dfcc1c230477986ff64d3078bed997b036e9bc54ec166b2ca691163eaa90a","wordId":"18:1376"},"morphObj":{"params":{"class":"с","classMask":1,"info":{"isCapital":false,"isUpper":true},"stack":"((<DictionaryAnalyzer>, u'\\u0440\\u0444', 1351, 1),)"},"sentenceIndex":[2,4,7],"words":["РФ","РФ","РФ"],"wordsIndex":[8,7,5]},"rating":75.0,"stats":{"counter":2876.0,"counterAll":8628.0,"isAdjf":0,"isCombo":0,"isComp":0,"isCountry":0,"isEng":0,"isName":0,"isNominal":0,"isNoun":1,"isNum":0,"isPrtf":0,"isSymbol":0,"isUnknown":0,"isVerb":0,"repeat":0.75,"weight":0.015101869355177483,"weightAll":0.011326178989859211}},"ряд":{"indexObj":{"classMask":1,"counter":6566.0,"finded":4253,"isExisted":true,"letterId":18,"meta":"{}","server":"_buber3_","table":"wordIndex.ru","uid":304,"word":"ряд","wordHash":"105debb44a2b62b0e7a551981b12527c_b2109615a540838ec44051bcab65901660516f9dc46c8207c86f6e2d6a55cdcbd3ebd83ae9ec8e5947248173593b7f72ad5cf6a063a6b073714a5e0de17c89dc","wordId":"18:304"},"morphObj":{"params":{"class":"с","classMask":1,"info":{"isCapital":false,"isUpper":false},"stack":"((<DictionaryAnalyzer>, u'\\u0440\\u044f\\u0434\\u0443', 111, 2),)"},"sentenceIndex":[3],"words":["ряду"],"wordsIndex":[16]},"rating":25.0,"stats":{"counter":6566.0,"counterAll":6566.0,"isAdjf":0,"isCombo":0,"isComp":0,"isCountry":0,"isEng":0,"isName":0,"isNominal":0,"isNoun":1,"isNum":0,"isPrtf":0,"isSymbol":0,"isUnknown":0,"isVerb":0,"repeat":0.25,"weight":0.03447805082965764,"weightAll":0.008619342981851597}},"свой":{"indexObj":{"classMask":2,"counter":32745.0,"finded":11584,"isExisted":true,"letterId":17,"meta":"{}","server":"_buber3_","table":"wordIndex.ru","uid":236,"word":"свой","wordHash":"d6faa737e864693849cd76c07c2e44d1_79a010cdde6958f33f43c9b8cf61eb16f7aad0b92a4eb90b9118b00ac56196c56394370eb6e8aa0d5e6ddb3d09f6f8987a9fded51ea0e9432ae8fafeec3e4938","wordId":"17:236"},"morphObj":{"params":{"class":"п","classMask":2,"info":{"isCapital":false,"isUpper":false},"stack":"((<DictionaryAnalyzer>, u'\\u0441\\u0432\\u043e\\u0438\\u0445', 2737, 21),)"},"sentenceIndex":[2],"words":["своих"],"wordsIndex":[16]},"rating":25.0,"stats":{"counter":32745.0,"counterAll":32745.0,"isAdjf":1,"isCombo":0,"isComp":0,"isCountry":0,"isEng":0,"isName":0,"isNominal":0,"isNoun":0,"isNum":0,"isPrtf":0,"isSymbol":0,"isUnknown":0,"isVerb":0,"repeat":0.25,"weight":0.17194391934467548,"weightAll":0.04298513340553313}},"сделать":{"indexObj":{"classMask":5,"counter":1529.0,"finded":1044,"isExisted":true,"letterId":17,"meta":"{}","server":"_buber3_","table":"wordIndex.ru","uid":5939,"word":"сделать","wordHash":"7107f719256ae5b84d203728f37dd42a_417cd4e53237b73a5611c4665c307477c6d816a7f0b4c999ad7826e944150277722727fd574e99cc7914d799dc17e6eb717bffb4606a0017932714ec4bc0e2e9","wordId":"17:5939"},"morphObj":{"params":{"class":"г","classMask":5,"info":{"isCapital":false,"isUpper":false},"stack":"((<DictionaryAnalyzer>, u'\\u0441\\u0434\\u0435\\u043b\\u0430\\u043b', 614, 1),)"},"sentenceIndex":[2],"words":["сделал"],"wordsIndex":[12]},"rating":25.0,"stats":{"counter":1529.0,"counterAll":1529.0,"isAdjf":0,"isCombo":0,"isComp":0,"isCountry":0,"isEng":0,"isName":0,"isNominal":0,"isNoun":0,"isNum":0,"isPrtf":0,"isSymbol":0,"isUnknown":0,"isVerb":1,"repeat":0.25,"weight":0.008028775467338795,"weightAll":0.002007154343474123}},"слово":{"indexObj":{"classMask":1,"counter":5453.0,"finded":3155,"isExisted":true,"letterId":17,"meta":"{}","server":"_buber3_","table":"wordIndex.ru","uid":125,"word":"слово","wordHash":"4a61f7bb50c173ed273c39a64cee8606_717f0a450ae4219ac63203338ef9b6eb3c5967d0c3b0a381a33741871bf28520d82807b92e405961f15e57800a1fc347e47e912579fcb90407e7a2cb0e9630e6","wordId":"17:125"},"morphObj":{"params":{"class":"с","classMask":1,"info":{"isCapital":false,"isUpper":false},"stack":"((<DictionaryAnalyzer>, u'\\u0441\\u043b\\u043e\\u0432\\u0430\\u043c', 54, 8),)"},"sentenceIndex":[1],"words":["словам"],"wordsIndex":[1]},"rating":25.0,"stats":{"counter":5453.0,"counterAll":5453.0,"isAdjf":0,"isCombo":0,"isComp":0,"isCountry":0,"isEng":0,"isName":0,"isNominal":0,"isNoun":1,"isNum":0,"isPrtf":0,"isSymbol":0,"isUnknown":0,"isVerb":0,"repeat":0.25,"weight":0.028633690401176224,"weightAll":0.0071582816448426375}},"соглашение":{"indexObj":{"classMask":1,"counter":1130.0,"finded":649,"isExisted":true,"letterId":17,"meta":"{}","server":"_buber3_","table":"wordIndex.ru","uid":1026,"word":"соглашение","wordHash":"b360b9a09f05a2853a6614d73e731e99_04911b40afee2adcbe487bc6d00d3f1a4aa8efb31463a055110020d16c41137008e535fa97a6bfafb906a3c79c3892c1810df5adee3fe380feb0fedf35a1ea99","wordId":"17:1026"},"morphObj":{"params":{"class":"с","classMask":1,"info":{"isCapital":false,"isUpper":false},"stack":"((<DictionaryAnalyzer>, u'\\u0441\\u043e\\u0433\\u043b\\u0430\\u0448\\u0435\\u043d\\u0438\\u0435', 76, 0),)"},"sentenceIndex":[1],"words":["соглашение"],"wordsIndex":[7]},"rating":25.0,"stats":{"counter":1130.0,"counterAll":1130.0,"isAdjf":0,"isCombo":0,"isComp":0,"isCountry":0,"isEng":0,"isName":0,"isNominal":0,"isNoun":1,"isNum":0,"isPrtf":0,"isSymbol":0,"isUnknown":0,"isVerb":0,"repeat":0.25,"weight":0.005933627389203949,"weightAll":0.0014833776377539299}},"содержание":{"indexObj":{"classMask":1,"counter":1240.0,"finded":875,"isExisted":true,"letterId":17,"meta":"{}","server":"_buber3_","table":"wordIndex.ru","uid":753,"word":"содержание","wordHash":"ec3cb3328394c4f53a87a90018a42182_aab9b77b3b047753bc6af078abe5dc3c46eff038888caaced3972ed1b82fa741eaebc6bb318313e9b4fe57a5dfb0e93abaaac6b8ac0687853db68d3a23ff7234","wordId":"17:753"},"morphObj":{"params":{"class":"с","classMask":1,"info":{"isCapital":false,"isUpper":false},"stack":"((<DictionaryAnalyzer>, u'\\u0441\\u043e\\u0434\\u0435\\u0440\\u0436\\u0430\\u043d\\u0438\\u0438', 76, 10),)"},"sentenceIndex":[2],"words":["содержании"],"wordsIndex":[19]},"rating":25.0,"stats":{"counter":1240.0,"counterAll":1240.0,"isAdjf":0,"isCombo":0,"isComp":0,"isCountry":0,"isEng":0,"isName":0,"isNominal":0,"isNoun":1,"isNum":0,"isPrtf":0,"isSymbol":0,"isUnknown":0,"isVerb":0,"repeat":0.25,"weight":0.006511237135055661,"weightAll":0.0016277772308096222}},"сокращение":{"indexObj":{"classMask":1,"counter":556.0,"finded":422,"isExisted":true,"letterId":17,"meta":"{}","server":"_buber3_","table":"wordIndex.ru","uid":4723,"word":"сокращение","wordHash":"5e980465b2ba05ed4e85daa98804702f_9864b7b11fe7eb5a0074acf179b6d0c6084af35598940c99b5cc6ba14a5c626ca1667507dd72d286614c48e92a86a7348c6b6bbc69cade9acc6a375bc23fde78","wordId":"17:4723"},"morphObj":{"params":{"class":"с","classMask":1,"info":{"isCapital":false,"isUpper":false},"stack":"((<DictionaryAnalyzer>, u'\\u0441\\u043e\\u043a\\u0440\\u0430\\u0449\\u0435\\u043d\\u0438\\u044e', 76, 4),)"},"sentenceIndex":[0,5],"words":["сокращению","сокращение"],"wordsIndex":[10,2]},"rating":50.0,"stats":{"counter":556.0,"counterAll":1112.0,"isAdjf":0,"isCombo":0,"isComp":0,"isCountry":0,"isEng":0,"isName":0,"isNominal":0,"isNoun":1,"isNum":0,"isPrtf":0,"isSymbol":0,"isUnknown":0,"isVerb":0,"repeat":0.5,"weight":0.002919554715395925,"weightAll":0.0014597486134357257}},"сообщаться":{"indexObj":{"classMask":5,"counter":767.0,"finded":686,"isExisted":true,"letterId":17,"meta":"{}","server":"_buber3_","table":"wordIndex.ru","uid":10086,"word":"сообщаться","wordHash":"02477d052074ff547afbda260f38c687_310e18753189d183b372b874793fad3c844e18b2b6f0353b1f9da72a2f6e616352aa80d5c780e29153c07168b4a97e44f16131e0a8fddf35b581299cc18d1c44","wordId":"17:10086"},"morphObj":{"params":{"class":"г","classMask":5,"info":{"isCapital":false,"isUpper":false},"stack":"((<DictionaryAnalyzer>, u'\\u0441\\u043e\\u043e\\u0431\\u0449\\u0430\\u0435\\u0442\\u0441\\u044f', 224, 5),)"},"sentenceIndex":[3],"words":["сообщается"],"wordsIndex":[2]},"rating":25.0,"stats":{"counter":767.0,"counterAll":767.0,"isAdjf":0,"isCombo":0,"isComp":0,"isCountry":0,"isEng":0,"isName":0,"isNominal":0,"isNoun":0,"isNum":0,"isPrtf":0,"isSymbol":0,"isUnknown":0,"isVerb":1,"repeat":0.25,"weight":0.0040275152278932995,"weightAll":0.0010068589806701454}},"составлять":{"indexObj":{"classMask":5,"counter":9198.0,"finded":6159,"isExisted":true,"letterId":17,"meta":"{}","server":"_buber3_","table":"wordIndex.ru","uid":726,"word":"составлять","wordHash":"91c7b10ae5afb6bb33afd5fd118d9537_9a9dfc7a83482552103c0c9232d581f70481246018429d3c58e8b5f3db4bd534b195f6585722a3b7a472223391c6d1d67390c1f2311a42173815a61763ff9076","wordId":"17:726"},"morphObj":{"params":{"class":"г","classMask":5,"info":{"isCapital":false,"isUpper":false},"stack":"((<DictionaryAnalyzer>, u'\\u0441\\u043e\\u0441\\u0442\\u0430\\u0432\\u043b\\u044f\\u0435\\u0442', 206, 5),)"},"sentenceIndex":[6],"words":["составляет"],"wordsIndex":[3]},"rating":25.0,"stats":{"counter":9198.0,"counterAll":9198.0,"isAdjf":0,"isCombo":0,"isComp":0,"isCountry":0,"isEng":0,"isName":0,"isNominal":0,"isNoun":0,"isNum":0,"isPrtf":0,"isSymbol":0,"isUnknown":0,"isVerb":1,"repeat":0.25,"weight":0.04829867674858223,"weightAll":0.012074431426602344}},"спорный":{"indexObj":{"classMask":2,"counter":189.0,"finded":158,"isExisted":true,"letterId":17,"meta":"{}","server":"_buber3_","table":"wordIndex.ru","uid":11547,"word":"спорный","wordHash":"7ee4d57e4d6ebb4e02ee3f220cf369ab_023ac3c19884707dde2964b3ea9eab7c6214455a0da06f0cd33c1df57e154c2f573afca83788b68b53a143906bcaf7c3d4e8dd241fc669e5bbd28ddb6c5bdd45","wordId":"17:11547"},"morphObj":{"params":{"class":"п","classMask":2,"info":{"isCapital":false,"isUpper":false},"stack":"((<DictionaryAnalyzer>, u'\\u0441\\u043f\\u043e\\u0440\\u043d\\u044b\\u0445', 12, 21),)"},"sentenceIndex":[3],"words":["спорных"],"wordsIndex":[17]},"rating":25.0,"stats":{"counter":189.0,"counterAll":189.0,"isAdjf":1,"isCombo":0,"isComp":0,"isCountry":0,"isEng":0,"isName":0,"isNominal":0,"isNoun":0,"isNum":0,"isPrtf":0,"isSymbol":0,"isUnknown":0,"isVerb":0,"repeat":0.25,"weight":0.0009924385633270322,"weightAll":0.00024810475534114404}},"спросить":{"indexObj":{"classMask":6,"counter":27.0,"finded":23,"isExisted":true,"letterId":17,"meta":"{}","server":"_buber3_","table":"wordIndex.ru","uid":75719,"word":"спросить","wordHash":"2047f801a2cc1c056b3abd913adf064d_6ed819736a176fc9d7a5ece01dfcd588a7fa7ad17dc12897c44842bff59a56299678635a385f738dcc2b7992e7c366cf71f2900373c565c5dbd91a8e9ea75d69","wordId":"17:75719"},"morphObj":{"params":{"class":"инфинитив","classMask":6,"info":{"isCapital":false,"isUpper":false},"stack":"((<DictionaryAnalyzer>, u'\\u0441\\u043f\\u0440\\u043e\\u0441\\u0438\\u0442\\u044c', 819, 0),)"},"sentenceIndex":[2],"words":["спросить"],"wordsIndex":[15]},"rating":25.0,"stats":{"counter":27.0,"counterAll":27.0,"isAdjf":0,"isCombo":0,"isComp":0,"isCountry":0,"isEng":0,"isName":0,"isNominal":0,"isNoun":0,"isNum":0,"isPrtf":0,"isSymbol":0,"isUnknown":0,"isVerb":1,"repeat":0.25,"weight":0.00014177693761814744,"weightAll":3.544353647730629e-05}},"срок":{"indexObj":{"classMask":1,"counter":1763.0,"finded":1164,"isExisted":true,"letterId":17,"meta":"{}","server":"_buber3_","table":"wordIndex.ru","uid":6224,"word":"срок","wordHash":"f2995f148ca7346529bc059ec7d78923_991d8ebcf2f2afd781fa1ca9fe25cebd9944948ff99c9c1591715169689ce1d0100b26b42bca8254c78f031480351fb44759b683da226af57ea178df775213c6","wordId":"17:6224"},"morphObj":{"params":{"class":"с","classMask":1,"info":{"isCapital":true,"isUpper":false},"stack":"((<DictionaryAnalyzer>, u'\\u0441\\u0440\\u043e\\u043a', 330, 4),)"},"sentenceIndex":[6],"words":["Срок"],"wordsIndex":[0]},"rating":25.0,"stats":{"counter":1763.0,"counterAll":1763.0,"isAdjf":0,"isCombo":0,"isComp":0,"isCountry":0,"isEng":0,"isName":0,"isNominal":0,"isNoun":1,"isNum":0,"isPrtf":0,"isSymbol":0,"isUnknown":0,"isVerb":0,"repeat":0.25,"weight":0.009257508926696072,"weightAll":0.0023143316596107777}},"сторона":{"indexObj":{"classMask":1,"counter":6608.0,"finded":3588,"isExisted":true,"letterId":17,"meta":"{}","server":"_buber3_","table":"wordIndex.ru","uid":1862,"word":"сторона","wordHash":"47d9b3e0bb46b86c6eb23af887797b9b_09a575a311ccf78e95609649183cd69e8f5b61065a1b8abd1d7239a3dbc252c48b63297fdf0617db74b923c38ff1ca31f1d8a150570eae46a7f3cd09fb94a9cb","wordId":"17:1862"},"morphObj":{"params":{"class":"с","classMask":1,"info":{"isCapital":false,"isUpper":false},"stack":"((<DictionaryAnalyzer>, u'\\u0441\\u0442\\u043e\\u0440\\u043e\\u043d\\u044b', 55, 1),)"},"sentenceIndex":[5],"words":["стороны"],"wordsIndex":[8]},"rating":25.0,"stats":{"counter":6608.0,"counterAll":6608.0,"isAdjf":0,"isCombo":0,"isComp":0,"isCountry":0,"isEng":0,"isName":0,"isNominal":0,"isNoun":1,"isNum":0,"isPrtf":0,"isSymbol":0,"isUnknown":0,"isVerb":0,"repeat":0.25,"weight":0.034698592732619195,"weightAll":0.008674477371927407}},"стратегический":{"indexObj":{"classMask":2,"counter":552.0,"finded":401,"isExisted":true,"letterId":17,"meta":"{}","server":"_buber3_","table":"wordIndex.ru","uid":6070,"word":"стратегический","wordHash":"dba6d76f0f589ed675aae752a46673cf_8d8936af3d6622e174972dacebcc6b56fe678e931aed004496ca141bdc186eb0da33ff41546892c01381112beac1018d136f528a851ac7476e5f18243a54914c","wordId":"17:6070"},"morphObj":{"params":{"class":"п","classMask":2,"info":{"isCapital":false,"isUpper":false},"stack":"((<DictionaryAnalyzer>, u'\\u0441\\u0442\\u0440\\u0430\\u0442\\u0435\\u0433\\u0438\\u0447\\u0435\\u0441\\u043a\\u0438\\u0445', 16, 21),)"},"sentenceIndex":[0,5],"words":["стратегических","стратегических"],"wordsIndex":[13,4]},"rating":50.0,"stats":{"counter":552.0,"counterAll":1104.0,"isAdjf":1,"isCombo":0,"isComp":0,"isCountry":0,"isEng":0,"isName":0,"isNominal":0,"isNoun":0,"isNum":0,"isPrtf":0,"isSymbol":0,"isUnknown":0,"isVerb":0,"repeat":0.5,"weight":0.002898550724637681,"weightAll":0.0014492468248498572}},"сша":{"indexObj":{"classMask":1,"counter":9249.0,"finded":3991,"isExisted":true,"letterId":17,"meta":"{}","server":"_buber3_","table":"wordIndex.ru","uid":62,"word":"сша","wordHash":"a965ed77a49d08ca4329c8ded6bd22e2_ed569dcb6ebfeafd5c83afacde77d058d94bd1d692db9f4082179a78e3d91a333e9a0687d64fa6667ce036356c640930ad90f23d690b88dd094edfa2e319d409","wordId":"17:62"},"morphObj":{"params":{"class":"с","classMask":1,"info":{"isCapital":false,"isUpper":true},"stack":"((<DictionaryAnalyzer>, u'\\u0441\\u0448\\u0430', 1828, 1),)"},"sentenceIndex":[0,4,7],"words":["США","США","США"],"wordsIndex":[1,9,7]},"rating":75.0,"stats":{"counter":9249.0,"counterAll":27747.0,"isAdjf":0,"isCombo":0,"isComp":0,"isCountry":0,"isEng":0,"isName":0,"isNominal":0,"isNoun":1,"isNum":0,"isPrtf":0,"isSymbol":0,"isUnknown":0,"isVerb":0,"repeat":0.75,"weight":0.048566477630749845,"weightAll":0.03642414098651176}},"телефонный":{"indexObj":{"classMask":2,"counter":1111.0,"finded":994,"isExisted":true,"letterId":20,"meta":"{}","server":"_buber3_","table":"wordIndex.ru","uid":4055,"word":"телефонный","wordHash":"49a2d3077383fef9f3b10c3b3b7e4313_90ccddc821e131c1c29bd2d90dd2af4af3f43111ed4d7c1908bcecf4aaa272a57c335524dfbd2b13aacf4facc1c730758068c0c4af48b4444aface984387db6d","wordId":"20:4055"},"morphObj":{"params":{"class":"п","classMask":2,"info":{"isCapital":false,"isUpper":false},"stack":"((<DictionaryAnalyzer>, u'\\u0442\\u0435\\u043b\\u0435\\u0444\\u043e\\u043d\\u043d\\u043e\\u0433\\u043e', 12, 1),)"},"sentenceIndex":[2],"words":["телефонного"],"wordsIndex":[4]},"rating":25.0,"stats":{"counter":1111.0,"counterAll":1111.0,"isAdjf":1,"isCombo":0,"isComp":0,"isCountry":0,"isEng":0,"isName":0,"isNominal":0,"isNoun":0,"isNum":0,"isPrtf":0,"isSymbol":0,"isUnknown":0,"isVerb":0,"repeat":0.25,"weight":0.005833858433102289,"weightAll":0.0014584358898624922}},"тот":{"indexObj":{"classMask":1122,"counter":28981.0,"finded":11245,"isExisted":true,"letterId":20,"meta":"{}","server":"_buber3_","table":"wordIndex.ru","uid":151,"word":"тот","wordHash":"ddb1ee3516c1f9e308ce6fc9db8af22a_228c07e9a837be03dd65fd08d9bef64c1adb98ccfcff37583c3a09c772d53e55f31a4e52e249cc052ec5d28cb0d091991b0ee9af5d50438d620411f196bde625","wordId":"20:151"},"morphObj":{"params":{"class":"имя","classMask":1122,"info":{"isCapital":false,"isCountry":true,"isUpper":false},"stack":"((<DictionaryAnalyzer>, u'\\u0442\\u043e\\u0433\\u043e', 2900, 14),)"},"sentenceIndex":[3],"words":["того"],"wordsIndex":[1]},"rating":325.0,"stats":{"counter":28981.0,"counterAll":28981.0,"isAdjf":0,"isCombo":0,"isComp":0,"isCountry":1,"isEng":0,"isName":1,"isNominal":0,"isNoun":0,"isNum":0,"isPrtf":0,"isSymbol":0,"isUnknown":0,"isVerb":0,"repeat":0.25,"weight":0.15217916404116782,"weightAll":0.038044041875881986}},"трамп":{"indexObj":{"classMask":22,"counter":997.0,"finded":386,"isExisted":true,"letterId":20,"meta":"{}","server":"_buber3_","table":"wordIndex.ru","uid":35243,"word":"трамп","wordHash":"548e55ec510fc4c231be3eed1dce2dd7_a3eee05aca420d7486db4bd62e48e0fb4d89c3dc63891e5fb13520ce0d533b698144b3b36aa580788574eb5f043e692481a7b1b47f37194db6269d6d3c72d9c2","wordId":"20:35243"},"morphObj":{"params":{"class":"имя","classMask":22,"info":{"isCapital":true,"isUpper":false},"stack":"((<DictionaryAnalyzer>, u'\\u0442\\u0440\\u0430\\u043c\\u043f', 33, 0),)"},"sentenceIndex":[0,1,2],"words":["Трамп","Трамп","Трамп"],"wordsIndex":[3,4,11]},"rating":175.0,"stats":{"counter":997.0,"counterAll":2991.0,"isAdjf":0,"isCombo":0,"isComp":0,"isCountry":0,"isEng":0,"isName":1,"isNominal":0,"isNoun":0,"isNum":0,"isPrtf":0,"isSymbol":0,"isUnknown":0,"isVerb":0,"repeat":0.75,"weight":0.0052352446964923334,"weightAll":0.0039263562075415965}},"ход":{"indexObj":{"classMask":1,"counter":3742.0,"finded":2371,"isExisted":true,"letterId":21,"meta":"{}","server":"_buber3_","table":"wordIndex.ru","uid":1178,"word":"ход","wordHash":"a73ed92b5d04975822e0de1e4b2bfbbc_6ba67ea89103b392497c6a34091e9c504ed8ae5246eb83867918d44f820abadb50dc257ec2dd858d8196cf0b14f2012b4d72dfe11a2ee43f3bf065cc64c4c7cb","wordId":"21:1178"},"morphObj":{"params":{"class":"с","classMask":1,"info":{"isCapital":false,"isUpper":false},"stack":"((<DictionaryAnalyzer>, u'\\u0445\\u043e\\u0434\\u0435', 2991, 6),)"},"sentenceIndex":[2],"words":["ходе"],"wordsIndex":[3]},"rating":25.0,"stats":{"counter":3742.0,"counterAll":3742.0,"isAdjf":0,"isCombo":0,"isComp":0,"isCountry":0,"isEng":0,"isName":0,"isNominal":0,"isNoun":1,"isNum":0,"isPrtf":0,"isSymbol":0,"isUnknown":0,"isVerb":0,"repeat":0.25,"weight":0.019649233354337325,"weightAll":0.004912211611040006}},"целое":{"indexObj":{"classMask":1,"counter":1586.0,"finded":1193,"isExisted":true,"letterId":24,"meta":"{}","server":"_buber3_","table":"wordIndex.ru","uid":5132,"word":"целое","wordHash":"2290aaf80047d5c4a1db6a3fec409b5d_5f6b943ca5a2acdcd375b522c105062551764918ad805e26486def855ac244471260a471d66f4f382d961d4a193bfea8a3ad46d534678c628d5793752588bc2a","wordId":"24:5132"},"morphObj":{"params":{"class":"с","classMask":1,"info":{"isCapital":false,"isUpper":false},"stack":"((<DictionaryAnalyzer>, u'\\u0446\\u0435\\u043b\\u043e\\u043c\\u0443', 972, 2),)"},"sentenceIndex":[3],"words":["целому"],"wordsIndex":[15]},"rating":25.0,"stats":{"counter":1586.0,"counterAll":1586.0,"isAdjf":0,"isCombo":0,"isComp":0,"isCountry":0,"isEng":0,"isName":0,"isNominal":0,"isNoun":1,"isNum":0,"isPrtf":0,"isSymbol":0,"isUnknown":0,"isVerb":0,"repeat":0.25,"weight":0.008328082335643772,"weightAll":0.002081979587148436}},"ядерный":{"indexObj":{"classMask":2,"counter":637.0,"finded":296,"isExisted":true,"letterId":31,"meta":"{}","server":"_buber3_","table":"wordIndex.ru","uid":3578,"word":"ядерный","wordHash":"b5d3a834a6580dd3537a318f72db7ae2_244bf6dcbca4ba6f0eb9819b162501bf18dd38d6939e566f819de42f6cd8fa041c9cbe28e0eafde769ab98aca376d92006eb5a66cc6d8c324dccc7bc69f3c15f","wordId":"31:3578"},"morphObj":{"params":{"class":"п","classMask":2,"info":{"isCapital":false,"isUpper":false},"stack":"((<DictionaryAnalyzer>, u'\\u044f\\u0434\\u0435\\u0440\\u043d\\u044b\\u0445', 12, 21),)"},"sentenceIndex":[5],"words":["ядерных"],"wordsIndex":[15]},"rating":25.0,"stats":{"counter":637.0,"counterAll":637.0,"isAdjf":1,"isCombo":0,"isComp":0,"isCountry":0,"isEng":0,"isName":0,"isNominal":0,"isNoun":0,"isNum":0,"isPrtf":0,"isSymbol":0,"isUnknown":0,"isVerb":0,"repeat":0.25,"weight":0.0033448855282503676,"weightAll":0.0008362049161497818}}}