{"ansa":{"params":{"class":"иняз","classMask":21,"info":{"isCapital":false,"isUpper":true},"stack":""},"sentenceIndex":[3],"words":["ANSA"],"wordsIndex":[21]},"агентство":{"params":{"class":"с","classMask":1,"info":{"isCapital":false,"isUpper":false},"stack":"((<DictionaryAnalyzer>, u'\\u0430\\u0433\\u0435\\u043d\\u0442\\u0441\\u0442\\u0432\\u0430', 54, 1),)"},"sentenceIndex":[3],"words":["агентства"],"wordsIndex":[15]},"безопасность":{"params":{"class":"с","classMask":1,"info":{"isCapital":false,"isUpper":false},"stack":"((<DictionaryAnalyzer>, u'\\u0431\\u0435\\u0437\\u043e\\u043f\\u0430\\u0441\\u043d\\u043e\\u0441\\u0442\\u0438', 13, 1),)"},"sentenceIndex":[3],"words":["безопасности"],"wordsIndex":[17]},"благополучный":{"params":{"class":"п","classMask":2,"info":{"isCapital":false,"isUpper":false},"stack":"((<DictionaryAnalyzer>, u'\\u0431\\u043b\\u0430\\u0433\\u043e\\u043f\\u043e\\u043b\\u0443\\u0447\\u043d\\u0430\\u044f', 12, 7),)"},"sentenceIndex":[5],"words":["благополучная"],"wordsIndex":[5]},"ближний":{"params":{"class":"п","classMask":2,"info":{"isCapital":false,"isUpper":false},"stack":"((<DictionaryAnalyzer>, u'\\u0431\\u043b\\u0438\\u0436\\u0430\\u0439\\u0448\\u0438\\u0435', 469, 47),)"},"sentenceIndex":[7],"words":["ближайшие"],"wordsIndex":[9]},"в":{"params":{"class":"символ","classMask":20,"info":{},"stack":""},"sentenceIndex":[0,0,1,2,2,4,4,4,4,5,6,6,7,7,8,8,9],"words":["в","в","В","в","в","в","в","в","в","в","В","в","в","в","В","в","В"],"wordsIndex":[6,13,0,6,21,3,10,13,17,7,0,3,8,11,0,3,0]},"ввести":{"params":{"class":"г","classMask":5,"info":{"isCapital":false,"isUpper":false},"stack":"((<DictionaryAnalyzer>, u'\\u0432\\u0432\\u0435\\u043b\\u0430', 628, 2),)"},"sentenceIndex":[1,9],"words":["ввела","ввела"],"wordsIndex":[3,3]},"ввоз":{"params":{"class":"с","classMask":1,"info":{"isCapital":false,"isUpper":false},"stack":"((<DictionaryAnalyzer>, u'\\u0432\\u0432\\u043e\\u0437', 33, 3),)"},"sentenceIndex":[1,3,9],"words":["ввоз","ввоз","ввоз"],"wordsIndex":[6,12,6]},"ведомство":{"params":{"class":"с","classMask":1,"info":{"isCapital":false,"isUpper":false},"stack":"((<DictionaryAnalyzer>, u'\\u0432\\u0435\\u0434\\u043e\\u043c\\u0441\\u0442\\u0432\\u0435', 54, 5),)"},"sentenceIndex":[4,8],"words":["ведомстве","ведомства"],"wordsIndex":[4,24]},"весна":{"params":{"class":"с","classMask":1,"info":{"isCapital":false,"isUpper":false},"stack":"((<DictionaryAnalyzer>, u'\\u0432\\u0435\\u0441\\u043d\\u0435', 465, 2),)"},"sentenceIndex":[7],"words":["весне"],"wordsIndex":[18]},"весь":{"params":{"class":"п","classMask":2,"info":{"isCapital":false,"isUpper":false},"stack":"((<DictionaryAnalyzer>, u'\\u0432\\u0441\\u0435\\u0439', 703, 13),)"},"sentenceIndex":[8],"words":["всей"],"wordsIndex":[18]},"вместе":{"params":{"class":"н","classMask":11,"info":{"isCapital":true,"isUpper":false},"stack":"((<DictionaryAnalyzer>, u'\\u0432\\u043c\\u0435\\u0441\\u0442\\u0435', 3, 0),)"},"sentenceIndex":[4],"words":["Вместе"],"wordsIndex":[0]},"возникать":{"params":{"class":"г","classMask":5,"info":{"isCapital":false,"isUpper":false},"stack":"((<DictionaryAnalyzer>, u'\\u0432\\u043e\\u0437\\u043d\\u0438\\u043a\\u0430\\u0435\\u0442', 15, 5),)"},"sentenceIndex":[6],"words":["возникает"],"wordsIndex":[10]},"вспышка":{"params":{"class":"с","classMask":1,"info":{"isCapital":false,"isUpper":false},"stack":"((<DictionaryAnalyzer>, u'\\u0432\\u0441\\u043f\\u044b\\u0448\\u043a\\u0438', 9, 1),)"},"sentenceIndex":[4,7],"words":["вспышки","вспышек"],"wordsIndex":[7,5]},"германия":{"params":{"class":"имя","classMask":1122,"info":{"isCapital":true,"isCountry":true,"isUpper":false},"stack":"((<DictionaryAnalyzer>, u'\\u0433\\u0435\\u0440\\u043c\\u0430\\u043d\\u0438\\u0438', 70, 1),)"},"sentenceIndex":[1,9],"words":["Германии","Германии"],"wordsIndex":[13,13]},"говорить":{"params":{"class":"инфинитив","classMask":6,"info":{"isCapital":false,"isUpper":false},"stack":"((<DictionaryAnalyzer>, u'\\u0433\\u043e\\u0432\\u043e\\u0440\\u0438\\u0442\\u044c', 395, 0),)"},"sentenceIndex":[8],"words":["говорить"],"wordsIndex":[10]},"грипп":{"params":{"class":"с","classMask":1,"info":{"isCapital":false,"isUpper":false},"stack":"((<DictionaryAnalyzer>, u'\\u0433\\u0440\\u0438\\u043f\\u043f\\u0430', 33, 1),)"},"sentenceIndex":[1,4,5,7],"words":["гриппа","гриппа","гриппа","гриппа"],"wordsIndex":[23,8,10,7]},"добавить":{"params":{"class":"г","classMask":5,"info":{"isCapital":false,"isUpper":false},"stack":"((<DictionaryAnalyzer>, u'\\u0434\\u043e\\u0431\\u0430\\u0432\\u0438\\u043b\\u0430', 753, 2),)"},"sentenceIndex":[8],"words":["добавила"],"wordsIndex":[22]},"доля":{"params":{"class":"с","classMask":1,"info":{"isCapital":false,"isUpper":false},"stack":"((<DictionaryAnalyzer>, u'\\u0434\\u043e\\u043b\\u044f', 572, 0),)"},"sentenceIndex":[2],"words":["доля"],"wordsIndex":[3]},"другой":{"params":{"class":"п","classMask":2,"info":{"isCapital":false,"isUpper":false},"stack":"((<DictionaryAnalyzer>, u'\\u0434\\u0440\\u0443\\u0433\\u0438\\u0435', 1362, 20),)"},"sentenceIndex":[6],"words":["другие"],"wordsIndex":[4]},"европа":{"params":{"class":"имя","classMask":22,"info":{"isCapital":true,"isUpper":false},"stack":"((<DictionaryAnalyzer>, u'\\u0435\\u0432\\u0440\\u043e\\u043f\\u0435', 35, 6),)"},"sentenceIndex":[4],"words":["Европе"],"wordsIndex":[18]},"есть":{"params":{"class":"межд","classMask":17,"info":{"isCapital":false,"isUpper":false},"stack":"((<DictionaryAnalyzer>, u'\\u0435\\u0441\\u0442\\u044c', 21, 0),)"},"sentenceIndex":[8],"words":["есть"],"wordsIndex":[15]},"заболевание":{"params":{"class":"с","classMask":1,"info":{"isCapital":false,"isUpper":false},"stack":"((<DictionaryAnalyzer>, u'\\u0437\\u0430\\u0431\\u043e\\u043b\\u0435\\u0432\\u0430\\u043d\\u0438\\u044f', 76, 2),)"},"sentenceIndex":[8],"words":["заболевания"],"wordsIndex":[14]},"запрет":{"params":{"class":"с","classMask":1,"info":{"isCapital":false,"isUpper":false},"stack":"((<DictionaryAnalyzer>, u'\\u0437\\u0430\\u043f\\u0440\\u0435\\u0442', 33, 0),)"},"sentenceIndex":[1,3,9],"words":["запрет","запрете","запрет"],"wordsIndex":[4,10,4]},"зона":{"params":{"class":"с","classMask":1,"info":{"isCapital":false,"isUpper":false},"stack":"((<DictionaryAnalyzer>, u'\\u0437\\u043e\\u043d\\u0435', 55, 6),)"},"sentenceIndex":[8],"words":["зоне"],"wordsIndex":[1]},"и":{"params":{"class":"символ","classMask":20,"info":{},"stack":""},"sentenceIndex":[1,2,9],"words":["и","и","и"],"wordsIndex":[15,23,15]},"из":{"params":{"class":"предл","classMask":14,"info":{"isCapital":false,"isUpper":false},"stack":"((<DictionaryAnalyzer>, u'\\u0438\\u0437', 375, 0),)"},"sentenceIndex":[0,1,2,9],"words":["из","из","из","из"],"wordsIndex":[4,9,8,9]},"какой":{"params":{"class":"п","classMask":2,"info":{"isCapital":false,"isUpper":false},"stack":"((<DictionaryAnalyzer>, u'\\u043a\\u0430\\u043a\\u0438\\u0445', 1676, 26),)"},"sentenceIndex":[7],"words":["каких"],"wordsIndex":[2]},"какой-либо":{"params":{"class":"п","classMask":1202,"info":{"comboClassStats":{"п":1,"союз":1},"isCapital":false,"isCombo":true,"isUpper":false},"stack":"<classByLadder>"},"sentenceIndex":[7],"words":["каких-либо"],"wordsIndex":[4]},"корректно":{"params":{"class":"н","classMask":11,"info":{"isCapital":false,"isUpper":false},"stack":"((<DictionaryAnalyzer>, u'\\u043a\\u043e\\u0440\\u0440\\u0435\\u043a\\u0442\\u043d\\u043e', 3, 0),)"},"sentenceIndex":[8],"words":["корректно"],"wordsIndex":[21]},"либо":{"params":{"class":"союз","classMask":15,"info":{"isCapital":false,"isUpper":false},"stack":"((<DictionaryAnalyzer>, u'\\u043b\\u0438\\u0431\\u043e', 20, 0),)"},"sentenceIndex":[7],"words":["либо"],"wordsIndex":[3]},"материк":{"params":{"class":"с","classMask":1,"info":{"isCapital":false,"isUpper":false},"stack":"((<DictionaryAnalyzer>, u'\\u043c\\u0430\\u0442\\u0435\\u0440\\u0438\\u043a\\u0435', 19, 5),)"},"sentenceIndex":[5],"words":["материке"],"wordsIndex":[14]},"мелано":{"params":{"class":"имя","classMask":22,"info":{"isCapital":true,"isUpper":false},"stack":"((<DictionaryAnalyzer>, u'\\u0430\\u043d\\u043e', 25, 0), (<UnknownPrefixAnalyzer>, u'\\u043c\\u0435\\u043b'))"},"sentenceIndex":[0,2,5],"words":["Мелано","Мелано","Мелано"],"wordsIndex":[24,0,0]},"месяц":{"params":{"class":"с","classMask":1,"info":{"isCapital":false,"isUpper":false},"stack":"((<DictionaryAnalyzer>, u'\\u043c\\u0435\\u0441\\u044f\\u0446\\u044b', 71, 9),)"},"sentenceIndex":[7],"words":["месяцы"],"wordsIndex":[10]},"молдавия":{"params":{"class":"имя","classMask":22,"info":{"isCapital":true,"isUpper":false},"stack":"((<DictionaryAnalyzer>, u'\\u043c\\u043e\\u043b\\u0434\\u0430\\u0432\\u0438\\u0438', 70, 1),)"},"sentenceIndex":[0,1,2,3,9],"words":["Молдавии","Молдавия","Молдавию","Молдавии","Молдавия"],"wordsIndex":[7,2,7,20,2]},"мясо":{"params":{"class":"с","classMask":1,"info":{"isCapital":false,"isUpper":false},"stack":"((<DictionaryAnalyzer>, u'\\u043c\\u044f\\u0441\\u0430', 109, 1),)"},"sentenceIndex":[0,1,9],"words":["мяса","мяса","мяса"],"wordsIndex":[2,7,7]},"на":{"params":{"class":"предл","classMask":14,"info":{"isCapital":false,"isUpper":false},"stack":"((<DictionaryAnalyzer>, u'\\u043d\\u0430', 24, 0),)"},"sentenceIndex":[0,0,1,1,2,3,5,9],"words":["на","на","на","на","на","на","на","на"],"wordsIndex":[11,19,5,17,17,11,13,5]},"настолько":{"params":{"class":"н","classMask":11,"info":{"isCapital":false,"isUpper":false},"stack":"((<DictionaryAnalyzer>, u'\\u043d\\u0430\\u0441\\u0442\\u043e\\u043b\\u044c\\u043a\\u043e', 1553, 0),)"},"sentenceIndex":[2],"words":["настолько"],"wordsIndex":[10]},"национальный":{"params":{"class":"имя","classMask":22,"info":{"isCapital":true,"isUpper":false},"stack":"((<DictionaryAnalyzer>, u'\\u043d\\u0430\\u0446\\u0438\\u043e\\u043d\\u0430\\u043b\\u044c\\u043d\\u043e\\u0433\\u043e', 60, 15),)"},"sentenceIndex":[3],"words":["Национального"],"wordsIndex":[14]},"не":{"params":{"class":"част","classMask":16,"info":{"isCapital":false,"isUpper":false},"stack":"((<DictionaryAnalyzer>, u'\\u043d\\u0435', 22, 0),)"},"sentenceIndex":[0,2,3,6,8],"words":["не","не","не","не","не"],"wordsIndex":[8,15,5,9,20]},"негативно":{"params":{"class":"н","classMask":11,"info":{"isCapital":false,"isUpper":false},"stack":"((<DictionaryAnalyzer>, u'\\u043d\\u0435\\u0433\\u0430\\u0442\\u0438\\u0432\\u043d\\u043e', 3, 0),)"},"sentenceIndex":[0],"words":["негативно"],"wordsIndex":[10]},"незначительный":{"params":{"class":"кр_прил","classMask":3,"info":{"isCapital":false,"isUpper":false},"stack":"((<DictionaryAnalyzer>, u'\\u043d\\u0435\\u0437\\u043d\\u0430\\u0447\\u0438\\u0442\\u0435\\u043b\\u044c\\u043d\\u0430', 216, 55),)"},"sentenceIndex":[2,4],"words":["незначительна","незначительны"],"wordsIndex":[11,12]},"несколько":{"params":{"class":"числ","classMask":10,"info":{"isCapital":false,"isUpper":false},"stack":"((<DictionaryAnalyzer>, u'\\u043d\\u0435\\u0441\\u043a\\u043e\\u043b\\u044c\\u043a\\u0438\\u0445', 2099, 1),)"},"sentenceIndex":[1,9],"words":["нескольких","нескольких"],"wordsIndex":[10,10]},"никак":{"params":{"class":"част","classMask":16,"info":{"isCapital":false,"isUpper":false},"stack":"((<DictionaryAnalyzer>, u'\\u043d\\u0438\\u043a\\u0430\\u043a', 22, 0),)"},"sentenceIndex":[2],"words":["никак"],"wordsIndex":[14]},"но":{"params":{"class":"союз","classMask":15,"info":{"isCapital":false,"isUpper":false},"stack":"((<DictionaryAnalyzer>, u'\\u043d\\u043e', 20, 0),)"},"sentenceIndex":[8],"words":["но"],"wordsIndex":[9]},"о":{"params":{"class":"символ","classMask":20,"info":{},"stack":""},"sentenceIndex":[3],"words":["о"],"wordsIndex":[9]},"обострение":{"params":{"class":"с","classMask":1,"info":{"isCapital":false,"isUpper":false},"stack":"((<DictionaryAnalyzer>, u'\\u043e\\u0431\\u043e\\u0441\\u0442\\u0440\\u0435\\u043d\\u0438\\u044f', 76, 2),)"},"sentenceIndex":[1],"words":["обострения"],"wordsIndex":[19]},"ограничение":{"params":{"class":"с","classMask":1,"info":{"isCapital":true,"isUpper":false},"stack":"((<DictionaryAnalyzer>, u'\\u043e\\u0433\\u0440\\u0430\\u043d\\u0438\\u0447\\u0435\\u043d\\u0438\\u0435', 76, 0),)"},"sentenceIndex":[0],"words":["Ограничение"],"wordsIndex":[0]},"один":{"params":{"class":"п","classMask":2,"info":{"isCapital":false,"isUpper":false},"stack":"((<DictionaryAnalyzer>, u'\\u043f\\u0435\\u0440\\u0432\\u0443\\u044e', 2198, 36),)"},"sentenceIndex":[8],"words":["первую"],"wordsIndex":[4]},"ожидать":{"params":{"class":"г","classMask":5,"info":{"isCapital":false,"isUpper":false},"stack":"((<DictionaryAnalyzer>, u'\\u043e\\u0436\\u0438\\u0434\\u0430\\u0435\\u0442', 836, 5),)"},"sentenceIndex":[7],"words":["ожидает"],"wordsIndex":[1]},"она":{"params":{"class":"мс","classMask":12,"info":{"isCapital":true,"isUpper":false},"stack":"((<DictionaryAnalyzer>, u'\\u043e\\u043d\\u0430', 2209, 0),)"},"sentenceIndex":[3],"words":["Она"],"wordsIndex":[0]},"от":{"params":{"class":"предл","classMask":14,"info":{"isCapital":false,"isUpper":false},"stack":"((<DictionaryAnalyzer>, u'\\u043e\\u0442', 375, 0),)"},"sentenceIndex":[3],"words":["от"],"wordsIndex":[13]},"отдельный":{"params":{"class":"п","classMask":2,"info":{"isCapital":false,"isUpper":false},"stack":"((<DictionaryAnalyzer>, u'\\u043e\\u0442\\u0434\\u0435\\u043b\\u044c\\u043d\\u044b\\u0445', 216, 21),)"},"sentenceIndex":[2],"words":["отдельных"],"wordsIndex":[24]},"отметить":{"params":{"class":"г","classMask":5,"info":{"isCapital":false,"isUpper":false},"stack":"((<DictionaryAnalyzer>, u'\\u043e\\u0442\\u043c\\u0435\\u0442\\u0438\\u043b\\u0430', 928, 2),)"},"sentenceIndex":[2,3],"words":["отметила","отметила"],"wordsIndex":[1,1]},"отмечать":{"params":{"class":"г","classMask":5,"info":{"isCapital":false,"isUpper":false},"stack":"((<DictionaryAnalyzer>, u'\\u043e\\u0442\\u043c\\u0435\\u0447\\u0430\\u044e\\u0442', 206, 6),)"},"sentenceIndex":[4,5],"words":["отмечают","отмечает"],"wordsIndex":[5,1]},"отношение":{"params":{"class":"с","classMask":1,"info":{"isCapital":false,"isUpper":false},"stack":"((<DictionaryAnalyzer>, u'\\u043e\\u0442\\u043d\\u043e\\u0448\\u0435\\u043d\\u0438\\u0438', 76, 10),)"},"sentenceIndex":[6],"words":["отношении"],"wordsIndex":[1]},"отразиться":{"params":{"class":"инфинитив","classMask":6,"info":{"isCapital":false,"isUpper":false},"stack":"((<DictionaryAnalyzer>, u'\\u043e\\u0442\\u0440\\u0430\\u0437\\u0438\\u0442\\u044c\\u0441\\u044f', 622, 0),)"},"sentenceIndex":[2],"words":["отразиться"],"wordsIndex":[16]},"официальный":{"params":{"class":"п","classMask":2,"info":{"isCapital":false,"isUpper":false},"stack":"((<DictionaryAnalyzer>, u'\\u043e\\u0444\\u0438\\u0446\\u0438\\u0430\\u043b\\u044c\\u043d\\u043e\\u0433\\u043e', 1289, 15),)"},"sentenceIndex":[0,3],"words":["официального","официального"],"wordsIndex":[20,7]},"очередной":{"params":{"class":"п","classMask":2,"info":{"isCapital":false,"isUpper":false},"stack":"((<DictionaryAnalyzer>, u'\\u043e\\u0447\\u0435\\u0440\\u0435\\u0434\\u043d\\u044b\\u043c', 136, 22),)"},"sentenceIndex":[7],"words":["очередным"],"wordsIndex":[14]},"очередь":{"params":{"class":"с","classMask":1,"info":{"isCapital":false,"isUpper":false},"stack":"((<DictionaryAnalyzer>, u'\\u043e\\u0447\\u0435\\u0440\\u0435\\u0434\\u044c', 13, 3),)"},"sentenceIndex":[8],"words":["очередь"],"wordsIndex":[5]},"пищевой":{"params":{"class":"п","classMask":2,"info":{"isCapital":false,"isUpper":false},"stack":"((<DictionaryAnalyzer>, u'\\u043f\\u0438\\u0449\\u0435\\u0432\\u044b\\u0445', 136, 21),)"},"sentenceIndex":[3],"words":["пищевых"],"wordsIndex":[18]},"план":{"params":{"class":"с","classMask":1,"info":{"isCapital":false,"isUpper":false},"stack":"((<DictionaryAnalyzer>, u'\\u043f\\u043b\\u0430\\u043d\\u0435', 33, 5),)"},"sentenceIndex":[5],"words":["плане"],"wordsIndex":[8]},"по":{"params":{"class":"предл","classMask":14,"info":{"isCapital":false,"isUpper":false},"stack":"((<DictionaryAnalyzer>, u'\\u043f\\u043e', 24, 0),)"},"sentenceIndex":[3,7],"words":["по","по"],"wordsIndex":[16,17]},"пока":{"params":{"class":"н","classMask":11,"info":{"isCapital":false,"isUpper":false},"stack":"((<DictionaryAnalyzer>, u'\\u043f\\u043e\\u043a\\u0430', 3, 0),)"},"sentenceIndex":[3],"words":["пока"],"wordsIndex":[4]},"получать":{"params":{"class":"г","classMask":5,"info":{"isCapital":false,"isUpper":false},"stack":"((<DictionaryAnalyzer>, u'\\u043f\\u043e\\u043b\\u0443\\u0447\\u0430\\u043b', 206, 7),)"},"sentenceIndex":[3],"words":["получал"],"wordsIndex":[6]},"польша":{"params":{"class":"имя","classMask":1122,"info":{"isCapital":true,"isCountry":true,"isUpper":false},"stack":"((<DictionaryAnalyzer>, u'\\u043f\\u043e\\u043b\\u044c\\u0448\\u0438', 284, 1),)"},"sentenceIndex":[1,9],"words":["Польши","Польши"],"wordsIndex":[14,14]},"понедельник":{"params":{"class":"с","classMask":1,"info":{"isCapital":false,"isUpper":false},"stack":"((<DictionaryAnalyzer>, u'\\u043f\\u043e\\u043d\\u0435\\u0434\\u0435\\u043b\\u044c\\u043d\\u0438\\u043a', 19, 3),)"},"sentenceIndex":[1,9],"words":["понедельник","понедельник"],"wordsIndex":[1,1]},"попадать":{"params":{"class":"г","classMask":5,"info":{"isCapital":false,"isUpper":false},"stack":"((<DictionaryAnalyzer>, u'\\u043f\\u043e\\u043f\\u0430\\u0434\\u0430\\u044e\\u0442', 15, 6),)"},"sentenceIndex":[8],"words":["попадают"],"wordsIndex":[6]},"поставка":{"params":{"class":"с","classMask":1,"info":{"isCapital":false,"isUpper":false},"stack":"((<DictionaryAnalyzer>, u'\\u043f\\u043e\\u0441\\u0442\\u0430\\u0432\\u043e\\u043a', 8, 8),)"},"sentenceIndex":[0,2,6],"words":["поставок","поставок","поставок"],"wordsIndex":[1,4,2]},"представитель":{"params":{"class":"с","classMask":1,"info":{"isCapital":false,"isUpper":false},"stack":"((<DictionaryAnalyzer>, u'\\u043f\\u0440\\u0435\\u0434\\u0441\\u0442\\u0430\\u0432\\u0438\\u0442\\u0435\\u043b\\u044f', 121, 3),)"},"sentenceIndex":[0,8],"words":["представителя","представитель"],"wordsIndex":[21,23]},"прилёт":{"params":{"class":"с","classMask":1,"info":{"isCapital":false,"isUpper":false},"stack":"((<DictionaryAnalyzer>, u'\\u043f\\u0440\\u0438\\u043b\\u0451\\u0442\\u043e\\u043c', 33, 4),)"},"sentenceIndex":[7],"words":["прилетом"],"wordsIndex":[15]},"проблема":{"params":{"class":"с","classMask":1,"info":{"isCapital":false,"isUpper":false},"stack":"((<DictionaryAnalyzer>, u'\\u043f\\u0440\\u043e\\u0431\\u043b\\u0435\\u043c', 55, 8),)"},"sentenceIndex":[6],"words":["проблем"],"wordsIndex":[8]},"продукт":{"params":{"class":"с","classMask":1,"info":{"isCapital":false,"isUpper":false},"stack":"((<DictionaryAnalyzer>, u'\\u043f\\u0440\\u043e\\u0434\\u0443\\u043a\\u0442\\u043e\\u0432', 33, 7),)"},"sentenceIndex":[3],"words":["продуктов"],"wordsIndex":[19]},"производитель":{"params":{"class":"с","classMask":1,"info":{"isCapital":false,"isUpper":false},"stack":"((<DictionaryAnalyzer>, u'\\u043f\\u0440\\u043e\\u0438\\u0437\\u0432\\u043e\\u0434\\u0438\\u0442\\u0435\\u043b\\u044f\\u0445', 121, 11),)"},"sentenceIndex":[0,2],"words":["производителях","производителей"],"wordsIndex":[12,25]},"птица":{"params":{"class":"с","classMask":1,"info":{"isCapital":false,"isUpper":false},"stack":"((<DictionaryAnalyzer>, u'\\u043f\\u0442\\u0438\\u0446\\u044b', 143, 7),)"},"sentenceIndex":[0,1,2,4,7,9],"words":["птицы","птицы","птицы","птиц","птиц","птицы"],"wordsIndex":[3,8,5,9,16,8]},"птичий":{"params":{"class":"п","classMask":2,"info":{"isCapital":false,"isUpper":false},"stack":"((<DictionaryAnalyzer>, u'\\u043f\\u0442\\u0438\\u0447\\u044c\\u0435\\u0433\\u043e', 217, 1),)"},"sentenceIndex":[1,5,7],"words":["птичьего","птичьего","птичьего"],"wordsIndex":[22,9,6]},"распространение":{"params":{"class":"с","classMask":1,"info":{"isCapital":false,"isUpper":false},"stack":"((<DictionaryAnalyzer>, u'\\u0440\\u0430\\u0441\\u043f\\u0440\\u043e\\u0441\\u0442\\u0440\\u0430\\u043d\\u0435\\u043d\\u0438\\u044f', 76, 2),)"},"sentenceIndex":[1,8],"words":["распространения","распространения"],"wordsIndex":[21,13]},"регион":{"params":{"class":"с","classMask":1,"info":{"isCapital":false,"isUpper":false},"stack":"((<DictionaryAnalyzer>, u'\\u0440\\u0435\\u0433\\u0438\\u043e\\u043d\\u044b', 33, 6),)"},"sentenceIndex":[8],"words":["регионы"],"wordsIndex":[8]},"решение":{"params":{"class":"с","classMask":1,"info":{"isCapital":false,"isUpper":false},"stack":"((<DictionaryAnalyzer>, u'\\u0440\\u0435\\u0448\\u0435\\u043d\\u0438\\u044f', 76, 2),)"},"sentenceIndex":[3],"words":["решения"],"wordsIndex":[8]},"риска":{"params":{"class":"с","classMask":1,"info":{"isCapital":false,"isUpper":false},"stack":"((<DictionaryAnalyzer>, u'\\u0440\\u0438\\u0441\\u043a\\u0430', 8, 0),)"},"sentenceIndex":[8],"words":["риска"],"wordsIndex":[2]},"россельхознадзор":{"params":{"class":"имя","classMask":22,"info":{"isCapital":true,"isUpper":false},"stack":"((<FakeDictionary>, u'\\u0440\\u043e\\u0441\\u0441\\u0435\\u043b\\u044c\\u0445\\u043e\\u0437\\u043d\\u0430\\u0434\\u0437\\u043e\\u0440\\u0430', 47, 1), (<KnownSuffixAnalyzer>, u'\\u0434\\u0437\\u043e\\u0440\\u0430'))"},"sentenceIndex":[0,3,7],"words":["Россельхознадзора","Россельхознадзор","Россельхознадзор"],"wordsIndex":[22,3,0]},"россия":{"params":{"class":"имя","classMask":1122,"info":{"isCapital":true,"isCountry":true,"isUpper":false},"stack":"((<DictionaryAnalyzer>, u'\\u0440\\u043e\\u0441\\u0441\\u0438\\u0438', 70, 1),)"},"sentenceIndex":[0,1,4,5,6,8,9],"words":["России","России","России","Россия","России","России","России"],"wordsIndex":[5,12,11,3,7,19,12]},"рф":{"params":{"class":"с","classMask":1,"info":{"isCapital":false,"isUpper":true},"stack":"((<DictionaryAnalyzer>, u'\\u0440\\u0444', 1351, 1),)"},"sentenceIndex":[0,2],"words":["РФ","РФ"],"wordsIndex":[14,9]},"с":{"params":{"class":"предл","classMask":14,"info":{"isCapital":false,"isUpper":false},"stack":"((<DictionaryAnalyzer>, u'\\u0441\\u043e', 375, 1),)"},"sentenceIndex":[0,4,4,7,8],"words":["со","с","с","с","со"],"wordsIndex":[17,1,15,13,16]},"самый":{"params":{"class":"п","classMask":2,"info":{"isCapital":false,"isUpper":false},"stack":"((<DictionaryAnalyzer>, u'\\u0441\\u0430\\u043c\\u0430\\u044f', 1245, 7),)"},"sentenceIndex":[5],"words":["самая"],"wordsIndex":[4]},"связь":{"params":{"class":"с","classMask":1,"info":{"isCapital":false,"isUpper":false},"stack":"((<DictionaryAnalyzer>, u'\\u0441\\u0432\\u044f\\u0437\\u0438', 544, 6),)"},"sentenceIndex":[7],"words":["связи"],"wordsIndex":[12]},"ситуация":{"params":{"class":"с","classMask":1,"info":{"isCapital":false,"isUpper":false},"stack":"((<DictionaryAnalyzer>, u'\\u0441\\u0438\\u0442\\u0443\\u0430\\u0446\\u0438\\u0435\\u0439', 40, 4),)"},"sentenceIndex":[4],"words":["ситуацией"],"wordsIndex":[16]},"сказаться":{"params":{"class":"г","classMask":5,"info":{"isCapital":false,"isUpper":false},"stack":"((<DictionaryAnalyzer>, u'\\u0441\\u043a\\u0430\\u0436\\u0435\\u0442\\u0441\\u044f', 639, 9),)"},"sentenceIndex":[0],"words":["скажется"],"wordsIndex":[9]},"сообщать":{"params":{"class":"г","classMask":5,"info":{"isCapital":false,"isUpper":false},"stack":"((<DictionaryAnalyzer>, u'\\u0441\\u043e\\u043e\\u0431\\u0449\\u0430\\u0435\\u0442', 206, 5),)"},"sentenceIndex":[0],"words":["сообщает"],"wordsIndex":[15]},"состояние":{"params":{"class":"с","classMask":1,"info":{"isCapital":false,"isUpper":false},"stack":"((<DictionaryAnalyzer>, u'\\u0441\\u043e\\u0441\\u0442\\u043e\\u044f\\u043d\\u0438\\u0438', 76, 10),)"},"sentenceIndex":[2],"words":["состоянии"],"wordsIndex":[19]},"сравнение":{"params":{"class":"с","classMask":1,"info":{"isCapital":false,"isUpper":false},"stack":"((<DictionaryAnalyzer>, u'\\u0441\\u0440\\u0430\\u0432\\u043d\\u0435\\u043d\\u0438\\u0438', 76, 10),)"},"sentenceIndex":[4],"words":["сравнении"],"wordsIndex":[14]},"среди":{"params":{"class":"предл","classMask":14,"info":{"isCapital":false,"isUpper":false},"stack":"((<DictionaryAnalyzer>, u'\\u0441\\u0440\\u0435\\u0434\\u0438', 24, 0),)"},"sentenceIndex":[5],"words":["среди"],"wordsIndex":[11]},"ссылка":{"params":{"class":"с","classMask":1,"info":{"isCapital":false,"isUpper":false},"stack":"((<DictionaryAnalyzer>, u'\\u0441\\u0441\\u044b\\u043b\\u043a\\u043e\\u0439', 8, 4),)"},"sentenceIndex":[0],"words":["ссылкой"],"wordsIndex":[18]},"сторона":{"params":{"class":"с","classMask":1,"info":{"isCapital":false,"isUpper":false},"stack":"((<DictionaryAnalyzer>, u'\\u0441\\u0442\\u043e\\u0440\\u043e\\u043d\\u044b', 55, 1),)"},"sentenceIndex":[8],"words":["стороны"],"wordsIndex":[17]},"страна":{"params":{"class":"с","classMask":1,"info":{"isCapital":false,"isUpper":false},"stack":"((<DictionaryAnalyzer>, u'\\u0441\\u0442\\u0440\\u0430\\u043d', 55, 8),)"},"sentenceIndex":[1,2,5,5,6,9],"words":["стран","страны","страна","стран","страны","стран"],"wordsIndex":[11,20,6,12,5,11]},"тасс":{"params":{"class":"с","classMask":1,"info":{"isCapital":false,"isUpper":true},"stack":"((<DictionaryAnalyzer>, u'\\u0442\\u0430\\u0441\\u0441', 47, 0),)"},"sentenceIndex":[0],"words":["ТАСС"],"wordsIndex":[16]},"тем":{"params":{"class":"союз","classMask":15,"info":{"isCapital":false,"isUpper":false},"stack":"((<DictionaryAnalyzer>, u'\\u0442\\u0435\\u043c', 20, 0),)"},"sentenceIndex":[4],"words":["тем"],"wordsIndex":[2]},"у":{"params":{"class":"символ","classMask":20,"info":{},"stack":""},"sentenceIndex":[6],"words":["у"],"wordsIndex":[6]},"угроза":{"params":{"class":"с","classMask":1,"info":{"isCapital":false,"isUpper":false},"stack":"((<DictionaryAnalyzer>, u'\\u0443\\u0433\\u0440\\u043e\\u0437\\u044b', 55, 1),)"},"sentenceIndex":[1,8],"words":["угрозы","угроза"],"wordsIndex":[20,12]},"украина":{"params":{"class":"имя","classMask":1122,"info":{"isCapital":true,"isCountry":true,"isUpper":false},"stack":"((<DictionaryAnalyzer>, u'\\u0443\\u043a\\u0440\\u0430\\u0438\\u043d\\u044b', 35, 1),)"},"sentenceIndex":[1,9],"words":["Украины","Украины"],"wordsIndex":[16,16]},"фон":{"params":{"class":"с","classMask":1,"info":{"isCapital":false,"isUpper":false},"stack":"((<DictionaryAnalyzer>, u'\\u0444\\u043e\\u043d\\u0435', 33, 5),)"},"sentenceIndex":[1],"words":["фоне"],"wordsIndex":[18]},"целое":{"params":{"class":"с","classMask":1,"info":{"isCapital":false,"isUpper":false},"stack":"((<DictionaryAnalyzer>, u'\\u0446\\u0435\\u043b\\u043e\\u043c', 972, 5),)"},"sentenceIndex":[2],"words":["целом"],"wordsIndex":[22]},"что":{"params":{"class":"союз","classMask":15,"info":{"isCapital":false,"isUpper":false},"stack":"((<DictionaryAnalyzer>, u'\\u0447\\u0442\\u043e', 3046, 0),)"},"sentenceIndex":[2,2,3,4,5,8],"words":["что","что","что","что","что","что"],"wordsIndex":[2,12,2,6,2,11]},"экономический":{"params":{"class":"п","classMask":2,"info":{"isCapital":false,"isUpper":false},"stack":"((<DictionaryAnalyzer>, u'\\u044d\\u043a\\u043e\\u043d\\u043e\\u043c\\u0438\\u0447\\u0435\\u0441\\u043a\\u043e\\u043c', 16, 6),)"},"sentenceIndex":[2],"words":["экономическом"],"wordsIndex":[18]},"это":{"params":{"class":"част","classMask":16,"info":{"isCapital":false,"isUpper":false},"stack":"((<DictionaryAnalyzer>, u'\\u044d\\u0442\\u043e', 22, 0),)"},"sentenceIndex":[2],"words":["это"],"wordsIndex":[13]},"южный":{"params":{"class":"п","classMask":2,"info":{"isCapital":false,"isUpper":false},"stack":"((<DictionaryAnalyzer>, u'\\u044e\\u0436\\u043d\\u044b\\u0435', 12, 20),)"},"sentenceIndex":[8],"words":["южные"],"wordsIndex":[7]},"юлий":{"params":{"class":"имя","classMask":22,"info":{"isCapital":true,"isUpper":false},"stack":"((<DictionaryAnalyzer>, u'\\u044e\\u043b\\u0438\\u044e', 61, 2),)"},"sentenceIndex":[0],"words":["Юлию"],"wordsIndex":[23]}}