{"а":{"params":{"class":"символ","classMask":20,"info":{},"stack":""},"sentenceIndex":[3],"words":["а"],"wordsIndex":[9]},"американский":{"params":{"class":"п","classMask":2,"info":{"isCapital":false,"isUpper":false},"stack":"((<DictionaryAnalyzer>, u'\\u0430\\u043c\\u0435\\u0440\\u0438\\u043a\\u0430\\u043d\\u0441\\u043a\\u043e\\u043c\\u0443', 16, 2),)"},"sentenceIndex":[4,6],"words":["американскому","американский"],"wordsIndex":[6,2]},"африка":{"params":{"class":"имя","classMask":22,"info":{"isCapital":true,"isUpper":false},"stack":"((<DictionaryAnalyzer>, u'\\u0430\\u0444\\u0440\\u0438\\u043a\\u0438', 51, 1),)"},"sentenceIndex":[3],"words":["Африки"],"wordsIndex":[25]},"беседа":{"params":{"class":"с","classMask":1,"info":{"isCapital":false,"isUpper":false},"stack":"((<DictionaryAnalyzer>, u'\\u0431\\u0435\\u0441\\u0435\\u0434\\u044b', 55, 1),)"},"sentenceIndex":[2],"words":["беседы"],"wordsIndex":[4]},"ближний":{"params":{"class":"имя","classMask":22,"info":{"isCapital":true,"isUpper":false},"stack":"((<DictionaryAnalyzer>, u'\\u0431\\u043b\\u0438\\u0436\\u043d\\u0435\\u043c', 351, 5),)"},"sentenceIndex":[3],"words":["Ближнем"],"wordsIndex":[18]},"большой":{"params":{"class":"имя","classMask":22,"info":{"isCapital":true,"isUpper":false},"stack":"((<DictionaryAnalyzer>, u'\\u0431\\u043e\\u043b\\u044c\\u0448\\u043e\\u0439', 507, 8),)"},"sentenceIndex":[5],"words":["Большой"],"wordsIndex":[12]},"борьба":{"params":{"class":"с","classMask":1,"info":{"isCapital":false,"isUpper":false},"stack":"((<DictionaryAnalyzer>, u'\\u0431\\u043e\\u0440\\u044c\\u0431\\u0443', 29, 3),)"},"sentenceIndex":[1,3,4,7],"words":["борьбу","борьбу","борьбе","борьбу"],"wordsIndex":[2,6,11,8]},"в":{"params":{"class":"символ","classMask":20,"info":{},"stack":""},"sentenceIndex":[3,4,5,5,6,7],"words":["в","в","в","в","в","в"],"wordsIndex":[20,2,14,18,17,16]},"восток":{"params":{"class":"имя","classMask":22,"info":{"isCapital":true,"isUpper":false},"stack":"((<DictionaryAnalyzer>, u'\\u0432\\u043e\\u0441\\u0442\\u043e\\u043a\\u0435', 19, 5),)"},"sentenceIndex":[3],"words":["Востоке"],"wordsIndex":[19]},"встреча":{"params":{"class":"с","classMask":1,"info":{"isCapital":false,"isUpper":false},"stack":"((<DictionaryAnalyzer>, u'\\u0432\\u0441\\u0442\\u0440\\u0435\\u0447\\u0443', 93, 3),)"},"sentenceIndex":[5],"words":["встречу"],"wordsIndex":[8]},"главный":{"params":{"class":"п","classMask":2,"info":{"isCapital":false,"isUpper":false},"stack":"((<DictionaryAnalyzer>, u'\\u0433\\u043b\\u0430\\u0432\\u043d\\u043e\\u0439', 214, 11),)"},"sentenceIndex":[2],"words":["главной"],"wordsIndex":[2]},"деталь":{"params":{"class":"с","classMask":1,"info":{"isCapital":false,"isUpper":false},"stack":"((<DictionaryAnalyzer>, u'\\u0434\\u0435\\u0442\\u0430\\u043b\\u0438', 13, 1),)"},"sentenceIndex":[4],"words":["детали"],"wordsIndex":[8]},"джентилонить":{"params":{"class":"имя","classMask":22,"info":{"isCapital":true,"isUpper":false},"stack":"((<FakeDictionary>, u'\\u0434\\u0436\\u0435\\u043d\\u0442\\u0438\\u043b\\u043e\\u043d\\u0438', 720, 13), (<KnownSuffixAnalyzer>, u'\\u043b\\u043e\\u043d\\u0438'))"},"sentenceIndex":[0,3,5],"words":["Джентилони","Джентилони","Джентилони"],"wordsIndex":[13,2,5]},"договориться":{"params":{"class":"г","classMask":5,"info":{"isCapital":false,"isUpper":false},"stack":"((<DictionaryAnalyzer>, u'\\u0434\\u043e\\u0433\\u043e\\u0432\\u043e\\u0440\\u0438\\u043b\\u0438\\u0441\\u044c', 618, 4),)"},"sentenceIndex":[5],"words":["договорились"],"wordsIndex":[6]},"дональд":{"params":{"class":"имя","classMask":22,"info":{"isCapital":true,"isUpper":false},"stack":"((<DictionaryAnalyzer>, u'\\u0434\\u043e\\u043d\\u0430\\u043b\\u044c\\u0434', 26, 0),)"},"sentenceIndex":[0],"words":["Дональд"],"wordsIndex":[2]},"донбасс":{"params":{"class":"имя","classMask":22,"info":{"isCapital":true,"isUpper":false},"stack":"((<DictionaryAnalyzer>, u'\\u0434\\u043e\\u043d\\u0431\\u0430\\u0441\\u0441\\u0435', 32, 5),)"},"sentenceIndex":[6],"words":["Донбассе"],"wordsIndex":[18]},"достигнутый":{"params":{"class":"п","classMask":2,"info":{"isCapital":false,"isUpper":false},"stack":"((<DictionaryAnalyzer>, u'\\u0434\\u043e\\u0441\\u0442\\u0438\\u0433\\u043d\\u0443\\u0442\\u043e\\u0433\\u043e', 10, 1),)"},"sentenceIndex":[4],"words":["достигнутого"],"wordsIndex":[15]},"и":{"params":{"class":"символ","classMask":20,"info":{},"stack":""},"sentenceIndex":[1,1,2,3,3,5,7,7],"words":["и","и","и","и","и","и","и","и"],"wordsIndex":[5,10,8,1,22,4,11,18]},"италия":{"params":{"class":"имя","classMask":1122,"info":{"isCapital":true,"isCountry":true,"isUpper":false},"stack":"((<DictionaryAnalyzer>, u'\\u0438\\u0442\\u0430\\u043b\\u0438\\u0438', 70, 1),)"},"sentenceIndex":[0,2],"words":["Италии","Италии"],"wordsIndex":[11,9]},"итальянский":{"params":{"class":"п","classMask":2,"info":{"isCapital":true,"isUpper":false},"stack":"((<DictionaryAnalyzer>, u'\\u0438\\u0442\\u0430\\u043b\\u044c\\u044f\\u043d\\u0441\\u043a\\u0438\\u0439', 16, 0),)"},"sentenceIndex":[4,7],"words":["Итальянский","итальянским"],"wordsIndex":[0,4]},"конфликт":{"params":{"class":"с","classMask":1,"info":{"isCapital":false,"isUpper":false},"stack":"((<DictionaryAnalyzer>, u'\\u043a\\u043e\\u043d\\u0444\\u043b\\u0438\\u043a\\u0442\\u043e\\u0432', 33, 7),)"},"sentenceIndex":[1,7],"words":["конфликтов","конфликтов"],"wordsIndex":[12,15]},"который":{"params":{"class":"п","classMask":2,"info":{"isCapital":false,"isUpper":false},"stack":"((<DictionaryAnalyzer>, u'\\u043a\\u043e\\u0442\\u043e\\u0440\\u044b\\u0439', 1788, 0),)"},"sentenceIndex":[5,6],"words":["который","которым"],"wordsIndex":[16,14]},"кризис":{"params":{"class":"с","classMask":1,"info":{"isCapital":false,"isUpper":false},"stack":"((<DictionaryAnalyzer>, u'\\u043a\\u0440\\u0438\\u0437\\u0438\\u0441\\u043e\\u0432', 33, 7),)"},"sentenceIndex":[3],"words":["кризисов"],"wordsIndex":[14]},"ливия":{"params":{"class":"имя","classMask":1122,"info":{"isCapital":true,"isCountry":true,"isUpper":false},"stack":"((<DictionaryAnalyzer>, u'\\u043b\\u0438\\u0432\\u0438\\u0435\\u0439', 70, 4),)"},"sentenceIndex":[4],"words":["Ливией"],"wordsIndex":[17]},"лидер":{"params":{"class":"с","classMask":1,"info":{"isCapital":false,"isUpper":false},"stack":"((<DictionaryAnalyzer>, u'\\u043b\\u0438\\u0434\\u0435\\u0440', 52, 0),)"},"sentenceIndex":[6],"words":["лидер"],"wordsIndex":[3]},"май":{"params":{"class":"с","classMask":1,"info":{"isCapital":false,"isUpper":false},"stack":"((<DictionaryAnalyzer>, u'\\u043c\\u0430\\u0435', 865, 5),)"},"sentenceIndex":[5],"words":["мае"],"wordsIndex":[19]},"миграция":{"params":{"class":"с","classMask":1,"info":{"isCapital":false,"isUpper":false},"stack":"((<DictionaryAnalyzer>, u'\\u043c\\u0438\\u0433\\u0440\\u0430\\u0446\\u0438\\u0435\\u0439', 40, 4),)"},"sentenceIndex":[4],"words":["миграцией"],"wordsIndex":[14]},"министр":{"params":{"class":"с","classMask":1,"info":{"isCapital":false,"isUpper":false},"stack":"((<DictionaryAnalyzer>, u'\\u043c\\u0438\\u043d\\u0438\\u0441\\u0442\\u0440\\u043e\\u043c', 52, 4),)"},"sentenceIndex":[0,7],"words":["министром","министром"],"wordsIndex":[9,6]},"министр-премьер":{"params":{"class":"с","classMask":1201,"info":{"comboClassStats":{"с":2},"isCapital":false,"isCombo":true,"isUpper":false},"stack":"<classByLadder>"},"sentenceIndex":[0,7],"words":["премьер-министром","премьер-министром"],"wordsIndex":[10,7]},"на":{"params":{"class":"предл","classMask":14,"info":{"isCapital":false,"isUpper":false},"stack":"((<DictionaryAnalyzer>, u'\\u043d\\u0430', 24, 0),)"},"sentenceIndex":[3,3,3,5,7],"words":["на","на","на","на","на"],"wordsIndex":[15,17,23,9,19]},"незаконный":{"params":{"class":"п","classMask":2,"info":{"isCapital":false,"isUpper":false},"stack":"((<DictionaryAnalyzer>, u'\\u043d\\u0435\\u0437\\u0430\\u043a\\u043e\\u043d\\u043d\\u043e\\u0439', 12, 8),)"},"sentenceIndex":[4],"words":["незаконной"],"wordsIndex":[13]},"новость":{"params":{"class":"имя","classMask":22,"info":{"isCapital":true,"isUpper":false},"stack":"((<DictionaryAnalyzer>, u'\\u043d\\u043e\\u0432\\u043e\\u0441\\u0442\\u0438', 13, 1),)"},"sentenceIndex":[1],"words":["Новости"],"wordsIndex":[15]},"обсудить":{"params":{"class":"г","classMask":5,"info":{"isCapital":false,"isUpper":false},"stack":"((<DictionaryAnalyzer>, u'\\u043e\\u0431\\u0441\\u0443\\u0434\\u0438\\u043b\\u0438', 860, 4),)"},"sentenceIndex":[1,6,7],"words":["обсудили","обсудил","обсудил"],"wordsIndex":[1,15,2]},"обязательство":{"params":{"class":"с","classMask":1,"info":{"isCapital":false,"isUpper":false},"stack":"((<DictionaryAnalyzer>, u'\\u043e\\u0431\\u044f\\u0437\\u0430\\u0442\\u0435\\u043b\\u044c\\u0441\\u0442\\u0432\\u0430', 54, 1),)"},"sentenceIndex":[3],"words":["обязательства"],"wordsIndex":[4]},"они":{"params":{"class":"мс","classMask":12,"info":{"isCapital":true,"isUpper":false},"stack":"((<DictionaryAnalyzer>, u'\\u043e\\u043d\\u0438', 2210, 0),)"},"sentenceIndex":[1],"words":["Они"],"wordsIndex":[0]},"отметить":{"params":{"class":"г","classMask":5,"info":{"isCapital":true,"isUpper":false},"stack":"((<DictionaryAnalyzer>, u'\\u043e\\u0442\\u043c\\u0435\\u0442\\u0438\\u043c', 928, 6),)"},"sentenceIndex":[6],"words":["Отметим"],"wordsIndex":[0]},"отношение":{"params":{"class":"с","classMask":1,"info":{"isCapital":false,"isUpper":false},"stack":"((<DictionaryAnalyzer>, u'\\u043e\\u0442\\u043d\\u043e\\u0448\\u0435\\u043d\\u0438\\u044f', 76, 2),)"},"sentenceIndex":[2],"words":["отношения"],"wordsIndex":[6]},"паоло":{"params":{"class":"имя","classMask":22,"info":{"isCapital":true,"isUpper":false},"stack":"((<DictionaryAnalyzer>, u'\\u043f\\u0430\\u043e\\u043b\\u043e', 25, 0),)"},"sentenceIndex":[0],"words":["Паоло"],"wordsIndex":[12]},"передавать":{"params":{"class":"г","classMask":5,"info":{"isCapital":false,"isUpper":false},"stack":"((<DictionaryAnalyzer>, u'\\u043f\\u0435\\u0440\\u0435\\u0434\\u0430\\u0451\\u0442', 2308, 5),)"},"sentenceIndex":[1],"words":["передает"],"wordsIndex":[13]},"по":{"params":{"class":"предл","classMask":14,"info":{"isCapital":false,"isUpper":false},"stack":"((<DictionaryAnalyzer>, u'\\u043f\\u043e', 24, 0),)"},"sentenceIndex":[1,3,4,7],"words":["по","по","по","по"],"wordsIndex":[7,12,10,13]},"подтвердить":{"params":{"class":"г","classMask":5,"info":{"isCapital":false,"isUpper":false},"stack":"((<DictionaryAnalyzer>, u'\\u043f\\u043e\\u0434\\u0442\\u0432\\u0435\\u0440\\u0434\\u0438\\u043b\\u0438', 860, 4),)"},"sentenceIndex":[3],"words":["подтвердили"],"wordsIndex":[3]},"поле":{"params":{"class":"с","classMask":1,"info":{"isCapital":false,"isUpper":false},"stack":"((<DictionaryAnalyzer>, u'\\u043f\\u043e\\u043b\\u044f\\u0445', 440, 11),)"},"sentenceIndex":[5],"words":["полях"],"wordsIndex":[10]},"порошенко":{"params":{"class":"имя","classMask":22,"info":{"isCapital":true,"isUpper":false},"stack":"((<DictionaryAnalyzer>, u'\\u043f\\u043e\\u0440\\u043e\\u0448\\u0435\\u043d\\u043a\\u043e', 44, 0),)"},"sentenceIndex":[6],"words":["Порошенко"],"wordsIndex":[12]},"представить":{"params":{"class":"г","classMask":5,"info":{"isCapital":false,"isUpper":false},"stack":"((<DictionaryAnalyzer>, u'\\u043f\\u0440\\u0435\\u0434\\u0441\\u0442\\u0430\\u0432\\u0438\\u043b', 753, 1),)"},"sentenceIndex":[4],"words":["представил"],"wordsIndex":[5]},"президент":{"params":{"class":"с","classMask":1,"info":{"isCapital":true,"isUpper":false},"stack":"((<DictionaryAnalyzer>, u'\\u043f\\u0440\\u0435\\u0437\\u0438\\u0434\\u0435\\u043d\\u0442', 52, 0),)"},"sentenceIndex":[0,4,6,7],"words":["Президент","президенту","президентом","Президент"],"wordsIndex":[0,7,10,0]},"премьер":{"params":{"class":"с","classMask":1,"info":{"isCapital":false,"isUpper":false},"stack":"((<DictionaryAnalyzer>, u'\\u043f\\u0440\\u0435\\u043c\\u044c\\u0435\\u0440', 52, 0),)"},"sentenceIndex":[0,4,7],"words":["премьер","премьер","премьер"],"wordsIndex":[8,1,5]},"провести":{"params":{"class":"г","classMask":5,"info":{"isCapital":false,"isUpper":false},"stack":"((<DictionaryAnalyzer>, u'\\u043f\\u0440\\u043e\\u0432\\u0451\\u043b', 628, 1),)"},"sentenceIndex":[0,5,6],"words":["провел","провести","провел"],"wordsIndex":[4,7,5]},"продолжать":{"params":{"class":"инфинитив","classMask":6,"info":{"isCapital":false,"isUpper":false},"stack":"((<DictionaryAnalyzer>, u'\\u043f\\u0440\\u043e\\u0434\\u043e\\u043b\\u0436\\u0430\\u0442\\u044c', 206, 0),)"},"sentenceIndex":[3],"words":["продолжать"],"wordsIndex":[5]},"пройти":{"params":{"class":"г","classMask":5,"info":{"isCapital":false,"isUpper":false},"stack":"((<DictionaryAnalyzer>, u'\\u043f\\u0440\\u043e\\u0439\\u0434\\u0451\\u0442', 2013, 9),)"},"sentenceIndex":[5],"words":["пройдет"],"wordsIndex":[17]},"пётр":{"params":{"class":"имя","classMask":22,"info":{"isCapital":true,"isUpper":false},"stack":"((<DictionaryAnalyzer>, u'\\u043f\\u0435\\u0442\\u0440\\u043e\\u043c', 2345, 4),)"},"sentenceIndex":[6],"words":["Петром"],"wordsIndex":[11]},"разговор":{"params":{"class":"с","classMask":1,"info":{"isCapital":false,"isUpper":false},"stack":"((<DictionaryAnalyzer>, u'\\u0440\\u0430\\u0437\\u0433\\u043e\\u0432\\u043e\\u0440', 33, 0),)"},"sentenceIndex":[0,4,6],"words":["разговор","разговора","разговор"],"wordsIndex":[6,4,7]},"разрешение":{"params":{"class":"с","classMask":1,"info":{"isCapital":false,"isUpper":false},"stack":"((<DictionaryAnalyzer>, u'\\u0440\\u0430\\u0437\\u0440\\u0435\\u0448\\u0435\\u043d\\u0438\\u044e', 76, 4),)"},"sentenceIndex":[1,3,7],"words":["разрешению","разрешению","разрешению"],"wordsIndex":[8,13,14]},"риа":{"params":{"class":"с","classMask":1,"info":{"isCapital":false,"isUpper":true},"stack":"((<DictionaryAnalyzer>, u'\\u0440\\u0438\\u0430', 148, 0),)"},"sentenceIndex":[1],"words":["РИА"],"wordsIndex":[14]},"с":{"params":{"class":"символ","classMask":20,"info":{},"stack":""},"sentenceIndex":[0,1,3,4,4,6,6,7,7],"words":["с","с","с","с","с","с","с","с","с"],"wordsIndex":[7,3,7,12,16,8,13,3,9]},"саммит":{"params":{"class":"с","classMask":1,"info":{"isCapital":false,"isUpper":false},"stack":"((<DictionaryAnalyzer>, u'\\u0441\\u0430\\u043c\\u043c\\u0438\\u0442\\u0430', 33, 1),)"},"sentenceIndex":[5],"words":["саммита"],"wordsIndex":[11]},"север":{"params":{"class":"с","classMask":1,"info":{"isCapital":false,"isUpper":false},"stack":"((<DictionaryAnalyzer>, u'\\u0441\\u0435\\u0432\\u0435\\u0440\\u0435', 33, 5),)"},"sentenceIndex":[3],"words":["севере"],"wordsIndex":[24]},"семёрка":{"params":{"class":"с","classMask":1,"info":{"isCapital":false,"isUpper":false},"stack":"((<DictionaryAnalyzer>, u'\\u0441\\u0435\\u043c\\u0451\\u0440\\u043a\\u0438', 8, 1),)"},"sentenceIndex":[5],"words":["семерки"],"wordsIndex":[13]},"сирийский":{"params":{"class":"п","classMask":2,"info":{"isCapital":false,"isUpper":false},"stack":"((<DictionaryAnalyzer>, u'\\u0441\\u0438\\u0440\\u0438\\u0439\\u0441\\u043a\\u043e\\u0433\\u043e', 16, 15),)"},"sentenceIndex":[1],"words":["сирийского"],"wordsIndex":[9]},"сирия":{"params":{"class":"имя","classMask":1122,"info":{"isCapital":true,"isCountry":true,"isUpper":false},"stack":"((<DictionaryAnalyzer>, u'\\u0441\\u0438\\u0440\\u0438\\u0438', 70, 1),)"},"sentenceIndex":[3,7],"words":["Сирии","Сирии"],"wordsIndex":[21,17]},"ситуация":{"params":{"class":"с","classMask":1,"info":{"isCapital":false,"isUpper":false},"stack":"((<DictionaryAnalyzer>, u'\\u0441\\u0438\\u0442\\u0443\\u0430\\u0446\\u0438\\u044e', 40, 3),)"},"sentenceIndex":[6],"words":["ситуацию"],"wordsIndex":[16]},"соглашение":{"params":{"class":"с","classMask":1,"info":{"isCapital":false,"isUpper":false},"stack":"((<DictionaryAnalyzer>, u'\\u0441\\u043e\\u0433\\u043b\\u0430\\u0448\\u0435\\u043d\\u0438\\u044f', 76, 2),)"},"sentenceIndex":[4],"words":["соглашения"],"wordsIndex":[9]},"сообщаться":{"params":{"class":"г","classMask":5,"info":{"isCapital":true,"isUpper":false},"stack":"((<DictionaryAnalyzer>, u'\\u0441\\u043e\\u043e\\u0431\\u0449\\u0430\\u0435\\u0442\\u0441\\u044f', 224, 5),)"},"sentenceIndex":[2,5],"words":["Сообщается","сообщается"],"wordsIndex":[0,1]},"стать":{"params":{"class":"г","classMask":5,"info":{"isCapital":false,"isUpper":false},"stack":"((<DictionaryAnalyzer>, u'\\u0441\\u0442\\u0430\\u043b\\u0438', 904, 4),)"},"sentenceIndex":[2],"words":["стали"],"wordsIndex":[5]},"сша":{"params":{"class":"с","classMask":1,"info":{"isCapital":false,"isUpper":true},"stack":"((<DictionaryAnalyzer>, u'\\u0441\\u0448\\u0430', 1828, 1),)"},"sentenceIndex":[0,2,7],"words":["США","США","США"],"wordsIndex":[1,7,1]},"также":{"params":{"class":"союз","classMask":15,"info":{"isCapital":true,"isUpper":false},"stack":"((<DictionaryAnalyzer>, u'\\u0442\\u0430\\u043a\\u0436\\u0435', 20, 0),)"},"sentenceIndex":[3,5,6],"words":["также","Также","также"],"wordsIndex":[10,0,4]},"таормина":{"params":{"class":"имя","classMask":22,"info":{"isCapital":true,"isUpper":false},"stack":"((<DictionaryAnalyzer>, u'\\u043c\\u0438\\u043d\\u0435', 55, 2), (<UnknownPrefixAnalyzer>, u'\\u0442\\u0430\\u043e\\u0440'))"},"sentenceIndex":[5],"words":["Таормине"],"wordsIndex":[15]},"телефонный":{"params":{"class":"п","classMask":2,"info":{"isCapital":false,"isUpper":false},"stack":"((<DictionaryAnalyzer>, u'\\u0442\\u0435\\u043b\\u0435\\u0444\\u043e\\u043d\\u043d\\u044b\\u0439', 12, 0),)"},"sentenceIndex":[0,6],"words":["телефонный","телефонный"],"wordsIndex":[5,6]},"тема":{"params":{"class":"с","classMask":1,"info":{"isCapital":false,"isUpper":false},"stack":"((<DictionaryAnalyzer>, u'\\u0442\\u0435\\u043c\\u043e\\u0439', 55, 4),)"},"sentenceIndex":[2],"words":["темой"],"wordsIndex":[3]},"терроризм":{"params":{"class":"с","classMask":1,"info":{"isCapital":false,"isUpper":false},"stack":"((<DictionaryAnalyzer>, u'\\u0442\\u0435\\u0440\\u0440\\u043e\\u0440\\u0438\\u0437\\u043c\\u043e\\u043c', 33, 4),)"},"sentenceIndex":[1,3,7],"words":["терроризмом","терроризмом","терроризмом"],"wordsIndex":[4,8,10]},"трамп":{"params":{"class":"имя","classMask":22,"info":{"isCapital":true,"isUpper":false},"stack":"((<DictionaryAnalyzer>, u'\\u0442\\u0440\\u0430\\u043c\\u043f', 33, 0),)"},"sentenceIndex":[0,3,5],"words":["Трамп","Трамп","Трамп"],"wordsIndex":[3,0,3]},"украина":{"params":{"class":"имя","classMask":1122,"info":{"isCapital":true,"isCountry":true,"isUpper":false},"stack":"((<DictionaryAnalyzer>, u'\\u0443\\u043a\\u0440\\u0430\\u0438\\u043d\\u0435', 35, 6),)"},"sentenceIndex":[3,7],"words":["Украине","Украине"],"wordsIndex":[16,20]},"украинский":{"params":{"class":"п","classMask":2,"info":{"isCapital":false,"isUpper":false},"stack":"((<DictionaryAnalyzer>, u'\\u0443\\u043a\\u0440\\u0430\\u0438\\u043d\\u0441\\u043a\\u043e\\u0433\\u043e', 228, 15),)"},"sentenceIndex":[1,6],"words":["украинского","украинским"],"wordsIndex":[11,9]},"усилие":{"params":{"class":"с","classMask":1,"info":{"isCapital":false,"isUpper":false},"stack":"((<DictionaryAnalyzer>, u'\\u0443\\u0441\\u0438\\u043b\\u0438\\u044f', 76, 2),)"},"sentenceIndex":[1,3,7],"words":["усилия","усилия","усилия"],"wordsIndex":[6,11,12]},"ход":{"params":{"class":"с","classMask":1,"info":{"isCapital":false,"isUpper":false},"stack":"((<DictionaryAnalyzer>, u'\\u0445\\u043e\\u0434\\u0435', 2991, 6),)"},"sentenceIndex":[4],"words":["ходе"],"wordsIndex":[3]},"что":{"params":{"class":"союз","classMask":15,"info":{"isCapital":false,"isUpper":false},"stack":"((<DictionaryAnalyzer>, u'\\u0447\\u0442\\u043e', 3046, 0),)"},"sentenceIndex":[2,5,6],"words":["что","что","что"],"wordsIndex":[1,2,1]}}