{"аиф":{"params":{"class":"имя","classMask":22,"info":{"isCapital":true,"isUpper":false},"stack":""},"sentenceIndex":[0],"words":["АиФ"],"wordsIndex":[19]},"александр":{"params":{"class":"имя","classMask":22,"info":{"isCapital":true,"isUpper":false},"stack":"((<DictionaryAnalyzer>, u'\\u0430\\u043b\\u0435\\u043a\\u0441\\u0430\\u043d\\u0434\\u0440', 26, 0),)"},"sentenceIndex":[0],"words":["Александр"],"wordsIndex":[15]},"в":{"params":{"class":"символ","classMask":20,"info":{},"stack":""},"sentenceIndex":[0,2,2,5,5,6,6,6,7,9],"words":["в","В","в","в","в","В","в","в","в","в"],"wordsIndex":[17,0,6,10,15,0,4,6,9,10]},"важный":{"params":{"class":"п","classMask":2,"info":{"isCapital":false,"isUpper":false},"stack":"((<DictionaryAnalyzer>, u'\\u0432\\u0430\\u0436\\u043d\\u044b\\u043c', 214, 22),)"},"sentenceIndex":[5,9],"words":["важным","важным"],"wordsIndex":[5,5]},"великий":{"params":{"class":"имя","classMask":22,"info":{"isCapital":true,"isUpper":false},"stack":"((<DictionaryAnalyzer>, u'\\u0432\\u0435\\u043b\\u0438\\u043a\\u043e\\u043c\\u0443', 668, 2),)"},"sentenceIndex":[0],"words":["Великому"],"wordsIndex":[6]},"вместе":{"params":{"class":"н","classMask":11,"info":{"isCapital":true,"isUpper":false},"stack":"((<DictionaryAnalyzer>, u'\\u0432\\u043c\\u0435\\u0441\\u0442\\u0435', 3, 0),)"},"sentenceIndex":[5,9],"words":["Вместе","Вместе"],"wordsIndex":[0,0]},"время":{"params":{"class":"с","classMask":1,"info":{"isCapital":false,"isUpper":false},"stack":"((<DictionaryAnalyzer>, u'\\u0432\\u0440\\u0435\\u043c\\u044f', 536, 3),)"},"sentenceIndex":[6],"words":["время"],"wordsIndex":[8]},"вход":{"params":{"class":"с","classMask":1,"info":{"isCapital":false,"isUpper":false},"stack":"((<DictionaryAnalyzer>, u'\\u0432\\u0445\\u043e\\u0434\\u0430', 33, 1),)"},"sentenceIndex":[5,7,9],"words":["входа","входа","входа"],"wordsIndex":[8,5,8]},"высококвалифицированный":{"params":{"class":"п","classMask":2,"info":{"isCapital":false,"isUpper":false},"stack":"((<DictionaryAnalyzer>, u'\\u0432\\u044b\\u0441\\u043e\\u043a\\u043e\\u043a\\u0432\\u0430\\u043b\\u0438\\u0444\\u0438\\u0446\\u0438\\u0440\\u043e\\u0432\\u0430\\u043d\\u043d\\u044b\\u0445', 118, 21),)"},"sentenceIndex":[3],"words":["высококвалифицированных"],"wordsIndex":[4]},"германия":{"params":{"class":"имя","classMask":1122,"info":{"isCapital":true,"isCountry":true,"isUpper":false},"stack":"((<DictionaryAnalyzer>, u'\\u0433\\u0435\\u0440\\u043c\\u0430\\u043d\\u0438\\u0438', 70, 1),)"},"sentenceIndex":[5],"words":["Германии"],"wordsIndex":[18]},"глава":{"params":{"class":"с","classMask":1,"info":{"isCapital":false,"isUpper":false},"stack":"((<DictionaryAnalyzer>, u'\\u0433\\u043b\\u0430\\u0432\\u0430', 513, 0),)"},"sentenceIndex":[0],"words":["глава"],"wordsIndex":[13]},"госдума":{"params":{"class":"имя","classMask":22,"info":{"isCapital":true,"isUpper":false},"stack":"((<DictionaryAnalyzer>, u'\\u0433\\u043e\\u0441\\u0434\\u0443\\u043c\\u0435', 113, 6),)"},"sentenceIndex":[6],"words":["Госдуме"],"wordsIndex":[5]},"десятка":{"params":{"class":"с","classMask":1,"info":{"isCapital":false,"isUpper":false},"stack":"((<DictionaryAnalyzer>, u'\\u0434\\u0435\\u0441\\u044f\\u0442\\u043a\\u0438', 8, 1),)"},"sentenceIndex":[3],"words":["десятки"],"wordsIndex":[2]},"для":{"params":{"class":"предл","classMask":14,"info":{"isCapital":false,"isUpper":false},"stack":"((<DictionaryAnalyzer>, u'\\u0434\\u043b\\u044f', 24, 0),)"},"sentenceIndex":[0],"words":["для"],"wordsIndex":[10]},"жаров":{"params":{"class":"имя","classMask":22,"info":{"isCapital":true,"isUpper":false},"stack":"((<DictionaryAnalyzer>, u'\\u0436\\u0430\\u0440\\u043e\\u0432', 36, 0),)"},"sentenceIndex":[0,5,9],"words":["Жаров","Жаров","Жаров"],"wordsIndex":[16,3,3]},"законопроект":{"params":{"class":"с","classMask":1,"info":{"isCapital":false,"isUpper":false},"stack":"((<DictionaryAnalyzer>, u'\\u0437\\u0430\\u043a\\u043e\\u043d\\u043e\\u043f\\u0440\\u043e\\u0435\\u043a\\u0442', 33, 0),)"},"sentenceIndex":[6],"words":["законопроект"],"wordsIndex":[10]},"заявить":{"params":{"class":"г","classMask":5,"info":{"isCapital":false,"isUpper":false},"stack":"((<DictionaryAnalyzer>, u'\\u0437\\u0430\\u044f\\u0432\\u0438\\u043b', 647, 1),)"},"sentenceIndex":[0],"words":["заявил"],"wordsIndex":[12]},"извне":{"params":{"class":"н","classMask":11,"info":{"isCapital":false,"isUpper":false},"stack":"((<DictionaryAnalyzer>, u'\\u0438\\u0437\\u0432\\u043d\\u0435', 3, 0),)"},"sentenceIndex":[2],"words":["извне"],"wordsIndex":[11]},"интервью":{"params":{"class":"с","classMask":1,"info":{"isCapital":false,"isUpper":false},"stack":"((<DictionaryAnalyzer>, u'\\u0438\\u043d\\u0442\\u0435\\u0440\\u0432\\u044c\\u044e', 23, 3),)"},"sentenceIndex":[0],"words":["интервью"],"wordsIndex":[18]},"интернет":{"params":{"class":"с","classMask":1,"info":{"isCapital":false,"isUpper":false},"stack":"((<DictionaryAnalyzer>, u'\\u0438\\u043d\\u0442\\u0435\\u0440\\u043d\\u0435\\u0442', 33, 0),)"},"sentenceIndex":[0,2,5,6,7,9],"words":["интернет","интернет","интернета","интернета","интернета","интернета"],"wordsIndex":[2,8,9,14,6,9]},"интернет-пространство":{"params":{"class":"с","classMask":1201,"info":{"comboClassStats":{"с":2},"isCapital":false,"isCombo":true,"isUpper":false},"stack":"<classByLadder>"},"sentenceIndex":[2],"words":["интернет-пространство"],"wordsIndex":[10]},"интернет-трафик":{"params":{"class":"с","classMask":1201,"info":{"comboClassStats":{"с":2},"isCapital":false,"isCombo":true,"isUpper":false},"stack":"<classByLadder>"},"sentenceIndex":[0],"words":["интернет-трафика"],"wordsIndex":[4]},"информация":{"params":{"class":"с","classMask":1,"info":{"isCapital":false,"isUpper":false},"stack":"((<DictionaryAnalyzer>, u'\\u0438\\u043d\\u0444\\u043e\\u0440\\u043c\\u0430\\u0446\\u0438\\u044e', 40, 3),)"},"sentenceIndex":[2],"words":["информацию"],"wordsIndex":[4]},"инфраструктура":{"params":{"class":"с","classMask":1,"info":{"isCapital":false,"isUpper":false},"stack":"((<DictionaryAnalyzer>, u'\\u0438\\u043d\\u0444\\u0440\\u0430\\u0441\\u0442\\u0440\\u0443\\u043a\\u0442\\u0443\\u0440\\u0435', 55, 2),)"},"sentenceIndex":[6],"words":["инфраструктуре"],"wordsIndex":[13]},"к":{"params":{"class":"символ","classMask":20,"info":{},"stack":""},"sentenceIndex":[7,8],"words":["к","к"],"wordsIndex":[7,6]},"кажется":{"params":{"class":"союз","classMask":15,"info":{"isCapital":false,"isUpper":false},"stack":"((<DictionaryAnalyzer>, u'\\u043a\\u0430\\u0436\\u0435\\u0442\\u0441\\u044f', 128, 0),)"},"sentenceIndex":[7],"words":["кажется"],"wordsIndex":[1]},"катастрофа":{"params":{"class":"с","classMask":1,"info":{"isCapital":false,"isUpper":false},"stack":"((<DictionaryAnalyzer>, u'\\u043a\\u0430\\u0442\\u0430\\u0441\\u0442\\u0440\\u043e\\u0444\\u0435', 55, 6),)"},"sentenceIndex":[8],"words":["катастрофе"],"wordsIndex":[8]},"китай":{"params":{"class":"имя","classMask":1122,"info":{"isCapital":true,"isCountry":true,"isUpper":false},"stack":"((<DictionaryAnalyzer>, u'\\u043a\\u0438\\u0442\\u0430\\u0435', 42, 5),)"},"sentenceIndex":[5],"words":["Китае"],"wordsIndex":[16]},"китайский":{"params":{"class":"п","classMask":2,"info":{"isCapital":false,"isUpper":false},"stack":"((<DictionaryAnalyzer>, u'\\u043a\\u0438\\u0442\\u0430\\u0439\\u0441\\u043a\\u043e\\u043c\\u0443', 16, 2),)"},"sentenceIndex":[0,2],"words":["китайскому","китайское"],"wordsIndex":[7,7]},"контролировать":{"params":{"class":"инфинитив","classMask":6,"info":{"isCapital":false,"isUpper":false},"stack":"((<DictionaryAnalyzer>, u'\\u043a\\u043e\\u043d\\u0442\\u0440\\u043e\\u043b\\u0438\\u0440\\u043e\\u0432\\u0430\\u0442\\u044c', 168, 0),)"},"sentenceIndex":[5,7,9],"words":["контролировать","контролировать","контролировать"],"wordsIndex":[6,3,6]},"критический":{"params":{"class":"п","classMask":2,"info":{"isCapital":false,"isUpper":false},"stack":"((<DictionaryAnalyzer>, u'\\u043a\\u0440\\u0438\\u0442\\u0438\\u0447\\u0435\\u0441\\u043a\\u043e\\u0439', 16, 8),)"},"sentenceIndex":[6],"words":["критической"],"wordsIndex":[12]},"логичный":{"params":{"class":"п","classMask":2,"info":{"isCapital":false,"isUpper":false},"stack":"((<DictionaryAnalyzer>, u'\\u043b\\u043e\\u0433\\u0438\\u0447\\u043d\\u044b\\u043c', 12, 5),)"},"sentenceIndex":[7],"words":["логичным"],"wordsIndex":[2]},"мочь":{"params":{"class":"г","classMask":5,"info":{"isCapital":false,"isUpper":false},"stack":"((<DictionaryAnalyzer>, u'\\u043c\\u043e\\u0436\\u0435\\u0442', 1979, 5),)"},"sentenceIndex":[8],"words":["может"],"wordsIndex":[4]},"мы":{"params":{"class":"мс","classMask":12,"info":{"isCapital":false,"isUpper":false},"stack":"((<DictionaryAnalyzer>, u'\\u043d\\u0430\\u043c', 1990, 2),)"},"sentenceIndex":[7],"words":["нам"],"wordsIndex":[8]},"накладно":{"params":{"class":"н","classMask":11,"info":{"isCapital":false,"isUpper":false},"stack":"((<DictionaryAnalyzer>, u'\\u043d\\u0430\\u043a\\u043b\\u0430\\u0434\\u043d\\u043e', 3, 0),)"},"sentenceIndex":[4],"words":["накладно"],"wordsIndex":[2]},"настоящее":{"params":{"class":"с","classMask":1,"info":{"isCapital":false,"isUpper":false},"stack":"((<DictionaryAnalyzer>, u'\\u043d\\u0430\\u0441\\u0442\\u043e\\u044f\\u0449\\u0435\\u0435', 501, 3),)"},"sentenceIndex":[6],"words":["настоящее"],"wordsIndex":[7]},"нецелесообразный":{"params":{"class":"кр_прил","classMask":3,"info":{"isCapital":false,"isUpper":false},"stack":"((<DictionaryAnalyzer>, u'\\u043d\\u0435\\u0446\\u0435\\u043b\\u0435\\u0441\\u043e\\u043e\\u0431\\u0440\\u0430\\u0437\\u043d\\u0430', 69, 28),)"},"sentenceIndex":[0],"words":["нецелесообразна"],"wordsIndex":[9]},"о":{"params":{"class":"символ","classMask":20,"info":{},"stack":""},"sentenceIndex":[6],"words":["о"],"wordsIndex":[11]},"обслуживать":{"params":{"class":"г","classMask":5,"info":{"isCapital":true,"isUpper":false},"stack":"((<DictionaryAnalyzer>, u'\\u043e\\u0431\\u0441\\u043b\\u0443\\u0436\\u0438\\u0432\\u0430\\u044e\\u0442', 206, 6),)"},"sentenceIndex":[3],"words":["Обслуживают"],"wordsIndex":[0]},"обсуждаться":{"params":{"class":"г","classMask":5,"info":{"isCapital":false,"isUpper":false},"stack":"((<DictionaryAnalyzer>, u'\\u043e\\u0431\\u0441\\u0443\\u0436\\u0434\\u0430\\u0435\\u0442\\u0441\\u044f', 224, 5),)"},"sentenceIndex":[6],"words":["обсуждается"],"wordsIndex":[9]},"он":{"params":{"class":"мс","classMask":12,"info":{"isCapital":false,"isUpper":false},"stack":"((<DictionaryAnalyzer>, u'\\u043e\\u043d', 2208, 0),)"},"sentenceIndex":[4,8,8],"words":["он","его","он"],"wordsIndex":[4,2,10]},"она":{"params":{"class":"мс","classMask":12,"info":{"isCapital":false,"isUpper":false},"stack":"((<DictionaryAnalyzer>, u'\\u0435\\u0451', 2209, 1),)"},"sentenceIndex":[3],"words":["ее"],"wordsIndex":[1]},"осуществлять":{"params":{"class":"г","classMask":5,"info":{"isCapital":false,"isUpper":false},"stack":"((<DictionaryAnalyzer>, u'\\u043e\\u0441\\u0443\\u0449\\u0435\\u0441\\u0442\\u0432\\u043b\\u044f\\u0435\\u0442', 206, 5),)"},"sentenceIndex":[1],"words":["осуществляет"],"wordsIndex":[2]},"отключение":{"params":{"class":"с","classMask":1,"info":{"isCapital":false,"isUpper":false},"stack":"((<DictionaryAnalyzer>, u'\\u043e\\u0442\\u043a\\u043b\\u044e\\u0447\\u0435\\u043d\\u0438\\u0435', 76, 0),)"},"sentenceIndex":[8],"words":["отключение"],"wordsIndex":[3]},"отметить":{"params":{"class":"г","classMask":5,"info":{"isCapital":false,"isUpper":false},"stack":"((<DictionaryAnalyzer>, u'\\u043e\\u0442\\u043c\\u0435\\u0442\\u0438\\u043b', 928, 1),)"},"sentenceIndex":[4],"words":["отметил"],"wordsIndex":[3]},"очень":{"params":{"class":"н","classMask":11,"info":{"isCapital":false,"isUpper":false},"stack":"((<DictionaryAnalyzer>, u'\\u043e\\u0447\\u0435\\u043d\\u044c', 3, 0),)"},"sentenceIndex":[4],"words":["очень"],"wordsIndex":[1]},"подобный":{"params":{"class":"п","classMask":2,"info":{"isCapital":false,"isUpper":false},"stack":"((<DictionaryAnalyzer>, u'\\u043f\\u043e\\u0434\\u043e\\u0431\\u043d\\u0430\\u044f', 2408, 7),)"},"sentenceIndex":[0,5],"words":["подобная","подобные"],"wordsIndex":[5,12]},"поступать":{"params":{"class":"причастие","classMask":7,"info":{"isCapital":false,"isUpper":false},"stack":"((<DictionaryAnalyzer>, u'\\u043f\\u043e\\u0441\\u0442\\u0443\\u043f\\u0430\\u044e\\u0449\\u0443\\u044e', 15, 23),)"},"sentenceIndex":[2],"words":["поступающую"],"wordsIndex":[5]},"потому":{"params":{"class":"н","classMask":11,"info":{"isCapital":true,"isUpper":false},"stack":"((<DictionaryAnalyzer>, u'\\u043f\\u043e\\u0442\\u043e\\u043c\\u0443', 1553, 0),)"},"sentenceIndex":[8],"words":["Потому"],"wordsIndex":[0]},"предфильтрация":{"params":{"class":"с","classMask":1,"info":{"isCapital":false,"isUpper":false},"stack":"((<DictionaryAnalyzer>, u'\\u0444\\u0438\\u043b\\u044c\\u0442\\u0440\\u0430\\u0446\\u0438\\u044e', 40, 3), (<KnownPrefixAnalyzer>, u'\\u043f\\u0440\\u0435\\u0434'))"},"sentenceIndex":[1],"words":["предфильтрацию"],"wordsIndex":[3]},"привести":{"params":{"class":"инфинитив","classMask":6,"info":{"isCapital":false,"isUpper":false},"stack":"((<DictionaryAnalyzer>, u'\\u043f\\u0440\\u0438\\u0432\\u0435\\u0441\\u0442\\u0438', 628, 0),)"},"sentenceIndex":[8],"words":["привести"],"wordsIndex":[5]},"пространство":{"params":{"class":"с","classMask":1,"info":{"isCapital":false,"isUpper":false},"stack":"((<DictionaryAnalyzer>, u'\\u043f\\u0440\\u043e\\u0441\\u0442\\u0440\\u0430\\u043d\\u0441\\u0442\\u0432\\u043e', 54, 0),)"},"sentenceIndex":[2],"words":["пространство"],"wordsIndex":[9]},"роскомнадзор":{"params":{"class":"имя","classMask":22,"info":{"isCapital":true,"isUpper":false},"stack":"((<FakeDictionary>, u'\\u0440\\u043e\\u0441\\u043a\\u043e\\u043c\\u043d\\u0430\\u0434\\u0437\\u043e\\u0440\\u0430', 47, 1), (<KnownSuffixAnalyzer>, u'\\u0434\\u0437\\u043e\\u0440\\u0430'))"},"sentenceIndex":[0],"words":["Роскомнадзора"],"wordsIndex":[14]},"россия":{"params":{"class":"имя","classMask":1122,"info":{"isCapital":true,"isCountry":true,"isUpper":false},"stack":"((<DictionaryAnalyzer>, u'\\u0440\\u043e\\u0441\\u0441\\u0438\\u0438', 70, 1),)"},"sentenceIndex":[0,5,9],"words":["России","Россию","Россию"],"wordsIndex":[11,11,11]},"с":{"params":{"class":"символ","classMask":20,"info":{},"stack":""},"sentenceIndex":[5,6,9],"words":["с","с","с"],"wordsIndex":[1,2,1]},"связь":{"params":{"class":"с","classMask":1,"info":{"isCapital":false,"isUpper":false},"stack":"((<DictionaryAnalyzer>, u'\\u0441\\u0432\\u044f\\u0437\\u0438', 544, 6),)"},"sentenceIndex":[6],"words":["связи"],"wordsIndex":[1]},"система":{"params":{"class":"с","classMask":1,"info":{"isCapital":true,"isUpper":false},"stack":"((<DictionaryAnalyzer>, u'\\u0441\\u0438\\u0441\\u0442\\u0435\\u043c\\u0430', 55, 0),)"},"sentenceIndex":[0,1,5],"words":["Система","система","системы"],"wordsIndex":[0,1,13]},"сказать":{"params":{"class":"г","classMask":5,"info":{"isCapital":false,"isUpper":false},"stack":"((<DictionaryAnalyzer>, u'\\u0441\\u043a\\u0430\\u0437\\u0430\\u043b', 638, 1),)"},"sentenceIndex":[8],"words":["сказал"],"wordsIndex":[9]},"специалист":{"params":{"class":"с","classMask":1,"info":{"isCapital":false,"isUpper":false},"stack":"((<DictionaryAnalyzer>, u'\\u0441\\u043f\\u0435\\u0446\\u0438\\u0430\\u043b\\u0438\\u0441\\u0442\\u043e\\u0432', 52, 7),)"},"sentenceIndex":[3],"words":["специалистов"],"wordsIndex":[5]},"страна":{"params":{"class":"с","classMask":1,"info":{"isCapital":false,"isUpper":false},"stack":"((<DictionaryAnalyzer>, u'\\u0441\\u0442\\u0440\\u0430\\u043d\\u0443', 55, 3),)"},"sentenceIndex":[7],"words":["страну"],"wordsIndex":[10]},"существовать":{"params":{"class":"г","classMask":5,"info":{"isCapital":false,"isUpper":false},"stack":"((<DictionaryAnalyzer>, u'\\u0441\\u0443\\u0449\\u0435\\u0441\\u0442\\u0432\\u0443\\u044e\\u0442', 172, 6),)"},"sentenceIndex":[5],"words":["существуют"],"wordsIndex":[14]},"считать":{"params":{"class":"г","classMask":5,"info":{"isCapital":false,"isUpper":false},"stack":"((<DictionaryAnalyzer>, u'\\u0441\\u0447\\u0438\\u0442\\u0430\\u0435\\u0442', 2861, 5),)"},"sentenceIndex":[5,9],"words":["считает","считает"],"wordsIndex":[4,4]},"тем":{"params":{"class":"союз","classMask":15,"info":{"isCapital":false,"isUpper":false},"stack":"((<DictionaryAnalyzer>, u'\\u0442\\u0435\\u043c', 20, 0),)"},"sentenceIndex":[5,9],"words":["тем","тем"],"wordsIndex":[2,2]},"техногенный":{"params":{"class":"п","classMask":2,"info":{"isCapital":false,"isUpper":false},"stack":"((<DictionaryAnalyzer>, u'\\u0442\\u0435\\u0445\\u043d\\u043e\\u0433\\u0435\\u043d\\u043d\\u043e\\u0439', 10, 8),)"},"sentenceIndex":[8],"words":["техногенной"],"wordsIndex":[7]},"тот":{"params":{"class":"имя","classMask":1122,"info":{"isCapital":false,"isCountry":true,"isUpper":false},"stack":"((<DictionaryAnalyzer>, u'\\u0442\\u043e\\u043c', 2900, 18),)"},"sentenceIndex":[2],"words":["том"],"wordsIndex":[1]},"точка":{"params":{"class":"с","classMask":1,"info":{"isCapital":false,"isUpper":false},"stack":"((<DictionaryAnalyzer>, u'\\u0442\\u043e\\u0447\\u043a\\u0438', 9, 1),)"},"sentenceIndex":[5,7,9],"words":["точки","точки","точки"],"wordsIndex":[7,4,7]},"трафик":{"params":{"class":"с","classMask":1,"info":{"isCapital":false,"isUpper":false},"stack":"((<DictionaryAnalyzer>, u'\\u0442\\u0440\\u0430\\u0444\\u0438\\u043a\\u0430', 19, 1),)"},"sentenceIndex":[0,1],"words":["трафика","трафика"],"wordsIndex":[3,4]},"турция":{"params":{"class":"имя","classMask":1122,"info":{"isCapital":true,"isCountry":true,"isUpper":false},"stack":"((<DictionaryAnalyzer>, u'\\u0442\\u0443\\u0440\\u0446\\u0438\\u0438', 70, 1),)"},"sentenceIndex":[5],"words":["Турции"],"wordsIndex":[17]},"тысяча":{"params":{"class":"с","classMask":1,"info":{"isCapital":false,"isUpper":false},"stack":"((<DictionaryAnalyzer>, u'\\u0442\\u044b\\u0441\\u044f\\u0447', 2923, 8),)"},"sentenceIndex":[3],"words":["тысяч"],"wordsIndex":[3]},"файрвол":{"params":{"class":"с","classMask":1,"info":{"isCapital":false,"isUpper":false},"stack":"((<DictionaryAnalyzer>, u'\\u0432\\u043e\\u043b\\u0443', 52, 2), (<UnknownPrefixAnalyzer>, u'\\u0444\\u0430\\u0439\\u0440'))"},"sentenceIndex":[0],"words":["файрволу"],"wordsIndex":[8]},"фильтрация":{"params":{"class":"с","classMask":1,"info":{"isCapital":false,"isUpper":false},"stack":"((<DictionaryAnalyzer>, u'\\u0444\\u0438\\u043b\\u044c\\u0442\\u0440\\u0430\\u0446\\u0438\\u0438', 40, 1),)"},"sentenceIndex":[0],"words":["фильтрации"],"wordsIndex":[1]},"фильтровать":{"params":{"class":"г","classMask":5,"info":{"isCapital":false,"isUpper":false},"stack":"((<DictionaryAnalyzer>, u'\\u0444\\u0438\\u043b\\u044c\\u0442\\u0440\\u0443\\u0435\\u0442', 168, 5),)"},"sentenceIndex":[2],"words":["фильтрует"],"wordsIndex":[3]},"число":{"params":{"class":"с","classMask":1,"info":{"isCapital":false,"isUpper":false},"stack":"((<DictionaryAnalyzer>, u'\\u0447\\u0438\\u0441\\u043b\\u0435', 3041, 5),)"},"sentenceIndex":[2],"words":["числе"],"wordsIndex":[2]},"что":{"params":{"class":"союз","classMask":15,"info":{"isCapital":false,"isUpper":false},"stack":"((<DictionaryAnalyzer>, u'\\u0447\\u0442\\u043e', 3046, 0),)"},"sentenceIndex":[8],"words":["что"],"wordsIndex":[1]},"это":{"params":{"class":"част","classMask":16,"info":{"isCapital":true,"isUpper":false},"stack":"((<DictionaryAnalyzer>, u'\\u044d\\u0442\\u043e', 22, 0),)"},"sentenceIndex":[4,6],"words":["Это","этим"],"wordsIndex":[0,3]},"этот":{"params":{"class":"п","classMask":2,"info":{"isCapital":true,"isUpper":false},"stack":"((<DictionaryAnalyzer>, u'\\u044d\\u0442\\u0430', 3099, 7),)"},"sentenceIndex":[1],"words":["Эта"],"wordsIndex":[0]},"я":{"params":{"class":"мс","classMask":12,"info":{"isCapital":true,"isUpper":false},"stack":"((<DictionaryAnalyzer>, u'\\u043c\\u043d\\u0435', 3100, 2),)"},"sentenceIndex":[7],"words":["Мне"],"wordsIndex":[0]}}