{"1":{"params":{"class":"число","classMask":10,"info":{},"stack":""},"sentenceIndex":[7],"words":["1"],"wordsIndex":[6]},"2016":{"params":{"class":"наим","classMask":19,"info":{},"stack":""},"sentenceIndex":[6],"words":["2016"],"wordsIndex":[3]},"3":{"params":{"class":"число","classMask":10,"info":{},"stack":""},"sentenceIndex":[7],"words":["3"],"wordsIndex":[7]},"mls":{"params":{"class":"иняз","classMask":21,"info":{"isCapital":false,"isUpper":true},"stack":""},"sentenceIndex":[0],"words":["MLS"],"wordsIndex":[5]},"а":{"params":{"class":"символ","classMask":20,"info":{},"stack":""},"sentenceIndex":[2],"words":["а"],"wordsIndex":[16]},"авторитетный":{"params":{"class":"п","classMask":2,"info":{"isCapital":false,"isUpper":false},"stack":"((<DictionaryAnalyzer>, u'\\u0430\\u0432\\u0442\\u043e\\u0440\\u0438\\u0442\\u0435\\u0442\\u043d\\u043e\\u043c\\u0443', 86, 2),)"},"sentenceIndex":[4],"words":["авторитетному"],"wordsIndex":[8]},"американский":{"params":{"class":"п","classMask":2,"info":{"isCapital":false,"isUpper":false},"stack":"((<DictionaryAnalyzer>, u'\\u0430\\u043c\\u0435\\u0440\\u0438\\u043a\\u0430\\u043d\\u0441\\u043a\\u0438\\u0439', 16, 0),)"},"sentenceIndex":[5,7],"words":["американский","американский"],"wordsIndex":[9,2]},"атрибутика":{"params":{"class":"с","classMask":1,"info":{"isCapital":false,"isUpper":false},"stack":"((<DictionaryAnalyzer>, u'\\u0430\\u0442\\u0440\\u0438\\u0431\\u0443\\u0442\\u0438\\u043a\\u0438', 43, 1),)"},"sentenceIndex":[2],"words":["атрибутики"],"wordsIndex":[14]},"болельщик":{"params":{"class":"с","classMask":1,"info":{"isCapital":false,"isUpper":false},"stack":"((<DictionaryAnalyzer>, u'\\u0431\\u043e\\u043b\\u0435\\u043b\\u044c\\u0449\\u0438\\u043a\\u0438', 2, 6),)"},"sentenceIndex":[4],"words":["болельщики"],"wordsIndex":[3]},"быть":{"params":{"class":"г","classMask":5,"info":{"isCapital":false,"isUpper":false},"stack":"((<DictionaryAnalyzer>, u'\\u0431\\u0443\\u0434\\u044c', 587, 15),)"},"sentenceIndex":[5],"words":["будь"],"wordsIndex":[7]},"в":{"params":{"class":"символ","classMask":20,"info":{},"stack":""},"sentenceIndex":[2,2,6,6,7],"words":["в","в","В","в","В"],"wordsIndex":[4,12,0,9,0]},"вакансия":{"params":{"class":"с","classMask":1,"info":{"isCapital":true,"isUpper":false},"stack":"((<DictionaryAnalyzer>, u'\\u0432\\u0430\\u043a\\u0430\\u043d\\u0441\\u0438\\u044f', 40, 0),)"},"sentenceIndex":[1],"words":["Вакансия"],"wordsIndex":[0]},"возможность":{"params":{"class":"с","classMask":1,"info":{"isCapital":false,"isUpper":false},"stack":"((<DictionaryAnalyzer>, u'\\u0432\\u043e\\u0437\\u043c\\u043e\\u0436\\u043d\\u043e\\u0441\\u0442\\u044c', 13, 3),)"},"sentenceIndex":[2],"words":["возможность"],"wordsIndex":[2]},"восик":{"params":{"class":"имя","classMask":22,"info":{"isCapital":true,"isUpper":false},"stack":"((<FakeDictionary>, u'\\u0432\\u043e\\u0441\\u0438\\u043a', 2, 0), (<KnownSuffixAnalyzer>, u'\\u043e\\u0441\\u0438\\u043a'))"},"sentenceIndex":[5],"words":["Восик"],"wordsIndex":[23]},"восточный":{"params":{"class":"имя","classMask":22,"info":{"isCapital":true,"isUpper":false},"stack":"((<DictionaryAnalyzer>, u'\\u0432\\u043e\\u0441\\u0442\\u043e\\u0447\\u043d\\u043e\\u0439', 12, 8),)"},"sentenceIndex":[6],"words":["Восточной"],"wordsIndex":[10]},"главный":{"params":{"class":"имя","classMask":22,"info":{"isCapital":true,"isUpper":false},"stack":"((<DictionaryAnalyzer>, u'\\u0433\\u043b\\u0430\\u0432\\u043d\\u043e\\u0439', 214, 11),)"},"sentenceIndex":[0],"words":["Главной"],"wordsIndex":[2]},"год":{"params":{"class":"с","classMask":1,"info":{"isCapital":false,"isUpper":false},"stack":"((<DictionaryAnalyzer>, u'\\u043b\\u0435\\u0442', 1168, 11),)"},"sentenceIndex":[3,6],"words":["лет","года"],"wordsIndex":[6,4]},"директор":{"params":{"class":"с","classMask":1,"info":{"isCapital":false,"isUpper":false},"stack":"((<DictionaryAnalyzer>, u'\\u0434\\u0438\\u0440\\u0435\\u043a\\u0442\\u043e\\u0440\\u0430', 800, 6),)"},"sentenceIndex":[0,5],"words":["директора","директор"],"wordsIndex":[13,18]},"для":{"params":{"class":"предл","classMask":14,"info":{"isCapital":false,"isUpper":false},"stack":"((<DictionaryAnalyzer>, u'\\u0434\\u043b\\u044f', 24, 0),)"},"sentenceIndex":[3],"words":["для"],"wordsIndex":[3]},"дуга":{"params":{"class":"имя","classMask":22,"info":{"isCapital":true,"isUpper":false},"stack":"((<DictionaryAnalyzer>, u'\\u0434\\u0443\\u0433', 43, 8),)"},"sentenceIndex":[5],"words":["Дуг"],"wordsIndex":[22]},"за":{"params":{"class":"предл","classMask":14,"info":{"isCapital":false,"isUpper":false},"stack":"((<DictionaryAnalyzer>, u'\\u0437\\u0430', 24, 0),)"},"sentenceIndex":[2],"words":["за"],"wordsIndex":[20]},"занять":{"params":{"class":"г","classMask":5,"info":{"isCapital":false,"isUpper":false},"stack":"((<DictionaryAnalyzer>, u'\\u0437\\u0430\\u043d\\u044f\\u043b\\u0430', 1322, 2),)"},"sentenceIndex":[6],"words":["заняла"],"wordsIndex":[6]},"заявить":{"params":{"class":"г","classMask":5,"info":{"isCapital":false,"isUpper":false},"stack":"((<DictionaryAnalyzer>, u'\\u0437\\u0430\\u044f\\u0432\\u0438\\u043b', 647, 1),)"},"sentenceIndex":[5],"words":["заявил"],"wordsIndex":[16]},"и":{"params":{"class":"символ","classMask":20,"info":{},"stack":""},"sentenceIndex":[4,5],"words":["и","и"],"wordsIndex":[2,5]},"игрок":{"params":{"class":"с","classMask":1,"info":{"isCapital":true,"isUpper":false},"stack":"((<DictionaryAnalyzer>, u'\\u0438\\u0433\\u0440\\u043e\\u043a\\u0438', 2, 6),)"},"sentenceIndex":[4],"words":["Игроки"],"wordsIndex":[0]},"или":{"params":{"class":"союз","classMask":15,"info":{"isCapital":false,"isUpper":false},"stack":"((<DictionaryAnalyzer>, u'\\u0438\\u043b\\u0438', 20, 0),)"},"sentenceIndex":[5],"words":["или"],"wordsIndex":[14]},"к":{"params":{"class":"символ","classMask":20,"info":{},"stack":""},"sentenceIndex":[4,5],"words":["к","к"],"wordsIndex":[6,2]},"кандидат":{"params":{"class":"с","classMask":1,"info":{"isCapital":true,"isUpper":false},"stack":"((<DictionaryAnalyzer>, u'\\u043a\\u0430\\u043d\\u0434\\u0438\\u0434\\u0430\\u0442', 1685, 0),)"},"sentenceIndex":[2],"words":["Кандидат"],"wordsIndex":[0]},"клуб":{"params":{"class":"с","classMask":1,"info":{"isCapital":true,"isUpper":false},"stack":"((<DictionaryAnalyzer>, u'\\u043a\\u043b\\u0443\\u0431', 33, 0),)"},"sentenceIndex":[0,1,2,7],"words":["Клуб","клуб","клуба","клуб"],"wordsIndex":[0,6,9,3]},"команда":{"params":{"class":"с","classMask":1,"info":{"isCapital":false,"isUpper":false},"stack":"((<DictionaryAnalyzer>, u'\\u043a\\u043e\\u043c\\u0430\\u043d\\u0434\\u044b', 55, 1),)"},"sentenceIndex":[1,2],"words":["команды","команды"],"wordsIndex":[5,15]},"конкурс":{"params":{"class":"с","classMask":1,"info":{"isCapital":false,"isUpper":false},"stack":"((<DictionaryAnalyzer>, u'\\u043a\\u043e\\u043d\\u043a\\u0443\\u0440\\u0441\\u0435', 33, 5),)"},"sentenceIndex":[0],"words":["конкурсе"],"wordsIndex":[10]},"конференция":{"params":{"class":"с","classMask":1,"info":{"isCapital":false,"isUpper":false},"stack":"((<DictionaryAnalyzer>, u'\\u043a\\u043e\\u043d\\u0444\\u0435\\u0440\\u0435\\u043d\\u0446\\u0438\\u0438', 40, 1),)"},"sentenceIndex":[6],"words":["конференции"],"wordsIndex":[11]},"который":{"params":{"class":"п","classMask":2,"info":{"isCapital":false,"isUpper":false},"stack":"((<DictionaryAnalyzer>, u'\\u043a\\u043e\\u0442\\u043e\\u0440\\u044b\\u0439', 1788, 0),)"},"sentenceIndex":[2],"words":["который"],"wordsIndex":[10]},"лига":{"params":{"class":"с","classMask":1,"info":{"isCapital":false,"isUpper":false},"stack":"((<DictionaryAnalyzer>, u'\\u043b\\u0438\\u0433\\u0438', 43, 1),)"},"sentenceIndex":[0],"words":["лиги"],"wordsIndex":[4]},"любой":{"params":{"class":"п","classMask":2,"info":{"isCapital":false,"isUpper":false},"stack":"((<DictionaryAnalyzer>, u'\\u043b\\u044e\\u0431\\u044b\\u043c', 1648, 21),)"},"sentenceIndex":[5],"words":["любым"],"wordsIndex":[3]},"магазин":{"params":{"class":"с","classMask":1,"info":{"isCapital":false,"isUpper":false},"stack":"((<DictionaryAnalyzer>, u'\\u043c\\u0430\\u0433\\u0430\\u0437\\u0438\\u043d\\u0435', 33, 5),)"},"sentenceIndex":[2],"words":["магазине"],"wordsIndex":[13]},"маркетинг":{"params":{"class":"с","classMask":1,"info":{"isCapital":false,"isUpper":false},"stack":"((<DictionaryAnalyzer>, u'\\u043c\\u0430\\u0440\\u043a\\u0435\\u0442\\u0438\\u043d\\u0433\\u0443', 19, 2),)"},"sentenceIndex":[5],"words":["маркетингу"],"wordsIndex":[21]},"мастер":{"params":{"class":"с","classMask":1,"info":{"isCapital":false,"isUpper":false},"stack":"((<DictionaryAnalyzer>, u'\\u043c\\u0430\\u0441\\u0442\\u0435\\u0440\\u0443', 800, 2),)"},"sentenceIndex":[4],"words":["мастеру"],"wordsIndex":[9]},"место":{"params":{"class":"с","classMask":1,"info":{"isCapital":false,"isUpper":false},"stack":"((<DictionaryAnalyzer>, u'\\u043c\\u0435\\u0441\\u0442\\u043e', 54, 3),)"},"sentenceIndex":[6],"words":["место"],"wordsIndex":[8]},"мы":{"params":{"class":"мс","classMask":12,"info":{"isCapital":true,"isUpper":false},"stack":"((<DictionaryAnalyzer>, u'\\u043c\\u044b', 1990, 0),)"},"sentenceIndex":[5],"words":["Мы"],"wordsIndex":[0]},"на":{"params":{"class":"предл","classMask":14,"info":{"isCapital":false,"isUpper":false},"stack":"((<DictionaryAnalyzer>, u'\\u043d\\u0430', 24, 0),)"},"sentenceIndex":[0,1],"words":["на","на"],"wordsIndex":[11,2]},"начать":{"params":{"class":"г","classMask":5,"info":{"isCapital":false,"isUpper":false},"stack":"((<DictionaryAnalyzer>, u'\\u043d\\u0430\\u0447\\u0430\\u043b', 1302, 1),)"},"sentenceIndex":[1],"words":["начал"],"wordsIndex":[7]},"необходимый":{"params":{"class":"п","classMask":2,"info":{"isCapital":true,"isUpper":false},"stack":"((<DictionaryAnalyzer>, u'\\u043d\\u0435\\u043e\\u0431\\u0445\\u043e\\u0434\\u0438\\u043c\\u044b\\u0439', 238, 0),)"},"sentenceIndex":[3],"words":["Необходимый"],"wordsIndex":[0]},"новый":{"params":{"class":"п","classMask":2,"info":{"isCapital":false,"isUpper":false},"stack":"((<DictionaryAnalyzer>, u'\\u043d\\u043e\\u0432\\u0430\\u044f', 405, 7),)"},"sentenceIndex":[5],"words":["новая"],"wordsIndex":[12]},"о":{"params":{"class":"символ","classMask":20,"info":{},"stack":""},"sentenceIndex":[0],"words":["о"],"wordsIndex":[9]},"обращаться":{"params":{"class":"инфинитив","classMask":6,"info":{"isCapital":false,"isUpper":false},"stack":"((<DictionaryAnalyzer>, u'\\u043e\\u0431\\u0440\\u0430\\u0449\\u0430\\u0442\\u044c\\u0441\\u044f', 224, 0),)"},"sentenceIndex":[4],"words":["обращаться"],"wordsIndex":[5]},"объявить":{"params":{"class":"г","classMask":5,"info":{"isCapital":false,"isUpper":false},"stack":"((<DictionaryAnalyzer>, u'\\u043e\\u0431\\u044a\\u044f\\u0432\\u0438\\u043b', 647, 1),)"},"sentenceIndex":[0],"words":["объявил"],"wordsIndex":[8]},"он":{"params":{"class":"мс","classMask":12,"info":{"isCapital":false,"isUpper":false},"stack":"((<DictionaryAnalyzer>, u'\\u0435\\u0433\\u043e', 2208, 5),)"},"sentenceIndex":[2],"words":["его"],"wordsIndex":[21]},"опыт":{"params":{"class":"с","classMask":1,"info":{"isCapital":false,"isUpper":false},"stack":"((<DictionaryAnalyzer>, u'\\u043e\\u043f\\u044b\\u0442', 33, 0),)"},"sentenceIndex":[3],"words":["опыт"],"wordsIndex":[1]},"от":{"params":{"class":"предл","classMask":14,"info":{"isCapital":false,"isUpper":false},"stack":"((<DictionaryAnalyzer>, u'\\u043e\\u0442', 375, 0),)"},"sentenceIndex":[1],"words":["от"],"wordsIndex":[10]},"открытый":{"params":{"class":"кр_прил","classMask":3,"info":{"isCapital":false,"isUpper":false},"stack":"((<DictionaryAnalyzer>, u'\\u043e\\u0442\\u043a\\u0440\\u044b\\u0442\\u044b', 4, 30),)"},"sentenceIndex":[5],"words":["открыты"],"wordsIndex":[1]},"открыться":{"params":{"class":"г","classMask":5,"info":{"isCapital":false,"isUpper":false},"stack":"((<DictionaryAnalyzer>, u'\\u043e\\u0442\\u043a\\u0440\\u043e\\u0435\\u0442\\u0441\\u044f', 934, 9),)"},"sentenceIndex":[2],"words":["откроется"],"wordsIndex":[11]},"официальный":{"params":{"class":"п","classMask":2,"info":{"isCapital":false,"isUpper":false},"stack":"((<DictionaryAnalyzer>, u'\\u043e\\u0444\\u0438\\u0446\\u0438\\u0430\\u043b\\u044c\\u043d\\u043e\\u043c', 1289, 6),)"},"sentenceIndex":[1,2],"words":["официальном","официальном"],"wordsIndex":[3,5]},"по":{"params":{"class":"предл","classMask":14,"info":{"isCapital":false,"isUpper":false},"stack":"((<DictionaryAnalyzer>, u'\\u043f\\u043e', 24, 0),)"},"sentenceIndex":[0,5],"words":["по","по"],"wordsIndex":[14,20]},"получить":{"params":{"class":"г","classMask":5,"info":{"isCapital":false,"isUpper":false},"stack":"((<DictionaryAnalyzer>, u'\\u043f\\u043e\\u043b\\u0443\\u0447\\u0438\\u0442', 634, 9),)"},"sentenceIndex":[2],"words":["получит"],"wordsIndex":[1]},"пост":{"params":{"class":"с","classMask":1,"info":{"isCapital":false,"isUpper":false},"stack":"((<DictionaryAnalyzer>, u'\\u043f\\u043e\\u0441\\u0442', 111, 3),)"},"sentenceIndex":[0],"words":["пост"],"wordsIndex":[12]},"предел":{"params":{"class":"с","classMask":1,"info":{"isCapital":false,"isUpper":false},"stack":"((<DictionaryAnalyzer>, u'\\u043f\\u0440\\u0435\\u0434\\u0435\\u043b\\u0430\\u043c\\u0438', 33, 10),)"},"sentenceIndex":[2],"words":["пределами"],"wordsIndex":[22]},"предложение":{"params":{"class":"с","classMask":1,"info":{"isCapital":false,"isUpper":false},"stack":"((<DictionaryAnalyzer>, u'\\u043f\\u0440\\u0435\\u0434\\u043b\\u043e\\u0436\\u0435\\u043d\\u0438\\u044f\\u043c', 76, 16),)"},"sentenceIndex":[5],"words":["предложениям"],"wordsIndex":[4]},"представлять":{"params":{"class":"инфинитив","classMask":6,"info":{"isCapital":false,"isUpper":false},"stack":"((<DictionaryAnalyzer>, u'\\u043f\\u0440\\u0435\\u0434\\u0441\\u0442\\u0430\\u0432\\u043b\\u044f\\u0442\\u044c', 206, 0),)"},"sentenceIndex":[2],"words":["представлять"],"wordsIndex":[18]},"претендент":{"params":{"class":"с","classMask":1,"info":{"isCapital":false,"isUpper":false},"stack":"((<DictionaryAnalyzer>, u'\\u043f\\u0440\\u0435\\u0442\\u0435\\u043d\\u0434\\u0435\\u043d\\u0442\\u043e\\u0432', 52, 7),)"},"sentenceIndex":[1],"words":["претендентов"],"wordsIndex":[11]},"приём":{"params":{"class":"с","classMask":1,"info":{"isCapital":false,"isUpper":false},"stack":"((<DictionaryAnalyzer>, u'\\u043f\\u0440\\u0438\\u0451\\u043c', 33, 0),)"},"sentenceIndex":[1],"words":["прием"],"wordsIndex":[8]},"проверить":{"params":{"class":"причастие","classMask":7,"info":{"isCapital":false,"isUpper":false},"stack":"((<DictionaryAnalyzer>, u'\\u043f\\u0440\\u043e\\u0432\\u0435\\u0440\\u0435\\u043d\\u043d\\u043e\\u043c\\u0443', 1307, 44),)"},"sentenceIndex":[4],"words":["проверенному"],"wordsIndex":[7]},"пять":{"params":{"class":"числ","classMask":10,"info":{"isCapital":false,"isUpper":false},"stack":"((<DictionaryAnalyzer>, u'\\u043f\\u044f\\u0442\\u044c', 889, 0),)"},"sentenceIndex":[3],"words":["пять"],"wordsIndex":[5]},"работа":{"params":{"class":"с","classMask":1,"info":{"isCapital":false,"isUpper":false},"stack":"((<DictionaryAnalyzer>, u'\\u0440\\u0430\\u0431\\u043e\\u0442\\u044b', 55, 1),)"},"sentenceIndex":[3],"words":["работы"],"wordsIndex":[2]},"работать":{"params":{"class":"инфинитив","classMask":6,"info":{"isCapital":false,"isUpper":false},"stack":"((<DictionaryAnalyzer>, u'\\u0440\\u0430\\u0431\\u043e\\u0442\\u0430\\u0442\\u044c', 15, 0),)"},"sentenceIndex":[2],"words":["работать"],"wordsIndex":[3]},"разместить":{"params":{"class":"кр_причастие","classMask":8,"info":{"isCapital":false,"isUpper":false},"stack":"((<DictionaryAnalyzer>, u'\\u0440\\u0430\\u0437\\u043c\\u0435\\u0449\\u0435\\u043d\\u0430', 764, 72),)"},"sentenceIndex":[1],"words":["размещена"],"wordsIndex":[1]},"реализм":{"params":{"class":"с","classMask":1,"info":{"isCapital":false,"isUpper":false},"stack":"((<DictionaryAnalyzer>, u'\\u0440\\u0435\\u0430\\u043b\\u0438\\u0437\\u043c', 33, 3),)"},"sentenceIndex":[5],"words":["реализм"],"wordsIndex":[15]},"регулярный":{"params":{"class":"п","classMask":2,"info":{"isCapital":false,"isUpper":false},"stack":"((<DictionaryAnalyzer>, u'\\u0440\\u0435\\u0433\\u0443\\u043b\\u044f\\u0440\\u043d\\u043e\\u043c', 86, 19),)"},"sentenceIndex":[6],"words":["регулярном"],"wordsIndex":[1]},"резюме":{"params":{"class":"с","classMask":1,"info":{"isCapital":false,"isUpper":false},"stack":"((<DictionaryAnalyzer>, u'\\u0440\\u0435\\u0437\\u044e\\u043c\\u0435', 23, 0),)"},"sentenceIndex":[1],"words":["резюме"],"wordsIndex":[9]},"сайт":{"params":{"class":"с","classMask":1,"info":{"isCapital":false,"isUpper":false},"stack":"((<DictionaryAnalyzer>, u'\\u0441\\u0430\\u0439\\u0442\\u0435', 33, 5),)"},"sentenceIndex":[1],"words":["сайте"],"wordsIndex":[4]},"салон":{"params":{"class":"с","classMask":1,"info":{"isCapital":false,"isUpper":false},"stack":"((<DictionaryAnalyzer>, u'\\u0441\\u0430\\u043b\\u043e\\u043d\\u0435', 33, 5),)"},"sentenceIndex":[2],"words":["салоне"],"wordsIndex":[7]},"салон-тат":{"params":{"class":"с","classMask":1201,"info":{"comboClassStats":{"с":2},"isCapital":false,"isCombo":true,"isUpper":false},"stack":"<classByLadder>"},"sentenceIndex":[2],"words":["тату-салоне"],"wordsIndex":[8]},"североамериканский":{"params":{"class":"п","classMask":2,"info":{"isCapital":false,"isUpper":false},"stack":"((<DictionaryAnalyzer>, u'\\u0441\\u0435\\u0432\\u0435\\u0440\\u043e\\u0430\\u043c\\u0435\\u0440\\u0438\\u043a\\u0430\\u043d\\u0441\\u043a\\u043e\\u0439', 228, 8),)"},"sentenceIndex":[0],"words":["североамериканской"],"wordsIndex":[1]},"сказать":{"params":{"class":"г","classMask":5,"info":{"isCapital":false,"isUpper":false},"stack":"((<DictionaryAnalyzer>, u'\\u0441\\u043a\\u0430\\u0437\\u0430\\u043b', 638, 1),)"},"sentenceIndex":[5],"words":["сказал"],"wordsIndex":[17]},"смочь":{"params":{"class":"г","classMask":5,"info":{"isCapital":false,"isUpper":false},"stack":"((<DictionaryAnalyzer>, u'\\u0441\\u043c\\u043e\\u0433\\u0443\\u0442', 857, 10),)"},"sentenceIndex":[4],"words":["смогут"],"wordsIndex":[4]},"соискатель":{"params":{"class":"с","classMask":1,"info":{"isCapital":false,"isUpper":false},"stack":"((<DictionaryAnalyzer>, u'\\u0441\\u043e\\u0438\\u0441\\u043a\\u0430\\u0442\\u0435\\u043b\\u044f', 121, 3),)"},"sentenceIndex":[3],"words":["соискателя"],"wordsIndex":[4]},"сотрудник":{"params":{"class":"с","classMask":1,"info":{"isCapital":false,"isUpper":false},"stack":"((<DictionaryAnalyzer>, u'\\u0441\\u043e\\u0442\\u0440\\u0443\\u0434\\u043d\\u0438\\u043a\\u0438', 2, 6),)"},"sentenceIndex":[4],"words":["сотрудники"],"wordsIndex":[1]},"стиль":{"params":{"class":"с","classMask":1,"info":{"isCapital":false,"isUpper":false},"stack":"((<DictionaryAnalyzer>, u'\\u0441\\u0442\\u0438\\u043b\\u044f\\u043c', 91, 8),)"},"sentenceIndex":[5],"words":["стилям"],"wordsIndex":[6]},"также":{"params":{"class":"союз","classMask":15,"info":{"isCapital":false,"isUpper":false},"stack":"((<DictionaryAnalyzer>, u'\\u0442\\u0430\\u043a\\u0436\\u0435', 20, 0),)"},"sentenceIndex":[2],"words":["также"],"wordsIndex":[17]},"тат":{"params":{"class":"с","classMask":1,"info":{"isCapital":false,"isUpper":false},"stack":"((<DictionaryAnalyzer>, u'\\u0442\\u0430\\u0442\\u0443', 52, 2),)"},"sentenceIndex":[2],"words":["тату"],"wordsIndex":[6]},"татуировка":{"params":{"class":"с","classMask":1,"info":{"isCapital":false,"isUpper":false},"stack":"((<DictionaryAnalyzer>, u'\\u0442\\u0430\\u0442\\u0443\\u0438\\u0440\\u043e\\u0432\\u043a\\u0430\\u043c', 8, 9),)"},"sentenceIndex":[0],"words":["татуировкам"],"wordsIndex":[15]},"то":{"params":{"class":"союз","classMask":15,"info":{"isCapital":false,"isUpper":false},"stack":"((<DictionaryAnalyzer>, u'\\u0442\\u043e', 20, 0),)"},"sentenceIndex":[5],"words":["то"],"wordsIndex":[8]},"торонто":{"params":{"class":"имя","classMask":22,"info":{"isCapital":true,"isUpper":false},"stack":"((<DictionaryAnalyzer>, u'\\u0442\\u043e\\u0440\\u043e\\u043d\\u0442\\u043e', 30, 0),)"},"sentenceIndex":[7],"words":["Торонто"],"wordsIndex":[5]},"традиционный":{"params":{"class":"п","classMask":2,"info":{"isCapital":false,"isUpper":false},"stack":"((<DictionaryAnalyzer>, u'\\u0442\\u0440\\u0430\\u0434\\u0438\\u0446\\u0438\\u043e\\u043d\\u043d\\u044b\\u0439', 905, 0),)"},"sentenceIndex":[5],"words":["традиционный"],"wordsIndex":[10]},"уступить":{"params":{"class":"г","classMask":5,"info":{"isCapital":false,"isUpper":false},"stack":"((<DictionaryAnalyzer>, u'\\u0443\\u0441\\u0442\\u0443\\u043f\\u0438\\u043b', 647, 1),)"},"sentenceIndex":[7],"words":["уступил"],"wordsIndex":[4]},"филадельфия":{"params":{"class":"имя","classMask":22,"info":{"isCapital":true,"isUpper":false},"stack":"((<DictionaryAnalyzer>, u'\\u0444\\u0438\\u043b\\u0430\\u0434\\u0435\\u043b\\u044c\\u0444\\u0438\\u044f', 40, 0),)"},"sentenceIndex":[0,5,6],"words":["Филадельфия","Филадельфии","Филадельфия"],"wordsIndex":[6,19,5]},"футбольный":{"params":{"class":"п","classMask":2,"info":{"isCapital":false,"isUpper":false},"stack":"((<DictionaryAnalyzer>, u'\\u0444\\u0443\\u0442\\u0431\\u043e\\u043b\\u044c\\u043d\\u043e\\u0439', 211, 8),)"},"sentenceIndex":[0],"words":["футбольной"],"wordsIndex":[3]},"чемпионат":{"params":{"class":"с","classMask":1,"info":{"isCapital":false,"isUpper":false},"stack":"((<DictionaryAnalyzer>, u'\\u0447\\u0435\\u043c\\u043f\\u0438\\u043e\\u043d\\u0430\\u0442\\u0435', 33, 5),)"},"sentenceIndex":[6],"words":["чемпионате"],"wordsIndex":[2]},"четвертьфинал":{"params":{"class":"с","classMask":1,"info":{"isCapital":false,"isUpper":false},"stack":"((<DictionaryAnalyzer>, u'\\u0447\\u0435\\u0442\\u0432\\u0435\\u0440\\u0442\\u044c\\u0444\\u0438\\u043d\\u0430\\u043b\\u0435', 33, 5),)"},"sentenceIndex":[7],"words":["четвертьфинале"],"wordsIndex":[1]},"шесть":{"params":{"class":"п","classMask":2,"info":{"isCapital":false,"isUpper":false},"stack":"((<DictionaryAnalyzer>, u'\\u0448\\u0435\\u0441\\u0442\\u043e\\u0435', 3067, 19),)"},"sentenceIndex":[6],"words":["шестое"],"wordsIndex":[7]},"школа":{"params":{"class":"с","classMask":1,"info":{"isCapital":false,"isUpper":false},"stack":"((<DictionaryAnalyzer>, u'\\u0448\\u043a\\u043e\\u043b\\u0430', 55, 0),)"},"sentenceIndex":[5],"words":["школа"],"wordsIndex":[13]},"юниона":{"params":{"class":"имя","classMask":22,"info":{"isCapital":true,"isUpper":false},"stack":"((<DictionaryAnalyzer>, u'\\u044e\\u043d\\u0438\\u043e\\u043d', 68, 8),)"},"sentenceIndex":[0,2],"words":["Юнион","Юнион"],"wordsIndex":[7,19]},"японский":{"params":{"class":"п","classMask":2,"info":{"isCapital":false,"isUpper":false},"stack":"((<DictionaryAnalyzer>, u'\\u044f\\u043f\\u043e\\u043d\\u0441\\u043a\\u0438\\u0439', 16, 0),)"},"sentenceIndex":[5],"words":["японский"],"wordsIndex":[11]}}