{"mercedes":{"params":{"class":"имя","classMask":22,"info":{"isCapital":true,"isUpper":false},"stack":""},"sentenceIndex":[4],"words":["Mercedes"],"wordsIndex":[18]},"youtube":{"params":{"class":"имя","classMask":22,"info":{"isCapital":true,"isUpper":false},"stack":""},"sentenceIndex":[3],"words":["YouTube"],"wordsIndex":[3]},"а":{"params":{"class":"символ","classMask":20,"info":{},"stack":""},"sentenceIndex":[1],"words":["а"],"wordsIndex":[12]},"автомобиль":{"params":{"class":"с","classMask":1,"info":{"isCapital":false,"isUpper":false},"stack":"((<DictionaryAnalyzer>, u'\\u0430\\u0432\\u0442\\u043e\\u043c\\u043e\\u0431\\u0438\\u043b\\u0435', 91, 5),)"},"sentenceIndex":[1,2,4],"words":["автомобиле","автомобиль","автомобиле"],"wordsIndex":[17,3,17]},"более":{"params":{"class":"н","classMask":11,"info":{"isCapital":false,"isUpper":false},"stack":"((<DictionaryAnalyzer>, u'\\u0431\\u043e\\u043b\\u0435\\u0435', 3, 0),)"},"sentenceIndex":[7],"words":["более"],"wordsIndex":[12]},"быть":{"params":{"class":"г","classMask":5,"info":{"isCapital":false,"isUpper":false},"stack":"((<DictionaryAnalyzer>, u'\\u0431\\u044b\\u043b', 587, 4),)"},"sentenceIndex":[4],"words":["был"],"wordsIndex":[7]},"в":{"params":{"class":"символ","classMask":20,"info":{},"stack":""},"sentenceIndex":[0,1],"words":["в","в"],"wordsIndex":[19,7]},"видео":{"params":{"class":"с","classMask":1,"info":{"isCapital":true,"isUpper":false},"stack":"((<DictionaryAnalyzer>, u'\\u0432\\u0438\\u0434\\u0435\\u043e', 23, 0),)"},"sentenceIndex":[3],"words":["Видео"],"wordsIndex":[0]},"видно":{"params":{"class":"союз","classMask":15,"info":{"isCapital":false,"isUpper":false},"stack":"((<DictionaryAnalyzer>, u'\\u0432\\u0438\\u0434\\u043d\\u043e', 128, 0),)"},"sentenceIndex":[1],"words":["видно"],"wordsIndex":[2]},"возбудить":{"params":{"class":"г","classMask":5,"info":{"isCapital":false,"isUpper":false},"stack":"((<DictionaryAnalyzer>, u'\\u0432\\u043e\\u0437\\u0431\\u0443\\u0434\\u0438\\u043b', 835, 1),)"},"sentenceIndex":[7],"words":["возбудил"],"wordsIndex":[3]},"главный":{"params":{"class":"имя","classMask":22,"info":{"isCapital":true,"isUpper":false},"stack":"((<DictionaryAnalyzer>, u'\\u0433\\u043b\\u0430\\u0432\\u043d\\u044b\\u0439', 214, 0),)"},"sentenceIndex":[2],"words":["Главный"],"wordsIndex":[6]},"госпитализировать":{"params":{"class":"кр_причастие","classMask":8,"info":{"isCapital":false,"isUpper":false},"stack":"((<DictionaryAnalyzer>, u'\\u0433\\u043e\\u0441\\u043f\\u0438\\u0442\\u0430\\u043b\\u0438\\u0437\\u0438\\u0440\\u043e\\u0432\\u0430\\u043d', 75, 199),)"},"sentenceIndex":[6],"words":["госпитализирован"],"wordsIndex":[1]},"грабитель":{"params":{"class":"с","classMask":1,"info":{"isCapital":true,"isUpper":false},"stack":"((<DictionaryAnalyzer>, u'\\u0433\\u0440\\u0430\\u0431\\u0438\\u0442\\u0435\\u043b\\u0438', 121, 6),)"},"sentenceIndex":[2],"words":["Грабители"],"wordsIndex":[0]},"два":{"params":{"class":"числ","classMask":10,"info":{"isCapital":false,"isUpper":false},"stack":"((<DictionaryAnalyzer>, u'\\u0434\\u0432\\u0443\\u0445', 1248, 1),)"},"sentenceIndex":[7],"words":["двух"],"wordsIndex":[10]},"двое":{"params":{"class":"числ","classMask":10,"info":{"isCapital":false,"isUpper":false},"stack":"((<DictionaryAnalyzer>, u'\\u0434\\u0432\\u043e\\u0435', 1254, 0),)"},"sentenceIndex":[1,4],"words":["двое","двое"],"wordsIndex":[13,9]},"дворник":{"params":{"class":"с","classMask":1,"info":{"isCapital":false,"isUpper":false},"stack":"((<DictionaryAnalyzer>, u'\\u0434\\u0432\\u043e\\u0440\\u043d\\u0438\\u043a\\u043e\\u0432', 2, 7),)"},"sentenceIndex":[1],"words":["дворников"],"wordsIndex":[8]},"дело":{"params":{"class":"с","classMask":1,"info":{"isCapital":false,"isUpper":false},"stack":"((<DictionaryAnalyzer>, u'\\u0434\\u0435\\u043b\\u043e', 1266, 0),)"},"sentenceIndex":[7],"words":["дело"],"wordsIndex":[5]},"деньга":{"params":{"class":"с","classMask":1,"info":{"isCapital":false,"isUpper":false},"stack":"((<DictionaryAnalyzer>, u'\\u0434\\u0435\\u043d\\u044c\\u0433\\u0430\\u043c\\u0438', 1268, 11),)"},"sentenceIndex":[1],"words":["деньгами"],"wordsIndex":[25]},"другой":{"params":{"class":"п","classMask":2,"info":{"isCapital":false,"isUpper":false},"stack":"((<DictionaryAnalyzer>, u'\\u0434\\u0440\\u0443\\u0433\\u0438\\u0445', 1362, 21),)"},"sentenceIndex":[1],"words":["других"],"wordsIndex":[14]},"запись":{"params":{"class":"с","classMask":1,"info":{"isCapital":false,"isUpper":false},"stack":"((<DictionaryAnalyzer>, u'\\u0437\\u0430\\u043f\\u0438\\u0441\\u0438', 13, 1),)"},"sentenceIndex":[1],"words":["записи"],"wordsIndex":[1]},"засада":{"params":{"class":"с","classMask":1,"info":{"isCapital":false,"isUpper":false},"stack":"((<DictionaryAnalyzer>, u'\\u0437\\u0430\\u0441\\u0430\\u0434\\u0443', 55, 3),)"},"sentenceIndex":[1],"words":["засаду"],"wordsIndex":[11]},"зафиксировать":{"params":{"class":"г","classMask":5,"info":{"isCapital":false,"isUpper":false},"stack":"((<DictionaryAnalyzer>, u'\\u0437\\u0430\\u0444\\u0438\\u043a\\u0441\\u0438\\u0440\\u043e\\u0432\\u0430\\u043b\\u0430', 276, 2),)"},"sentenceIndex":[0],"words":["зафиксировала"],"wordsIndex":[3]},"злоумышленник":{"params":{"class":"с","classMask":1,"info":{"isCapital":false,"isUpper":false},"stack":"((<DictionaryAnalyzer>, u'\\u0437\\u043b\\u043e\\u0443\\u043c\\u044b\\u0448\\u043b\\u0435\\u043d\\u043d\\u0438\\u043a\\u043e\\u0432', 2, 7),)"},"sentenceIndex":[1],"words":["злоумышленников"],"wordsIndex":[9]},"и":{"params":{"class":"символ","classMask":20,"info":{},"stack":""},"sentenceIndex":[1,7],"words":["и","и"],"wordsIndex":[18,11]},"из":{"params":{"class":"предл","classMask":14,"info":{"isCapital":false,"isUpper":false},"stack":"((<DictionaryAnalyzer>, u'\\u0438\\u0437', 375, 0),)"},"sentenceIndex":[1,4,7],"words":["из","из","из"],"wordsIndex":[5,2,14]},"инкассатор":{"params":{"class":"с","classMask":1,"info":{"isCapital":false,"isUpper":false},"stack":"((<DictionaryAnalyzer>, u'\\u0438\\u043d\\u043a\\u0430\\u0441\\u0441\\u0430\\u0442\\u043e\\u0440\\u043e\\u0432', 52, 7),)"},"sentenceIndex":[0,1,4],"words":["инкассаторов","инкассаторов","инкассаторов"],"wordsIndex":[7,22,6]},"как":{"params":{"class":"союз","classMask":15,"info":{"isCapital":false,"isUpper":false},"stack":"((<DictionaryAnalyzer>, u'\\u043a\\u0430\\u043a', 1673, 0),)"},"sentenceIndex":[1],"words":["как"],"wordsIndex":[3]},"камера":{"params":{"class":"с","classMask":1,"info":{"isCapital":true,"isUpper":false},"stack":"((<DictionaryAnalyzer>, u'\\u043a\\u0430\\u043c\\u0435\\u0440\\u0430', 55, 0),)"},"sentenceIndex":[0],"words":["Камера"],"wordsIndex":[0]},"комитет":{"params":{"class":"с","classMask":1,"info":{"isCapital":false,"isUpper":false},"stack":"((<DictionaryAnalyzer>, u'\\u043a\\u043e\\u043c\\u0438\\u0442\\u0435\\u0442', 33, 0),)"},"sentenceIndex":[7],"words":["комитет"],"wordsIndex":[1]},"корсаков":{"params":{"class":"имя","classMask":22,"info":{"isCapital":true,"isUpper":false},"stack":"((<DictionaryAnalyzer>, u'\\u043a\\u043e\\u0440\\u0441\\u0430\\u043a\\u043e\\u0432\\u0430', 36, 1),)"},"sentenceIndex":[0],"words":["Корсакова"],"wordsIndex":[13]},"корсаков-римский":{"params":{"class":"имя","classMask":1222,"info":{"comboClassStats":{"п":1,"с":1},"isCapital":true,"isCombo":true,"isUpper":false},"stack":"<classByLadder>"},"sentenceIndex":[0],"words":["Римского-Корсакова"],"wordsIndex":[14]},"корыстный":{"params":{"class":"п","classMask":2,"info":{"isCapital":false,"isUpper":false},"stack":"((<DictionaryAnalyzer>, u'\\u043a\\u043e\\u0440\\u044b\\u0441\\u0442\\u043d\\u044b\\u0445', 12, 21),)"},"sentenceIndex":[7],"words":["корыстных"],"wordsIndex":[15]},"который":{"params":{"class":"п","classMask":2,"info":{"isCapital":false,"isUpper":false},"stack":"((<DictionaryAnalyzer>, u'\\u043a\\u043e\\u0442\\u043e\\u0440\\u043e\\u0435', 1788, 13),)"},"sentenceIndex":[0],"words":["которое"],"wordsIndex":[8]},"лицо":{"params":{"class":"с","classMask":1,"info":{"isCapital":false,"isUpper":false},"stack":"((<DictionaryAnalyzer>, u'\\u043b\\u0438\\u0446', 492, 9),)"},"sentenceIndex":[7],"words":["лиц"],"wordsIndex":[13]},"место":{"params":{"class":"с","classMask":1,"info":{"isCapital":false,"isUpper":false},"stack":"((<DictionaryAnalyzer>, u'\\u043c\\u0435\\u0441\\u0442\\u0430', 54, 1),)"},"sentenceIndex":[4],"words":["места"],"wordsIndex":[13]},"момент":{"params":{"class":"с","classMask":1,"info":{"isCapital":false,"isUpper":false},"stack":"((<DictionaryAnalyzer>, u'\\u043c\\u043e\\u043c\\u0435\\u043d\\u0442', 33, 3),)"},"sentenceIndex":[0],"words":["момент"],"wordsIndex":[4]},"москва":{"params":{"class":"имя","classMask":22,"info":{"isCapital":true,"isUpper":false},"stack":"((<DictionaryAnalyzer>, u'\\u043c\\u043e\\u0441\\u043a\\u0432\\u0435', 1974, 6),)"},"sentenceIndex":[0],"words":["Москве"],"wordsIndex":[20]},"на":{"params":{"class":"предл","classMask":14,"info":{"isCapital":true,"isUpper":false},"stack":"((<DictionaryAnalyzer>, u'\\u043d\\u0430', 24, 0),)"},"sentenceIndex":[0,0,1,1,2,3,4,4,7],"words":["на","на","На","на","на","на","на","на","на"],"wordsIndex":[6,10,0,16,2,2,5,15,8]},"наблюдение":{"params":{"class":"с","classMask":1,"info":{"isCapital":false,"isUpper":false},"stack":"((<DictionaryAnalyzer>, u'\\u043d\\u0430\\u0431\\u043b\\u044e\\u0434\\u0435\\u043d\\u0438\\u044f', 76, 2),)"},"sentenceIndex":[0],"words":["наблюдения"],"wordsIndex":[2]},"нападать":{"params":{"class":"г","classMask":5,"info":{"isCapital":false,"isUpper":false},"stack":"((<DictionaryAnalyzer>, u'\\u043d\\u0430\\u043f\\u0430\\u0434\\u0430\\u044e\\u0442', 15, 6),)"},"sentenceIndex":[2,4],"words":["нападают","нападавших"],"wordsIndex":[1,4]},"нападение":{"params":{"class":"с","classMask":1,"info":{"isCapital":false,"isUpper":false},"stack":"((<DictionaryAnalyzer>, u'\\u043d\\u0430\\u043f\\u0430\\u0434\\u0435\\u043d\\u0438\\u044f', 76, 2),)"},"sentenceIndex":[0,5],"words":["нападения","нападении"],"wordsIndex":[5,1]},"напомнить":{"params":{"class":"г","classMask":5,"info":{"isCapital":true,"isUpper":false},"stack":"((<DictionaryAnalyzer>, u'\\u043d\\u0430\\u043f\\u043e\\u043c\\u043d\\u0438\\u043c', 617, 6),)"},"sentenceIndex":[4],"words":["Напомним"],"wordsIndex":[0]},"наружний":{"params":{"class":"п","classMask":2,"info":{"isCapital":false,"isUpper":false},"stack":"((<FakeDictionary>, u'\\u043d\\u0430\\u0440\\u0443\\u0436\\u043d\\u0435\\u0433\\u043e', 382, 1), (<KnownSuffixAnalyzer>, u'\\u0436\\u043d\\u0435\\u0433\\u043e'))"},"sentenceIndex":[0],"words":["наружнего"],"wordsIndex":[1]},"о":{"params":{"class":"символ","classMask":20,"info":{},"stack":""},"sentenceIndex":[7],"words":["о"],"wordsIndex":[6]},"один":{"params":{"class":"п","classMask":2,"info":{"isCapital":false,"isUpper":false},"stack":"((<DictionaryAnalyzer>, u'\\u043e\\u0434\\u0438\\u043d', 2198, 0),)"},"sentenceIndex":[1,4],"words":["один","один"],"wordsIndex":[4,1]},"около":{"params":{"class":"предл","classMask":14,"info":{"isCapital":false,"isUpper":false},"stack":"((<DictionaryAnalyzer>, u'\\u043e\\u043a\\u043e\\u043b\\u043e', 24, 0),)"},"sentenceIndex":[0],"words":["около"],"wordsIndex":[15]},"он":{"params":{"class":"мс","classMask":12,"info":{"isCapital":true,"isUpper":false},"stack":"((<DictionaryAnalyzer>, u'\\u043e\\u043d', 2208, 0),)"},"sentenceIndex":[6],"words":["Он"],"wordsIndex":[0]},"опубликовать":{"params":{"class":"кр_причастие","classMask":8,"info":{"isCapital":false,"isUpper":false},"stack":"((<DictionaryAnalyzer>, u'\\u043e\\u043f\\u0443\\u0431\\u043b\\u0438\\u043a\\u043e\\u0432\\u0430\\u043d\\u043e', 276, 73),)"},"sentenceIndex":[3],"words":["опубликовано"],"wordsIndex":[1]},"орган":{"params":{"class":"с","classMask":1,"info":{"isCapital":false,"isUpper":false},"stack":"((<DictionaryAnalyzer>, u'\\u043e\\u0440\\u0433\\u0430\\u043d\\u044b', 33, 6),)"},"sentenceIndex":[8],"words":["органы"],"wordsIndex":[1]},"остальной":{"params":{"class":"п","classMask":2,"info":{"isCapital":false,"isUpper":false},"stack":"((<DictionaryAnalyzer>, u'\\u043e\\u0441\\u0442\\u0430\\u043b\\u044c\\u043d\\u044b\\u0445', 1648, 20),)"},"sentenceIndex":[4],"words":["остальных"],"wordsIndex":[10]},"отделение":{"params":{"class":"с","classMask":1,"info":{"isCapital":false,"isUpper":false},"stack":"((<DictionaryAnalyzer>, u'\\u043e\\u0442\\u0434\\u0435\\u043b\\u0435\\u043d\\u0438\\u044f', 76, 2),)"},"sentenceIndex":[0],"words":["отделения"],"wordsIndex":[16]},"отнять":{"params":{"class":"инфинитив","classMask":6,"info":{"isCapital":false,"isUpper":false},"stack":"((<DictionaryAnalyzer>, u'\\u043e\\u0442\\u043d\\u044f\\u0442\\u044c', 1333, 0),)"},"sentenceIndex":[1],"words":["отнять"],"wordsIndex":[20]},"переодеться":{"params":{"class":"причастие","classMask":7,"info":{"isCapital":false,"isUpper":false},"stack":"((<DictionaryAnalyzer>, u'\\u043f\\u0435\\u0440\\u0435\\u043e\\u0434\\u0435\\u0432\\u0448\\u0438\\u0445\\u0441\\u044f', 652, 36),)"},"sentenceIndex":[1],"words":["переодевшихся"],"wordsIndex":[6]},"побуждение":{"params":{"class":"с","classMask":1,"info":{"isCapital":false,"isUpper":false},"stack":"((<DictionaryAnalyzer>, u'\\u043f\\u043e\\u0431\\u0443\\u0436\\u0434\\u0435\\u043d\\u0438\\u0439', 76, 15),)"},"sentenceIndex":[7],"words":["побуждений"],"wordsIndex":[16]},"подъезжать":{"params":{"class":"г","classMask":5,"info":{"isCapital":false,"isUpper":false},"stack":"((<DictionaryAnalyzer>, u'\\u043f\\u043e\\u0434\\u044a\\u0435\\u0437\\u0436\\u0430\\u044e\\u0442', 15, 6),)"},"sentenceIndex":[1],"words":["подъезжают"],"wordsIndex":[15]},"поиск":{"params":{"class":"с","classMask":1,"info":{"isCapital":false,"isUpper":false},"stack":"((<DictionaryAnalyzer>, u'\\u043f\\u043e\\u0438\\u0441\\u043a', 19, 0),)"},"sentenceIndex":[8],"words":["поиск"],"wordsIndex":[3]},"покушение":{"params":{"class":"с","classMask":1,"info":{"isCapital":false,"isUpper":false},"stack":"((<DictionaryAnalyzer>, u'\\u043f\\u043e\\u043a\\u0443\\u0448\\u0435\\u043d\\u0438\\u0438', 76, 10),)"},"sentenceIndex":[7],"words":["покушении"],"wordsIndex":[7]},"получить":{"params":{"class":"г","classMask":5,"info":{"isCapital":false,"isUpper":false},"stack":"((<DictionaryAnalyzer>, u'\\u043f\\u043e\\u043b\\u0443\\u0447\\u0438\\u043b', 634, 1),)"},"sentenceIndex":[5],"words":["получил"],"wordsIndex":[3]},"почта":{"params":{"class":"имя","classMask":22,"info":{"isCapital":true,"isUpper":false},"stack":"((<DictionaryAnalyzer>, u'\\u043f\\u043e\\u0447\\u0442\\u044b', 55, 1),)"},"sentenceIndex":[0],"words":["Почты"],"wordsIndex":[17]},"правоохранительный":{"params":{"class":"п","classMask":2,"info":{"isCapital":true,"isUpper":false},"stack":"((<DictionaryAnalyzer>, u'\\u043f\\u0440\\u0430\\u0432\\u043e\\u043e\\u0445\\u0440\\u0430\\u043d\\u0438\\u0442\\u0435\\u043b\\u044c\\u043d\\u044b\\u0435', 10, 20),)"},"sentenceIndex":[8],"words":["Правоохранительные"],"wordsIndex":[0]},"преступление":{"params":{"class":"с","classMask":1,"info":{"isCapital":false,"isUpper":false},"stack":"((<DictionaryAnalyzer>, u'\\u043f\\u0440\\u0435\\u0441\\u0442\\u0443\\u043f\\u043b\\u0435\\u043d\\u0438\\u044f', 76, 2),)"},"sentenceIndex":[4],"words":["преступления"],"wordsIndex":[14]},"преступник":{"params":{"class":"с","classMask":1,"info":{"isCapital":false,"isUpper":false},"stack":"((<DictionaryAnalyzer>, u'\\u043f\\u0440\\u0435\\u0441\\u0442\\u0443\\u043f\\u043d\\u0438\\u043a\\u043e\\u0432', 2, 7),)"},"sentenceIndex":[8],"words":["преступников"],"wordsIndex":[4]},"при":{"params":{"class":"предл","classMask":14,"info":{"isCapital":true,"isUpper":false},"stack":"((<DictionaryAnalyzer>, u'\\u043f\\u0440\\u0438', 24, 0),)"},"sentenceIndex":[5],"words":["При"],"wordsIndex":[0]},"принадлежащий":{"params":{"class":"п","classMask":2,"info":{"isCapital":false,"isUpper":false},"stack":"((<DictionaryAnalyzer>, u'\\u043f\\u0440\\u0438\\u043d\\u0430\\u0434\\u043b\\u0435\\u0436\\u0430\\u0449\\u0438\\u0439', 100, 0),)"},"sentenceIndex":[2],"words":["принадлежащий"],"wordsIndex":[4]},"продолжать":{"params":{"class":"г","classMask":5,"info":{"isCapital":false,"isUpper":false},"stack":"((<DictionaryAnalyzer>, u'\\u043f\\u0440\\u043e\\u0434\\u043e\\u043b\\u0436\\u0430\\u044e\\u0442', 206, 6),)"},"sentenceIndex":[8],"words":["продолжают"],"wordsIndex":[2]},"произойти":{"params":{"class":"г","classMask":5,"info":{"isCapital":false,"isUpper":false},"stack":"((<DictionaryAnalyzer>, u'\\u043f\\u0440\\u043e\\u0438\\u0437\\u043e\\u0448\\u043b\\u043e', 2581, 3),)"},"sentenceIndex":[0],"words":["произошло"],"wordsIndex":[9]},"пытаться":{"params":{"class":"г","classMask":5,"info":{"isCapital":false,"isUpper":false},"stack":"((<DictionaryAnalyzer>, u'\\u043f\\u044b\\u0442\\u0430\\u044e\\u0442\\u0441\\u044f', 224, 6),)"},"sentenceIndex":[1],"words":["пытаются"],"wordsIndex":[19]},"ранение":{"params":{"class":"с","classMask":1,"info":{"isCapital":false,"isUpper":false},"stack":"((<DictionaryAnalyzer>, u'\\u0440\\u0430\\u043d\\u0435\\u043d\\u0438\\u0435', 76, 0),)"},"sentenceIndex":[5],"words":["ранение"],"wordsIndex":[2]},"римский":{"params":{"class":"имя","classMask":22,"info":{"isCapital":true,"isUpper":false},"stack":"((<DictionaryAnalyzer>, u'\\u0440\\u0438\\u043c\\u0441\\u043a\\u043e\\u0433\\u043e', 16, 1),)"},"sentenceIndex":[0],"words":["Римского"],"wordsIndex":[12]},"россия":{"params":{"class":"имя","classMask":1122,"info":{"isCapital":true,"isCountry":true,"isUpper":false},"stack":"((<DictionaryAnalyzer>, u'\\u0440\\u043e\\u0441\\u0441\\u0438\\u0438', 70, 1),)"},"sentenceIndex":[0],"words":["России"],"wordsIndex":[18]},"рф":{"params":{"class":"с","classMask":1,"info":{"isCapital":false,"isUpper":true},"stack":"((<DictionaryAnalyzer>, u'\\u0440\\u0444', 1351, 1),)"},"sentenceIndex":[7],"words":["РФ"],"wordsIndex":[2]},"с":{"params":{"class":"символ","classMask":20,"info":{},"stack":""},"sentenceIndex":[1,4],"words":["с","с"],"wordsIndex":[24,12]},"связь":{"params":{"class":"с","classMask":1,"info":{"isCapital":false,"isUpper":false},"stack":"((<DictionaryAnalyzer>, u'\\u0441\\u0432\\u044f\\u0437\\u0438', 544, 6),)"},"sentenceIndex":[2],"words":["связи"],"wordsIndex":[9]},"синий":{"params":{"class":"п","classMask":2,"info":{"isCapital":false,"isUpper":false},"stack":"((<DictionaryAnalyzer>, u'\\u0441\\u0438\\u043d\\u0435\\u043c', 2765, 6),)"},"sentenceIndex":[4],"words":["синем"],"wordsIndex":[16]},"скрыться":{"params":{"class":"г","classMask":5,"info":{"isCapital":false,"isUpper":false},"stack":"((<DictionaryAnalyzer>, u'\\u0441\\u043a\\u0440\\u044b\\u043b\\u0438\\u0441\\u044c', 934, 4),)"},"sentenceIndex":[4],"words":["скрылись"],"wordsIndex":[11]},"следственный":{"params":{"class":"п","classMask":2,"info":{"isCapital":true,"isUpper":false},"stack":"((<DictionaryAnalyzer>, u'\\u0441\\u043b\\u0435\\u0434\\u0441\\u0442\\u0432\\u0435\\u043d\\u043d\\u044b\\u0439', 262, 0),)"},"sentenceIndex":[7],"words":["Следственный"],"wordsIndex":[0]},"сотрудник":{"params":{"class":"с","classMask":1,"info":{"isCapital":false,"isUpper":false},"stack":"((<DictionaryAnalyzer>, u'\\u0441\\u043e\\u0442\\u0440\\u0443\\u0434\\u043d\\u0438\\u043a', 2, 0),)"},"sentenceIndex":[5],"words":["сотрудник"],"wordsIndex":[4]},"специальный":{"params":{"class":"п","classMask":2,"info":{"isCapital":false,"isUpper":false},"stack":"((<DictionaryAnalyzer>, u'\\u0441\\u043f\\u0435\\u0446\\u0438\\u0430\\u043b\\u044c\\u043d\\u043e\\u0439', 1289, 8),)"},"sentenceIndex":[2],"words":["специальной"],"wordsIndex":[8]},"спецсвязь":{"params":{"class":"с","classMask":1,"info":{"isCapital":false,"isUpper":false},"stack":"((<DictionaryAnalyzer>, u'\\u0441\\u043f\\u0435\\u0446\\u0441\\u0432\\u044f\\u0437\\u0438', 82, 1),)"},"sentenceIndex":[5],"words":["спецсвязи"],"wordsIndex":[5]},"сумка":{"params":{"class":"с","classMask":1,"info":{"isCapital":false,"isUpper":false},"stack":"((<DictionaryAnalyzer>, u'\\u0441\\u0443\\u043c\\u043a\\u0443', 8, 3),)"},"sentenceIndex":[1],"words":["сумку"],"wordsIndex":[23]},"трое":{"params":{"class":"числ","classMask":10,"info":{"isCapital":false,"isUpper":false},"stack":"((<DictionaryAnalyzer>, u'\\u0442\\u0440\\u043e\\u0438\\u0445', 1254, 4),)"},"sentenceIndex":[4],"words":["троих"],"wordsIndex":[3]},"у":{"params":{"class":"символ","classMask":20,"info":{},"stack":""},"sentenceIndex":[1],"words":["у"],"wordsIndex":[21]},"убийство":{"params":{"class":"с","classMask":1,"info":{"isCapital":false,"isUpper":false},"stack":"((<DictionaryAnalyzer>, u'\\u0443\\u0431\\u0438\\u0439\\u0441\\u0442\\u0432\\u043e', 54, 3),)"},"sentenceIndex":[7],"words":["убийство"],"wordsIndex":[9]},"убитый":{"params":{"class":"кр_прил","classMask":3,"info":{"isCapital":false,"isUpper":false},"stack":"((<DictionaryAnalyzer>, u'\\u0443\\u0431\\u0438\\u0442', 4, 27),)"},"sentenceIndex":[4],"words":["убит"],"wordsIndex":[8]},"уголовный":{"params":{"class":"п","classMask":2,"info":{"isCapital":false,"isUpper":false},"stack":"((<DictionaryAnalyzer>, u'\\u0443\\u0433\\u043e\\u043b\\u043e\\u0432\\u043d\\u043e\\u0435', 12, 14),)"},"sentenceIndex":[7],"words":["уголовное"],"wordsIndex":[4]},"улица":{"params":{"class":"с","classMask":1,"info":{"isCapital":false,"isUpper":false},"stack":"((<DictionaryAnalyzer>, u'\\u0443\\u043b\\u0438\\u0446\\u0435', 141, 6),)"},"sentenceIndex":[0],"words":["улице"],"wordsIndex":[11]},"устроить":{"params":{"class":"г","classMask":5,"info":{"isCapital":false,"isUpper":false},"stack":"((<DictionaryAnalyzer>, u'\\u0443\\u0441\\u0442\\u0440\\u043e\\u0438\\u043b', 457, 1),)"},"sentenceIndex":[1],"words":["устроил"],"wordsIndex":[10]},"фгуп":{"params":{"class":"с","classMask":1,"info":{"isCapital":false,"isUpper":true},"stack":"((<FakeDictionary>, u'\\u0444\\u0433\\u0443\\u043f', 33, 0), (<KnownSuffixAnalyzer>, u'\\u0443\\u043f'))"},"sentenceIndex":[2],"words":["ФГУП"],"wordsIndex":[5]},"центр":{"params":{"class":"с","classMask":1,"info":{"isCapital":false,"isUpper":false},"stack":"((<DictionaryAnalyzer>, u'\\u0446\\u0435\\u043d\\u0442\\u0440', 33, 0),)"},"sentenceIndex":[2],"words":["центр"],"wordsIndex":[7]}}