{"18":{"params":{"class":"наим","classMask":19,"info":{},"stack":""},"sentenceIndex":[3],"words":["18"],"wordsIndex":[2]},"18-летних":{"params":{"class":"наим","classMask":19,"info":{},"stack":""},"sentenceIndex":[3],"words":["18-летних"],"wordsIndex":[4]},"2014":{"params":{"class":"наим","classMask":19,"info":{},"stack":""},"sentenceIndex":[6],"words":["2014"],"wordsIndex":[11]},"23":{"params":{"class":"наим","classMask":19,"info":{},"stack":""},"sentenceIndex":[6],"words":["23"],"wordsIndex":[9]},"450":{"params":{"class":"наим","classMask":19,"info":{},"stack":""},"sentenceIndex":[6],"words":["450"],"wordsIndex":[22]},"gizmodo":{"params":{"class":"имя","classMask":22,"info":{"isCapital":true,"isUpper":false},"stack":""},"sentenceIndex":[2],"words":["Gizmodo"],"wordsIndex":[4]},"nostoc":{"params":{"class":"имя","classMask":22,"info":{"isCapital":true,"isUpper":false},"stack":""},"sentenceIndex":[3],"words":["Nostoc"],"wordsIndex":[18]},"sphaerocystis":{"params":{"class":"имя","classMask":22,"info":{"isCapital":true,"isUpper":false},"stack":""},"sentenceIndex":[3],"words":["Sphaerocystis"],"wordsIndex":[11]},"антарктида":{"params":{"class":"имя","classMask":1122,"info":{"isCapital":true,"isCountry":true,"isUpper":false},"stack":"((<DictionaryAnalyzer>, u'\\u0430\\u043d\\u0442\\u0430\\u0440\\u043a\\u0442\\u0438\\u0434\\u044b', 35, 1),)"},"sentenceIndex":[3],"words":["Антарктиды"],"wordsIndex":[20]},"астронавт":{"params":{"class":"с","classMask":1,"info":{"isCapital":false,"isUpper":false},"stack":"((<DictionaryAnalyzer>, u'\\u0430\\u0441\\u0442\\u0440\\u043e\\u043d\\u0430\\u0432\\u0442\\u043e\\u0432', 52, 7),)"},"sentenceIndex":[9],"words":["астронавтов"],"wordsIndex":[7]},"борт":{"params":{"class":"с","classMask":1,"info":{"isCapital":false,"isUpper":false},"stack":"((<DictionaryAnalyzer>, u'\\u0431\\u043e\\u0440\\u0442\\u0443', 409, 6),)"},"sentenceIndex":[1,5],"words":["борту","борту"],"wordsIndex":[15,9]},"быть":{"params":{"class":"г","classMask":5,"info":{"isCapital":false,"isUpper":false},"stack":"((<DictionaryAnalyzer>, u'\\u0431\\u044b\\u043b', 587, 4),)"},"sentenceIndex":[1,3,6],"words":["был","было","были"],"wordsIndex":[12,6,1]},"в":{"params":{"class":"символ","classMask":20,"info":{},"stack":""},"sentenceIndex":[0,1,3,3,6,6,8,9],"words":["в","в","В","в","в","в","В","в"],"wordsIndex":[5,10,0,27,16,20,0,10]},"вакуум":{"params":{"class":"с","classMask":1,"info":{"isCapital":false,"isUpper":false},"stack":"((<DictionaryAnalyzer>, u'\\u0432\\u0430\\u043a\\u0443\\u0443\\u043c\\u043e\\u043c', 33, 4),)"},"sentenceIndex":[4],"words":["вакуумом"],"wordsIndex":[10]},"весь":{"params":{"class":"п","classMask":2,"info":{"isCapital":false,"isUpper":false},"stack":"((<DictionaryAnalyzer>, u'\\u0432\\u0441\\u0435', 703, 20),)"},"sentenceIndex":[7],"words":["все"],"wordsIndex":[4]},"влияние":{"params":{"class":"с","classMask":1,"info":{"isCapital":false,"isUpper":false},"stack":"((<DictionaryAnalyzer>, u'\\u0432\\u043b\\u0438\\u044f\\u043d\\u0438\\u0435', 76, 6),)"},"sentenceIndex":[4],"words":["влияние"],"wordsIndex":[5]},"водоросль":{"params":{"class":"с","classMask":1,"info":{"isCapital":false,"isUpper":false},"stack":"((<DictionaryAnalyzer>, u'\\u0432\\u043e\\u0434\\u043e\\u0440\\u043e\\u0441\\u043b\\u0435\\u0439', 13, 7),)"},"sentenceIndex":[0,3,5,7,8],"words":["водорослей","водоросли","водорослями","водорослей","водоросли"],"wordsIndex":[2,10,7,6,8]},"возвращение":{"params":{"class":"с","classMask":1,"info":{"isCapital":false,"isUpper":false},"stack":"((<DictionaryAnalyzer>, u'\\u0432\\u043e\\u0437\\u0432\\u0440\\u0430\\u0449\\u0435\\u043d\\u0438\\u044f', 76, 2),)"},"sentenceIndex":[7],"words":["возвращения"],"wordsIndex":[1]},"воздействие":{"params":{"class":"с","classMask":1,"info":{"isCapital":false,"isUpper":false},"stack":"((<DictionaryAnalyzer>, u'\\u0432\\u043e\\u0437\\u0434\\u0435\\u0439\\u0441\\u0442\\u0432\\u0438\\u044e', 119, 2),)"},"sentenceIndex":[6],"words":["воздействию"],"wordsIndex":[25]},"воспроизвести":{"params":{"class":"причастие","classMask":7,"info":{"isCapital":false,"isUpper":false},"stack":"((<DictionaryAnalyzer>, u'\\u0432\\u043e\\u0441\\u043f\\u0440\\u043e\\u0438\\u0437\\u0432\\u0435\\u0434\\u0451\\u043d\\u043d\\u044b\\u0435', 898, 60),)"},"sentenceIndex":[3],"words":["воспроизведенные"],"wordsIndex":[26]},"выдерживать":{"params":{"class":"инфинитив","classMask":6,"info":{"isCapital":false,"isUpper":false},"stack":"((<DictionaryAnalyzer>, u'\\u0432\\u044b\\u0434\\u0435\\u0440\\u0436\\u0438\\u0432\\u0430\\u0442\\u044c', 206, 0),)"},"sentenceIndex":[3],"words":["выдерживать"],"wordsIndex":[22]},"выживание":{"params":{"class":"с","classMask":1,"info":{"isCapital":false,"isUpper":false},"stack":"((<DictionaryAnalyzer>, u'\\u0432\\u044b\\u0436\\u0438\\u0432\\u0430\\u043d\\u0438\\u044f', 108, 1),)"},"sentenceIndex":[8],"words":["выживания"],"wordsIndex":[10]},"выжить":{"params":{"class":"инфинитив","classMask":6,"info":{"isCapital":false,"isUpper":false},"stack":"((<DictionaryAnalyzer>, u'\\u0432\\u044b\\u0436\\u0438\\u0442\\u044c', 1022, 0),)"},"sentenceIndex":[0],"words":["выжить"],"wordsIndex":[4]},"выяснить":{"params":{"class":"инфинитив","classMask":6,"info":{"isCapital":false,"isUpper":false},"stack":"((<DictionaryAnalyzer>, u'\\u0432\\u044b\\u044f\\u0441\\u043d\\u0438\\u0442\\u044c', 617, 0),)"},"sentenceIndex":[8],"words":["выяснить"],"wordsIndex":[4]},"где":{"params":{"class":"н","classMask":11,"info":{"isCapital":false,"isUpper":false},"stack":"((<DictionaryAnalyzer>, u'\\u0433\\u0434\\u0435', 1130, 0),)"},"sentenceIndex":[6],"words":["где"],"wordsIndex":[13]},"германия":{"params":{"class":"имя","classMask":1122,"info":{"isCapital":true,"isCountry":true,"isUpper":false},"stack":"((<DictionaryAnalyzer>, u'\\u0433\\u0435\\u0440\\u043c\\u0430\\u043d\\u0438\\u0438', 70, 1),)"},"sentenceIndex":[1],"words":["Германии"],"wordsIndex":[11]},"год":{"params":{"class":"с","classMask":1,"info":{"isCapital":false,"isUpper":false},"stack":"((<DictionaryAnalyzer>, u'\\u0433\\u043e\\u0434\\u0430', 1168, 1),)"},"sentenceIndex":[6],"words":["года"],"wordsIndex":[12]},"дальнейший":{"params":{"class":"п","classMask":2,"info":{"isCapital":false,"isUpper":false},"stack":"((<DictionaryAnalyzer>, u'\\u0434\\u0430\\u043b\\u044c\\u043d\\u0435\\u0439\\u0448\\u0435\\u043c', 100, 19),)"},"sentenceIndex":[8],"words":["дальнейшем"],"wordsIndex":[1]},"дать":{"params":{"class":"инфинитив","classMask":6,"info":{"isCapital":false,"isUpper":false},"stack":"((<DictionaryAnalyzer>, u'\\u0434\\u0430\\u0442\\u044c', 843, 0),)"},"sentenceIndex":[7],"words":["дать"],"wordsIndex":[10]},"два":{"params":{"class":"числ","classMask":10,"info":{"isCapital":true,"isUpper":false},"stack":"((<DictionaryAnalyzer>, u'\\u0434\\u0432\\u0430', 1248, 0),)"},"sentenceIndex":[0],"words":["Два"],"wordsIndex":[0]},"день":{"params":{"class":"с","classMask":1,"info":{"isCapital":false,"isUpper":false},"stack":"((<DictionaryAnalyzer>, u'\\u0434\\u043d\\u0435\\u0439', 1267, 7),)"},"sentenceIndex":[6],"words":["дней"],"wordsIndex":[23]},"длительный":{"params":{"class":"п","classMask":2,"info":{"isCapital":false,"isUpper":false},"stack":"((<DictionaryAnalyzer>, u'\\u0434\\u043b\\u0438\\u0442\\u0435\\u043b\\u044c\\u043d\\u044b\\u0445', 211, 21),)"},"sentenceIndex":[9],"words":["длительных"],"wordsIndex":[12]},"для":{"params":{"class":"предл","classMask":14,"info":{"isCapital":false,"isUpper":false},"stack":"((<DictionaryAnalyzer>, u'\\u0434\\u043b\\u044f', 24, 0),)"},"sentenceIndex":[8],"words":["для"],"wordsIndex":[9]},"доставить":{"params":{"class":"кр_причастие","classMask":8,"info":{"isCapital":false,"isUpper":false},"stack":"((<DictionaryAnalyzer>, u'\\u0434\\u043e\\u0441\\u0442\\u0430\\u0432\\u043b\\u0435\\u043d\\u044b', 753, 74),)"},"sentenceIndex":[6],"words":["доставлены"],"wordsIndex":[5]},"жёсткий":{"params":{"class":"п","classMask":2,"info":{"isCapital":false,"isUpper":false},"stack":"((<DictionaryAnalyzer>, u'\\u0436\\u0451\\u0441\\u0442\\u043a\\u0438\\u043c', 1390, 22),)"},"sentenceIndex":[4],"words":["жестким"],"wordsIndex":[12]},"защита":{"params":{"class":"с","classMask":1,"info":{"isCapital":false,"isUpper":false},"stack":"((<DictionaryAnalyzer>, u'\\u0437\\u0430\\u0449\\u0438\\u0442\\u0435', 55, 6),)"},"sentenceIndex":[9],"words":["защите"],"wordsIndex":[6]},"зелёный":{"params":{"class":"п","classMask":2,"info":{"isCapital":false,"isUpper":false},"stack":"((<DictionaryAnalyzer>, u'\\u0437\\u0435\\u043b\\u0451\\u043d\\u044b\\u0435', 1596, 20),)"},"sentenceIndex":[3,3],"words":["зеленые","зеленые"],"wordsIndex":[9,16]},"зелёный-синий":{"params":{"class":"п","classMask":1202,"info":{"comboClassStats":{"кр_прил":1,"п":1},"isCapital":false,"isCombo":true,"isUpper":false},"stack":"<classByLadder>"},"sentenceIndex":[3],"words":["сине-зеленые"],"wordsIndex":[17]},"земля":{"params":{"class":"имя","classMask":22,"info":{"isCapital":true,"isUpper":false},"stack":"((<DictionaryAnalyzer>, u'\\u0437\\u0435\\u043c\\u043b\\u044e', 1599, 3),)"},"sentenceIndex":[7],"words":["Землю"],"wordsIndex":[3]},"и":{"params":{"class":"символ","classMask":20,"info":{},"stack":""},"sentenceIndex":[1,3,4,6,6],"words":["и","и","и","и","и"],"wordsIndex":[7,14,11,4,19]},"из":{"params":{"class":"предл","classMask":14,"info":{"isCapital":false,"isUpper":false},"stack":"((<DictionaryAnalyzer>, u'\\u0438\\u0437', 375, 0),)"},"sentenceIndex":[1,3,3],"words":["из","из","из"],"wordsIndex":[3,12,19]},"излучение":{"params":{"class":"с","classMask":1,"info":{"isCapital":false,"isUpper":false},"stack":"((<DictionaryAnalyzer>, u'\\u0438\\u0437\\u043b\\u0443\\u0447\\u0435\\u043d\\u0438\\u0435\\u043c', 76, 8),)"},"sentenceIndex":[4,9],"words":["излучением","излучения"],"wordsIndex":[14,9]},"иммунология":{"params":{"class":"с","classMask":1,"info":{"isCapital":false,"isUpper":false},"stack":"((<DictionaryAnalyzer>, u'\\u0438\\u043c\\u043c\\u0443\\u043d\\u043e\\u043b\\u043e\\u0433\\u0438\\u0438', 40, 1),)"},"sentenceIndex":[1],"words":["иммунологии"],"wordsIndex":[8]},"институт":{"params":{"class":"имя","classMask":22,"info":{"isCapital":true,"isUpper":false},"stack":"((<DictionaryAnalyzer>, u'\\u0438\\u043d\\u0441\\u0442\\u0438\\u0442\\u0443\\u0442\\u0430', 33, 1),)"},"sentenceIndex":[1],"words":["Института"],"wordsIndex":[4]},"ионизировать":{"params":{"class":"причастие","classMask":7,"info":{"isCapital":false,"isUpper":false},"stack":"((<DictionaryAnalyzer>, u'\\u0438\\u043e\\u043d\\u0438\\u0437\\u0438\\u0440\\u0443\\u044e\\u0449\\u0438\\u043c', 75, 89),)"},"sentenceIndex":[4],"words":["ионизирующим"],"wordsIndex":[13]},"использовать":{"params":{"class":"г","classMask":5,"info":{"isCapital":false,"isUpper":false},"stack":"((<DictionaryAnalyzer>, u'\\u0438\\u0441\\u043f\\u043e\\u043b\\u044c\\u0437\\u0443\\u044e\\u0442', 75, 20),)"},"sentenceIndex":[8],"words":["используют"],"wordsIndex":[7]},"исследование":{"params":{"class":"с","classMask":1,"info":{"isCapital":false,"isUpper":false},"stack":"((<DictionaryAnalyzer>, u'\\u0438\\u0441\\u0441\\u043b\\u0435\\u0434\\u043e\\u0432\\u0430\\u043d\\u0438\\u0439', 76, 15),)"},"sentenceIndex":[3],"words":["исследований"],"wordsIndex":[5]},"исследователь":{"params":{"class":"с","classMask":1,"info":{"isCapital":true,"isUpper":false},"stack":"((<DictionaryAnalyzer>, u'\\u0438\\u0441\\u0441\\u043b\\u0435\\u0434\\u043e\\u0432\\u0430\\u0442\\u0435\\u043b\\u0438', 121, 6),)"},"sentenceIndex":[5],"words":["Исследователи"],"wordsIndex":[0]},"июль":{"params":{"class":"с","classMask":1,"info":{"isCapital":false,"isUpper":false},"stack":"((<DictionaryAnalyzer>, u'\\u0438\\u044e\\u043b\\u044f', 91, 1),)"},"sentenceIndex":[6],"words":["июля"],"wordsIndex":[10]},"какой":{"params":{"class":"п","classMask":2,"info":{"isCapital":false,"isUpper":false},"stack":"((<DictionaryAnalyzer>, u'\\u043a\\u0430\\u043a\\u0438\\u0435', 1676, 20),)"},"sentenceIndex":[8],"words":["какие"],"wordsIndex":[5]},"клеточный":{"params":{"class":"п","classMask":2,"info":{"isCapital":false,"isUpper":false},"stack":"((<DictionaryAnalyzer>, u'\\u043a\\u043b\\u0435\\u0442\\u043e\\u0447\\u043d\\u043e\\u0439', 12, 8),)"},"sentenceIndex":[1],"words":["клеточной"],"wordsIndex":[5]},"космический":{"params":{"class":"п","classMask":2,"info":{"isCapital":false,"isUpper":false},"stack":"((<DictionaryAnalyzer>, u'\\u043a\\u043e\\u0441\\u043c\\u0438\\u0447\\u0435\\u0441\\u043a\\u043e\\u0439', 16, 8),)"},"sentenceIndex":[1,6,6,9],"words":["космической","космическую","космической","космических"],"wordsIndex":[17,7,26,13]},"космос":{"params":{"class":"с","classMask":1,"info":{"isCapital":false,"isUpper":false},"stack":"((<DictionaryAnalyzer>, u'\\u043a\\u043e\\u0441\\u043c\\u043e\\u0441\\u0430', 33, 1),)"},"sentenceIndex":[0,4],"words":["космоса","космоса"],"wordsIndex":[8,7]},"криофильный":{"params":{"class":"п","classMask":2,"info":{"isCapital":false,"isUpper":false},"stack":"((<DictionaryAnalyzer>, u'\\u0438\\u043b\\u044c\\u043d\\u044b\\u043c\\u0438', 211, 25), (<UnknownPrefixAnalyzer>, u'\\u043a\\u0440\\u0438\\u043e\\u0444'))"},"sentenceIndex":[5],"words":["криофильными"],"wordsIndex":[5]},"кроме":{"params":{"class":"предл","classMask":14,"info":{"isCapital":false,"isUpper":false},"stack":"((<DictionaryAnalyzer>, u'\\u043a\\u0440\\u043e\\u043c\\u0435', 24, 0),)"},"sentenceIndex":[7],"words":["кроме"],"wordsIndex":[7]},"лаборатория":{"params":{"class":"с","classMask":1,"info":{"isCapital":false,"isUpper":false},"stack":"((<DictionaryAnalyzer>, u'\\u043b\\u0430\\u0431\\u043e\\u0440\\u0430\\u0442\\u043e\\u0440\\u0438\\u044f\\u0445', 40, 12),)"},"sentenceIndex":[3],"words":["лабораториях"],"wordsIndex":[29]},"летний":{"params":{"class":"п","classMask":2,"info":{"isCapital":false,"isUpper":false},"stack":"((<DictionaryAnalyzer>, u'\\u043b\\u0435\\u0442\\u043d\\u0438\\u0445', 382, 21),)"},"sentenceIndex":[3],"words":["летних"],"wordsIndex":[3]},"лоток":{"params":{"class":"с","classMask":1,"info":{"isCapital":false,"isUpper":false},"stack":"((<DictionaryAnalyzer>, u'\\u043b\\u043e\\u0442\\u043a\\u0438', 139, 6),)"},"sentenceIndex":[6],"words":["лотки"],"wordsIndex":[18]},"международный":{"params":{"class":"имя","classMask":22,"info":{"isCapital":true,"isUpper":false},"stack":"((<DictionaryAnalyzer>, u'\\u043c\\u0435\\u0436\\u0434\\u0443\\u043d\\u0430\\u0440\\u043e\\u0434\\u043d\\u043e\\u0439', 34, 8),)"},"sentenceIndex":[1],"words":["Международной"],"wordsIndex":[16]},"механизм":{"params":{"class":"с","classMask":1,"info":{"isCapital":false,"isUpper":false},"stack":"((<DictionaryAnalyzer>, u'\\u043c\\u0435\\u0445\\u0430\\u043d\\u0438\\u0437\\u043c\\u044b', 33, 6),)"},"sentenceIndex":[8],"words":["механизмы"],"wordsIndex":[6]},"миссия":{"params":{"class":"с","classMask":1,"info":{"isCapital":false,"isUpper":false},"stack":"((<DictionaryAnalyzer>, u'\\u043c\\u0438\\u0441\\u0441\\u0438\\u0439', 40, 8),)"},"sentenceIndex":[9],"words":["миссий"],"wordsIndex":[14]},"мкс":{"params":{"class":"с","classMask":1,"info":{"isCapital":false,"isUpper":true},"stack":"((<DictionaryAnalyzer>, u'\\u043c\\u043a\\u0441', 1958, 3),)"},"sentenceIndex":[1,5],"words":["МКС","МКС"],"wordsIndex":[19,10]},"на":{"params":{"class":"предл","classMask":14,"info":{"isCapital":false,"isUpper":false},"stack":"((<DictionaryAnalyzer>, u'\\u043d\\u0430', 24, 0),)"},"sentenceIndex":[1,5,6,7],"words":["на","на","на","на"],"wordsIndex":[14,8,6,2]},"наземный":{"params":{"class":"п","classMask":2,"info":{"isCapital":false,"isUpper":false},"stack":"((<DictionaryAnalyzer>, u'\\u043d\\u0430\\u0437\\u0435\\u043c\\u043d\\u044b\\u0445', 12, 21),)"},"sentenceIndex":[3],"words":["наземных"],"wordsIndex":[28]},"не":{"params":{"class":"част","classMask":16,"info":{"isCapital":false,"isUpper":false},"stack":"((<DictionaryAnalyzer>, u'\\u043d\\u0435', 22, 0),)"},"sentenceIndex":[4],"words":["не"],"wordsIndex":[2]},"немного":{"params":{"class":"н","classMask":11,"info":{"isCapital":false,"isUpper":false},"stack":"((<DictionaryAnalyzer>, u'\\u043d\\u0435\\u043c\\u043d\\u043e\\u0433\\u043e', 3, 0),)"},"sentenceIndex":[6],"words":["немного"],"wordsIndex":[2]},"новое":{"params":{"class":"с","classMask":1,"info":{"isCapital":false,"isUpper":false},"stack":"((<DictionaryAnalyzer>, u'\\u043d\\u043e\\u0432\\u044b\\u0435', 972, 6),)"},"sentenceIndex":[9],"words":["новые"],"wordsIndex":[3]},"норвегия":{"params":{"class":"имя","classMask":1122,"info":{"isCapital":true,"isCountry":true,"isUpper":false},"stack":"((<DictionaryAnalyzer>, u'\\u043d\\u043e\\u0440\\u0432\\u0435\\u0433\\u0438\\u0438', 70, 1),)"},"sentenceIndex":[3],"words":["Норвегии"],"wordsIndex":[13]},"о":{"params":{"class":"предл","classMask":14,"info":{"isCapital":true,"isUpper":false},"stack":"((<DictionaryAnalyzer>, u'\\u043e\\u0431', 2133, 1),)"},"sentenceIndex":[2],"words":["Об"],"wordsIndex":[0]},"обезводить":{"params":{"class":"кр_причастие","classMask":8,"info":{"isCapital":false,"isUpper":false},"stack":"((<DictionaryAnalyzer>, u'\\u043e\\u0431\\u0435\\u0437\\u0432\\u043e\\u0436\\u0435\\u043d\\u044b', 1297, 74),)"},"sentenceIndex":[6],"words":["обезвожены"],"wordsIndex":[3]},"образец":{"params":{"class":"с","classMask":1,"info":{"isCapital":false,"isUpper":false},"stack":"((<DictionaryAnalyzer>, u'\\u043e\\u0431\\u0440\\u0430\\u0437\\u0446\\u044b', 277, 6),)"},"sentenceIndex":[7],"words":["образцы"],"wordsIndex":[5]},"один":{"params":{"class":"п","classMask":2,"info":{"isCapital":false,"isUpper":false},"stack":"((<DictionaryAnalyzer>, u'\\u043e\\u0434\\u043d\\u043e\\u0433\\u043e', 2198, 14),)"},"sentenceIndex":[7],"words":["одного"],"wordsIndex":[8]},"однако":{"params":{"class":"союз","classMask":15,"info":{"isCapital":true,"isUpper":false},"stack":"((<DictionaryAnalyzer>, u'\\u043e\\u0434\\u043d\\u0430\\u043a\\u043e', 2200, 0),)"},"sentenceIndex":[4],"words":["Однако"],"wordsIndex":[0]},"он":{"params":{"class":"мс","classMask":12,"info":{"isCapital":false,"isUpper":false},"stack":"((<DictionaryAnalyzer>, u'\\u0435\\u0433\\u043e', 2208, 5),)"},"sentenceIndex":[4],"words":["его"],"wordsIndex":[9]},"они":{"params":{"class":"мс","classMask":12,"info":{"isCapital":false,"isUpper":false},"stack":"((<DictionaryAnalyzer>, u'\\u0438\\u0445', 2210, 1),)"},"sentenceIndex":[6],"words":["их"],"wordsIndex":[14]},"организм":{"params":{"class":"с","classMask":1,"info":{"isCapital":true,"isUpper":false},"stack":"((<DictionaryAnalyzer>, u'\\u043e\\u0440\\u0433\\u0430\\u043d\\u0438\\u0437\\u043c\\u044b', 33, 6),)"},"sentenceIndex":[6],"words":["Организмы"],"wordsIndex":[0]},"от":{"params":{"class":"предл","classMask":14,"info":{"isCapital":false,"isUpper":false},"stack":"((<DictionaryAnalyzer>, u'\\u043e\\u0442', 375, 0),)"},"sentenceIndex":[9],"words":["от"],"wordsIndex":[8]},"открытый":{"params":{"class":"п","classMask":2,"info":{"isCapital":false,"isUpper":false},"stack":"((<DictionaryAnalyzer>, u'\\u043e\\u0442\\u043a\\u0440\\u044b\\u0442\\u043e\\u0433\\u043e', 4, 1),)"},"sentenceIndex":[0,4],"words":["открытого","открытого"],"wordsIndex":[7,6]},"по":{"params":{"class":"предл","classMask":14,"info":{"isCapital":false,"isUpper":false},"stack":"((<DictionaryAnalyzer>, u'\\u043f\\u043e', 24, 0),)"},"sentenceIndex":[9],"words":["по"],"wordsIndex":[5]},"подвергать":{"params":{"class":"г","classMask":5,"info":{"isCapital":false,"isUpper":false},"stack":"((<DictionaryAnalyzer>, u'\\u043f\\u043e\\u0434\\u0432\\u0435\\u0440\\u0433\\u0430\\u043b\\u0438', 206, 10),)"},"sentenceIndex":[6],"words":["подвергали"],"wordsIndex":[24]},"поместить":{"params":{"class":"г","classMask":5,"info":{"isCapital":false,"isUpper":false},"stack":"((<DictionaryAnalyzer>, u'\\u043f\\u043e\\u043c\\u0435\\u0441\\u0442\\u0438\\u043b\\u0438', 764, 4),)"},"sentenceIndex":[6],"words":["поместили"],"wordsIndex":[15]},"помочь":{"params":{"class":"г","classMask":5,"info":{"isCapital":false,"isUpper":false},"stack":"((<DictionaryAnalyzer>, u'\\u043f\\u043e\\u043c\\u043e\\u0436\\u0435\\u0442', 857, 9),)"},"sentenceIndex":[9],"words":["поможет"],"wordsIndex":[1]},"после":{"params":{"class":"предл","classMask":14,"info":{"isCapital":true,"isUpper":false},"stack":"((<DictionaryAnalyzer>, u'\\u043f\\u043e\\u0441\\u043b\\u0435', 24, 0),)"},"sentenceIndex":[7],"words":["После"],"wordsIndex":[0]},"потомство":{"params":{"class":"с","classMask":1,"info":{"isCapital":false,"isUpper":false},"stack":"((<DictionaryAnalyzer>, u'\\u043f\\u043e\\u0442\\u043e\\u043c\\u0441\\u0442\\u0432\\u043e', 54, 0),)"},"sentenceIndex":[7],"words":["потомство"],"wordsIndex":[11]},"провести":{"params":{"class":"кр_причастие","classMask":8,"info":{"isCapital":false,"isUpper":false},"stack":"((<DictionaryAnalyzer>, u'\\u043f\\u0440\\u043e\\u0432\\u0435\\u0434\\u0451\\u043d', 628, 70),)"},"sentenceIndex":[1,5],"words":["проведен","провести"],"wordsIndex":[13,2]},"разработать":{"params":{"class":"причастие","classMask":7,"info":{"isCapital":false,"isUpper":false},"stack":"((<DictionaryAnalyzer>, u'\\u0440\\u0430\\u0437\\u0440\\u0430\\u0431\\u043e\\u0442\\u0430\\u043d\\u043d\\u044b\\u0439', 614, 42),)"},"sentenceIndex":[1,9],"words":["разработанный","разработать"],"wordsIndex":[1,2]},"решить":{"params":{"class":"г","classMask":5,"info":{"isCapital":false,"isUpper":false},"stack":"((<DictionaryAnalyzer>, u'\\u0440\\u0435\\u0448\\u0438\\u043b\\u0438', 741, 4),)"},"sentenceIndex":[5],"words":["решили"],"wordsIndex":[1]},"с":{"params":{"class":"символ","classMask":20,"info":{},"stack":""},"sentenceIndex":[4,5],"words":["с","с"],"wordsIndex":[8,4]},"сайт":{"params":{"class":"с","classMask":1,"info":{"isCapital":false,"isUpper":false},"stack":"((<DictionaryAnalyzer>, u'\\u0441\\u0430\\u0439\\u0442', 33, 0),)"},"sentenceIndex":[2],"words":["сайт"],"wordsIndex":[3]},"синий":{"params":{"class":"кр_прил","classMask":3,"info":{"isCapital":false,"isUpper":false},"stack":"((<DictionaryAnalyzer>, u'\\u0441\\u0438\\u043d\\u0435', 2765, 56),)"},"sentenceIndex":[3],"words":["сине"],"wordsIndex":[15]},"смоделировать":{"params":{"class":"инфинитив","classMask":6,"info":{"isCapital":false,"isUpper":false},"stack":"((<DictionaryAnalyzer>, u'\\u0441\\u043c\\u043e\\u0434\\u0435\\u043b\\u0438\\u0440\\u043e\\u0432\\u0430\\u0442\\u044c', 276, 0),)"},"sentenceIndex":[4],"words":["смоделировать"],"wordsIndex":[4]},"смочь":{"params":{"class":"г","classMask":5,"info":{"isCapital":false,"isUpper":false},"stack":"((<DictionaryAnalyzer>, u'\\u0441\\u043c\\u043e\\u0433\\u043b\\u0438', 857, 4),)"},"sentenceIndex":[4,7],"words":["смогли","смогли"],"wordsIndex":[3,9]},"сообщать":{"params":{"class":"г","classMask":5,"info":{"isCapital":false,"isUpper":false},"stack":"((<DictionaryAnalyzer>, u'\\u0441\\u043e\\u043e\\u0431\\u0449\\u0430\\u0435\\u0442', 206, 5),)"},"sentenceIndex":[2],"words":["сообщает"],"wordsIndex":[2]},"специальный":{"params":{"class":"п","classMask":2,"info":{"isCapital":false,"isUpper":false},"stack":"((<DictionaryAnalyzer>, u'\\u0441\\u043f\\u0435\\u0446\\u0438\\u0430\\u043b\\u044c\\u043d\\u044b\\u0435', 1289, 20),)"},"sentenceIndex":[6],"words":["специальные"],"wordsIndex":[17]},"способный":{"params":{"class":"кр_прил","classMask":3,"info":{"isCapital":false,"isUpper":false},"stack":"((<DictionaryAnalyzer>, u'\\u0441\\u043f\\u043e\\u0441\\u043e\\u0431\\u043d\\u044b', 86, 57),)"},"sentenceIndex":[3],"words":["способны"],"wordsIndex":[21]},"среда":{"params":{"class":"с","classMask":1,"info":{"isCapital":false,"isUpper":false},"stack":"((<DictionaryAnalyzer>, u'\\u0441\\u0440\\u0435\\u0434\\u044b', 2815, 1),)"},"sentenceIndex":[3,6],"words":["среды","среды"],"wordsIndex":[25,27]},"станция":{"params":{"class":"с","classMask":1,"info":{"isCapital":false,"isUpper":false},"stack":"((<DictionaryAnalyzer>, u'\\u0441\\u0442\\u0430\\u043d\\u0446\\u0438\\u0438', 40, 6),)"},"sentenceIndex":[1,6],"words":["станции","станцию"],"wordsIndex":[18,8]},"стратегия":{"params":{"class":"с","classMask":1,"info":{"isCapital":false,"isUpper":false},"stack":"((<DictionaryAnalyzer>, u'\\u0441\\u0442\\u0440\\u0430\\u0442\\u0435\\u0433\\u0438\\u0438', 40, 2),)"},"sentenceIndex":[9],"words":["стратегии"],"wordsIndex":[4]},"суметь":{"params":{"class":"г","classMask":5,"info":{"isCapital":false,"isUpper":false},"stack":"((<DictionaryAnalyzer>, u'\\u0441\\u0443\\u043c\\u0435\\u043b\\u0438', 715, 4),)"},"sentenceIndex":[0],"words":["сумели"],"wordsIndex":[3]},"терапия":{"params":{"class":"с","classMask":1,"info":{"isCapital":false,"isUpper":false},"stack":"((<DictionaryAnalyzer>, u'\\u0442\\u0435\\u0440\\u0430\\u043f\\u0438\\u0438', 40, 1),)"},"sentenceIndex":[1],"words":["терапии"],"wordsIndex":[6]},"течение":{"params":{"class":"с","classMask":1,"info":{"isCapital":false,"isUpper":false},"stack":"((<DictionaryAnalyzer>, u'\\u0442\\u0435\\u0447\\u0435\\u043d\\u0438\\u0435', 76, 6),)"},"sentenceIndex":[3,6,9],"words":["течение","течение","течение"],"wordsIndex":[1,21,11]},"условие":{"params":{"class":"с","classMask":1,"info":{"isCapital":false,"isUpper":false},"stack":"((<DictionaryAnalyzer>, u'\\u0443\\u0441\\u043b\\u043e\\u0432\\u0438\\u044f\\u0445', 76, 22),)"},"sentenceIndex":[0,3],"words":["условиях","условия"],"wordsIndex":[6,24]},"установить":{"params":{"class":"кр_причастие","classMask":8,"info":{"isCapital":false,"isUpper":false},"stack":"((<DictionaryAnalyzer>, u'\\u0443\\u0441\\u0442\\u0430\\u043d\\u043e\\u0432\\u043b\\u0435\\u043d\\u043e', 647, 73),)"},"sentenceIndex":[3],"words":["установлено"],"wordsIndex":[7]},"учёный":{"params":{"class":"п","classMask":2,"info":{"isCapital":false,"isUpper":false},"stack":"((<DictionaryAnalyzer>, u'\\u0443\\u0447\\u0451\\u043d\\u044b\\u043c\\u0438', 4, 25),)"},"sentenceIndex":[1,4,8],"words":["учеными","ученые","ученые"],"wordsIndex":[2,1,2]},"фраунгофер":{"params":{"class":"имя","classMask":22,"info":{"isCapital":true,"isUpper":false},"stack":"((<DictionaryAnalyzer>, u'\\u0433\\u043e\\u0444\\u0435\\u0440\\u0430', 52, 1), (<UnknownPrefixAnalyzer>, u'\\u0444\\u0440\\u0430\\u0443\\u043d'))"},"sentenceIndex":[1],"words":["Фраунгофера"],"wordsIndex":[9]},"холодолюбивый":{"params":{"class":"п","classMask":2,"info":{"isCapital":false,"isUpper":false},"stack":"((<DictionaryAnalyzer>, u'\\u0445\\u043e\\u043b\\u043e\\u0434\\u043e\\u043b\\u044e\\u0431\\u0438\\u0432\\u044b\\u043c\\u0438', 10, 25),)"},"sentenceIndex":[5],"words":["холодолюбивыми"],"wordsIndex":[6]},"хотеть":{"params":{"class":"г","classMask":5,"info":{"isCapital":false,"isUpper":false},"stack":"((<DictionaryAnalyzer>, u'\\u0445\\u043e\\u0442\\u044f\\u0442', 2999, 6),)"},"sentenceIndex":[8],"words":["хотят"],"wordsIndex":[3]},"что":{"params":{"class":"союз","classMask":15,"info":{"isCapital":false,"isUpper":false},"stack":"((<DictionaryAnalyzer>, u'\\u0447\\u0442\\u043e', 3046, 0),)"},"sentenceIndex":[3],"words":["что"],"wordsIndex":[8]},"штамм":{"params":{"class":"с","classMask":1,"info":{"isCapital":false,"isUpper":false},"stack":"((<DictionaryAnalyzer>, u'\\u0448\\u0442\\u0430\\u043c\\u043c\\u0430', 33, 1),)"},"sentenceIndex":[0],"words":["штамма"],"wordsIndex":[1]},"эксперимент":{"params":{"class":"с","classMask":1,"info":{"isCapital":true,"isUpper":false},"stack":"((<DictionaryAnalyzer>, u'\\u044d\\u043a\\u0441\\u043f\\u0435\\u0440\\u0438\\u043c\\u0435\\u043d\\u0442', 33, 0),)"},"sentenceIndex":[1,5],"words":["Эксперимент","эксперименты"],"wordsIndex":[0,3]},"экстремальный":{"params":{"class":"п","classMask":2,"info":{"isCapital":false,"isUpper":false},"stack":"((<DictionaryAnalyzer>, u'\\u044d\\u043a\\u0441\\u0442\\u0440\\u0435\\u043c\\u0430\\u043b\\u044c\\u043d\\u044b\\u0435', 10, 20),)"},"sentenceIndex":[3],"words":["экстремальные"],"wordsIndex":[23]},"это":{"params":{"class":"мс","classMask":12,"info":{"isCapital":true,"isUpper":false},"stack":"((<DictionaryAnalyzer>, u'\\u044d\\u0442\\u043e\\u043c', 3098, 5),)"},"sentenceIndex":[2,9],"words":["этом","Это"],"wordsIndex":[1,0]}}