{"android":{"indexObj":{"classMask":22,"counter":196.0,"finded":50,"isExisted":true,"letterId":34,"meta":"{}","server":"_buber3_","table":"wordIndex.en","uid":1452,"word":"android","wordHash":"c31b32364ce19ca8fcd150a417ecce58_57ae926889924fd233b50f7768069215e3de3de34f5dc69e10701097b9b1e99214abde87ca45c183965f71c59fb09d9cb9a8be1dc0c1a2fa4ab767f2bd38540c","wordId":"34:1452"},"morphObj":{"params":{"class":"имя","classMask":22,"info":{"isCapital":true,"isUpper":false},"stack":""},"sentenceIndex":[5],"words":["Android"],"wordsIndex":[12]},"rating":116.66666666666666,"stats":{"counter":196.0,"counterAll":196.0,"isAdjf":0,"isCombo":0,"isComp":0,"isCountry":0,"isEng":0,"isName":1,"isNominal":0,"isNoun":0,"isNum":0,"isPrtf":0,"isSymbol":0,"isUnknown":0,"isVerb":0,"repeat":0.16666666666666666,"weight":0.01149155722326454,"weightAll":0.003714372346876895}},"hypercard":{"indexObj":{"classMask":22,"counter":5.0,"finded":3,"isExisted":true,"letterId":42,"meta":"{}","server":"_buber3_","table":"wordIndex.en","uid":249,"word":"hypercard","wordHash":"469a1569c0c9f560760b4ff7ea82db23_1fee6512026f4042b7310981f31ef8ff028d63cf2136eed4db1bd4c987fc01250194f857d2d9998cdde0c5116ef144197d4ce44b1175ed0cd4782683ee8fa83f","wordId":"42:249"},"morphObj":{"params":{"class":"имя","classMask":22,"info":{"isCapital":true,"isUpper":false},"stack":""},"sentenceIndex":[0,4],"words":["HyperCard","HyperCard"],"wordsIndex":[12,3]},"rating":133.33333333333331,"stats":{"counter":5.0,"counterAll":10.0,"isAdjf":0,"isCombo":0,"isComp":0,"isCountry":0,"isEng":0,"isName":1,"isNominal":0,"isNoun":0,"isNum":0,"isPrtf":0,"isSymbol":0,"isUnknown":0,"isVerb":0,"repeat":0.3333333333333333,"weight":0.0002931519699812383,"weightAll":0.00018950879320800486}},"hypertalk":{"indexObj":{"classMask":21,"counter":2.0,"finded":2,"isExisted":true,"letterId":42,"meta":"{}","server":"_buber3_","table":"wordIndex.en","uid":75698,"word":"hypertalk","wordHash":"a972923af4cb84d1ad327a1c035ad081_2146926c23a6719615c3f92a062b677d1ab01293ec6c274ac046d3de97dc5257bc80b24274e5a4f0629c98d6b6b5db3a8ebb9945125339150974fbc2e9e71bf2","wordId":"42:75698"},"morphObj":{"params":{"class":"иняз","classMask":21,"info":{"isCapital":true,"isUpper":false},"stack":""},"sentenceIndex":[0],"words":["HyperTalk"],"wordsIndex":[0]},"rating":16.666666666666664,"stats":{"counter":2.0,"counterAll":2.0,"isAdjf":0,"isCombo":0,"isComp":0,"isCountry":0,"isEng":1,"isName":0,"isNominal":0,"isNoun":0,"isNum":0,"isPrtf":0,"isSymbol":0,"isUnknown":0,"isVerb":0,"repeat":0.16666666666666666,"weight":0.00011726078799249531,"weightAll":3.790175864160097e-05}},"linux":{"indexObj":{"classMask":22,"counter":178.0,"finded":83,"isExisted":true,"letterId":46,"meta":"{}","server":"_buber3_","table":"wordIndex.en","uid":4522,"word":"linux","wordHash":"e206a54e97690cce50cc872dd70ee896_cca6a7231c5b6dfdff4445cdcad8e975f11742cb8d42f2844ee937ec5ab1f7cf1bde3e500e013c3ed528efac716b336081d3d23d78fb816d1fcacc5109873fe2","wordId":"46:4522"},"morphObj":{"params":{"class":"имя","classMask":22,"info":{"isCapital":true,"isUpper":false},"stack":""},"sentenceIndex":[5],"words":["Linux"],"wordsIndex":[9]},"rating":116.66666666666666,"stats":{"counter":178.0,"counterAll":178.0,"isAdjf":0,"isCombo":0,"isComp":0,"isCountry":0,"isEng":0,"isName":1,"isNominal":0,"isNoun":0,"isNum":0,"isPrtf":0,"isSymbol":0,"isUnknown":0,"isVerb":0,"repeat":0.16666666666666666,"weight":0.010436210131332082,"weightAll":0.0033732565191024865}},"livecode":{"indexObj":{"classMask":21,"counter":2.0,"finded":2,"isExisted":true,"letterId":46,"meta":"{}","server":"_buber3_","table":"wordIndex.en","uid":75696,"word":"livecode","wordHash":"7ef0f540e1ed7452d8f22c6c1a04d95b_0e5cb9762b557f4c278478ebb4995cd5bcee20aa0b30f3814f79f3fb139cb897f143eca21ac36f5bc959dcd706a50a47fb27c61423d29e850f6c0ca5af589230","wordId":"46:75696"},"morphObj":{"params":{"class":"иняз","classMask":21,"info":{"isCapital":true,"isUpper":false},"stack":""},"sentenceIndex":[5],"words":["LiveCode"],"wordsIndex":[0]},"rating":16.666666666666664,"stats":{"counter":2.0,"counterAll":2.0,"isAdjf":0,"isCombo":0,"isComp":0,"isCountry":0,"isEng":1,"isName":0,"isNominal":0,"isNoun":0,"isNum":0,"isPrtf":0,"isSymbol":0,"isUnknown":0,"isVerb":0,"repeat":0.16666666666666666,"weight":0.00011726078799249531,"weightAll":3.790175864160097e-05}},"macos":{"indexObj":{"classMask":22,"counter":2.0,"finded":2,"isExisted":true,"letterId":45,"meta":"{}","server":"_buber3_","table":"wordIndex.en","uid":75699,"word":"macos","wordHash":"43b9d8ea18c48c3a64c4e37338fc668f_c5e433772043a161c8b3b70ac9fd6e133657827ffa5479f969ceeee3db9d138a131d4fcc7c7bf463f16abcbab864dca92770828658c005182d4b75b69f39b694","wordId":"45:75699"},"morphObj":{"params":{"class":"имя","classMask":22,"info":{"isCapital":true,"isUpper":false},"stack":""},"sentenceIndex":[5],"words":["MacOS"],"wordsIndex":[11]},"rating":116.66666666666666,"stats":{"counter":2.0,"counterAll":2.0,"isAdjf":0,"isCombo":0,"isComp":0,"isCountry":0,"isEng":0,"isName":1,"isNominal":0,"isNoun":0,"isNum":0,"isPrtf":0,"isSymbol":0,"isUnknown":0,"isVerb":0,"repeat":0.16666666666666666,"weight":0.00011726078799249531,"weightAll":3.790175864160097e-05}},"metacard":{"indexObj":{"classMask":22,"counter":4.0,"finded":2,"isExisted":true,"letterId":45,"meta":"{}","server":"_buber3_","table":"wordIndex.en","uid":75697,"word":"metacard","wordHash":"b326c7abb6df6ec811df19c518abdbf7_54383b4e331b0b988bd7e4bffa3601ae7888b4606a06dace2b15675dee44c122ff9aa1c048cb4e199c3a2e409d69a89e0e92a1dca948555c34737b83ac2a798d","wordId":"45:75697"},"morphObj":{"params":{"class":"имя","classMask":22,"info":{"isCapital":true,"isUpper":false},"stack":""},"sentenceIndex":[4,5],"words":["MetaCard","MetaCard"],"wordsIndex":[0,6]},"rating":133.33333333333331,"stats":{"counter":4.0,"counterAll":8.0,"isAdjf":0,"isCombo":0,"isComp":0,"isCountry":0,"isEng":0,"isName":1,"isNominal":0,"isNoun":0,"isNum":0,"isPrtf":0,"isSymbol":0,"isUnknown":0,"isVerb":0,"repeat":0.3333333333333333,"weight":0.00023452157598499062,"weightAll":0.00015160703456640388}},"unix":{"indexObj":{"classMask":22,"counter":42.0,"finded":26,"isExisted":true,"letterId":53,"meta":"{}","server":"_buber3_","table":"wordIndex.en","uid":14864,"word":"unix","wordHash":"4913a9178621eadcdf191db17915fbcb_ac9c8f2a23128545f5b175b669e8445d331a7c0a6951d35e129c267ed0491770f70ef709c6a1a3d039ebadd7552a9a034ea4caaabd56c1ecf36cd8b42809c43e","wordId":"53:14864"},"morphObj":{"params":{"class":"имя","classMask":22,"info":{"isCapital":true,"isUpper":false},"stack":""},"sentenceIndex":[4],"words":["Unix"],"wordsIndex":[5]},"rating":116.66666666666666,"stats":{"counter":42.0,"counterAll":42.0,"isAdjf":0,"isCombo":0,"isComp":0,"isCountry":0,"isEng":0,"isName":1,"isNominal":0,"isNoun":0,"isNum":0,"isPrtf":0,"isSymbol":0,"isUnknown":0,"isVerb":0,"repeat":0.16666666666666666,"weight":0.0024624765478424016,"weightAll":0.0007959369314736204}},"windows":{"indexObj":{"classMask":22,"counter":538.0,"finded":167,"isExisted":true,"letterId":55,"meta":"{}","server":"_buber3_","table":"wordIndex.en","uid":44,"word":"windows","wordHash":"0f4137ed1502b5045d6083aa258b5c42_716280a95a7860c1854caaf45b63fc4b67b4aece0370ea6ec5dc21cc3b6794ea7f10d724aca13d57c81a7e92ae64929d90be8c1cf449fe86e91937a9a6e1f2c6","wordId":"55:44"},"morphObj":{"params":{"class":"имя","classMask":22,"info":{"isCapital":true,"isUpper":false},"stack":""},"sentenceIndex":[5],"words":["Windows"],"wordsIndex":[10]},"rating":116.66666666666666,"stats":{"counter":538.0,"counterAll":538.0,"isAdjf":0,"isCombo":0,"isComp":0,"isCountry":0,"isEng":0,"isName":1,"isNominal":0,"isNoun":0,"isNum":0,"isPrtf":0,"isSymbol":0,"isUnknown":0,"isVerb":0,"repeat":0.16666666666666666,"weight":0.03154315196998124,"weightAll":0.010195573074590661}},"xtalk":{"indexObj":{"classMask":21,"counter":2.0,"finded":2,"isExisted":true,"letterId":58,"meta":"{}","server":"_buber3_","table":"wordIndex.en","uid":75695,"word":"xtalk","wordHash":"9d3429c4fd4612a920d1f733d3f52b14_162dd0601372c66c31567096e3fdafc9e08c3235fc5da815f19d45346a27a02c497ed191c580804f29646eca22e38e98e89cba672a63d28d6b0f3de51dcc99f5","wordId":"58:75695"},"morphObj":{"params":{"class":"иняз","classMask":21,"info":{"isCapital":false,"isUpper":false},"stack":""},"sentenceIndex":[6],"words":["xTalk"],"wordsIndex":[6]},"rating":16.666666666666664,"stats":{"counter":2.0,"counterAll":2.0,"isAdjf":0,"isCombo":0,"isComp":0,"isCountry":0,"isEng":1,"isName":0,"isNominal":0,"isNoun":0,"isNum":0,"isPrtf":0,"isSymbol":0,"isUnknown":0,"isVerb":0,"repeat":0.16666666666666666,"weight":0.00011726078799249531,"weightAll":3.790175864160097e-05}},"английский":{"indexObj":{"classMask":22,"counter":260.0,"finded":95,"isExisted":true,"letterId":2,"meta":"{}","server":"_buber3_","table":"wordIndex.ru","uid":7531,"word":"английский","wordHash":"07fe21460401e9cab901d6731539d2c5_dc991408d1bb508e96b7077cf677b55956aa6d9ac7654a4eb9c2eafe04202cbea00c5e12f787ebead3ec760b7bcbb4c411837a24cf8a3a5afe72af7b9f0afc36","wordId":"2:7531"},"morphObj":{"params":{"class":"имя","classMask":22,"info":{"isCapital":true,"isUpper":false},"stack":"((<DictionaryAnalyzer>, u'\\u0430\\u043d\\u0433\\u043b\\u0438\\u0439\\u0441\\u043a\\u043e\\u0433\\u043e', 16, 1),)"},"sentenceIndex":[2],"words":["Английского"],"wordsIndex":[5]},"rating":116.66666666666666,"stats":{"counter":260.0,"counterAll":260.0,"isAdjf":0,"isCombo":0,"isComp":0,"isCountry":0,"isEng":0,"isName":1,"isNominal":0,"isNoun":0,"isNum":0,"isPrtf":0,"isSymbol":0,"isUnknown":0,"isVerb":0,"repeat":0.16666666666666666,"weight":0.01524390243902439,"weightAll":0.004927228623408126}},"база":{"indexObj":{"classMask":1,"counter":2483.0,"finded":1434,"isExisted":true,"letterId":1,"meta":"{}","server":"_buber3_","table":"wordIndex.ru","uid":4327,"word":"база","wordHash":"ea94cac2e669680d3816e6d3e3efbf48_c6892c28b786e138dd9d5a27c15a6ce534cc1c63a8b1cf32437981f4b1e54b243fe855ee7c15063b18baf7982d5fbc1d8799902fb7e29a997974325206c1084d","wordId":"1:4327"},"morphObj":{"params":{"class":"с","classMask":1,"info":{"isCapital":false,"isUpper":false},"stack":"((<DictionaryAnalyzer>, u'\\u0431\\u0430\\u0437\\u0435', 55, 6),)"},"sentenceIndex":[5],"words":["базе"],"wordsIndex":[5]},"rating":16.666666666666664,"stats":{"counter":2483.0,"counterAll":2483.0,"isAdjf":0,"isCombo":0,"isComp":0,"isCountry":0,"isEng":0,"isName":0,"isNominal":0,"isNoun":1,"isNum":0,"isPrtf":0,"isSymbol":0,"isUnknown":0,"isVerb":0,"repeat":0.16666666666666666,"weight":0.14557926829268292,"weightAll":0.047055033353547604}},"визуализация":{"indexObj":{"classMask":1,"counter":56.0,"finded":38,"isExisted":true,"letterId":4,"meta":"{}","server":"_buber3_","table":"wordIndex.ru","uid":38267,"word":"визуализация","wordHash":"6e4e2facc8dbfb9c4dfe0517af3af7c4_01fb06a32abf29c491390b2ef3f816aafe147e917d987ad09676cb1b7fd28e481b0571dc03e51d0b930399d5f827ae371cf2ce030c947234aadab1db5f495402","wordId":"4:38267"},"morphObj":{"params":{"class":"с","classMask":1,"info":{"isCapital":false,"isUpper":false},"stack":"((<DictionaryAnalyzer>, u'\\u0432\\u0438\\u0437\\u0443\\u0430\\u043b\\u0438\\u0437\\u0430\\u0446\\u0438\\u0438', 40, 1),)"},"sentenceIndex":[0],"words":["визуализации"],"wordsIndex":[8]},"rating":16.666666666666664,"stats":{"counter":56.0,"counterAll":56.0,"isAdjf":0,"isCombo":0,"isComp":0,"isCountry":0,"isEng":0,"isName":0,"isNominal":0,"isNoun":1,"isNum":0,"isPrtf":0,"isSymbol":0,"isUnknown":0,"isVerb":0,"repeat":0.16666666666666666,"weight":0.003283302063789869,"weightAll":0.001061249241964827}},"выражение":{"indexObj":{"classMask":1,"counter":611.0,"finded":411,"isExisted":true,"letterId":4,"meta":"{}","server":"_buber3_","table":"wordIndex.ru","uid":13101,"word":"выражение","wordHash":"435ea3b52f4deba3ad4fb289ed104367_3af5cb23944bd69825c6f7acc4e102292991488d4d2e496d31408d873771b45affc1090ce40984e3bc700165d9f344577b3b609df6ccc6a8e9b76d255d715f2b","wordId":"4:13101"},"morphObj":{"params":{"class":"с","classMask":1,"info":{"isCapital":false,"isUpper":false},"stack":"((<DictionaryAnalyzer>, u'\\u0432\\u044b\\u0440\\u0430\\u0436\\u0435\\u043d\\u0438\\u044f', 76, 2),)"},"sentenceIndex":[2],"words":["выражения"],"wordsIndex":[3]},"rating":16.666666666666664,"stats":{"counter":611.0,"counterAll":611.0,"isAdjf":0,"isCombo":0,"isComp":0,"isCountry":0,"isEng":0,"isName":0,"isNominal":0,"isNoun":1,"isNum":0,"isPrtf":0,"isSymbol":0,"isUnknown":0,"isVerb":0,"repeat":0.16666666666666666,"weight":0.035823170731707314,"weightAll":0.011578987265009097}},"высокий":{"indexObj":{"classMask":2,"counter":6231.0,"finded":3829,"isExisted":true,"letterId":4,"meta":"{}","server":"_buber3_","table":"wordIndex.ru","uid":326,"word":"высокий","wordHash":"3520ab2a1982596be91148339bcc8c03_e155a2ffde24ff773a0a85fe4be4fe45a21a59a8f708f09149db6acee366705c4c6ac1c05f25462a3dd1196bec59242755653d53774e18795f0876c8f28cffa3","wordId":"4:326"},"morphObj":{"params":{"class":"п","classMask":2,"info":{"isCapital":false,"isUpper":false},"stack":"((<DictionaryAnalyzer>, u'\\u0432\\u044b\\u0441\\u043e\\u043a\\u043e\\u0433\\u043e', 1086, 15),)"},"sentenceIndex":[0],"words":["высокого"],"wordsIndex":[3]},"rating":16.666666666666664,"stats":{"counter":6231.0,"counterAll":6231.0,"isAdjf":1,"isCombo":0,"isComp":0,"isCountry":0,"isEng":0,"isName":0,"isNominal":0,"isNoun":0,"isNum":0,"isPrtf":0,"isSymbol":0,"isUnknown":0,"isVerb":0,"repeat":0.16666666666666666,"weight":0.36532598499061913,"weightAll":0.11808292904790782}},"дальнейший":{"indexObj":{"classMask":2,"counter":2160.0,"finded":1709,"isExisted":true,"letterId":6,"meta":"{}","server":"_buber3_","table":"wordIndex.ru","uid":2143,"word":"дальнейший","wordHash":"4cef833ae0cfce9e1c372ce5ed07a9fe_abd95e94a116754853ece4936a1627f530187f2094bcb62706e195a7ec0e618536d3d8c1c233999c739ffda5d306ae737e2c41802855bb1664d15330ef32dd30","wordId":"6:2143"},"morphObj":{"params":{"class":"п","classMask":2,"info":{"isCapital":false,"isUpper":false},"stack":"((<DictionaryAnalyzer>, u'\\u0434\\u0430\\u043b\\u044c\\u043d\\u0435\\u0439\\u0448\\u0435\\u0435', 100, 17),)"},"sentenceIndex":[3],"words":["дальнейшее"],"wordsIndex":[2]},"rating":16.666666666666664,"stats":{"counter":2160.0,"counterAll":2160.0,"isAdjf":1,"isCombo":0,"isComp":0,"isCountry":0,"isEng":0,"isName":0,"isNominal":0,"isNoun":0,"isNum":0,"isPrtf":0,"isSymbol":0,"isUnknown":0,"isVerb":0,"repeat":0.16666666666666666,"weight":0.12664165103189493,"weightAll":0.04093389933292905}},"динамически":{"indexObj":{"classMask":11,"counter":25.0,"finded":22,"isExisted":true,"letterId":6,"meta":"{}","server":"_buber3_","table":"wordIndex.ru","uid":20982,"word":"динамически","wordHash":"aaee8ce855218cc99c81ad495b169367_d1f66841a2b0381295bfdff427aab89664b27c01072d97d2acf930b25d523624f474caf97748208bbcce06f8dc54983622ff3b5f52c8c3268eed1300c2665157","wordId":"6:20982"},"morphObj":{"params":{"class":"н","classMask":11,"info":{"isCapital":false,"isUpper":false},"stack":"((<DictionaryAnalyzer>, u'\\u0434\\u0438\\u043d\\u0430\\u043c\\u0438\\u0447\\u0435\\u0441\\u043a\\u0438', 3, 0),)"},"sentenceIndex":[1],"words":["динамически"],"wordsIndex":[5]},"rating":16.666666666666664,"stats":{"counter":25.0,"counterAll":25.0,"isAdjf":0,"isCombo":0,"isComp":0,"isCountry":0,"isEng":0,"isName":0,"isNominal":0,"isNoun":0,"isNum":0,"isPrtf":0,"isSymbol":0,"isUnknown":0,"isVerb":0,"repeat":0.16666666666666666,"weight":0.0014657598499061913,"weightAll":0.0004737719830200121}},"другой":{"indexObj":{"classMask":2,"counter":17058.0,"finded":8790,"isExisted":true,"letterId":6,"meta":"{}","server":"_buber3_","table":"wordIndex.ru","uid":229,"word":"другой","wordHash":"3665e7da70aa4d5b3baec9b9b4315f57_f32ad6577e686492112550380a2437406d60d58adc285ebd39010d4fe1cac99747b4caa5b0e0a8c5283b92319a04c76dab2943c7e9aa8503100a6ffa26e58d5a","wordId":"6:229"},"morphObj":{"params":{"class":"п","classMask":2,"info":{"isCapital":false,"isUpper":false},"stack":"((<DictionaryAnalyzer>, u'\\u0434\\u0440\\u0443\\u0433\\u0438\\u0445', 1362, 21),)"},"sentenceIndex":[6],"words":["других"],"wordsIndex":[2]},"rating":16.666666666666664,"stats":{"counter":17058.0,"counterAll":17058.0,"isAdjf":1,"isCombo":0,"isComp":0,"isCountry":0,"isEng":0,"isName":0,"isNominal":0,"isNoun":0,"isNum":0,"isPrtf":0,"isSymbol":0,"isUnknown":0,"isVerb":0,"repeat":0.16666666666666666,"weight":1.0001172607879925,"weightAll":0.3232640994542147}},"зависимый":{"indexObj":{"classMask":2,"counter":141.0,"finded":76,"isExisted":true,"letterId":7,"meta":"{}","server":"_buber3_","table":"wordIndex.ru","uid":17819,"word":"зависимый","wordHash":"1a4ffa389fa6bb66cf6d5cc4bec6d615_fa42d936fbabcabd1dd93674ac259a6430ed0c10e5913fd5a0051812999a9a3981a25794a82e5aee61b6a90b6c9f29a767aeb3e3b6d2d3faa4565698dbb45f03","wordId":"7:17819"},"morphObj":{"params":{"class":"п","classMask":2,"info":{"isCapital":false,"isUpper":false},"stack":"((<DictionaryAnalyzer>, u'\\u0437\\u0430\\u0432\\u0438\\u0441\\u0438\\u043c\\u044b\\u0439', 4, 0),)"},"sentenceIndex":[1],"words":["зависимый"],"wordsIndex":[13]},"rating":16.666666666666664,"stats":{"counter":141.0,"counterAll":141.0,"isAdjf":1,"isCombo":0,"isComp":0,"isCountry":0,"isEng":0,"isName":0,"isNominal":0,"isNoun":0,"isNum":0,"isPrtf":0,"isSymbol":0,"isUnknown":0,"isVerb":0,"repeat":0.16666666666666666,"weight":0.00826688555347092,"weightAll":0.0026720739842328685}},"изучение":{"indexObj":{"classMask":1,"counter":1473.0,"finded":963,"isExisted":true,"letterId":10,"meta":"{}","server":"_buber3_","table":"wordIndex.ru","uid":3670,"word":"изучение","wordHash":"952b92f3a2215c887cd2eedceb9e3e6b_3b7628a07f90ab6a5a56c2868bec78cda4032a9f54f20069a28def445e590617e9a9a57b946333a2a5cb9406f097bcf2585e7502ac6f920bc4a8288fc1285b04","wordId":"10:3670"},"morphObj":{"params":{"class":"с","classMask":1,"info":{"isCapital":false,"isUpper":false},"stack":"((<DictionaryAnalyzer>, u'\\u0438\\u0437\\u0443\\u0447\\u0435\\u043d\\u0438\\u044f', 76, 2),)"},"sentenceIndex":[2],"words":["изучения"],"wordsIndex":[9]},"rating":16.666666666666664,"stats":{"counter":1473.0,"counterAll":1473.0,"isAdjf":0,"isCombo":0,"isComp":0,"isCountry":0,"isEng":0,"isName":0,"isNominal":0,"isNoun":1,"isNum":0,"isPrtf":0,"isSymbol":0,"isUnknown":0,"isVerb":0,"repeat":0.16666666666666666,"weight":0.0863625703564728,"weightAll":0.027914645239539116}},"информация":{"indexObj":{"classMask":1,"counter":3096.0,"finded":1862,"isExisted":true,"letterId":10,"meta":"{}","server":"_buber3_","table":"wordIndex.ru","uid":1194,"word":"информация","wordHash":"37921e181c0a1b5ee2e3eddeb2ad8156_e1ab2b86d946d1dc2b77b01f133be275542425082d2c5178f085e47d4f30c0073bcf5d52d1c7f51d48b4a8fff6fed048841bc45b9b91c3ed358196b6980c0332","wordId":"10:1194"},"morphObj":{"params":{"class":"с","classMask":1,"info":{"isCapital":false,"isUpper":false},"stack":"((<DictionaryAnalyzer>, u'\\u0438\\u043d\\u0444\\u043e\\u0440\\u043c\\u0430\\u0446\\u0438\\u0438', 40, 1),)"},"sentenceIndex":[0],"words":["информации"],"wordsIndex":[11]},"rating":16.666666666666664,"stats":{"counter":3096.0,"counterAll":3096.0,"isAdjf":0,"isCombo":0,"isComp":0,"isCountry":0,"isEng":0,"isName":0,"isNominal":0,"isNoun":1,"isNum":0,"isPrtf":0,"isSymbol":0,"isUnknown":0,"isVerb":0,"repeat":0.16666666666666666,"weight":0.18151969981238275,"weightAll":0.0586719223771983}},"использовать":{"indexObj":{"classMask":5,"counter":2100.0,"finded":1197,"isExisted":true,"letterId":10,"meta":"{}","server":"_buber3_","table":"wordIndex.ru","uid":4860,"word":"использовать","wordHash":"6a2ba7f015fe5082aad44825fcf40cab_cc15d325ce1e58cf0379eaeb4dc99937eeb7020e04c9644fec58fe86de485d98aefdab1273a6772a836c202bea640f818c517f7857f9a3d6226d5a3e2eb141be","wordId":"10:4860"},"morphObj":{"params":{"class":"г","classMask":5,"info":{"isCapital":false,"isUpper":false},"stack":"((<DictionaryAnalyzer>, u'\\u0438\\u0441\\u043f\\u043e\\u043b\\u044c\\u0437\\u0443\\u0435\\u0442', 75, 19),)"},"sentenceIndex":[1],"words":["использует"],"wordsIndex":[7]},"rating":16.666666666666664,"stats":{"counter":2100.0,"counterAll":2100.0,"isAdjf":0,"isCombo":0,"isComp":0,"isCountry":0,"isEng":0,"isName":0,"isNominal":0,"isNoun":0,"isNum":0,"isPrtf":0,"isSymbol":0,"isUnknown":0,"isVerb":1,"repeat":0.16666666666666666,"weight":0.12312382739212008,"weightAll":0.039796846573681016}},"использоваться":{"indexObj":{"classMask":5,"counter":4062.0,"finded":2182,"isExisted":true,"letterId":10,"meta":"{}","server":"_buber3_","table":"wordIndex.ru","uid":2853,"word":"использоваться","wordHash":"15a7dc5530993e286064e5839131aa58_cd59841ba49de2e5f6a248a09d404dba7bc385f47ae77d0fd40af67dbfb36dba7703eb4c1feb712f5017de92a77f420334f729c71f4b9ac0602a63b8457f29bc","wordId":"10:2853"},"morphObj":{"params":{"class":"г","classMask":5,"info":{"isCapital":false,"isUpper":false},"stack":"((<DictionaryAnalyzer>, u'\\u0438\\u0441\\u043f\\u043e\\u043b\\u044c\\u0437\\u043e\\u0432\\u0430\\u043b\\u0441\\u044f', 138, 7),)"},"sentenceIndex":[0],"words":["использовался"],"wordsIndex":[5]},"rating":16.666666666666664,"stats":{"counter":4062.0,"counterAll":4062.0,"isAdjf":0,"isCombo":0,"isComp":0,"isCountry":0,"isEng":0,"isName":0,"isNominal":0,"isNoun":0,"isNum":0,"isPrtf":0,"isSymbol":0,"isUnknown":0,"isVerb":1,"repeat":0.16666666666666666,"weight":0.238156660412758,"weightAll":0.07697847180109157}},"качество":{"indexObj":{"classMask":1,"counter":6481.0,"finded":3848,"isExisted":true,"letterId":12,"meta":"{}","server":"_buber3_","table":"wordIndex.ru","uid":1807,"word":"качество","wordHash":"688dd52c50ee15f13fba879a08de49dd_91129967dc5a7edfa4f9d5d12379c39c6c461df6e2ceaf104b90ff8de230e09b6b218825882dc649e810cd074e0531672cdb66b47e250fa5abf9438888425ffb","wordId":"12:1807"},"morphObj":{"params":{"class":"с","classMask":1,"info":{"isCapital":false,"isUpper":false},"stack":"((<DictionaryAnalyzer>, u'\\u043a\\u0430\\u0447\\u0435\\u0441\\u0442\\u0432\\u0435', 54, 5),)"},"sentenceIndex":[0],"words":["качестве"],"wordsIndex":[14]},"rating":16.666666666666664,"stats":{"counter":6481.0,"counterAll":6481.0,"isAdjf":0,"isCombo":0,"isComp":0,"isCountry":0,"isEng":0,"isName":0,"isNominal":0,"isNoun":1,"isNum":0,"isPrtf":0,"isSymbol":0,"isUnknown":0,"isVerb":0,"repeat":0.16666666666666666,"weight":0.37998358348968103,"weightAll":0.12282064887810794}},"клон":{"indexObj":{"classMask":1,"counter":123.0,"finded":48,"isExisted":true,"letterId":12,"meta":"{}","server":"_buber3_","table":"wordIndex.ru","uid":29221,"word":"клон","wordHash":"f09bd509cdb67375393b6da7048a3bdd_f5e504e27b619915536ff1df8c7dac8062aa5f1b93e801546be8563e6ae17de97563a2e71ff33d90e950d8bfbd3788cf35adf3d8444f00e46c9b70704e26f39c","wordId":"12:29221"},"morphObj":{"params":{"class":"с","classMask":1,"info":{"isCapital":false,"isUpper":false},"stack":"((<DictionaryAnalyzer>, u'\\u043a\\u043b\\u043e\\u043d', 33, 0),)"},"sentenceIndex":[4],"words":["клон"],"wordsIndex":[1]},"rating":16.666666666666664,"stats":{"counter":123.0,"counterAll":123.0,"isAdjf":0,"isCombo":0,"isComp":0,"isCountry":0,"isEng":0,"isName":0,"isNominal":0,"isNoun":1,"isNum":0,"isPrtf":0,"isSymbol":0,"isUnknown":0,"isVerb":0,"repeat":0.16666666666666666,"weight":0.007211538461538462,"weightAll":0.0023309581564584596}},"контекстно":{"indexObj":{"classMask":11,"counter":2.0,"finded":2,"isExisted":true,"letterId":12,"meta":"{}","server":"_buber3_","table":"wordIndex.ru","uid":254659,"word":"контекстно","wordHash":"20214d53c16aac29ee1a2f1ebe8d94d9_740c0b16f37cd4a13a856c3658267f78b576a886fae434a0f919509beb843210808d58c16acf688521bfea22dfa1b757e2f799c173c618e321c3ea3c17bc69cc","wordId":"12:254659"},"morphObj":{"params":{"class":"н","classMask":11,"info":{"isCapital":false,"isUpper":false},"stack":"((<DictionaryAnalyzer>, u'\\u043a\\u043e\\u043d\\u0442\\u0435\\u043a\\u0441\\u0442\\u043d\\u043e', 3, 0),)"},"sentenceIndex":[1],"words":["контекстно"],"wordsIndex":[12]},"rating":16.666666666666664,"stats":{"counter":2.0,"counterAll":2.0,"isAdjf":0,"isCombo":0,"isComp":0,"isCountry":0,"isEng":0,"isName":0,"isNominal":0,"isNoun":0,"isNum":0,"isPrtf":0,"isSymbol":0,"isUnknown":0,"isVerb":0,"repeat":0.16666666666666666,"weight":0.00011726078799249531,"weightAll":3.790175864160097e-05}},"кросс":{"indexObj":{"classMask":1,"counter":76.0,"finded":50,"isExisted":true,"letterId":12,"meta":"{}","server":"_buber3_","table":"wordIndex.ru","uid":15158,"word":"кросс","wordHash":"8575965287e3f38d496aa49a9a0acc83_832f53c37e08e8707ed09f3332fd3b8861e480c7550297fc31dd9cf63b8018e1ac1808cf80a239a55713a1487744d3bbe6f0c0afcb8a320b5f24fd6acba1b399","wordId":"12:15158"},"morphObj":{"params":{"class":"с","classMask":1,"info":{"isCapital":false,"isUpper":false},"stack":"((<DictionaryAnalyzer>, u'\\u043a\\u0440\\u043e\\u0441\\u0441', 33, 0),)"},"sentenceIndex":[5],"words":["кросс"],"wordsIndex":[1]},"rating":16.666666666666664,"stats":{"counter":76.0,"counterAll":76.0,"isAdjf":0,"isCombo":0,"isComp":0,"isCountry":0,"isEng":0,"isName":0,"isNominal":0,"isNoun":1,"isNum":0,"isPrtf":0,"isSymbol":0,"isUnknown":0,"isVerb":0,"repeat":0.16666666666666666,"weight":0.004455909943714822,"weightAll":0.001440266828380837}},"многовариантный":{"indexObj":{"classMask":2,"counter":2.0,"finded":2,"isExisted":true,"letterId":14,"meta":"{}","server":"_buber3_","table":"wordIndex.ru","uid":254661,"word":"многовариантный","wordHash":"8973822b342f6c47ed33c75ce603a00b_166fefe90eda92d7c8f4413932f8c33564c8f85afdd8cb589f660885751895aa63e14de00d11d6a2a9cd53108014015f4486354cd6536b76ed8c2cd600af2e7c","wordId":"14:254661"},"morphObj":{"params":{"class":"п","classMask":2,"info":{"isCapital":false,"isUpper":false},"stack":"((<DictionaryAnalyzer>, u'\\u043c\\u043d\\u043e\\u0433\\u043e\\u0432\\u0430\\u0440\\u0438\\u0430\\u043d\\u0442\\u043d\\u044b\\u0439', 10, 0),)"},"sentenceIndex":[1],"words":["многовариантный"],"wordsIndex":[14]},"rating":16.666666666666664,"stats":{"counter":2.0,"counterAll":2.0,"isAdjf":1,"isCombo":0,"isComp":0,"isCountry":0,"isEng":0,"isName":0,"isNominal":0,"isNoun":0,"isNum":0,"isPrtf":0,"isSymbol":0,"isUnknown":0,"isVerb":0,"repeat":0.16666666666666666,"weight":0.00011726078799249531,"weightAll":3.790175864160097e-05}},"множество":{"indexObj":{"classMask":1,"counter":1830.0,"finded":1317,"isExisted":true,"letterId":14,"meta":"{}","server":"_buber3_","table":"wordIndex.ru","uid":232,"word":"множество","wordHash":"abf4ea10fdf327287f46822284613b63_b405f97e6f70b14837796b8093e867840812390d95fac060db09f9be53443dd34f0306f8aee76319a43b68103022687477a9290db73a853e1334530da01ba8b1","wordId":"14:232"},"morphObj":{"params":{"class":"с","classMask":1,"info":{"isCapital":false,"isUpper":false},"stack":"((<DictionaryAnalyzer>, u'\\u043c\\u043d\\u043e\\u0436\\u0435\\u0441\\u0442\\u0432\\u0430', 54, 1),)"},"sentenceIndex":[6],"words":["множества"],"wordsIndex":[1]},"rating":16.666666666666664,"stats":{"counter":1830.0,"counterAll":1830.0,"isAdjf":0,"isCombo":0,"isComp":0,"isCountry":0,"isEng":0,"isName":0,"isNominal":0,"isNoun":1,"isNum":0,"isPrtf":0,"isSymbol":0,"isUnknown":0,"isVerb":0,"repeat":0.16666666666666666,"weight":0.10729362101313321,"weightAll":0.03468010915706489}},"название":{"indexObj":{"classMask":1,"counter":9242.0,"finded":5132,"isExisted":true,"letterId":13,"meta":"{}","server":"_buber3_","table":"wordIndex.ru","uid":148,"word":"название","wordHash":"9fb4f64da0c0ced0c83af50d633dfc09_71de5705acdffc38859edac4d56779ea918b516ecdcf1a22e6ce6e6654d8616b5fa2cddf1113cb56cb6e7ee95a45b6b7aafd14ca8b7863b03a67e4a6ac3792ae","wordId":"13:148"},"morphObj":{"params":{"class":"с","classMask":1,"info":{"isCapital":false,"isUpper":false},"stack":"((<DictionaryAnalyzer>, u'\\u043d\\u0430\\u0437\\u0432\\u0430\\u043d\\u0438\\u0435\\u043c', 76, 8),)"},"sentenceIndex":[6],"words":["названием"],"wordsIndex":[5]},"rating":16.666666666666664,"stats":{"counter":9242.0,"counterAll":9242.0,"isAdjf":0,"isCombo":0,"isComp":0,"isCountry":0,"isEng":0,"isName":0,"isNominal":0,"isNoun":1,"isNum":0,"isPrtf":0,"isSymbol":0,"isUnknown":0,"isVerb":0,"repeat":0.16666666666666666,"weight":0.5418621013133208,"weightAll":0.17514402668283807}},"напоминать":{"indexObj":{"classMask":5,"counter":505.0,"finded":413,"isExisted":true,"letterId":13,"meta":"{}","server":"_buber3_","table":"wordIndex.ru","uid":8970,"word":"напоминать","wordHash":"0042d525da2875991151e7d453a0c114_0a61856b30b28c5a8cda1da87e4555eaa8cf56032b084e78129288bc6bc214f5808ec4cabd25b56157797c4dc2eb9b371327d97d6b4bf78261eaf31bda357204","wordId":"13:8970"},"morphObj":{"params":{"class":"г","classMask":5,"info":{"isCapital":false,"isUpper":false},"stack":"((<DictionaryAnalyzer>, u'\\u043d\\u0430\\u043f\\u043e\\u043c\\u0438\\u043d\\u0430\\u0435\\u0442', 206, 5),)"},"sentenceIndex":[2],"words":["напоминает"],"wordsIndex":[2]},"rating":16.666666666666664,"stats":{"counter":505.0,"counterAll":505.0,"isAdjf":0,"isCombo":0,"isComp":0,"isCountry":0,"isEng":0,"isName":0,"isNominal":0,"isNoun":0,"isNum":0,"isPrtf":0,"isSymbol":0,"isUnknown":0,"isVerb":1,"repeat":0.16666666666666666,"weight":0.029608348968105064,"weightAll":0.009570194057004246}},"общий":{"indexObj":{"classMask":2,"counter":5794.0,"finded":3767,"isExisted":true,"letterId":16,"meta":"{}","server":"_buber3_","table":"wordIndex.ru","uid":565,"word":"общий","wordHash":"0be1fa9af4e8d716fdb4b42a28940f69_cab0d7d45e988e80619afb9ffa4514c928f0e88f0b8111ac0585fbe7e225d359df4bae38b0b1ce4688faa092374c1c6b61e46dd3afd8bbb668fd807631e52e7c","wordId":"16:565"},"morphObj":{"params":{"class":"п","classMask":2,"info":{"isCapital":false,"isUpper":false},"stack":"((<DictionaryAnalyzer>, u'\\u043e\\u0431\\u0449\\u0438\\u043c', 2183, 22),)"},"sentenceIndex":[6],"words":["общим"],"wordsIndex":[4]},"rating":16.666666666666664,"stats":{"counter":5794.0,"counterAll":5794.0,"isAdjf":1,"isCombo":0,"isComp":0,"isCountry":0,"isEng":0,"isName":0,"isNominal":0,"isNoun":0,"isNum":0,"isPrtf":0,"isSymbol":0,"isUnknown":0,"isVerb":0,"repeat":0.16666666666666666,"weight":0.3397045028142589,"weightAll":0.10980139478471801}},"объектный":{"indexObj":{"classMask":3,"counter":16.0,"finded":12,"isExisted":true,"letterId":16,"meta":"{}","server":"_buber3_","table":"wordIndex.ru","uid":87157,"word":"объектный","wordHash":"36e084663e182d803f31e4cd18bb5c99_2fc5aa8276c8bdc487b8be331eebf0c73f28711b68e18ee3b67cb464e8f73efcad258f9c8502cb81c21129ab9745138d5a7a992923c92786d32910f766aa98bc","wordId":"16:87157"},"morphObj":{"params":{"class":"кр_прил","classMask":3,"info":{"isCapital":false,"isUpper":false},"stack":"((<DictionaryAnalyzer>, u'\\u043e\\u0431\\u044a\\u0435\\u043a\\u0442\\u043d\\u043e', 12, 29),)"},"sentenceIndex":[1],"words":["объектно"],"wordsIndex":[2]},"rating":16.666666666666664,"stats":{"counter":16.0,"counterAll":16.0,"isAdjf":1,"isCombo":0,"isComp":0,"isCountry":0,"isEng":0,"isName":0,"isNominal":0,"isNoun":0,"isNum":0,"isPrtf":0,"isSymbol":0,"isUnknown":0,"isVerb":0,"repeat":0.16666666666666666,"weight":0.0009380863039399625,"weightAll":0.00030321406913280777}},"объектный-ориентировать":{"indexObj":{"classMask":1203,"counter":22.0,"finded":14,"isExisted":true,"letterId":16,"meta":"{}","server":"_buber3_","table":"wordIndex.ru","uid":87161,"word":"объектный-ориентировать","wordHash":"49c9a59beef6a9991a915c0872f7cccc_2fb9c5ccab30529c2237c51850d712a6afd4218bb4b1b13becec506ea266d7707413bc7b01c80b1cb8190b4f89af677529644fdb2a2f2347703ba440e255e833","wordId":"16:87161"},"morphObj":{"params":{"class":"кр_прил","classMask":1203,"info":{"comboClassStats":{"кр_прил":1,"причастие":1},"isCapital":false,"isCombo":true,"isUpper":false},"stack":"<classByStats>"},"sentenceIndex":[1],"words":["объектно-ориентированным"],"wordsIndex":[4]},"rating":16.666666666666664,"stats":{"counter":22.0,"counterAll":22.0,"isAdjf":1,"isCombo":1,"isComp":0,"isCountry":0,"isEng":0,"isName":0,"isNominal":0,"isNoun":0,"isNum":0,"isPrtf":0,"isSymbol":0,"isUnknown":0,"isVerb":0,"repeat":0.16666666666666666,"weight":0.0012898686679174483,"weightAll":0.00041691934505761066}},"обычный":{"indexObj":{"classMask":2,"counter":1204.0,"finded":893,"isExisted":true,"letterId":16,"meta":"{}","server":"_buber3_","table":"wordIndex.ru","uid":892,"word":"обычный","wordHash":"6861c500e5a403a24faa97d08a300251_baefe79a52961e607d2cb78cac5279de2c9fbec6db1dbed49f52b40702b0b8ee28fc75f85ffbe55086a87c33f06205a86e1e22234481f107a1e251beef1ef705","wordId":"16:892"},"morphObj":{"params":{"class":"п","classMask":2,"info":{"isCapital":false,"isUpper":false},"stack":"((<DictionaryAnalyzer>, u'\\u043e\\u0431\\u044b\\u0447\\u043d\\u043e\\u0433\\u043e', 86, 15),)"},"sentenceIndex":[2],"words":["обычного"],"wordsIndex":[4]},"rating":16.666666666666664,"stats":{"counter":1204.0,"counterAll":1204.0,"isAdjf":1,"isCombo":0,"isComp":0,"isCountry":0,"isEng":0,"isName":0,"isNominal":0,"isNoun":0,"isNum":0,"isPrtf":0,"isSymbol":0,"isUnknown":0,"isVerb":0,"repeat":0.16666666666666666,"weight":0.07059099437148218,"weightAll":0.022816858702243783}},"ориентировать":{"indexObj":{"classMask":7,"counter":222.0,"finded":186,"isExisted":true,"letterId":16,"meta":"{}","server":"_buber3_","table":"wordIndex.ru","uid":3693,"word":"ориентировать","wordHash":"a71d3a2baab557b2b7fa419b9a007ccf_6d0cce9269c52bb999f5eed5de6f7fd5cf42e02aeeac075b9642ced481a9e95c97bf52d67019103bb396d2834b3f9467f6b1854a50b7527959d9a587d3e90620","wordId":"16:3693"},"morphObj":{"params":{"class":"причастие","classMask":7,"info":{"isCapital":false,"isUpper":false},"stack":"((<DictionaryAnalyzer>, u'\\u043e\\u0440\\u0438\\u0435\\u043d\\u0442\\u0438\\u0440\\u043e\\u0432\\u0430\\u043d\\u043d\\u044b\\u043c', 75, 60),)"},"sentenceIndex":[1],"words":["ориентированным"],"wordsIndex":[3]},"rating":16.666666666666664,"stats":{"counter":222.0,"counterAll":222.0,"isAdjf":0,"isCombo":0,"isComp":0,"isCountry":0,"isEng":0,"isName":0,"isNominal":0,"isNoun":0,"isNum":0,"isPrtf":1,"isSymbol":0,"isUnknown":0,"isVerb":0,"repeat":0.16666666666666666,"weight":0.013015947467166979,"weightAll":0.0042070952092177075}},"переменный":{"indexObj":{"classMask":2,"counter":449.0,"finded":195,"isExisted":true,"letterId":15,"meta":"{}","server":"_buber3_","table":"wordIndex.ru","uid":8121,"word":"переменный","wordHash":"f9266f75c3a39c2593cdb3ea07b86755_fffd22336006dab32cbfa6d244c2fc9592b6c42e7e7a772cf70a61a5263d538184896467637fd5325a6576c36f07039a3b6f947a14268061677f161135ea758b","wordId":"15:8121"},"morphObj":{"params":{"class":"п","classMask":2,"info":{"isCapital":false,"isUpper":false},"stack":"((<DictionaryAnalyzer>, u'\\u043f\\u0435\\u0440\\u0435\\u043c\\u0435\\u043d\\u043d\\u044b\\u0435', 298, 20),)"},"sentenceIndex":[1],"words":["переменные"],"wordsIndex":[9]},"rating":16.666666666666664,"stats":{"counter":449.0,"counterAll":449.0,"isAdjf":1,"isCombo":0,"isComp":0,"isCountry":0,"isEng":0,"isName":0,"isNominal":0,"isNoun":0,"isNum":0,"isPrtf":0,"isSymbol":0,"isUnknown":0,"isVerb":0,"repeat":0.16666666666666666,"weight":0.026325046904315197,"weightAll":0.008508944815039417}},"переменный-псевдо":{"indexObj":{"classMask":1201,"counter":2.0,"finded":2,"isExisted":true,"letterId":15,"meta":"{}","server":"_buber3_","table":"wordIndex.ru","uid":254660,"word":"переменный-псевдо","wordHash":"67e584ee279050a6bd2fe1f412ccb777_93c26f577ef665a4676b1837e11b531f6b0238e577597cbeb7aabf3e630a2acd2e3936d74397d3b82fdbe82b213b2c2b8a7f76f4fab5d5a047d0e738fba179de","wordId":"15:254660"},"morphObj":{"params":{"class":"с","classMask":1201,"info":{"comboClassStats":{"п":1,"с":1},"isCapital":false,"isCombo":true,"isUpper":false},"stack":"<classByLadder>"},"sentenceIndex":[1],"words":["псевдо-переменные"],"wordsIndex":[10]},"rating":16.666666666666664,"stats":{"counter":2.0,"counterAll":2.0,"isAdjf":0,"isCombo":1,"isComp":0,"isCountry":0,"isEng":0,"isName":0,"isNominal":0,"isNoun":1,"isNum":0,"isPrtf":0,"isSymbol":0,"isUnknown":0,"isVerb":0,"repeat":0.16666666666666666,"weight":0.00011726078799249531,"weightAll":3.790175864160097e-05}},"платформенный":{"indexObj":{"classMask":2,"counter":24.0,"finded":17,"isExisted":true,"letterId":15,"meta":"{}","server":"_buber3_","table":"wordIndex.ru","uid":5397,"word":"платформенный","wordHash":"6f061f039793ab68e013fef17be47ebc_c3e95669ae35066351cb23fa15eb5ad838eb27bd1b184e4678f1b794a946e08347e615687c4a32bdaad1cd17694667740c6fe2bb401b1e838995fc3c46349802","wordId":"15:5397"},"morphObj":{"params":{"class":"п","classMask":2,"info":{"isCapital":false,"isUpper":false},"stack":"((<DictionaryAnalyzer>, u'\\u043f\\u043b\\u0430\\u0442\\u0444\\u043e\\u0440\\u043c\\u0435\\u043d\\u043d\\u0430\\u044f', 194, 7),)"},"sentenceIndex":[5],"words":["платформенная"],"wordsIndex":[2]},"rating":16.666666666666664,"stats":{"counter":24.0,"counterAll":24.0,"isAdjf":1,"isCombo":0,"isComp":0,"isCountry":0,"isEng":0,"isName":0,"isNominal":0,"isNoun":0,"isNum":0,"isPrtf":0,"isSymbol":0,"isUnknown":0,"isVerb":0,"repeat":0.16666666666666666,"weight":0.0014071294559099437,"weightAll":0.00045482110369921165}},"получить":{"indexObj":{"classMask":5,"counter":9475.0,"finded":5477,"isExisted":true,"letterId":15,"meta":"{}","server":"_buber3_","table":"wordIndex.ru","uid":1523,"word":"получить","wordHash":"a3c0a3183428b80a15b71cb94c0f68d0_4391d751662df079fede698bed037090b8126c511bb4731b3d2ffd4735c7d33eaae5440349ed844939d0fa9d2c27e26867eca5dbc546ce52a69ab858c42cabda","wordId":"15:1523"},"morphObj":{"params":{"class":"г","classMask":5,"info":{"isCapital":false,"isUpper":false},"stack":"((<DictionaryAnalyzer>, u'\\u043f\\u043e\\u043b\\u0443\\u0447\\u0438\\u043b', 634, 1),)"},"sentenceIndex":[3],"words":["получил"],"wordsIndex":[1]},"rating":16.666666666666664,"stats":{"counter":9475.0,"counterAll":9475.0,"isAdjf":0,"isCombo":0,"isComp":0,"isCountry":0,"isEng":0,"isName":0,"isNominal":0,"isNoun":0,"isNum":0,"isPrtf":0,"isSymbol":0,"isUnknown":0,"isVerb":1,"repeat":0.16666666666666666,"weight":0.5555229831144465,"weightAll":0.1795595815645846}},"программирование":{"indexObj":{"classMask":1,"counter":326.0,"finded":135,"isExisted":true,"letterId":15,"meta":"{}","server":"_buber3_","table":"wordIndex.ru","uid":3675,"word":"программирование","wordHash":"1aa16cec3cc1936f7f7fedd004af1448_dae54b24e3df96dc2bea6d9d8d3594281349f9b6ba2892fb97253bc1410163733a3d320eedfee1b2d1c24d53b9675dda8d41c38002987e4dc22980308d5e5ef9","wordId":"15:3675"},"morphObj":{"params":{"class":"с","classMask":1,"info":{"isCapital":false,"isUpper":false},"stack":"((<DictionaryAnalyzer>, u'\\u043f\\u0440\\u043e\\u0433\\u0440\\u0430\\u043c\\u043c\\u0438\\u0440\\u043e\\u0432\\u0430\\u043d\\u0438\\u044f', 76, 2),)"},"sentenceIndex":[0],"words":["программирования"],"wordsIndex":[2]},"rating":16.666666666666664,"stats":{"counter":326.0,"counterAll":326.0,"isAdjf":0,"isCombo":0,"isComp":0,"isCountry":0,"isEng":0,"isName":0,"isNominal":0,"isNoun":1,"isNum":0,"isPrtf":0,"isSymbol":0,"isUnknown":0,"isVerb":0,"repeat":0.16666666666666666,"weight":0.019113508442776737,"weightAll":0.006177986658580958}},"псевдо":{"indexObj":{"classMask":1,"counter":26.0,"finded":20,"isExisted":true,"letterId":15,"meta":"{}","server":"_buber3_","table":"wordIndex.ru","uid":31225,"word":"псевдо","wordHash":"a4a72843ba37d28e76c2f723f1e9d914_dcdb5cc3d688f750651ae6159a6c598951ab85dcd48b5de9c7134e1758d1ca2d5078f8899369f61d52a609c5619aa45883103371a9ee7043aaeb2965ca79c397","wordId":"15:31225"},"morphObj":{"params":{"class":"с","classMask":1,"info":{"isCapital":false,"isUpper":false},"stack":"((<FakeDictionary>, u'\\u043f\\u0441\\u0435\\u0432\\u0434\\u043e', 25, 0), (<KnownSuffixAnalyzer>, u'\\u0432\\u0434\\u043e'))"},"sentenceIndex":[1],"words":["псевдо"],"wordsIndex":[8]},"rating":16.666666666666664,"stats":{"counter":26.0,"counterAll":26.0,"isAdjf":0,"isCombo":0,"isComp":0,"isCountry":0,"isEng":0,"isName":0,"isNominal":0,"isNoun":1,"isNum":0,"isPrtf":0,"isSymbol":0,"isUnknown":0,"isVerb":0,"repeat":0.16666666666666666,"weight":0.001524390243902439,"weightAll":0.0004927228623408126}},"развитие":{"indexObj":{"classMask":1,"counter":5113.0,"finded":2783,"isExisted":true,"letterId":18,"meta":"{}","server":"_buber3_","table":"wordIndex.ru","uid":595,"word":"развитие","wordHash":"388c7d6edd54141bda135773e6b5e922_007f2b5f6712bacb940d30793e33c73d2a0571787ec479f4b19650b484d2fe701a9caf3738775a5bec762ec5caf5640a04a57aeb4e092b839ba690e5da75f4be","wordId":"18:595"},"morphObj":{"params":{"class":"с","classMask":1,"info":{"isCapital":false,"isUpper":false},"stack":"((<DictionaryAnalyzer>, u'\\u0440\\u0430\\u0437\\u0432\\u0438\\u0442\\u0438\\u0435', 76, 6),)"},"sentenceIndex":[3],"words":["развитие"],"wordsIndex":[3]},"rating":16.666666666666664,"stats":{"counter":5113.0,"counterAll":5113.0,"isAdjf":0,"isCombo":0,"isComp":0,"isCountry":0,"isEng":0,"isName":0,"isNominal":0,"isNoun":1,"isNum":0,"isPrtf":0,"isSymbol":0,"isUnknown":0,"isVerb":0,"repeat":0.16666666666666666,"weight":0.29977720450281425,"weightAll":0.09689584596725288}},"рекомендоваться":{"indexObj":{"classMask":5,"counter":156.0,"finded":124,"isExisted":true,"letterId":18,"meta":"{}","server":"_buber3_","table":"wordIndex.ru","uid":25130,"word":"рекомендоваться","wordHash":"1bf3207a9afb2e0d0fff9a6385692e62_86fa21efd35ec4d4563da11ae5aecb42947483e8f4ffa80d2e83b24f0014e65e0a26e190c36eda2948016c2cb184392fe4bbf4d6d21e7e8d8ffb5b038b480c5d","wordId":"18:25130"},"morphObj":{"params":{"class":"г","classMask":5,"info":{"isCapital":false,"isUpper":false},"stack":"((<DictionaryAnalyzer>, u'\\u0440\\u0435\\u043a\\u043e\\u043c\\u0435\\u043d\\u0434\\u0443\\u0435\\u0442\\u0441\\u044f', 138, 5),)"},"sentenceIndex":[2],"words":["рекомендуется"],"wordsIndex":[7]},"rating":16.666666666666664,"stats":{"counter":156.0,"counterAll":156.0,"isAdjf":0,"isCombo":0,"isComp":0,"isCountry":0,"isEng":0,"isName":0,"isNominal":0,"isNoun":0,"isNum":0,"isPrtf":0,"isSymbol":0,"isUnknown":0,"isVerb":1,"repeat":0.16666666666666666,"weight":0.009146341463414634,"weightAll":0.0029563371740448756}},"сбор":{"indexObj":{"classMask":1,"counter":812.0,"finded":584,"isExisted":true,"letterId":17,"meta":"{}","server":"_buber3_","table":"wordIndex.ru","uid":4857,"word":"сбор","wordHash":"ad716db6bb4ec8c53135c7bb51245497_f30b2a3912e5db0d8a96fb733a9a22893351e15ec8d54cec3d21ef694518caf46c57768c0e8320a124392fa23dc256cfa221ff06fa78ba55ff39c8870b979941","wordId":"17:4857"},"morphObj":{"params":{"class":"с","classMask":1,"info":{"isCapital":false,"isUpper":false},"stack":"((<DictionaryAnalyzer>, u'\\u0441\\u0431\\u043e\\u0440\\u0430', 33, 1),)"},"sentenceIndex":[0],"words":["сбора"],"wordsIndex":[10]},"rating":16.666666666666664,"stats":{"counter":812.0,"counterAll":812.0,"isAdjf":0,"isCombo":0,"isComp":0,"isCountry":0,"isEng":0,"isName":0,"isNominal":0,"isNoun":1,"isNum":0,"isPrtf":0,"isSymbol":0,"isUnknown":0,"isVerb":0,"repeat":0.16666666666666666,"weight":0.0476078799249531,"weightAll":0.015388114008489995}},"синтаксис":{"indexObj":{"classMask":1,"counter":97.0,"finded":58,"isExisted":true,"letterId":17,"meta":"{}","server":"_buber3_","table":"wordIndex.ru","uid":40371,"word":"синтаксис","wordHash":"e23ac955284d027836a400dd7bdcc6a3_dd83649c2b4fa1950e02c79ed5af4af0db95a72940ad5e405c119e59231f8ca1c9e57faf4ae9aa5fa3b163f86a012bd06363cf04d3d7c9e5ea6c2f7960062cf1","wordId":"17:40371"},"morphObj":{"params":{"class":"с","classMask":1,"info":{"isCapital":true,"isUpper":false},"stack":"((<DictionaryAnalyzer>, u'\\u0441\\u0438\\u043d\\u0442\\u0430\\u043a\\u0441\\u0438\\u0441', 33, 3),)"},"sentenceIndex":[1,2],"words":["синтаксис","Синтаксис"],"wordsIndex":[15,0]},"rating":33.33333333333333,"stats":{"counter":97.0,"counterAll":194.0,"isAdjf":0,"isCombo":0,"isComp":0,"isCountry":0,"isEng":0,"isName":0,"isNominal":0,"isNoun":1,"isNum":0,"isPrtf":0,"isSymbol":0,"isUnknown":0,"isVerb":0,"repeat":0.3333333333333333,"weight":0.005687148217636022,"weightAll":0.003676470588235294}},"система":{"indexObj":{"classMask":1,"counter":9378.0,"finded":3697,"isExisted":true,"letterId":17,"meta":"{}","server":"_buber3_","table":"wordIndex.ru","uid":1350,"word":"система","wordHash":"9314f1a514220bb61d1d5e6fde62bb81_59a649de78955f8288e6186679e3780809fa2a0ce3ace137a7fd8188664bfc3245c28bb889e267c969ecb0101abd31518987654af4ca54f991f0193b35a9051d","wordId":"17:1350"},"morphObj":{"params":{"class":"с","classMask":1,"info":{"isCapital":false,"isUpper":false},"stack":"((<DictionaryAnalyzer>, u'\\u0441\\u0438\\u0441\\u0442\\u0435\\u043c\\u0435', 55, 6),)"},"sentenceIndex":[0,3,4,5],"words":["системе","системах","системы","систем"],"wordsIndex":[7,5,2,8]},"rating":66.66666666666666,"stats":{"counter":9378.0,"counterAll":37512.0,"isAdjf":0,"isCombo":0,"isComp":0,"isCountry":0,"isEng":0,"isName":0,"isNominal":0,"isNoun":1,"isNum":0,"isPrtf":0,"isSymbol":0,"isUnknown":0,"isVerb":0,"repeat":0.6666666666666666,"weight":0.5498358348968105,"weightAll":0.7108853850818678}},"скриптовый":{"indexObj":{"classMask":2,"counter":20.0,"finded":12,"isExisted":true,"letterId":17,"meta":"{}","server":"_buber3_","table":"wordIndex.ru","uid":3689,"word":"скриптовый","wordHash":"745910162fe0b98d5096bc6712005c4c_5503bb406f688fde5baa7fe76300999fd224e04d5371a154a7ba86e4fbd08376be9642160fb7db3bb5b2860d64a3ce72d4b9d37e7acb88ea6659e282bade1b65","wordId":"17:3689"},"morphObj":{"params":{"class":"п","classMask":2,"info":{"isCapital":false,"isUpper":false},"stack":"((<DictionaryAnalyzer>, u'\\u0441\\u043a\\u0440\\u0438\\u043f\\u0442\\u043e\\u0432\\u043e\\u0433\\u043e', 10, 1),)"},"sentenceIndex":[0],"words":["скриптового"],"wordsIndex":[15]},"rating":16.666666666666664,"stats":{"counter":20.0,"counterAll":20.0,"isAdjf":1,"isCombo":0,"isComp":0,"isCountry":0,"isEng":0,"isName":0,"isNominal":0,"isNoun":0,"isNum":0,"isPrtf":0,"isSymbol":0,"isUnknown":0,"isVerb":0,"repeat":0.16666666666666666,"weight":0.0011726078799249532,"weightAll":0.0003790175864160097}},"среда":{"indexObj":{"classMask":1,"counter":1839.0,"finded":1158,"isExisted":true,"letterId":17,"meta":"{}","server":"_buber3_","table":"wordIndex.ru","uid":1437,"word":"среда","wordHash":"efa0d4abc721edf95fe803675922b735_2c5ebcb4ec53f8acd96366d2e4af945f4b9a8566a4b1cc7faafd709bdc43d311d4082c405c73ace21e5b183177c77a2727700f708cf04b50405ed42bfab43043","wordId":"17:1437"},"morphObj":{"params":{"class":"с","classMask":1,"info":{"isCapital":false,"isUpper":false},"stack":"((<DictionaryAnalyzer>, u'\\u0441\\u0440\\u0435\\u0434\\u0430', 2815, 0),)"},"sentenceIndex":[5],"words":["среда"],"wordsIndex":[3]},"rating":16.666666666666664,"stats":{"counter":1839.0,"counterAll":1839.0,"isAdjf":0,"isCombo":0,"isComp":0,"isCountry":0,"isEng":0,"isName":0,"isNominal":0,"isNoun":1,"isNum":0,"isPrtf":0,"isSymbol":0,"isUnknown":0,"isVerb":0,"repeat":0.16666666666666666,"weight":0.10782129455909943,"weightAll":0.03485066707095209}},"типизировать":{"indexObj":{"classMask":7,"counter":7.0,"finded":4,"isExisted":true,"letterId":20,"meta":"{}","server":"_buber3_","table":"wordIndex.ru","uid":254658,"word":"типизировать","wordHash":"de8b600cddf8e2fa560601669010d7a7_ecff988f1a54ce94ffbf35da34130d192719433cd151beff9cdd00b067859f5e8a10f8b0ca4bdb7112e0a70c3b43014d42050d10632c0e1db02d33e137043e6f","wordId":"20:254658"},"morphObj":{"params":{"class":"причастие","classMask":7,"info":{"isCapital":false,"isUpper":false},"stack":"((<DictionaryAnalyzer>, u'\\u0442\\u0438\\u043f\\u0438\\u0437\\u0438\\u0440\\u043e\\u0432\\u0430\\u043d\\u043d\\u044b\\u043c', 75, 60),)"},"sentenceIndex":[1],"words":["типизированным"],"wordsIndex":[6]},"rating":16.666666666666664,"stats":{"counter":7.0,"counterAll":7.0,"isAdjf":0,"isCombo":0,"isComp":0,"isCountry":0,"isEng":0,"isName":0,"isNominal":0,"isNoun":0,"isNum":0,"isPrtf":1,"isSymbol":0,"isUnknown":0,"isVerb":0,"repeat":0.16666666666666666,"weight":0.0004104127579737336,"weightAll":0.00013265615524560339}},"уровень":{"indexObj":{"classMask":1,"counter":4652.0,"finded":2709,"isExisted":true,"letterId":19,"meta":"{}","server":"_buber3_","table":"wordIndex.ru","uid":4491,"word":"уровень","wordHash":"295ea39b86e6e3ccf189c1f8b1c70a1c_124d922b11e318836cbf8da7944003f875fe9ba74545385f1cd37afe496fcbdc8d4bc5532fd095a3f796eb6333638666e0ccb14d4a948fb7b983bfff96884b3d","wordId":"19:4491"},"morphObj":{"params":{"class":"с","classMask":1,"info":{"isCapital":false,"isUpper":false},"stack":"((<DictionaryAnalyzer>, u'\\u0443\\u0440\\u043e\\u0432\\u043d\\u044f', 296, 1),)"},"sentenceIndex":[0],"words":["уровня"],"wordsIndex":[4]},"rating":16.666666666666664,"stats":{"counter":4652.0,"counterAll":4652.0,"isAdjf":0,"isCombo":0,"isComp":0,"isCountry":0,"isEng":0,"isName":0,"isNominal":0,"isNoun":1,"isNum":0,"isPrtf":0,"isSymbol":0,"isUnknown":0,"isVerb":0,"repeat":0.16666666666666666,"weight":0.2727485928705441,"weightAll":0.08815949060036386}},"школа":{"indexObj":{"classMask":1,"counter":7914.0,"finded":4132,"isExisted":true,"letterId":26,"meta":"{}","server":"_buber3_","table":"wordIndex.ru","uid":2330,"word":"школа","wordHash":"108a35bdf7a49faa4d00fe2522db569c_70301761cb28a2e90bcfbd13e10d6dbb57bf6f7806a7fbc75da78f7cda1077307c94c5786b8c6c08abcc210784fd6057276351ba9f1bdaa14b98344b8ec9613b","wordId":"26:2330"},"morphObj":{"params":{"class":"с","classMask":1,"info":{"isCapital":false,"isUpper":false},"stack":"((<DictionaryAnalyzer>, u'\\u0448\\u043a\\u043e\\u043b\\u0430\\u0445', 55, 12),)"},"sentenceIndex":[2],"words":["школах"],"wordsIndex":[11]},"rating":16.666666666666664,"stats":{"counter":7914.0,"counterAll":7914.0,"isAdjf":0,"isCombo":0,"isComp":0,"isCountry":0,"isEng":0,"isName":0,"isNominal":0,"isNoun":1,"isNum":0,"isPrtf":0,"isSymbol":0,"isUnknown":0,"isVerb":0,"repeat":0.16666666666666666,"weight":0.46400093808630394,"weightAll":0.14997725894481503}},"являться":{"indexObj":{"classMask":5,"counter":15796.0,"finded":7880,"isExisted":true,"letterId":31,"meta":"{}","server":"_buber3_","table":"wordIndex.ru","uid":263,"word":"являться","wordHash":"b70879804d107b1695d137dc5fb0106a_239744a83b7e09bb36181335d55dc2a05bee3f8742ae8329cd46d0b743885f7dcdf1130962fb67fa705439cc2f7bf9f2b5904cbf121d749b0ffa462156e9f041","wordId":"31:263"},"morphObj":{"params":{"class":"г","classMask":5,"info":{"isCapital":false,"isUpper":false},"stack":"((<DictionaryAnalyzer>, u'\\u044f\\u0432\\u043b\\u044f\\u0435\\u0442\\u0441\\u044f', 224, 5),)"},"sentenceIndex":[1],"words":["является"],"wordsIndex":[1]},"rating":16.666666666666664,"stats":{"counter":15796.0,"counterAll":15796.0,"isAdjf":0,"isCombo":0,"isComp":0,"isCountry":0,"isEng":0,"isName":0,"isNominal":0,"isNoun":0,"isNum":0,"isPrtf":0,"isSymbol":0,"isUnknown":0,"isVerb":1,"repeat":0.16666666666666666,"weight":0.926125703564728,"weightAll":0.29934808975136445}},"язык":{"indexObj":{"classMask":1,"counter":8795.0,"finded":2814,"isExisted":true,"letterId":31,"meta":"{}","server":"_buber3_","table":"wordIndex.ru","uid":333,"word":"язык","wordHash":"a418d4e3c6f2636a0adc2e26975c3073_dcffb18d672c991c579affa0c5f60b03d3e0a3dc629a4c106c160491cf5453bf2b8cf2362359b0b9c2591786c8c95c77dfb2f87e75ec3e14fb31e7630eb24478","wordId":"31:333"},"morphObj":{"params":{"class":"с","classMask":1,"info":{"isCapital":true,"isUpper":false},"stack":"((<DictionaryAnalyzer>, u'\\u044f\\u0437\\u044b\\u043a', 3101, 3),)"},"sentenceIndex":[0,0,1,2,2,3],"words":["язык","языка","Язык","языка","языка","Язык"],"wordsIndex":[1,16,0,1,6,0]},"rating":100.0,"stats":{"counter":8795.0,"counterAll":52770.0,"isAdjf":0,"isCombo":0,"isComp":0,"isCountry":0,"isEng":0,"isName":0,"isNominal":0,"isNoun":1,"isNum":0,"isPrtf":0,"isSymbol":0,"isUnknown":0,"isVerb":0,"repeat":1.0,"weight":0.5156543151969981,"weightAll":1.0000379017586416}}}