{"1":{"params":{"class":"число","classMask":10,"info":{},"stack":""},"sentenceIndex":[8],"words":["1"],"wordsIndex":[4]},"10":{"params":{"class":"наим","classMask":19,"info":{},"stack":""},"sentenceIndex":[1],"words":["10"],"wordsIndex":[4]},"125":{"params":{"class":"наим","classMask":19,"info":{},"stack":""},"sentenceIndex":[4],"words":["125"],"wordsIndex":[19]},"2015":{"params":{"class":"наим","classMask":19,"info":{},"stack":""},"sentenceIndex":[7],"words":["2015"],"wordsIndex":[2]},"2016":{"params":{"class":"наим","classMask":19,"info":{},"stack":""},"sentenceIndex":[4],"words":["2016"],"wordsIndex":[2]},"55":{"params":{"class":"наим","classMask":19,"info":{},"stack":""},"sentenceIndex":[4],"words":["55"],"wordsIndex":[18]},"600":{"params":{"class":"наим","classMask":19,"info":{},"stack":""},"sentenceIndex":[0,2],"words":["600","600"],"wordsIndex":[10,21]},"ассоциация":{"params":{"class":"с","classMask":1,"info":{"isCapital":false,"isUpper":false},"stack":"((<DictionaryAnalyzer>, u'\\u0430\\u0441\\u0441\\u043e\\u0446\\u0438\\u0430\\u0446\\u0438\\u0438', 40, 1),)"},"sentenceIndex":[6],"words":["ассоциации"],"wordsIndex":[17]},"ближний":{"params":{"class":"п","classMask":2,"info":{"isCapital":false,"isUpper":false},"stack":"((<DictionaryAnalyzer>, u'\\u0431\\u043b\\u0438\\u0436\\u0430\\u0439\\u0448\\u0438\\u0435', 469, 47),)"},"sentenceIndex":[0,3],"words":["ближайшие","ближайшие"],"wordsIndex":[14,4]},"быть":{"params":{"class":"г","classMask":5,"info":{"isCapital":false,"isUpper":false},"stack":"((<DictionaryAnalyzer>, u'\\u0431\\u0443\\u0434\\u0435\\u0442', 587, 12),)"},"sentenceIndex":[3],"words":["будет"],"wordsIndex":[1]},"в":{"params":{"class":"символ","classMask":20,"info":{},"stack":""},"sentenceIndex":[0,0,1,2,3,4,4,6,6,7],"words":["в","в","в","в","в","В","в","В","в","В"],"wordsIndex":[8,13,2,4,3,0,16,0,9,0]},"валютный":{"params":{"class":"п","classMask":2,"info":{"isCapital":false,"isUpper":false},"stack":"((<DictionaryAnalyzer>, u'\\u0432\\u0430\\u043b\\u044e\\u0442\\u043d\\u044b\\u0439', 12, 0),)"},"sentenceIndex":[4],"words":["валютный"],"wordsIndex":[5]},"взгляд":{"params":{"class":"с","classMask":1,"info":{"isCapital":false,"isUpper":false},"stack":"((<DictionaryAnalyzer>, u'\\u0432\\u0437\\u0433\\u043b\\u044f\\u0434', 33, 3),)"},"sentenceIndex":[2],"words":["взгляд"],"wordsIndex":[16]},"владимир":{"params":{"class":"имя","classMask":22,"info":{"isCapital":true,"isUpper":false},"stack":"((<DictionaryAnalyzer>, u'\\u0432\\u043b\\u0430\\u0434\\u0438\\u043c\\u0438\\u0440\\u043e\\u043c', 26, 4),)"},"sentenceIndex":[3],"words":["Владимиром"],"wordsIndex":[15]},"вносить":{"params":{"class":"г","classMask":5,"info":{"isCapital":false,"isUpper":false},"stack":"((<DictionaryAnalyzer>, u'\\u0432\\u043d\\u043e\\u0441\\u0438\\u0442', 424, 5),)"},"sentenceIndex":[2],"words":["вносит"],"wordsIndex":[3]},"всемирный":{"params":{"class":"имя","classMask":22,"info":{"isCapital":true,"isUpper":false},"stack":"((<DictionaryAnalyzer>, u'\\u0432\\u0441\\u0435\\u043c\\u0438\\u0440\\u043d\\u043e\\u0439', 12, 8),)"},"sentenceIndex":[6],"words":["Всемирной"],"wordsIndex":[11]},"встреча":{"params":{"class":"с","classMask":1,"info":{"isCapital":false,"isUpper":false},"stack":"((<DictionaryAnalyzer>, u'\\u0432\\u0441\\u0442\\u0440\\u0435\\u0447\\u0438', 93, 1),)"},"sentenceIndex":[3],"words":["встречи"],"wordsIndex":[9]},"выделение":{"params":{"class":"с","classMask":1,"info":{"isCapital":false,"isUpper":false},"stack":"((<DictionaryAnalyzer>, u'\\u0432\\u044b\\u0434\\u0435\\u043b\\u0435\\u043d\\u0438\\u044f', 76, 2),)"},"sentenceIndex":[2],"words":["выделения"],"wordsIndex":[20]},"выделить":{"params":{"class":"инфинитив","classMask":6,"info":{"isCapital":false,"isUpper":false},"stack":"((<DictionaryAnalyzer>, u'\\u0432\\u044b\\u0434\\u0435\\u043b\\u0438\\u0442\\u044c', 617, 0),)"},"sentenceIndex":[0],"words":["выделить"],"wordsIndex":[3]},"выступить":{"params":{"class":"г","classMask":5,"info":{"isCapital":false,"isUpper":false},"stack":"((<DictionaryAnalyzer>, u'\\u0432\\u044b\\u0441\\u0442\\u0443\\u043f\\u0438\\u043b', 1093, 1),)"},"sentenceIndex":[5],"words":["выступил"],"wordsIndex":[3]},"год":{"params":{"class":"с","classMask":1,"info":{"isCapital":false,"isUpper":false},"stack":"((<DictionaryAnalyzer>, u'\\u0433\\u043e\\u0434\\u0430', 1168, 1),)"},"sentenceIndex":[4,7,8],"words":["года","года","года"],"wordsIndex":[3,3,8]},"гройсман":{"params":{"class":"имя","classMask":22,"info":{"isCapital":true,"isUpper":false},"stack":"((<FakeDictionary>, u'\\u0433\\u0440\\u043e\\u0439\\u0441\\u043c\\u0430\\u043d\\u043e\\u043c', 28, 4), (<KnownSuffixAnalyzer>, u'\\u043c\\u0430\\u043d\\u043e\\u043c'))"},"sentenceIndex":[3],"words":["Гройсманом"],"wordsIndex":[16]},"два":{"params":{"class":"п","classMask":2,"info":{"isCapital":false,"isUpper":false},"stack":"((<DictionaryAnalyzer>, u'\\u0432\\u0442\\u043e\\u0440\\u043e\\u0439', 1248, 20),)"},"sentenceIndex":[4],"words":["второй"],"wordsIndex":[9]},"действовать":{"params":{"class":"инфинитив","classMask":6,"info":{"isCapital":false,"isUpper":false},"stack":"((<DictionaryAnalyzer>, u'\\u0434\\u0435\\u0439\\u0441\\u0442\\u0432\\u043e\\u0432\\u0430\\u0442\\u044c', 172, 0),)"},"sentenceIndex":[8],"words":["действовать"],"wordsIndex":[2]},"декабрь":{"params":{"class":"с","classMask":1,"info":{"isCapital":false,"isUpper":false},"stack":"((<DictionaryAnalyzer>, u'\\u0434\\u0435\\u043a\\u0430\\u0431\\u0440\\u0435', 190, 5),)"},"sentenceIndex":[4],"words":["декабре"],"wordsIndex":[1]},"десятилетний":{"params":{"class":"п","classMask":2,"info":{"isCapital":false,"isUpper":false},"stack":"((<DictionaryAnalyzer>, u'\\u043b\\u0435\\u0442\\u043d\\u0435\\u043c', 382, 6), (<UnknownPrefixAnalyzer>, u'\\u0441\\u044f\\u0442\\u0438'), (<KnownPrefixAnalyzer>, u'\\u0434\\u0435'))"},"sentenceIndex":[7],"words":["десятилетнем"],"wordsIndex":[9]},"для":{"params":{"class":"предл","classMask":14,"info":{"isCapital":false,"isUpper":false},"stack":"((<DictionaryAnalyzer>, u'\\u0434\\u043b\\u044f', 24, 0),)"},"sentenceIndex":[2],"words":["для"],"wordsIndex":[19]},"достаточный":{"params":{"class":"п","classMask":2,"info":{"isCapital":false,"isUpper":false},"stack":"((<DictionaryAnalyzer>, u'\\u0434\\u043e\\u0441\\u0442\\u0430\\u0442\\u043e\\u0447\\u043d\\u043e\\u0435', 12, 14),)"},"sentenceIndex":[2],"words":["достаточное"],"wordsIndex":[17]},"древесина":{"params":{"class":"с","classMask":1,"info":{"isCapital":false,"isUpper":false},"stack":"((<DictionaryAnalyzer>, u'\\u0434\\u0440\\u0435\\u0432\\u0435\\u0441\\u0438\\u043d\\u044b', 55, 1),)"},"sentenceIndex":[7],"words":["древесины"],"wordsIndex":[13]},"евро":{"params":{"class":"с","classMask":1,"info":{"isCapital":false,"isUpper":false},"stack":"((<DictionaryAnalyzer>, u'\\u0435\\u0432\\u0440\\u043e', 23, 7),)"},"sentenceIndex":[0,4],"words":["евро","евро"],"wordsIndex":[12,21]},"еврокомиссия":{"params":{"class":"имя","classMask":22,"info":{"isCapital":true,"isUpper":false},"stack":"((<DictionaryAnalyzer>, u'\\u0435\\u0432\\u0440\\u043e\\u043a\\u043e\\u043c\\u0438\\u0441\\u0441\\u0438\\u0438', 40, 1),)"},"sentenceIndex":[1],"words":["Еврокомиссии"],"wordsIndex":[8]},"европейский":{"params":{"class":"имя","classMask":22,"info":{"isCapital":true,"isUpper":false},"stack":"((<DictionaryAnalyzer>, u'\\u0435\\u0432\\u0440\\u043e\\u043f\\u0435\\u0439\\u0441\\u043a\\u0438\\u0439', 16, 0),)"},"sentenceIndex":[0,4],"words":["Европейский","Европейского"],"wordsIndex":[0,14]},"евросоюз":{"params":{"class":"имя","classMask":22,"info":{"isCapital":true,"isUpper":false},"stack":"((<DictionaryAnalyzer>, u'\\u0435\\u0432\\u0440\\u043e\\u0441\\u043e\\u044e\\u0437\\u043e\\u043c', 32, 4),)"},"sentenceIndex":[6],"words":["Евросоюзом"],"wordsIndex":[19]},"ес":{"params":{"class":"с","classMask":1,"info":{"isCapital":false,"isUpper":true},"stack":"((<DictionaryAnalyzer>, u'\\u0435\\u0441', 641, 1),)"},"sentenceIndex":[5],"words":["ЕС"],"wordsIndex":[2]},"жан":{"params":{"class":"имя","classMask":22,"info":{"isCapital":true,"isUpper":false},"stack":"((<DictionaryAnalyzer>, u'\\u0436\\u0430\\u043d', 26, 0),)"},"sentenceIndex":[1],"words":["Жан"],"wordsIndex":[9]},"жан-клод":{"params":{"class":"имя","classMask":1222,"info":{"comboClassStats":{"с":2},"isCapital":true,"isCombo":true,"isUpper":false},"stack":"<classByLadder>"},"sentenceIndex":[1],"words":["Жан-Клод"],"wordsIndex":[11]},"же":{"params":{"class":"част","classMask":16,"info":{"isCapital":false,"isUpper":false},"stack":"((<DictionaryAnalyzer>, u'\\u0436\\u0435', 22, 0),)"},"sentenceIndex":[5,8],"words":["же","же"],"wordsIndex":[1,7]},"закон":{"params":{"class":"с","classMask":1,"info":{"isCapital":false,"isUpper":false},"stack":"((<DictionaryAnalyzer>, u'\\u0437\\u0430\\u043a\\u043e\\u043d', 33, 0),)"},"sentenceIndex":[7],"words":["закон"],"wordsIndex":[7]},"законопроект":{"params":{"class":"с","classMask":1,"info":{"isCapital":false,"isUpper":false},"stack":"((<DictionaryAnalyzer>, u'\\u0437\\u0430\\u043a\\u043e\\u043d\\u043e\\u043f\\u0440\\u043e\\u0435\\u043a\\u0442', 33, 0),)"},"sentenceIndex":[2],"words":["законопроект"],"wordsIndex":[6]},"запрет":{"params":{"class":"с","classMask":1,"info":{"isCapital":false,"isUpper":false},"stack":"((<DictionaryAnalyzer>, u'\\u0437\\u0430\\u043f\\u0440\\u0435\\u0442\\u0430', 33, 1),)"},"sentenceIndex":[5],"words":["запрета"],"wordsIndex":[5]},"заявить":{"params":{"class":"г","classMask":5,"info":{"isCapital":false,"isUpper":false},"stack":"((<DictionaryAnalyzer>, u'\\u0437\\u0430\\u044f\\u0432\\u0438\\u043b', 647, 1),)"},"sentenceIndex":[1],"words":["заявил"],"wordsIndex":[6]},"заявление":{"params":{"class":"с","classMask":1,"info":{"isCapital":false,"isUpper":false},"stack":"((<DictionaryAnalyzer>, u'\\u0437\\u0430\\u044f\\u0432\\u043b\\u0435\\u043d\\u0438\\u0438', 76, 10),)"},"sentenceIndex":[6],"words":["заявлении"],"wordsIndex":[1]},"и":{"params":{"class":"символ","classMask":20,"info":{},"stack":""},"sentenceIndex":[6,6],"words":["и","и"],"wordsIndex":[14,20]},"июль":{"params":{"class":"с","classMask":1,"info":{"isCapital":false,"isUpper":false},"stack":"((<DictionaryAnalyzer>, u'\\u0438\\u044e\\u043b\\u0435', 91, 5),)"},"sentenceIndex":[7],"words":["июле"],"wordsIndex":[1]},"клод":{"params":{"class":"имя","classMask":22,"info":{"isCapital":true,"isUpper":false},"stack":"((<FakeDictionary>, u'\\u043a\\u043b\\u043e\\u0434', 26, 0), (<KnownSuffixAnalyzer>, u'\\u043a\\u043b\\u043e\\u0434'))"},"sentenceIndex":[1],"words":["Клод"],"wordsIndex":[10]},"кроме":{"params":{"class":"предл","classMask":14,"info":{"isCapital":false,"isUpper":false},"stack":"((<DictionaryAnalyzer>, u'\\u043a\\u0440\\u043e\\u043c\\u0435', 24, 0),)"},"sentenceIndex":[7],"words":["кроме"],"wordsIndex":[14]},"кругляк":{"params":{"class":"с","classMask":1,"info":{"isCapital":false,"isUpper":false},"stack":"((<DictionaryAnalyzer>, u'\\u043a\\u0440\\u0443\\u0433\\u043b\\u044f\\u043a\\u0430', 19, 1),)"},"sentenceIndex":[5],"words":["кругляка"],"wordsIndex":[10]},"кругляк-леса":{"params":{"class":"с","classMask":1201,"info":{"comboClassStats":{"с":2},"isCapital":false,"isCombo":true,"isUpper":false},"stack":"<classByLadder>"},"sentenceIndex":[5],"words":["леса-кругляка"],"wordsIndex":[11]},"леса":{"params":{"class":"с","classMask":1,"info":{"isCapital":false,"isUpper":false},"stack":"((<DictionaryAnalyzer>, u'\\u043b\\u0435\\u0441\\u0430', 55, 0),)"},"sentenceIndex":[2,5],"words":["леса","леса"],"wordsIndex":[12,9]},"между":{"params":{"class":"предл","classMask":14,"info":{"isCapital":false,"isUpper":false},"stack":"((<DictionaryAnalyzer>, u'\\u043c\\u0435\\u0436\\u0434\\u0443', 24, 0),)"},"sentenceIndex":[6],"words":["между"],"wordsIndex":[18]},"международный":{"params":{"class":"имя","classMask":22,"info":{"isCapital":true,"isUpper":false},"stack":"((<DictionaryAnalyzer>, u'\\u043c\\u0435\\u0436\\u0434\\u0443\\u043d\\u0430\\u0440\\u043e\\u0434\\u043d\\u044b\\u0439', 34, 0),)"},"sentenceIndex":[4,6],"words":["Международный","международным"],"wordsIndex":[4,6]},"миллион":{"params":{"class":"с","classMask":1,"info":{"isCapital":false,"isUpper":false},"stack":"((<DictionaryAnalyzer>, u'\\u043c\\u0438\\u043b\\u043b\\u0438\\u043e\\u043d\\u043e\\u0432', 1949, 7),)"},"sentenceIndex":[0,2,4],"words":["миллионов","миллионов","миллиона"],"wordsIndex":[11,22,20]},"министр":{"params":{"class":"с","classMask":1,"info":{"isCapital":false,"isUpper":false},"stack":"((<DictionaryAnalyzer>, u'\\u043c\\u0438\\u043d\\u0438\\u0441\\u0442\\u0440\\u043e\\u043c', 52, 4),)"},"sentenceIndex":[3],"words":["министром"],"wordsIndex":[12]},"министр-премьер":{"params":{"class":"с","classMask":1201,"info":{"comboClassStats":{"с":2},"isCapital":false,"isCombo":true,"isUpper":false},"stack":"<classByLadder>"},"sentenceIndex":[3],"words":["премьер-министром"],"wordsIndex":[13]},"мой":{"params":{"class":"п","classMask":2,"info":{"isCapital":false,"isUpper":false},"stack":"((<DictionaryAnalyzer>, u'\\u043c\\u043e\\u0439', 1967, 0),)"},"sentenceIndex":[2],"words":["мой"],"wordsIndex":[15]},"мораторий":{"params":{"class":"с","classMask":1,"info":{"isCapital":false,"isUpper":false},"stack":"((<DictionaryAnalyzer>, u'\\u043c\\u043e\\u0440\\u0430\\u0442\\u043e\\u0440\\u0438\\u044f', 81, 1),)"},"sentenceIndex":[2,7],"words":["моратория","моратории"],"wordsIndex":[9,10]},"на":{"params":{"class":"предл","classMask":14,"info":{"isCapital":false,"isUpper":false},"stack":"((<DictionaryAnalyzer>, u'\\u043d\\u0430', 24, 0),)"},"sentenceIndex":[2,2,5,7],"words":["на","на","на","на"],"wordsIndex":[10,14,6,11]},"начать":{"params":{"class":"г","classMask":5,"info":{"isCapital":false,"isUpper":false},"stack":"((<DictionaryAnalyzer>, u'\\u043d\\u0430\\u0447\\u0430\\u043b', 1302, 1),)"},"sentenceIndex":[8],"words":["начал"],"wordsIndex":[1]},"неделя":{"params":{"class":"с","classMask":1,"info":{"isCapital":false,"isUpper":false},"stack":"((<DictionaryAnalyzer>, u'\\u043d\\u0435\\u0434\\u0435\\u043b\\u0438', 335, 1),)"},"sentenceIndex":[0,3],"words":["недели","недели"],"wordsIndex":[15,5]},"новость":{"params":{"class":"имя","classMask":22,"info":{"isCapital":true,"isUpper":false},"stack":"((<DictionaryAnalyzer>, u'\\u043d\\u043e\\u0432\\u043e\\u0441\\u0442\\u0438', 13, 1),)"},"sentenceIndex":[1],"words":["Новости"],"wordsIndex":[15]},"ноябрь":{"params":{"class":"с","classMask":1,"info":{"isCapital":false,"isUpper":false},"stack":"((<DictionaryAnalyzer>, u'\\u043d\\u043e\\u044f\\u0431\\u0440\\u044f', 190, 1),)"},"sentenceIndex":[8],"words":["ноября"],"wordsIndex":[5]},"о":{"params":{"class":"предл","classMask":14,"info":{"isCapital":true,"isUpper":false},"stack":"((<DictionaryAnalyzer>, u'\\u043e\\u0431', 2133, 1),)"},"sentenceIndex":[1,2,6,7],"words":["Об","о","об","о"],"wordsIndex":[0,7,16,8]},"обязательство":{"params":{"class":"с","classMask":1,"info":{"isCapital":false,"isUpper":false},"stack":"((<DictionaryAnalyzer>, u'\\u043e\\u0431\\u044f\\u0437\\u0430\\u0442\\u0435\\u043b\\u044c\\u0441\\u0442\\u0432\\u0430\\u043c', 54, 8),)"},"sentenceIndex":[6],"words":["обязательствам"],"wordsIndex":[7]},"он":{"params":{"class":"мс","classMask":12,"info":{"isCapital":true,"isUpper":false},"stack":"((<DictionaryAnalyzer>, u'\\u043e\\u043d', 2208, 0),)"},"sentenceIndex":[6,8],"words":["он","Он"],"wordsIndex":[4,0]},"организация":{"params":{"class":"с","classMask":1,"info":{"isCapital":false,"isUpper":false},"stack":"((<DictionaryAnalyzer>, u'\\u043e\\u0440\\u0433\\u0430\\u043d\\u0438\\u0437\\u0430\\u0446\\u0438\\u0438', 40, 1),)"},"sentenceIndex":[6],"words":["организации"],"wordsIndex":[13]},"от":{"params":{"class":"предл","classMask":14,"info":{"isCapital":false,"isUpper":false},"stack":"((<DictionaryAnalyzer>, u'\\u043e\\u0442', 375, 0),)"},"sentenceIndex":[4],"words":["от"],"wordsIndex":[13]},"отмечаться":{"params":{"class":"г","classMask":5,"info":{"isCapital":false,"isUpper":false},"stack":"((<DictionaryAnalyzer>, u'\\u043e\\u0442\\u043c\\u0435\\u0447\\u0430\\u0435\\u0442\\u0441\\u044f', 224, 5),)"},"sentenceIndex":[6],"words":["отмечается"],"wordsIndex":[2]},"парламент":{"params":{"class":"с","classMask":1,"info":{"isCapital":false,"isUpper":false},"stack":"((<DictionaryAnalyzer>, u'\\u043f\\u0430\\u0440\\u043b\\u0430\\u043c\\u0435\\u043d\\u0442', 33, 3),)"},"sentenceIndex":[2],"words":["парламент"],"wordsIndex":[5]},"перечислить":{"params":{"class":"г","classMask":5,"info":{"isCapital":false,"isUpper":false},"stack":"((<DictionaryAnalyzer>, u'\\u043f\\u0435\\u0440\\u0435\\u0447\\u0438\\u0441\\u043b\\u0438\\u043b', 617, 1),)"},"sentenceIndex":[4],"words":["перечислил"],"wordsIndex":[7]},"подписать":{"params":{"class":"г","classMask":5,"info":{"isCapital":false,"isUpper":false},"stack":"((<DictionaryAnalyzer>, u'\\u043f\\u043e\\u0434\\u043f\\u0438\\u0441\\u0430\\u043b', 916, 1),)"},"sentenceIndex":[7],"words":["подписал"],"wordsIndex":[6]},"помощь":{"params":{"class":"с","classMask":1,"info":{"isCapital":false,"isUpper":false},"stack":"((<DictionaryAnalyzer>, u'\\u043f\\u043e\\u043c\\u043e\\u0449\\u0438', 435, 1),)"},"sentenceIndex":[0,4],"words":["помощи","помощи"],"wordsIndex":[7,12]},"поскольку":{"params":{"class":"союз","classMask":15,"info":{"isCapital":true,"isUpper":false},"stack":"((<DictionaryAnalyzer>, u'\\u043f\\u043e\\u0441\\u043a\\u043e\\u043b\\u044c\\u043a\\u0443', 20, 0),)"},"sentenceIndex":[2],"words":["Поскольку"],"wordsIndex":[0]},"после":{"params":{"class":"предл","classMask":14,"info":{"isCapital":false,"isUpper":false},"stack":"((<DictionaryAnalyzer>, u'\\u043f\\u043e\\u0441\\u043b\\u0435', 24, 0),)"},"sentenceIndex":[3],"words":["после"],"wordsIndex":[8]},"правительство":{"params":{"class":"с","classMask":1,"info":{"isCapital":false,"isUpper":false},"stack":"((<DictionaryAnalyzer>, u'\\u043f\\u0440\\u0430\\u0432\\u0438\\u0442\\u0435\\u043b\\u044c\\u0441\\u0442\\u0432\\u043e', 54, 0),)"},"sentenceIndex":[2],"words":["правительство"],"wordsIndex":[2]},"председатель":{"params":{"class":"с","classMask":1,"info":{"isCapital":false,"isUpper":false},"stack":"((<DictionaryAnalyzer>, u'\\u043f\\u0440\\u0435\\u0434\\u0441\\u0435\\u0434\\u0430\\u0442\\u0435\\u043b\\u044c', 121, 0),)"},"sentenceIndex":[1],"words":["председатель"],"wordsIndex":[7]},"президент":{"params":{"class":"с","classMask":1,"info":{"isCapital":false,"isUpper":false},"stack":"((<DictionaryAnalyzer>, u'\\u043f\\u0440\\u0435\\u0437\\u0438\\u0434\\u0435\\u043d\\u0442', 52, 0),)"},"sentenceIndex":[7],"words":["президент"],"wordsIndex":[4]},"премьер":{"params":{"class":"с","classMask":1,"info":{"isCapital":false,"isUpper":false},"stack":"((<DictionaryAnalyzer>, u'\\u043f\\u0440\\u0435\\u043c\\u044c\\u0435\\u0440', 52, 0),)"},"sentenceIndex":[3],"words":["премьер"],"wordsIndex":[11]},"против":{"params":{"class":"предл","classMask":14,"info":{"isCapital":false,"isUpper":false},"stack":"((<DictionaryAnalyzer>, u'\\u043f\\u0440\\u043e\\u0442\\u0438\\u0432', 24, 0),)"},"sentenceIndex":[5],"words":["против"],"wordsIndex":[4]},"противоречить":{"params":{"class":"г","classMask":5,"info":{"isCapital":false,"isUpper":false},"stack":"((<DictionaryAnalyzer>, u'\\u043f\\u0440\\u043e\\u0442\\u0438\\u0432\\u043e\\u0440\\u0435\\u0447\\u0438\\u0442', 353, 5),)"},"sentenceIndex":[6],"words":["противоречит"],"wordsIndex":[5]},"пятница":{"params":{"class":"с","classMask":1,"info":{"isCapital":false,"isUpper":false},"stack":"((<DictionaryAnalyzer>, u'\\u043f\\u044f\\u0442\\u043d\\u0438\\u0446\\u0443', 141, 3),)"},"sentenceIndex":[1],"words":["пятницу"],"wordsIndex":[3]},"размер":{"params":{"class":"с","classMask":1,"info":{"isCapital":false,"isUpper":false},"stack":"((<DictionaryAnalyzer>, u'\\u0440\\u0430\\u0437\\u043c\\u0435\\u0440\\u0435', 33, 5),)"},"sentenceIndex":[0,4],"words":["размере","размере"],"wordsIndex":[9,17]},"рамка":{"params":{"class":"с","classMask":1,"info":{"isCapital":false,"isUpper":false},"stack":"((<DictionaryAnalyzer>, u'\\u0440\\u0430\\u043c\\u043a\\u0430\\u0445', 8, 12),)"},"sentenceIndex":[6],"words":["рамках"],"wordsIndex":[10]},"риа":{"params":{"class":"с","classMask":1,"info":{"isCapital":false,"isUpper":true},"stack":"((<DictionaryAnalyzer>, u'\\u0440\\u0438\\u0430', 148, 0),)"},"sentenceIndex":[1],"words":["РИА"],"wordsIndex":[14]},"с":{"params":{"class":"символ","classMask":20,"info":{},"stack":""},"sentenceIndex":[3,8],"words":["с","с"],"wordsIndex":[10,3]},"сделать":{"params":{"class":"кр_причастие","classMask":8,"info":{"isCapital":false,"isUpper":false},"stack":"((<DictionaryAnalyzer>, u'\\u0441\\u0434\\u0435\\u043b\\u0430\\u043d\\u043e', 614, 73),)"},"sentenceIndex":[3],"words":["сделано"],"wordsIndex":[2]},"сказать":{"params":{"class":"г","classMask":5,"info":{"isCapital":false,"isUpper":false},"stack":"((<DictionaryAnalyzer>, u'\\u0441\\u043a\\u0430\\u0437\\u0430\\u043b', 638, 1),)"},"sentenceIndex":[3],"words":["сказал"],"wordsIndex":[6]},"снятие":{"params":{"class":"с","classMask":1,"info":{"isCapital":false,"isUpper":false},"stack":"((<DictionaryAnalyzer>, u'\\u0441\\u043d\\u044f\\u0442\\u0438\\u0438', 76, 10),)"},"sentenceIndex":[2],"words":["снятии"],"wordsIndex":[8]},"собираться":{"params":{"class":"г","classMask":5,"info":{"isCapital":false,"isUpper":false},"stack":"((<DictionaryAnalyzer>, u'\\u0441\\u043e\\u0431\\u0438\\u0440\\u0430\\u0435\\u0442\\u0441\\u044f', 224, 5),)"},"sentenceIndex":[0],"words":["собирается"],"wordsIndex":[2]},"соглашение":{"params":{"class":"имя","classMask":22,"info":{"isCapital":true,"isUpper":false},"stack":"((<DictionaryAnalyzer>, u'\\u0441\\u043e\\u0433\\u043b\\u0430\\u0448\\u0435\\u043d\\u0438\\u044f', 76, 2),)"},"sentenceIndex":[6],"words":["Соглашения"],"wordsIndex":[15]},"сообщать":{"params":{"class":"г","classMask":5,"info":{"isCapital":false,"isUpper":false},"stack":"((<DictionaryAnalyzer>, u'\\u0441\\u043e\\u043e\\u0431\\u0449\\u0430\\u0435\\u0442', 206, 5),)"},"sentenceIndex":[1],"words":["сообщает"],"wordsIndex":[13]},"сосна":{"params":{"class":"с","classMask":1,"info":{"isCapital":false,"isUpper":false},"stack":"((<DictionaryAnalyzer>, u'\\u0441\\u043e\\u0441\\u043d\\u044b', 1212, 1),)"},"sentenceIndex":[7],"words":["сосны"],"wordsIndex":[15]},"союз":{"params":{"class":"с","classMask":1,"info":{"isCapital":false,"isUpper":false},"stack":"((<DictionaryAnalyzer>, u'\\u0441\\u043e\\u044e\\u0437', 33, 0),)"},"sentenceIndex":[0,4],"words":["союз","союза"],"wordsIndex":[1,15]},"страна":{"params":{"class":"с","classMask":1,"info":{"isCapital":false,"isUpper":false},"stack":"((<DictionaryAnalyzer>, u'\\u0441\\u0442\\u0440\\u0430\\u043d\\u044b', 55, 1),)"},"sentenceIndex":[6],"words":["страны"],"wordsIndex":[8]},"тогда":{"params":{"class":"н","classMask":11,"info":{"isCapital":true,"isUpper":false},"stack":"((<DictionaryAnalyzer>, u'\\u0442\\u043e\\u0433\\u0434\\u0430', 1553, 0),)"},"sentenceIndex":[5],"words":["Тогда"],"wordsIndex":[0]},"торговый":{"params":{"class":"п","classMask":2,"info":{"isCapital":false,"isUpper":false},"stack":"((<DictionaryAnalyzer>, u'\\u0442\\u043e\\u0440\\u0433\\u043e\\u0432\\u043e\\u0439', 94, 8),)"},"sentenceIndex":[6],"words":["торговой"],"wordsIndex":[12]},"тот":{"params":{"class":"имя","classMask":1122,"info":{"isCapital":false,"isCountry":true,"isUpper":false},"stack":"((<DictionaryAnalyzer>, u'\\u0442\\u043e\\u0433\\u043e', 2900, 14),)"},"sentenceIndex":[8],"words":["того"],"wordsIndex":[6]},"транш":{"params":{"class":"с","classMask":1,"info":{"isCapital":false,"isUpper":false},"stack":"((<DictionaryAnalyzer>, u'\\u0442\\u0440\\u0430\\u043d\\u0448', 79, 3),)"},"sentenceIndex":[0,4],"words":["транш","транш"],"wordsIndex":[5,10]},"украина":{"params":{"class":"имя","classMask":1122,"info":{"isCapital":true,"isCountry":true,"isUpper":false},"stack":"((<DictionaryAnalyzer>, u'\\u0443\\u043a\\u0440\\u0430\\u0438\\u043d\\u0435', 35, 6),)"},"sentenceIndex":[0,3,4,6,7],"words":["Украине","Украины","Украине","Украиной","Украины"],"wordsIndex":[4,14,8,21,5]},"украинский":{"params":{"class":"п","classMask":2,"info":{"isCapital":false,"isUpper":false},"stack":"((<DictionaryAnalyzer>, u'\\u0443\\u043a\\u0440\\u0430\\u0438\\u043d\\u0441\\u043a\\u043e\\u0435', 228, 14),)"},"sentenceIndex":[2,5],"words":["украинское","украинского"],"wordsIndex":[1,8]},"условие":{"params":{"class":"с","classMask":1,"info":{"isCapital":false,"isUpper":false},"stack":"((<DictionaryAnalyzer>, u'\\u0443\\u0441\\u043b\\u043e\\u0432\\u0438\\u0435', 76, 0),)"},"sentenceIndex":[2],"words":["условие"],"wordsIndex":[18]},"февраль":{"params":{"class":"с","classMask":1,"info":{"isCapital":false,"isUpper":false},"stack":"((<DictionaryAnalyzer>, u'\\u0444\\u0435\\u0432\\u0440\\u0430\\u043b\\u044f', 190, 1),)"},"sentenceIndex":[1],"words":["февраля"],"wordsIndex":[5]},"финансовый":{"params":{"class":"п","classMask":2,"info":{"isCapital":false,"isUpper":false},"stack":"((<DictionaryAnalyzer>, u'\\u0444\\u0438\\u043d\\u0430\\u043d\\u0441\\u043e\\u0432\\u043e\\u0439', 215, 8),)"},"sentenceIndex":[0,4],"words":["финансовой","финансовой"],"wordsIndex":[6,11]},"фонд":{"params":{"class":"с","classMask":1,"info":{"isCapital":false,"isUpper":false},"stack":"((<DictionaryAnalyzer>, u'\\u0444\\u043e\\u043d\\u0434', 33, 0),)"},"sentenceIndex":[4],"words":["фонд"],"wordsIndex":[6]},"что":{"params":{"class":"союз","classMask":15,"info":{"isCapital":false,"isUpper":false},"stack":"((<DictionaryAnalyzer>, u'\\u0447\\u0442\\u043e', 3046, 0),)"},"sentenceIndex":[6],"words":["что"],"wordsIndex":[3]},"экспорт":{"params":{"class":"с","classMask":1,"info":{"isCapital":false,"isUpper":false},"stack":"((<DictionaryAnalyzer>, u'\\u044d\\u043a\\u0441\\u043f\\u043e\\u0440\\u0442', 33, 3),)"},"sentenceIndex":[2,5,7],"words":["экспорт","экспорт","экспорт"],"wordsIndex":[11,7,12]},"это":{"params":{"class":"мс","classMask":12,"info":{"isCapital":true,"isUpper":false},"stack":"((<DictionaryAnalyzer>, u'\\u044d\\u0442\\u043e\\u043c', 3098, 5),)"},"sentenceIndex":[1,2,3],"words":["этом","это","Это"],"wordsIndex":[1,13,0]},"юнкер":{"params":{"class":"имя","classMask":22,"info":{"isCapital":true,"isUpper":false},"stack":"((<DictionaryAnalyzer>, u'\\u044e\\u043d\\u043a\\u0435\\u0440', 2878, 0),)"},"sentenceIndex":[1,3],"words":["Юнкер","Юнкер"],"wordsIndex":[12,7]}}