{"10":{"indexObj":{"classMask":19,"counter":10975.0,"finded":6425,"isExisted":true,"letterId":60,"meta":"{}","server":"_buber3_","table":"wordIndex.other","uid":64,"word":"10","wordHash":"d3d9446802a44259755d38e6d163e820_3c11e4f316c956a27655902dc1a19b925b8887d59eff791eea63edc8a05454ec594d5eb0f40ae151df87acd6e101761ecc5bb0d3b829bf3a85f5432493b22f37","wordId":"60:64"},"morphObj":{"params":{"class":"наим","classMask":19,"info":{},"stack":""},"sentenceIndex":[1],"words":["10"],"wordsIndex":[4]},"rating":20.0,"stats":{"counter":10975.0,"counterAll":10975.0,"isAdjf":0,"isCombo":0,"isComp":0,"isCountry":0,"isEng":0,"isName":0,"isNominal":1,"isNoun":0,"isNum":0,"isPrtf":0,"isSymbol":0,"isUnknown":0,"isVerb":0,"repeat":0.2,"weight":0.057628791816974105,"weightAll":0.0192094627826504}},"125":{"indexObj":{"classMask":19,"counter":345.0,"finded":288,"isExisted":true,"letterId":60,"meta":"{}","server":"_buber3_","table":"wordIndex.other","uid":778,"word":"125","wordHash":"3def184ad8f4755ff269862ea77393dd_b7953ae09943b8bec668936bd8bda735a8262a1cbe3b6cb372d755f708c380e33b4acb0724dafb7e531bdcf65c7da688ca9f1701091d0f0a72269d400514618a","wordId":"60:778"},"morphObj":{"params":{"class":"наим","classMask":19,"info":{},"stack":""},"sentenceIndex":[4],"words":["125"],"wordsIndex":[19]},"rating":20.0,"stats":{"counter":345.0,"counterAll":345.0,"isAdjf":0,"isCombo":0,"isComp":0,"isCountry":0,"isEng":0,"isName":0,"isNominal":1,"isNoun":0,"isNum":0,"isPrtf":0,"isSymbol":0,"isUnknown":0,"isVerb":0,"repeat":0.2,"weight":0.0018115656653171816,"weightAll":0.0006038509940787597}},"2015":{"indexObj":{"classMask":19,"counter":4472.0,"finded":2358,"isExisted":true,"letterId":63,"meta":"{}","server":"_buber3_","table":"wordIndex.other","uid":72,"word":"2015","wordHash":"65d2ea03425887a717c435081cfc5dbb_f620ea9ab05df05bb794a2add59a984419bcb1b76168eb7b5089e5f44d117d965f634c9a3cb48f5cbb6da5c04a1484b6e684a944e887b66aad5ddbdd6e32568d","wordId":"63:72"},"morphObj":{"params":{"class":"наим","classMask":19,"info":{},"stack":""},"sentenceIndex":[7],"words":["2015"],"wordsIndex":[2]},"rating":20.0,"stats":{"counter":4472.0,"counterAll":4472.0,"isAdjf":0,"isCombo":0,"isComp":0,"isCountry":0,"isEng":0,"isName":0,"isNominal":1,"isNoun":0,"isNum":0,"isPrtf":0,"isSymbol":0,"isUnknown":0,"isVerb":0,"repeat":0.2,"weight":0.02348209175448822,"weightAll":0.007827309117449893}},"2016":{"indexObj":{"classMask":19,"counter":4230.0,"finded":2403,"isExisted":true,"letterId":63,"meta":"{}","server":"_buber3_","table":"wordIndex.other","uid":71,"word":"2016","wordHash":"95192c98732387165bf8e396c0f2dad2_da0ae9104086a1c58f89f82766ac55a02c8ab44277ce39f959ec0e73391bef651c6f9793657396ce47fbd846068465ccbf3056764424bed9be7789bd1101ace7","wordId":"63:71"},"morphObj":{"params":{"class":"наим","classMask":19,"info":{},"stack":""},"sentenceIndex":[4],"words":["2016"],"wordsIndex":[2]},"rating":20.0,"stats":{"counter":4230.0,"counterAll":4230.0,"isAdjf":0,"isCombo":0,"isComp":0,"isCountry":0,"isEng":0,"isName":0,"isNominal":1,"isNoun":0,"isNum":0,"isPrtf":0,"isSymbol":0,"isUnknown":0,"isVerb":0,"repeat":0.2,"weight":0.022211370331280227,"weightAll":0.007403738275226532}},"55":{"indexObj":{"classMask":19,"counter":1031.0,"finded":793,"isExisted":true,"letterId":64,"meta":"{}","server":"_buber3_","table":"wordIndex.other","uid":162,"word":"55","wordHash":"b53b3a3d6ab90ce0268229151c9bde11_4774b6224b8e98b96b658092bee32c88c41b1a8c80dcfd7e1fdffc7be59c5f72eae3aecac37b0c7398154489066b0b022240a68daf4432849fabe75768faaf5e","wordId":"64:162"},"morphObj":{"params":{"class":"наим","classMask":19,"info":{},"stack":""},"sentenceIndex":[4],"words":["55"],"wordsIndex":[18]},"rating":20.0,"stats":{"counter":1031.0,"counterAll":1031.0,"isAdjf":0,"isCombo":0,"isComp":0,"isCountry":0,"isEng":0,"isName":0,"isNominal":1,"isNoun":0,"isNum":0,"isPrtf":0,"isSymbol":0,"isUnknown":0,"isVerb":0,"repeat":0.2,"weight":0.005413693336063809,"weightAll":0.0018045518112904384}},"600":{"indexObj":{"classMask":19,"counter":654.0,"finded":541,"isExisted":true,"letterId":67,"meta":"{}","server":"_buber3_","table":"wordIndex.other","uid":331,"word":"600","wordHash":"d490d7b4576290fa60eb31b5fc917ad1_d883576e675cde6bc943c514a5acf1889e2e6899fdca04d64d2f8c09bdbfbd5417b1e02ca360c0d944a7a4c3cb09af69d3ee2c3c3472290e932a09e34bae7768","wordId":"67:331"},"morphObj":{"params":{"class":"наим","classMask":19,"info":{},"stack":""},"sentenceIndex":[0,2],"words":["600","600"],"wordsIndex":[10,21]},"rating":40.0,"stats":{"counter":654.0,"counterAll":1308.0,"isAdjf":0,"isCombo":0,"isComp":0,"isCountry":0,"isEng":0,"isName":0,"isNominal":1,"isNoun":0,"isNum":0,"isPrtf":0,"isSymbol":0,"isUnknown":0,"isVerb":0,"repeat":0.4,"weight":0.003434098391644744,"weightAll":0.0022893828992899064}},"ассоциация":{"indexObj":{"classMask":1,"counter":744.0,"finded":498,"isExisted":true,"letterId":2,"meta":"{}","server":"_buber3_","table":"wordIndex.ru","uid":10216,"word":"ассоциация","wordHash":"76c5baae095008b891b28c3ac101a5fc_70e99dd65f69833acb3509181ea2f058c076ee2d228d3817c9a5707a9fc4a31d408ad3c6d41fca354abdac85fc400002ccc00aaf84ef8fb03143ec726fef19bc","wordId":"2:10216"},"morphObj":{"params":{"class":"с","classMask":1,"info":{"isCapital":false,"isUpper":false},"stack":"((<DictionaryAnalyzer>, u'\\u0430\\u0441\\u0441\\u043e\\u0446\\u0438\\u0430\\u0446\\u0438\\u0438', 40, 1),)"},"sentenceIndex":[6],"words":["ассоциации"],"wordsIndex":[17]},"rating":20.0,"stats":{"counter":744.0,"counterAll":744.0,"isAdjf":0,"isCombo":0,"isComp":0,"isCountry":0,"isEng":0,"isName":0,"isNominal":0,"isNoun":1,"isNum":0,"isPrtf":0,"isSymbol":0,"isUnknown":0,"isVerb":0,"repeat":0.2,"weight":0.003906680739118791,"weightAll":0.0013022177959263687}},"ближний":{"indexObj":{"classMask":2,"counter":1622.0,"finded":1424,"isExisted":true,"letterId":1,"meta":"{}","server":"_buber3_","table":"wordIndex.ru","uid":968,"word":"ближний","wordHash":"f64d2cec3b65e645677bf0d5dbc3622d_0525d8663fbaf5116f0d19aecf682995241eead4aca0528a8c07646460362bc8a1f153e312e76fd6731a3d29ff87a312baecfe6b0ba7420faa2f95027647f631","wordId":"1:968"},"morphObj":{"params":{"class":"п","classMask":2,"info":{"isCapital":false,"isUpper":false},"stack":"((<DictionaryAnalyzer>, u'\\u0431\\u043b\\u0438\\u0436\\u0430\\u0439\\u0448\\u0438\\u0435', 469, 47),)"},"sentenceIndex":[0,3],"words":["ближайшие","ближайшие"],"wordsIndex":[14,4]},"rating":40.0,"stats":{"counter":1622.0,"counterAll":3244.0,"isAdjf":1,"isCombo":0,"isComp":0,"isCountry":0,"isEng":0,"isName":0,"isNominal":0,"isNoun":0,"isNum":0,"isPrtf":0,"isSymbol":0,"isUnknown":0,"isVerb":0,"repeat":0.4,"weight":0.00851698408447672,"weightAll":0.005677949637076801}},"быть":{"indexObj":{"classMask":5,"counter":106921.0,"finded":19713,"isExisted":true,"letterId":1,"meta":"{}","server":"_buber3_","table":"wordIndex.ru","uid":253,"word":"быть","wordHash":"714cdce3286cb2e2d53894204ad7c323_fcf73f0508e9f990293dfa00a5434e590dd4fb647c39ce4b1e7dafff7d73b474f4433574fc482055ab35a432ae9f7c848645cd7b94596a9006f0b64e37f06a17","wordId":"1:253"},"morphObj":{"params":{"class":"г","classMask":5,"info":{"isCapital":false,"isUpper":false},"stack":"((<DictionaryAnalyzer>, u'\\u0431\\u0443\\u0434\\u0435\\u0442', 587, 12),)"},"sentenceIndex":[3],"words":["будет"],"wordsIndex":[1]},"rating":20.0,"stats":{"counter":106921.0,"counterAll":106921.0,"isAdjf":0,"isCombo":0,"isComp":0,"isCountry":0,"isEng":0,"isName":0,"isNominal":0,"isNoun":0,"isNum":0,"isPrtf":0,"isSymbol":0,"isUnknown":0,"isVerb":1,"repeat":0.2,"weight":0.5614330797141401,"weightAll":0.18714304967505815}},"валютный":{"indexObj":{"classMask":2,"counter":140.0,"finded":83,"isExisted":true,"letterId":4,"meta":"{}","server":"_buber3_","table":"wordIndex.ru","uid":20059,"word":"валютный","wordHash":"01973ce5d3ed12e170f14d64a99d48f7_406a244df720f1b373ce158853b60e7d381ccd69e6b9837773193e509f6f555b98ca33e1389ad46df9212778563ede9d08986670de91ad5ba0e456050287599b","wordId":"4:20059"},"morphObj":{"params":{"class":"п","classMask":2,"info":{"isCapital":false,"isUpper":false},"stack":"((<DictionaryAnalyzer>, u'\\u0432\\u0430\\u043b\\u044e\\u0442\\u043d\\u044b\\u0439', 12, 0),)"},"sentenceIndex":[4],"words":["валютный"],"wordsIndex":[5]},"rating":20.0,"stats":{"counter":140.0,"counterAll":140.0,"isAdjf":1,"isCombo":0,"isComp":0,"isCountry":0,"isEng":0,"isName":0,"isNominal":0,"isNoun":0,"isNum":0,"isPrtf":0,"isSymbol":0,"isUnknown":0,"isVerb":0,"repeat":0.2,"weight":0.0007351280960707404,"weightAll":0.00024504098310442423}},"взгляд":{"indexObj":{"classMask":1,"counter":923.0,"finded":658,"isExisted":true,"letterId":4,"meta":"{}","server":"_buber3_","table":"wordIndex.ru","uid":1546,"word":"взгляд","wordHash":"f4e66ad8ecb530bbfbfff1fce1d37c15_07c37beb001e1f6ab41991a2ffb68cb5447b02a5215dd82fc35f3c52c5eab8131a1d68ca482bebc18acb320b3f8626f65bd98ae140f4a413a9b4ceeff73c0680","wordId":"4:1546"},"morphObj":{"params":{"class":"с","classMask":1,"info":{"isCapital":false,"isUpper":false},"stack":"((<DictionaryAnalyzer>, u'\\u0432\\u0437\\u0433\\u043b\\u044f\\u0434', 33, 3),)"},"sentenceIndex":[2],"words":["взгляд"],"wordsIndex":[16]},"rating":20.0,"stats":{"counter":923.0,"counterAll":923.0,"isAdjf":0,"isCombo":0,"isComp":0,"isCountry":0,"isEng":0,"isName":0,"isNominal":0,"isNoun":1,"isNum":0,"isPrtf":0,"isSymbol":0,"isUnknown":0,"isVerb":0,"repeat":0.2,"weight":0.004846594519094952,"weightAll":0.0016155201957527396}},"владимир":{"indexObj":{"classMask":22,"counter":4383.0,"finded":1990,"isExisted":true,"letterId":4,"meta":"{}","server":"_buber3_","table":"wordIndex.ru","uid":2493,"word":"владимир","wordHash":"a93eb2214c6ab5acfb5bce88dd63d616_749a3423f0eb44436ea3ddb9a9c953eb55adf3414b5ef09bc2f992901070a1ffa47bb6f72cec75d37e94d26e45f55de98f70c9ee4a5e9f6fb21088bf9b29c17c","wordId":"4:2493"},"morphObj":{"params":{"class":"имя","classMask":22,"info":{"isCapital":true,"isUpper":false},"stack":"((<DictionaryAnalyzer>, u'\\u0432\\u043b\\u0430\\u0434\\u0438\\u043c\\u0438\\u0440\\u043e\\u043c', 26, 4),)"},"sentenceIndex":[3],"words":["Владимиром"],"wordsIndex":[15]},"rating":120.0,"stats":{"counter":4383.0,"counterAll":4383.0,"isAdjf":0,"isCombo":0,"isComp":0,"isCountry":0,"isEng":0,"isName":1,"isNominal":0,"isNoun":0,"isNum":0,"isPrtf":0,"isSymbol":0,"isUnknown":0,"isVerb":0,"repeat":0.2,"weight":0.023014760321986107,"weightAll":0.007671533063904938}},"вносить":{"indexObj":{"classMask":5,"counter":123.0,"finded":107,"isExisted":true,"letterId":4,"meta":"{}","server":"_buber3_","table":"wordIndex.ru","uid":27175,"word":"вносить","wordHash":"6a397fd0e0a9ea02bcda9ce6603c1a9e_81180b2772a735b94e75a859234bf2e357ed9fcd8ec00d920f220fdeb2b62fc645faedcdf221534426d9fbcb7a67dd319d67d5df75e03a9dce8e897fff38228f","wordId":"4:27175"},"morphObj":{"params":{"class":"г","classMask":5,"info":{"isCapital":false,"isUpper":false},"stack":"((<DictionaryAnalyzer>, u'\\u0432\\u043d\\u043e\\u0441\\u0438\\u0442', 424, 5),)"},"sentenceIndex":[2],"words":["вносит"],"wordsIndex":[3]},"rating":20.0,"stats":{"counter":123.0,"counterAll":123.0,"isAdjf":0,"isCombo":0,"isComp":0,"isCountry":0,"isEng":0,"isName":0,"isNominal":0,"isNoun":0,"isNum":0,"isPrtf":0,"isSymbol":0,"isUnknown":0,"isVerb":1,"repeat":0.2,"weight":0.0006458625415478647,"weightAll":0.00021528600658460127}},"всемирный":{"indexObj":{"classMask":22,"counter":721.0,"finded":460,"isExisted":true,"letterId":4,"meta":"{}","server":"_buber3_","table":"wordIndex.ru","uid":6012,"word":"всемирный","wordHash":"1ca15cc86ec8b6ae575d2bcb237d60a9_d69eda088bf63d1ebbbb17fa33562b6c15e42d253771d61cb6180c5e7f97aac4d49a02fbeb72df0dcf34570b9c51a7ca0359b7a5a2f26875e1e4dd8e45f797b1","wordId":"4:6012"},"morphObj":{"params":{"class":"имя","classMask":22,"info":{"isCapital":true,"isUpper":false},"stack":"((<DictionaryAnalyzer>, u'\\u0432\\u0441\\u0435\\u043c\\u0438\\u0440\\u043d\\u043e\\u0439', 12, 8),)"},"sentenceIndex":[6],"words":["Всемирной"],"wordsIndex":[11]},"rating":120.0,"stats":{"counter":721.0,"counterAll":721.0,"isAdjf":0,"isCombo":0,"isComp":0,"isCountry":0,"isEng":0,"isName":1,"isNominal":0,"isNoun":0,"isNum":0,"isPrtf":0,"isSymbol":0,"isUnknown":0,"isVerb":0,"repeat":0.2,"weight":0.0037859096947643125,"weightAll":0.0012619610629877847}},"встреча":{"indexObj":{"classMask":1,"counter":1714.0,"finded":1119,"isExisted":true,"letterId":4,"meta":"{}","server":"_buber3_","table":"wordIndex.ru","uid":2509,"word":"встреча","wordHash":"04af4c0e36aa513f0acf1af7ebd8dbb7_987ef68ab8486928a798f6ee0e00690005eb040c8d7055877caac90b060ba47c01d9eca006b4b52d6b0d564f298f9a345c3bc0cc28b8c7fa881d106af8453955","wordId":"4:2509"},"morphObj":{"params":{"class":"с","classMask":1,"info":{"isCapital":false,"isUpper":false},"stack":"((<DictionaryAnalyzer>, u'\\u0432\\u0441\\u0442\\u0440\\u0435\\u0447\\u0438', 93, 1),)"},"sentenceIndex":[3],"words":["встречи"],"wordsIndex":[9]},"rating":20.0,"stats":{"counter":1714.0,"counterAll":1714.0,"isAdjf":0,"isCombo":0,"isComp":0,"isCountry":0,"isEng":0,"isName":0,"isNominal":0,"isNoun":1,"isNum":0,"isPrtf":0,"isSymbol":0,"isUnknown":0,"isVerb":0,"repeat":0.2,"weight":0.009000068261894634,"weightAll":0.0030000017502927363}},"выделение":{"indexObj":{"classMask":1,"counter":332.0,"finded":249,"isExisted":true,"letterId":4,"meta":"{}","server":"_buber3_","table":"wordIndex.ru","uid":7583,"word":"выделение","wordHash":"ec004093cb886402c66f3a89e7f9ec8c_9ef7051b3a7b78ab6c0a66052cc30030bb43fc4e0264a7a3ae670baed9febe842f155eff22268575b67ab9305a83a97e4c9e5d12c78b33846fd0a0e71598bf4d","wordId":"4:7583"},"morphObj":{"params":{"class":"с","classMask":1,"info":{"isCapital":false,"isUpper":false},"stack":"((<DictionaryAnalyzer>, u'\\u0432\\u044b\\u0434\\u0435\\u043b\\u0435\\u043d\\u0438\\u044f', 76, 2),)"},"sentenceIndex":[2],"words":["выделения"],"wordsIndex":[20]},"rating":20.0,"stats":{"counter":332.0,"counterAll":332.0,"isAdjf":0,"isCombo":0,"isComp":0,"isCountry":0,"isEng":0,"isName":0,"isNominal":0,"isNoun":1,"isNum":0,"isPrtf":0,"isSymbol":0,"isUnknown":0,"isVerb":0,"repeat":0.2,"weight":0.0017433037706820413,"weightAll":0.0005810971885047775}},"выделить":{"indexObj":{"classMask":6,"counter":155.0,"finded":143,"isExisted":true,"letterId":4,"meta":"{}","server":"_buber3_","table":"wordIndex.ru","uid":21256,"word":"выделить","wordHash":"e8fbedf101ea7dbdb82d69591d18090d_4b993107950e768f52e97c5a6dda7d6942bd9ee54fb989f13903e7f67cdf3c706523ed925d65d63c1dc1ca4b787d66c01016707fec434c0db105a54017714b22","wordId":"4:21256"},"morphObj":{"params":{"class":"инфинитив","classMask":6,"info":{"isCapital":false,"isUpper":false},"stack":"((<DictionaryAnalyzer>, u'\\u0432\\u044b\\u0434\\u0435\\u043b\\u0438\\u0442\\u044c', 617, 0),)"},"sentenceIndex":[0],"words":["выделить"],"wordsIndex":[3]},"rating":20.0,"stats":{"counter":155.0,"counterAll":155.0,"isAdjf":0,"isCombo":0,"isComp":0,"isCountry":0,"isEng":0,"isName":0,"isNominal":0,"isNoun":0,"isNum":0,"isPrtf":0,"isSymbol":0,"isUnknown":0,"isVerb":1,"repeat":0.2,"weight":0.0008138918206497482,"weightAll":0.0002712953741513268}},"выступить":{"indexObj":{"classMask":5,"counter":1390.0,"finded":1063,"isExisted":true,"letterId":4,"meta":"{}","server":"_buber3_","table":"wordIndex.ru","uid":2674,"word":"выступить","wordHash":"4f010b3aaa8b869f910e2d3092d251ee_7abd1a97eb717462bc1545927a5f7aa42e338de925323c9583d3cc0af01754d898ac169adea0a773a5610f9db7cdaeb20c4472ab89f43bfcf586128be115c723","wordId":"4:2674"},"morphObj":{"params":{"class":"г","classMask":5,"info":{"isCapital":false,"isUpper":false},"stack":"((<DictionaryAnalyzer>, u'\\u0432\\u044b\\u0441\\u0442\\u0443\\u043f\\u0438\\u043b', 1093, 1),)"},"sentenceIndex":[5],"words":["выступил"],"wordsIndex":[3]},"rating":20.0,"stats":{"counter":1390.0,"counterAll":1390.0,"isAdjf":0,"isCombo":0,"isComp":0,"isCountry":0,"isEng":0,"isName":0,"isNominal":0,"isNoun":0,"isNum":0,"isPrtf":0,"isSymbol":0,"isUnknown":0,"isVerb":1,"repeat":0.2,"weight":0.007298771810988065,"weightAll":0.0024329069036796405}},"год":{"indexObj":{"classMask":1,"counter":190445.0,"finded":27736,"isExisted":true,"letterId":3,"meta":"{}","server":"_buber3_","table":"wordIndex.ru","uid":41,"word":"год","wordHash":"6270693d76d15c0b806abbb0929ca8a8_74cd8d3b64ee6f979b467bb39ea5e63d26f2645e0d0da7c4b1cc0ef5676678b91f80fb1d385e43bc555371b2b4a6f20c3b13daacb271dc75a41fb88c2102a24a","wordId":"3:41"},"morphObj":{"params":{"class":"с","classMask":1,"info":{"isCapital":false,"isUpper":false},"stack":"((<DictionaryAnalyzer>, u'\\u0433\\u043e\\u0434\\u0430', 1168, 1),)"},"sentenceIndex":[4,7,8],"words":["года","года","года"],"wordsIndex":[3,3,8]},"rating":60.0,"stats":{"counter":190445.0,"counterAll":571335.0,"isAdjf":0,"isCombo":0,"isComp":0,"isCountry":0,"isEng":0,"isName":0,"isNominal":0,"isNoun":1,"isNum":0,"isPrtf":0,"isSymbol":0,"isUnknown":0,"isVerb":0,"repeat":0.6,"weight":1.0000105018299439,"weightAll":1.0000035005854728}},"гройсман":{"indexObj":{"classMask":22,"counter":61.0,"finded":36,"isExisted":true,"letterId":3,"meta":"{}","server":"_buber3_","table":"wordIndex.ru","uid":78892,"word":"гройсман","wordHash":"e1831e678b9cfb0d0dd5e7da6737fe56_5ce15e5338d270cc30057522815c51078ddbf5b458e6cc04f3555fc22b1aaf363ccea430cf86a184934ecf96ea8aaebd945451f3e2c839493a1c0578abfdcad2","wordId":"3:78892"},"morphObj":{"params":{"class":"имя","classMask":22,"info":{"isCapital":true,"isUpper":false},"stack":"((<FakeDictionary>, u'\\u0433\\u0440\\u043e\\u0439\\u0441\\u043c\\u0430\\u043d\\u043e\\u043c', 28, 4), (<KnownSuffixAnalyzer>, u'\\u043c\\u0430\\u043d\\u043e\\u043c'))"},"sentenceIndex":[3],"words":["Гройсманом"],"wordsIndex":[16]},"rating":120.0,"stats":{"counter":61.0,"counterAll":61.0,"isAdjf":0,"isCombo":0,"isComp":0,"isCountry":0,"isEng":0,"isName":1,"isNominal":0,"isNoun":0,"isNum":0,"isPrtf":0,"isSymbol":0,"isUnknown":0,"isVerb":0,"repeat":0.2,"weight":0.0003203058132879654,"weightAll":0.00010676785692407055}},"два":{"indexObj":{"classMask":2,"counter":6394.0,"finded":3106,"isExisted":true,"letterId":6,"meta":"{}","server":"_buber3_","table":"wordIndex.ru","uid":425,"word":"два","wordHash":"c2c854ecd422455e737419840be146aa_e6377211b3197f2710989df0cd249354767d2a504b89a5c79935b6eee43495ab089be6030e4ba91416accd412671895a0848e3d4fdff94af8f65d102585b1b5f","wordId":"6:425"},"morphObj":{"params":{"class":"п","classMask":2,"info":{"isCapital":false,"isUpper":false},"stack":"((<DictionaryAnalyzer>, u'\\u0432\\u0442\\u043e\\u0440\\u043e\\u0439', 1248, 20),)"},"sentenceIndex":[4],"words":["второй"],"wordsIndex":[9]},"rating":20.0,"stats":{"counter":6394.0,"counterAll":6394.0,"isAdjf":1,"isCombo":0,"isComp":0,"isCountry":0,"isEng":0,"isName":0,"isNominal":0,"isNoun":0,"isNum":0,"isPrtf":0,"isSymbol":0,"isUnknown":0,"isVerb":0,"repeat":0.2,"weight":0.033574350330545094,"weightAll":0.011191371756926347}},"действовать":{"indexObj":{"classMask":6,"counter":264.0,"finded":200,"isExisted":true,"letterId":6,"meta":"{}","server":"_buber3_","table":"wordIndex.ru","uid":10588,"word":"действовать","wordHash":"c681deff0eacd2346d46620d837d0226_45e0e2a6280173166d3d1f6bf3184ac18c644528a26f339790dc5b2bc83624680d997b9c362bfec9f1d89e78cc3b72b33ab3ff7ba7b946e0a6155a70be225e4b","wordId":"6:10588"},"morphObj":{"params":{"class":"инфинитив","classMask":6,"info":{"isCapital":false,"isUpper":false},"stack":"((<DictionaryAnalyzer>, u'\\u0434\\u0435\\u0439\\u0441\\u0442\\u0432\\u043e\\u0432\\u0430\\u0442\\u044c', 172, 0),)"},"sentenceIndex":[8],"words":["действовать"],"wordsIndex":[2]},"rating":20.0,"stats":{"counter":264.0,"counterAll":264.0,"isAdjf":0,"isCombo":0,"isComp":0,"isCountry":0,"isEng":0,"isName":0,"isNominal":0,"isNoun":0,"isNum":0,"isPrtf":0,"isSymbol":0,"isUnknown":0,"isVerb":1,"repeat":0.2,"weight":0.001386241552590539,"weightAll":0.00046207728242548564}},"декабрь":{"indexObj":{"classMask":1,"counter":8635.0,"finded":4981,"isExisted":true,"letterId":6,"meta":"{}","server":"_buber3_","table":"wordIndex.ru","uid":2521,"word":"декабрь","wordHash":"51f9efd43e903b2e2019e2b7b5a3a0f6_7f5c1f30280a044a48963be6b3991b7c6facc9bcb13c8601458b9242ad2949a38046de44636d06d80cb8bb6a53a6db56f5d19c061898c26c689b5f7909825d75","wordId":"6:2521"},"morphObj":{"params":{"class":"с","classMask":1,"info":{"isCapital":false,"isUpper":false},"stack":"((<DictionaryAnalyzer>, u'\\u0434\\u0435\\u043a\\u0430\\u0431\\u0440\\u0435', 190, 5),)"},"sentenceIndex":[4],"words":["декабре"],"wordsIndex":[1]},"rating":20.0,"stats":{"counter":8635.0,"counterAll":8635.0,"isAdjf":0,"isCombo":0,"isComp":0,"isCountry":0,"isEng":0,"isName":0,"isNominal":0,"isNoun":1,"isNum":0,"isPrtf":0,"isSymbol":0,"isUnknown":0,"isVerb":0,"repeat":0.2,"weight":0.045341650782648873,"weightAll":0.015113777779333594}},"десятилетний":{"indexObj":{"classMask":2,"counter":52.0,"finded":50,"isExisted":true,"letterId":6,"meta":"{}","server":"_buber3_","table":"wordIndex.ru","uid":18277,"word":"десятилетний","wordHash":"96374024a215685ef8fb0d35da48243e_1fb4523f90284d4bcabb076a225af92b5c0a4fddd9e832a97c432b5f000898da465980fc5bd4c5f7a94db33f1e911ab8b94b7f0e9dfc64d19340e6b9baac4798","wordId":"6:18277"},"morphObj":{"params":{"class":"п","classMask":2,"info":{"isCapital":false,"isUpper":false},"stack":"((<DictionaryAnalyzer>, u'\\u043b\\u0435\\u0442\\u043d\\u0435\\u043c', 382, 6), (<UnknownPrefixAnalyzer>, u'\\u0441\\u044f\\u0442\\u0438'), (<KnownPrefixAnalyzer>, u'\\u0434\\u0435'))"},"sentenceIndex":[7],"words":["десятилетнем"],"wordsIndex":[9]},"rating":20.0,"stats":{"counter":52.0,"counterAll":52.0,"isAdjf":1,"isCombo":0,"isComp":0,"isCountry":0,"isEng":0,"isName":0,"isNominal":0,"isNoun":0,"isNum":0,"isPrtf":0,"isSymbol":0,"isUnknown":0,"isVerb":0,"repeat":0.2,"weight":0.0002730475785405607,"weightAll":9.101522229592899e-05}},"достаточный":{"indexObj":{"classMask":2,"counter":291.0,"finded":267,"isExisted":true,"letterId":6,"meta":"{}","server":"_buber3_","table":"wordIndex.ru","uid":6168,"word":"достаточный","wordHash":"f1f60c10e0fb12614357fdedea0b5952_271a1b778fbf20f3a9bfe1223643939ffd7162766ec99587e0b424111a1b836939cb6714f5869f3887ce86dc5e0d71605b14619bcc004eeb2332f0ae9ec70fc0","wordId":"6:6168"},"morphObj":{"params":{"class":"п","classMask":2,"info":{"isCapital":false,"isUpper":false},"stack":"((<DictionaryAnalyzer>, u'\\u0434\\u043e\\u0441\\u0442\\u0430\\u0442\\u043e\\u0447\\u043d\\u043e\\u0435', 12, 14),)"},"sentenceIndex":[2],"words":["достаточное"],"wordsIndex":[17]},"rating":20.0,"stats":{"counter":291.0,"counterAll":291.0,"isAdjf":1,"isCombo":0,"isComp":0,"isCountry":0,"isEng":0,"isName":0,"isNominal":0,"isNoun":0,"isNum":0,"isPrtf":0,"isSymbol":0,"isUnknown":0,"isVerb":0,"repeat":0.2,"weight":0.001528016256832753,"weightAll":0.0005093351863099103}},"древесина":{"indexObj":{"classMask":1,"counter":240.0,"finded":123,"isExisted":true,"letterId":6,"meta":"{}","server":"_buber3_","table":"wordIndex.ru","uid":12740,"word":"древесина","wordHash":"53702919f2bd8b322f0b501b2d556c8f_56227aa84a2cda8148486048bf6c67c3656629ba4ac3bae922237d19ab7e1c67c8f85d0dd9d8464ac06fccbb2036f0b351f9c202981ab285d01ce4025eebfd3f","wordId":"6:12740"},"morphObj":{"params":{"class":"с","classMask":1,"info":{"isCapital":false,"isUpper":false},"stack":"((<DictionaryAnalyzer>, u'\\u0434\\u0440\\u0435\\u0432\\u0435\\u0441\\u0438\\u043d\\u044b', 55, 1),)"},"sentenceIndex":[7],"words":["древесины"],"wordsIndex":[13]},"rating":20.0,"stats":{"counter":240.0,"counterAll":240.0,"isAdjf":0,"isCombo":0,"isComp":0,"isCountry":0,"isEng":0,"isName":0,"isNominal":0,"isNoun":1,"isNum":0,"isPrtf":0,"isSymbol":0,"isUnknown":0,"isVerb":0,"repeat":0.2,"weight":0.0012602195932641263,"weightAll":0.0004200702567504415}},"евро":{"indexObj":{"classMask":1,"counter":490.0,"finded":299,"isExisted":true,"letterId":5,"meta":"{}","server":"_buber3_","table":"wordIndex.ru","uid":11265,"word":"евро","wordHash":"ad3dbfd56b81168be374086c614177be_101d75596000dc050e98da2bdf69c0eb20214555fbd2b43f2d674da029b095ee65b96a2b3a0698865ed08578c4d6ba957b4abff77b66105fd8fcce630e673917","wordId":"5:11265"},"morphObj":{"params":{"class":"с","classMask":1,"info":{"isCapital":false,"isUpper":false},"stack":"((<DictionaryAnalyzer>, u'\\u0435\\u0432\\u0440\\u043e', 23, 7),)"},"sentenceIndex":[0,4],"words":["евро","евро"],"wordsIndex":[12,21]},"rating":40.0,"stats":{"counter":490.0,"counterAll":980.0,"isAdjf":0,"isCombo":0,"isComp":0,"isCountry":0,"isEng":0,"isName":0,"isNominal":0,"isNoun":1,"isNum":0,"isPrtf":0,"isSymbol":0,"isUnknown":0,"isVerb":0,"repeat":0.4,"weight":0.0025729483362475912,"weightAll":0.0017152868817309696}},"еврокомиссия":{"indexObj":{"classMask":22,"counter":27.0,"finded":21,"isExisted":true,"letterId":5,"meta":"{}","server":"_buber3_","table":"wordIndex.ru","uid":58707,"word":"еврокомиссия","wordHash":"9540e93384a8670126fdd6fd6f25563d_4fc72c05ec204c90463adb9705e5250bb8e61a8552f92e3012d6279a8469a0abaf7b6dfabcd86dedf2884af3231803900688172af69d640d15fe6d9d004bc5c6","wordId":"5:58707"},"morphObj":{"params":{"class":"имя","classMask":22,"info":{"isCapital":true,"isUpper":false},"stack":"((<DictionaryAnalyzer>, u'\\u0435\\u0432\\u0440\\u043e\\u043a\\u043e\\u043c\\u0438\\u0441\\u0441\\u0438\\u0438', 40, 1),)"},"sentenceIndex":[1],"words":["Еврокомиссии"],"wordsIndex":[8]},"rating":120.0,"stats":{"counter":27.0,"counterAll":27.0,"isAdjf":0,"isCombo":0,"isComp":0,"isCountry":0,"isEng":0,"isName":1,"isNominal":0,"isNoun":0,"isNum":0,"isPrtf":0,"isSymbol":0,"isUnknown":0,"isVerb":0,"repeat":0.2,"weight":0.00014177470424221422,"weightAll":4.725790388442467e-05}},"европейский":{"indexObj":{"classMask":22,"counter":1123.0,"finded":503,"isExisted":true,"letterId":5,"meta":"{}","server":"_buber3_","table":"wordIndex.ru","uid":3323,"word":"европейский","wordHash":"cad53b33e9777cac1c7b43bfb45f802c_80fd6337a1494fea3cba3135164440718fe3b679399a076fc8801aa69068166a39e756bdd6f92c99599017e460042a6fe59faf9928652917372cf1e8664ff1b3","wordId":"5:3323"},"morphObj":{"params":{"class":"имя","classMask":22,"info":{"isCapital":true,"isUpper":false},"stack":"((<DictionaryAnalyzer>, u'\\u0435\\u0432\\u0440\\u043e\\u043f\\u0435\\u0439\\u0441\\u043a\\u0438\\u0439', 16, 0),)"},"sentenceIndex":[0,4],"words":["Европейский","Европейского"],"wordsIndex":[0,14]},"rating":140.0,"stats":{"counter":1123.0,"counterAll":2246.0,"isAdjf":0,"isCombo":0,"isComp":0,"isCountry":0,"isEng":0,"isName":1,"isNominal":0,"isNoun":0,"isNum":0,"isPrtf":0,"isSymbol":0,"isUnknown":0,"isVerb":0,"repeat":0.4,"weight":0.005896777513481724,"weightAll":0.003931157486089548}},"евросоюз":{"indexObj":{"classMask":22,"counter":201.0,"finded":137,"isExisted":true,"letterId":5,"meta":"{}","server":"_buber3_","table":"wordIndex.ru","uid":11541,"word":"евросоюз","wordHash":"530fc4dc62708c0aabf7e9127f23212a_badfc9f6ec6ca5871c14407378f3df2088b8b98573cd04eb14494deb7765e09a91b7488050d17c809d3d2ef023b762c520b0df4681ac40e17b88410a57389b14","wordId":"5:11541"},"morphObj":{"params":{"class":"имя","classMask":22,"info":{"isCapital":true,"isUpper":false},"stack":"((<DictionaryAnalyzer>, u'\\u0435\\u0432\\u0440\\u043e\\u0441\\u043e\\u044e\\u0437\\u043e\\u043c', 32, 4),)"},"sentenceIndex":[6],"words":["Евросоюзом"],"wordsIndex":[19]},"rating":120.0,"stats":{"counter":201.0,"counterAll":201.0,"isAdjf":0,"isCombo":0,"isComp":0,"isCountry":0,"isEng":0,"isName":1,"isNominal":0,"isNoun":0,"isNum":0,"isPrtf":0,"isSymbol":0,"isUnknown":0,"isVerb":0,"repeat":0.2,"weight":0.0010554339093587057,"weightAll":0.0003518088400284948}},"ес":{"indexObj":{"classMask":1,"counter":339.0,"finded":161,"isExisted":true,"letterId":5,"meta":"{}","server":"_buber3_","table":"wordIndex.ru","uid":6216,"word":"ес","wordHash":"b0b07eaf7631ba8f0fad5043109586f8_2887c0c885fe8210f6812c4e718cc965d78eb98b6ba0431c9b4d96eb0529b778dcd75affbd58a0aaafff4b7e5473c99fde386e667a4bcbfb435141b47a29991a","wordId":"5:6216"},"morphObj":{"params":{"class":"с","classMask":1,"info":{"isCapital":false,"isUpper":true},"stack":"((<DictionaryAnalyzer>, u'\\u0435\\u0441', 641, 1),)"},"sentenceIndex":[5],"words":["ЕС"],"wordsIndex":[2]},"rating":20.0,"stats":{"counter":339.0,"counterAll":339.0,"isAdjf":0,"isCombo":0,"isComp":0,"isCountry":0,"isEng":0,"isName":0,"isNominal":0,"isNoun":1,"isNum":0,"isPrtf":0,"isSymbol":0,"isUnknown":0,"isVerb":0,"repeat":0.2,"weight":0.0017800601754855783,"weightAll":0.0005933492376599986}},"жан":{"indexObj":{"classMask":22,"counter":891.0,"finded":425,"isExisted":true,"letterId":8,"meta":"{}","server":"_buber3_","table":"wordIndex.ru","uid":3084,"word":"жан","wordHash":"d0c2bb17b624db6c21ef964400a4d62f_d3771e5545efc214ecae38140c4ba1407e5a9a9cc15db437625d3a0272c9d8b84e0c24ed0ce70379718b65b7f581d27119845a90ae0ec9a59f2d7b95fa6375a1","wordId":"8:3084"},"morphObj":{"params":{"class":"имя","classMask":22,"info":{"isCapital":true,"isUpper":false},"stack":"((<DictionaryAnalyzer>, u'\\u0436\\u0430\\u043d', 26, 0),)"},"sentenceIndex":[1],"words":["Жан"],"wordsIndex":[9]},"rating":120.0,"stats":{"counter":891.0,"counterAll":891.0,"isAdjf":0,"isCombo":0,"isComp":0,"isCountry":0,"isEng":0,"isName":1,"isNominal":0,"isNoun":0,"isNum":0,"isPrtf":0,"isSymbol":0,"isUnknown":0,"isVerb":0,"repeat":0.2,"weight":0.004678565239993069,"weightAll":0.0015595108281860142}},"жан-клод":{"indexObj":{"classMask":1222,"counter":31.0,"finded":23,"isExisted":true,"letterId":8,"meta":"{}","server":"_buber3_","table":"wordIndex.ru","uid":61882,"word":"жан-клод","wordHash":"88248a3c10202cc58d556bdabd82c068_b5f26e40492d1a8eb2ddb874f6c7fcdf96f9be3dfe54b14b2d9cf5bbd7fed91c00b2b0cece8f3f4eb0992c66c788fcc539b656221ce8fc975a1f58836f48225a","wordId":"8:61882"},"morphObj":{"params":{"class":"имя","classMask":1222,"info":{"comboClassStats":{"с":2},"isCapital":true,"isCombo":true,"isUpper":false},"stack":"<classByLadder>"},"sentenceIndex":[1],"words":["Жан-Клод"],"wordsIndex":[11]},"rating":120.0,"stats":{"counter":31.0,"counterAll":31.0,"isAdjf":0,"isCombo":1,"isComp":0,"isCountry":0,"isEng":0,"isName":1,"isNominal":0,"isNoun":0,"isNum":0,"isPrtf":0,"isSymbol":0,"isUnknown":0,"isVerb":0,"repeat":0.2,"weight":0.00016277836412994964,"weightAll":5.425907483026536e-05}},"закон":{"indexObj":{"classMask":1,"counter":2203.0,"finded":1216,"isExisted":true,"letterId":7,"meta":"{}","server":"_buber3_","table":"wordIndex.ru","uid":1304,"word":"закон","wordHash":"2ffff83472996c7dd225f679f9ad67aa_4f3fe91aaa8005c0c24566aba7836b480ad92dc81bd34942eef1e46544c72b84f5bc30d8ff175a2e518f6f5ae1c75d7c69613db05250ccbc7de1ad5f27214063","wordId":"7:1304"},"morphObj":{"params":{"class":"с","classMask":1,"info":{"isCapital":false,"isUpper":false},"stack":"((<DictionaryAnalyzer>, u'\\u0437\\u0430\\u043a\\u043e\\u043d', 33, 0),)"},"sentenceIndex":[7],"words":["закон"],"wordsIndex":[7]},"rating":20.0,"stats":{"counter":2203.0,"counterAll":2203.0,"isAdjf":0,"isCombo":0,"isComp":0,"isCountry":0,"isEng":0,"isName":0,"isNominal":0,"isNoun":1,"isNum":0,"isPrtf":0,"isSymbol":0,"isUnknown":0,"isVerb":0,"repeat":0.2,"weight":0.011567765683170292,"weightAll":0.003855894898421761}},"законопроект":{"indexObj":{"classMask":1,"counter":397.0,"finded":205,"isExisted":true,"letterId":7,"meta":"{}","server":"_buber3_","table":"wordIndex.ru","uid":51139,"word":"законопроект","wordHash":"b1604aadf99eb6fa8d73b4dbf8d0e9be_1a867a7a8b69d70dd171c6f11e985d59d7684373ca33cc0bc93e3c34f7c600e170f16c1e76398469c5060620b1b580ec184c8e32a4b6406b1ae76033fc0bce4b","wordId":"7:51139"},"morphObj":{"params":{"class":"с","classMask":1,"info":{"isCapital":false,"isUpper":false},"stack":"((<DictionaryAnalyzer>, u'\\u0437\\u0430\\u043a\\u043e\\u043d\\u043e\\u043f\\u0440\\u043e\\u0435\\u043a\\u0442', 33, 0),)"},"sentenceIndex":[2],"words":["законопроект"],"wordsIndex":[6]},"rating":20.0,"stats":{"counter":397.0,"counterAll":397.0,"isAdjf":0,"isCombo":0,"isComp":0,"isCountry":0,"isEng":0,"isName":0,"isNominal":0,"isNoun":1,"isNum":0,"isPrtf":0,"isSymbol":0,"isUnknown":0,"isVerb":0,"repeat":0.2,"weight":0.002084613243857742,"weightAll":0.0006948662163746887}},"запрет":{"indexObj":{"classMask":1,"counter":579.0,"finded":367,"isExisted":true,"letterId":7,"meta":"{}","server":"_buber3_","table":"wordIndex.ru","uid":4976,"word":"запрет","wordHash":"b88f0bb0d18285cab9bb683d38ab7553_27dc9f6371dc72cf04a6b6a6954d20089530d64a1260269f8d0f3d494c8898e966a26f58143b48523ba519c5dd2c034e31878ea2a2e07fa7519b07ba0a476181","wordId":"7:4976"},"morphObj":{"params":{"class":"с","classMask":1,"info":{"isCapital":false,"isUpper":false},"stack":"((<DictionaryAnalyzer>, u'\\u0437\\u0430\\u043f\\u0440\\u0435\\u0442\\u0430', 33, 1),)"},"sentenceIndex":[5],"words":["запрета"],"wordsIndex":[5]},"rating":20.0,"stats":{"counter":579.0,"counterAll":579.0,"isAdjf":0,"isCombo":0,"isComp":0,"isCountry":0,"isEng":0,"isName":0,"isNominal":0,"isNoun":1,"isNum":0,"isPrtf":0,"isSymbol":0,"isUnknown":0,"isVerb":0,"repeat":0.2,"weight":0.003040279768749705,"weightAll":0.00101341949441044}},"заявить":{"indexObj":{"classMask":5,"counter":2696.0,"finded":1758,"isExisted":true,"letterId":7,"meta":"{}","server":"_buber3_","table":"wordIndex.ru","uid":11104,"word":"заявить","wordHash":"d50ff1b3996109a783644abe34e634b2_134bde8b29d6c37d5ce17d1723a97436dc65c26281ac35a2ab699d689ea8cbc812f740b089f4f638b13f33c9bc8d51884ad6a084307684d9044b09a28e811bd1","wordId":"7:11104"},"morphObj":{"params":{"class":"г","classMask":5,"info":{"isCapital":false,"isUpper":false},"stack":"((<DictionaryAnalyzer>, u'\\u0437\\u0430\\u044f\\u0432\\u0438\\u043b', 647, 1),)"},"sentenceIndex":[1],"words":["заявил"],"wordsIndex":[6]},"rating":20.0,"stats":{"counter":2696.0,"counterAll":2696.0,"isAdjf":0,"isCombo":0,"isComp":0,"isCountry":0,"isEng":0,"isName":0,"isNominal":0,"isNoun":0,"isNum":0,"isPrtf":0,"isSymbol":0,"isUnknown":0,"isVerb":1,"repeat":0.2,"weight":0.014156466764333684,"weightAll":0.004718789217496626}},"заявление":{"indexObj":{"classMask":1,"counter":889.0,"finded":622,"isExisted":true,"letterId":7,"meta":"{}","server":"_buber3_","table":"wordIndex.ru","uid":11017,"word":"заявление","wordHash":"7d4cf353b826222cf874b50e666c965a_5a1a1fa4340234485c60b4c763634f67e7ad00dde298cbbf0c9ec564504f5cde9f5cd28dd052fab74f71c9bbc6beddaa2c5f7f8077469b21463c26238c47cf30","wordId":"7:11017"},"morphObj":{"params":{"class":"с","classMask":1,"info":{"isCapital":false,"isUpper":false},"stack":"((<DictionaryAnalyzer>, u'\\u0437\\u0430\\u044f\\u0432\\u043b\\u0435\\u043d\\u0438\\u0438', 76, 10),)"},"sentenceIndex":[6],"words":["заявлении"],"wordsIndex":[1]},"rating":20.0,"stats":{"counter":889.0,"counterAll":889.0,"isAdjf":0,"isCombo":0,"isComp":0,"isCountry":0,"isEng":0,"isName":0,"isNominal":0,"isNoun":1,"isNum":0,"isPrtf":0,"isSymbol":0,"isUnknown":0,"isVerb":0,"repeat":0.2,"weight":0.004668063410049201,"weightAll":0.0015560102427130938}},"июль":{"indexObj":{"classMask":1,"counter":8015.0,"finded":4361,"isExisted":true,"letterId":10,"meta":"{}","server":"_buber3_","table":"wordIndex.ru","uid":1181,"word":"июль","wordHash":"5ef18b8f30775dad5309447109d5dec6_ad4a790627f6471fb602763146ba2f9f22d2d6c9055afb60ad94fd779a35e399b94f0e14923731dd29563cea27a59c26607c6434a5d245a791fceb6ba0091136","wordId":"10:1181"},"morphObj":{"params":{"class":"с","classMask":1,"info":{"isCapital":false,"isUpper":false},"stack":"((<DictionaryAnalyzer>, u'\\u0438\\u044e\\u043b\\u0435', 91, 5),)"},"sentenceIndex":[7],"words":["июле"],"wordsIndex":[1]},"rating":20.0,"stats":{"counter":8015.0,"counterAll":8015.0,"isAdjf":0,"isCombo":0,"isComp":0,"isCountry":0,"isEng":0,"isName":0,"isNominal":0,"isNoun":1,"isNum":0,"isPrtf":0,"isSymbol":0,"isUnknown":0,"isVerb":0,"repeat":0.2,"weight":0.04208608350004989,"weightAll":0.014028596282728286}},"клод":{"indexObj":{"classMask":22,"counter":114.0,"finded":66,"isExisted":true,"letterId":12,"meta":"{}","server":"_buber3_","table":"wordIndex.ru","uid":20723,"word":"клод","wordHash":"afe29fec414f5358d73a9fff74f2db8e_4c01c1b4c02a011624a930046394e072994900b6d9e16c860d8ebc702215ef39b9a35206e9a3609bb3a2cf3ade0fe4db4c6f869100119615c89bf460f423516b","wordId":"12:20723"},"morphObj":{"params":{"class":"имя","classMask":22,"info":{"isCapital":true,"isUpper":false},"stack":"((<FakeDictionary>, u'\\u043a\\u043b\\u043e\\u0434', 26, 0), (<KnownSuffixAnalyzer>, u'\\u043a\\u043b\\u043e\\u0434'))"},"sentenceIndex":[1],"words":["Клод"],"wordsIndex":[10]},"rating":120.0,"stats":{"counter":114.0,"counterAll":114.0,"isAdjf":0,"isCombo":0,"isComp":0,"isCountry":0,"isEng":0,"isName":1,"isNominal":0,"isNoun":0,"isNum":0,"isPrtf":0,"isSymbol":0,"isUnknown":0,"isVerb":0,"repeat":0.2,"weight":0.00059860430680046,"weightAll":0.00019953337195645972}},"кругляк":{"indexObj":{"classMask":1,"counter":3.0,"finded":3,"isExisted":true,"letterId":12,"meta":"{}","server":"_buber3_","table":"wordIndex.ru","uid":348556,"word":"кругляк","wordHash":"cadb1b4b13fcda8ad6470712d73d2c45_2cc3de07a58ed4278844377d69a59b0ac6ba4e53cd8a6a7e4fbd0840edd4475c899f24a40572a610716450e27e2ba967174b9484be8d03eba47c258d030abffc","wordId":"12:348556"},"morphObj":{"params":{"class":"с","classMask":1,"info":{"isCapital":false,"isUpper":false},"stack":"((<DictionaryAnalyzer>, u'\\u043a\\u0440\\u0443\\u0433\\u043b\\u044f\\u043a\\u0430', 19, 1),)"},"sentenceIndex":[5],"words":["кругляка"],"wordsIndex":[10]},"rating":20.0,"stats":{"counter":3.0,"counterAll":3.0,"isAdjf":0,"isCombo":0,"isComp":0,"isCountry":0,"isEng":0,"isName":0,"isNominal":0,"isNoun":1,"isNum":0,"isPrtf":0,"isSymbol":0,"isUnknown":0,"isVerb":0,"repeat":0.2,"weight":1.575274491580158e-05,"weightAll":5.2508782093805186e-06}},"кругляк-леса":{"indexObj":{"classMask":1201,"counter":2.0,"finded":2,"isExisted":true,"letterId":12,"meta":"{}","server":"_buber3_","table":"wordIndex.ru","uid":348557,"word":"кругляк-леса","wordHash":"efb011997d9823dc92ecb1eed7d88a57_65eac046f0ce945be4366f9fde634ae2d3f58f9ab2dada19d0d2b71ddc368ef2d7739fe6a596b8e529458a196a565a41a409709b7035eb87043b509aabb167fc","wordId":"12:348557"},"morphObj":{"params":{"class":"с","classMask":1201,"info":{"comboClassStats":{"с":2},"isCapital":false,"isCombo":true,"isUpper":false},"stack":"<classByLadder>"},"sentenceIndex":[5],"words":["леса-кругляка"],"wordsIndex":[11]},"rating":20.0,"stats":{"counter":2.0,"counterAll":2.0,"isAdjf":0,"isCombo":1,"isComp":0,"isCountry":0,"isEng":0,"isName":0,"isNominal":0,"isNoun":1,"isNum":0,"isPrtf":0,"isSymbol":0,"isUnknown":0,"isVerb":0,"repeat":0.2,"weight":1.0501829943867718e-05,"weightAll":3.500585472920346e-06}},"леса":{"indexObj":{"classMask":1,"counter":1193.0,"finded":775,"isExisted":true,"letterId":11,"meta":"{}","server":"_buber3_","table":"wordIndex.ru","uid":5717,"word":"леса","wordHash":"4999e0d5db8644fd408715c9cdfba0ef_5d82dd24ba564a284a74ab647e9ed7bb4d17fbdbe530372b476816fa30112512ae8d42b982a197c113df05bdb6f097aeae95c14676690acd8e7e581711e272c9","wordId":"11:5717"},"morphObj":{"params":{"class":"с","classMask":1,"info":{"isCapital":false,"isUpper":false},"stack":"((<DictionaryAnalyzer>, u'\\u043b\\u0435\\u0441\\u0430', 55, 0),)"},"sentenceIndex":[2,5],"words":["леса","леса"],"wordsIndex":[12,9]},"rating":40.0,"stats":{"counter":1193.0,"counterAll":2386.0,"isAdjf":0,"isCombo":0,"isComp":0,"isCountry":0,"isEng":0,"isName":0,"isNominal":0,"isNoun":1,"isNum":0,"isPrtf":0,"isSymbol":0,"isUnknown":0,"isVerb":0,"repeat":0.4,"weight":0.006264341561517095,"weightAll":0.004176198469193973}},"международный":{"indexObj":{"classMask":22,"counter":3063.0,"finded":1119,"isExisted":true,"letterId":14,"meta":"{}","server":"_buber3_","table":"wordIndex.ru","uid":1442,"word":"международный","wordHash":"65fe0fb37a0691bed2077633bd689b84_d7327ac1125de1c0a3dff5fd638cc0b4b785cd19f5ddbd8d704113c814baa25df35e7c65b8d16ae8f3ac90b8339a305d27b68d2729a9a1fe665b8eb3a5063c3c","wordId":"14:1442"},"morphObj":{"params":{"class":"имя","classMask":22,"info":{"isCapital":true,"isUpper":false},"stack":"((<DictionaryAnalyzer>, u'\\u043c\\u0435\\u0436\\u0434\\u0443\\u043d\\u0430\\u0440\\u043e\\u0434\\u043d\\u044b\\u0439', 34, 0),)"},"sentenceIndex":[4,6],"words":["Международный","международным"],"wordsIndex":[4,6]},"rating":140.0,"stats":{"counter":3063.0,"counterAll":6126.0,"isAdjf":0,"isCombo":0,"isComp":0,"isCountry":0,"isEng":0,"isName":1,"isNominal":0,"isNoun":0,"isNum":0,"isPrtf":0,"isSymbol":0,"isUnknown":0,"isVerb":0,"repeat":0.4,"weight":0.01608355255903341,"weightAll":0.010722293303555019}},"миллион":{"indexObj":{"classMask":1,"counter":4220.0,"finded":1864,"isExisted":true,"letterId":14,"meta":"{}","server":"_buber3_","table":"wordIndex.ru","uid":1300,"word":"миллион","wordHash":"8d2e0686b2f381e231218ec61354c874_b2127823219c27614a101e6ab534b1453a2b9582657209595882d4c336fa1f8311c12ff168f65310ebaae77e69920bc2b7540120966313ffc20b159354c980b9","wordId":"14:1300"},"morphObj":{"params":{"class":"с","classMask":1,"info":{"isCapital":false,"isUpper":false},"stack":"((<DictionaryAnalyzer>, u'\\u043c\\u0438\\u043b\\u043b\\u0438\\u043e\\u043d\\u043e\\u0432', 1949, 7),)"},"sentenceIndex":[0,2,4],"words":["миллионов","миллионов","миллиона"],"wordsIndex":[11,22,20]},"rating":60.0,"stats":{"counter":4220.0,"counterAll":12660.0,"isAdjf":0,"isCombo":0,"isComp":0,"isCountry":0,"isEng":0,"isName":0,"isNominal":0,"isNoun":1,"isNum":0,"isPrtf":0,"isSymbol":0,"isUnknown":0,"isVerb":0,"repeat":0.6,"weight":0.022158861181560886,"weightAll":0.022158706043585788}},"министр":{"indexObj":{"classMask":1,"counter":3379.0,"finded":1509,"isExisted":true,"letterId":14,"meta":"{}","server":"_buber3_","table":"wordIndex.ru","uid":3937,"word":"министр","wordHash":"e4e1a3d9ce73e5a634350fef75766577_7347c8d4e3a90d88c646b411d77c47aadec752cc8523c36bba66bcff69b13fa9b0ee074e58a3ed372647ec2f2b82651d48beb8ea9a02fbcc93998776809dfac8","wordId":"14:3937"},"morphObj":{"params":{"class":"с","classMask":1,"info":{"isCapital":false,"isUpper":false},"stack":"((<DictionaryAnalyzer>, u'\\u043c\\u0438\\u043d\\u0438\\u0441\\u0442\\u0440\\u043e\\u043c', 52, 4),)"},"sentenceIndex":[3],"words":["министром"],"wordsIndex":[12]},"rating":20.0,"stats":{"counter":3379.0,"counterAll":3379.0,"isAdjf":0,"isCombo":0,"isComp":0,"isCountry":0,"isEng":0,"isName":0,"isNominal":0,"isNoun":1,"isNum":0,"isPrtf":0,"isSymbol":0,"isUnknown":0,"isVerb":0,"repeat":0.2,"weight":0.01774284169016451,"weightAll":0.005914239156498924}},"министр-премьер":{"indexObj":{"classMask":1201,"counter":650.0,"finded":408,"isExisted":true,"letterId":14,"meta":"{}","server":"_buber3_","table":"wordIndex.ru","uid":15564,"word":"министр-премьер","wordHash":"8754bab7382681c199eb61cfe47aa323_f52c5fc95fb0a0d5591be02812cee98adbbf044e05a9cd663b77e3dd528c42c43f0b7127702458382e3b1775f5b8ca534b38b4fbf8e6fbb6170b2a2599dca4b4","wordId":"14:15564"},"morphObj":{"params":{"class":"с","classMask":1201,"info":{"comboClassStats":{"с":2},"isCapital":false,"isCombo":true,"isUpper":false},"stack":"<classByLadder>"},"sentenceIndex":[3],"words":["премьер-министром"],"wordsIndex":[13]},"rating":20.0,"stats":{"counter":650.0,"counterAll":650.0,"isAdjf":0,"isCombo":1,"isComp":0,"isCountry":0,"isEng":0,"isName":0,"isNominal":0,"isNoun":1,"isNum":0,"isPrtf":0,"isSymbol":0,"isUnknown":0,"isVerb":0,"repeat":0.2,"weight":0.0034130947317570085,"weightAll":0.0011376902786991124}},"мой":{"indexObj":{"classMask":2,"counter":949.0,"finded":609,"isExisted":true,"letterId":14,"meta":"{}","server":"_buber3_","table":"wordIndex.ru","uid":1646,"word":"мой","wordHash":"ef33ee04aee46c7ecfbfde51ced0b4fb_8dcbd0f6f9c28acf21fac372089c42d9efd6bcfadbd640c3331ca7352185f851ef9004c28da7251384267358670878c6534b6fcf5494a0140f86878f13b90096","wordId":"14:1646"},"morphObj":{"params":{"class":"п","classMask":2,"info":{"isCapital":false,"isUpper":false},"stack":"((<DictionaryAnalyzer>, u'\\u043c\\u043e\\u0439', 1967, 0),)"},"sentenceIndex":[2],"words":["мой"],"wordsIndex":[15]},"rating":20.0,"stats":{"counter":949.0,"counterAll":949.0,"isAdjf":1,"isCombo":0,"isComp":0,"isCountry":0,"isEng":0,"isName":0,"isNominal":0,"isNoun":0,"isNum":0,"isPrtf":0,"isSymbol":0,"isUnknown":0,"isVerb":0,"repeat":0.2,"weight":0.004983118308365233,"weightAll":0.001661027806900704}},"мораторий":{"indexObj":{"classMask":1,"counter":29.0,"finded":21,"isExisted":true,"letterId":14,"meta":"{}","server":"_buber3_","table":"wordIndex.ru","uid":10300,"word":"мораторий","wordHash":"30a565452fd685df7811066bc9358bc5_d147b9630bf6d6c163ce6345ab8b9b9beb320416e60b7c9fd8f2de4691ad011ae41cf2c516d4357580790e514e483df7c02cc7cc1390c813e62fccc46749056d","wordId":"14:10300"},"morphObj":{"params":{"class":"с","classMask":1,"info":{"isCapital":false,"isUpper":false},"stack":"((<DictionaryAnalyzer>, u'\\u043c\\u043e\\u0440\\u0430\\u0442\\u043e\\u0440\\u0438\\u044f', 81, 1),)"},"sentenceIndex":[2,7],"words":["моратория","моратории"],"wordsIndex":[9,10]},"rating":40.0,"stats":{"counter":29.0,"counterAll":58.0,"isAdjf":0,"isCombo":0,"isComp":0,"isCountry":0,"isEng":0,"isName":0,"isNominal":0,"isNoun":1,"isNum":0,"isPrtf":0,"isSymbol":0,"isUnknown":0,"isVerb":0,"repeat":0.4,"weight":0.00015227653418608191,"weightAll":0.00010151697871469003}},"начать":{"indexObj":{"classMask":5,"counter":6191.0,"finded":4175,"isExisted":true,"letterId":13,"meta":"{}","server":"_buber3_","table":"wordIndex.ru","uid":801,"word":"начать","wordHash":"a98782fca5acb9c5c790fddba707c83e_a0bb74a587a78edf13d881f8b4b7a02a2a323b5e4c9702fedec29d05291a0ed7d4e40e0f60430a9f077de9206ecfd24f440ecbe0c7710a4e1fcf447ab76fdf01","wordId":"13:801"},"morphObj":{"params":{"class":"г","classMask":5,"info":{"isCapital":false,"isUpper":false},"stack":"((<DictionaryAnalyzer>, u'\\u043d\\u0430\\u0447\\u0430\\u043b', 1302, 1),)"},"sentenceIndex":[8],"words":["начал"],"wordsIndex":[1]},"rating":20.0,"stats":{"counter":6191.0,"counterAll":6191.0,"isAdjf":0,"isCombo":0,"isComp":0,"isCountry":0,"isEng":0,"isName":0,"isNominal":0,"isNoun":0,"isNum":0,"isPrtf":0,"isSymbol":0,"isUnknown":0,"isVerb":1,"repeat":0.2,"weight":0.032508414591242527,"weightAll":0.010836062331424931}},"неделя":{"indexObj":{"classMask":1,"counter":1636.0,"finded":1180,"isExisted":true,"letterId":13,"meta":"{}","server":"_buber3_","table":"wordIndex.ru","uid":388,"word":"неделя","wordHash":"d26da6b14cbda6ef4b25f05cddab3dbb_5edd2a6d145f741a7d982ef66073a1cd8eeba618e206486aa7b646e886529c7c5b46ecf27e08e46937f470174a10ae4099b7aa652a3f2eb262953dcda12719af","wordId":"13:388"},"morphObj":{"params":{"class":"с","classMask":1,"info":{"isCapital":false,"isUpper":false},"stack":"((<DictionaryAnalyzer>, u'\\u043d\\u0435\\u0434\\u0435\\u043b\\u0438', 335, 1),)"},"sentenceIndex":[0,3],"words":["недели","недели"],"wordsIndex":[15,5]},"rating":40.0,"stats":{"counter":1636.0,"counterAll":3272.0,"isAdjf":0,"isCombo":0,"isComp":0,"isCountry":0,"isEng":0,"isName":0,"isNominal":0,"isNoun":1,"isNum":0,"isPrtf":0,"isSymbol":0,"isUnknown":0,"isVerb":0,"repeat":0.4,"weight":0.008590496894083794,"weightAll":0.005726957833697686}},"новость":{"indexObj":{"classMask":22,"counter":535.0,"finded":457,"isExisted":true,"letterId":13,"meta":"{}","server":"_buber3_","table":"wordIndex.ru","uid":2347,"word":"новость","wordHash":"47a859411d262369db0f72292ab910c5_fca4db5b034288b265ef659b4919aa0d241b5e5c0c3246f8596454a649049a5def80ce37f3a31a0e2173fa8c5550bbe28f7a61f18ca9f90a163ffddbd601263d","wordId":"13:2347"},"morphObj":{"params":{"class":"имя","classMask":22,"info":{"isCapital":true,"isUpper":false},"stack":"((<DictionaryAnalyzer>, u'\\u043d\\u043e\\u0432\\u043e\\u0441\\u0442\\u0438', 13, 1),)"},"sentenceIndex":[1],"words":["Новости"],"wordsIndex":[15]},"rating":120.0,"stats":{"counter":535.0,"counterAll":535.0,"isAdjf":0,"isCombo":0,"isComp":0,"isCountry":0,"isEng":0,"isName":1,"isNominal":0,"isNoun":0,"isNum":0,"isPrtf":0,"isSymbol":0,"isUnknown":0,"isVerb":0,"repeat":0.2,"weight":0.0028092395099846147,"weightAll":0.0009364066140061925}},"ноябрь":{"indexObj":{"classMask":1,"counter":7515.0,"finded":4274,"isExisted":true,"letterId":13,"meta":"{}","server":"_buber3_","table":"wordIndex.ru","uid":2626,"word":"ноябрь","wordHash":"343983ddeadd446a1dd0355cc0c414a6_a1e37781506c3a76849a83de90683166fbbd32c1692ebf1085779a18e500988954cdd44a55a13741dca73f4fc06c40456d322e0ea601518a6a3fa37d0f410129","wordId":"13:2626"},"morphObj":{"params":{"class":"с","classMask":1,"info":{"isCapital":false,"isUpper":false},"stack":"((<DictionaryAnalyzer>, u'\\u043d\\u043e\\u044f\\u0431\\u0440\\u044f', 190, 1),)"},"sentenceIndex":[8],"words":["ноября"],"wordsIndex":[5]},"rating":20.0,"stats":{"counter":7515.0,"counterAll":7515.0,"isAdjf":0,"isCombo":0,"isComp":0,"isCountry":0,"isEng":0,"isName":0,"isNominal":0,"isNoun":1,"isNum":0,"isPrtf":0,"isSymbol":0,"isUnknown":0,"isVerb":0,"repeat":0.2,"weight":0.039460626014082956,"weightAll":0.0131534499144982}},"обязательство":{"indexObj":{"classMask":1,"counter":345.0,"finded":242,"isExisted":true,"letterId":16,"meta":"{}","server":"_buber3_","table":"wordIndex.ru","uid":6136,"word":"обязательство","wordHash":"14e699123cb299f22a00c06042c22d09_0892fb4ad99750902cb25aaa0c143dc216fca5c6f9ddcb74e30a1c43305bb0982b860db0526120f6cb9a4cd6c9fc31cae10e38fe2d82561c23cdd985b6dc52cd","wordId":"16:6136"},"morphObj":{"params":{"class":"с","classMask":1,"info":{"isCapital":false,"isUpper":false},"stack":"((<DictionaryAnalyzer>, u'\\u043e\\u0431\\u044f\\u0437\\u0430\\u0442\\u0435\\u043b\\u044c\\u0441\\u0442\\u0432\\u0430\\u043c', 54, 8),)"},"sentenceIndex":[6],"words":["обязательствам"],"wordsIndex":[7]},"rating":20.0,"stats":{"counter":345.0,"counterAll":345.0,"isAdjf":0,"isCombo":0,"isComp":0,"isCountry":0,"isEng":0,"isName":0,"isNominal":0,"isNoun":1,"isNum":0,"isPrtf":0,"isSymbol":0,"isUnknown":0,"isVerb":0,"repeat":0.2,"weight":0.0018115656653171816,"weightAll":0.0006038509940787597}},"организация":{"indexObj":{"classMask":1,"counter":4965.0,"finded":2539,"isExisted":true,"letterId":16,"meta":"{}","server":"_buber3_","table":"wordIndex.ru","uid":3648,"word":"организация","wordHash":"eaa1974013407a4b010da7cb6cd905b7_dd0f126df04fadd13ff676d79c6c8263046b8f75fdc7eeec4a9a72972f869020bebbaae43249d0c746de3c5bb0a544f42fc0c6f1b64961deaf04fe4c65052c3c","wordId":"16:3648"},"morphObj":{"params":{"class":"с","classMask":1,"info":{"isCapital":false,"isUpper":false},"stack":"((<DictionaryAnalyzer>, u'\\u043e\\u0440\\u0433\\u0430\\u043d\\u0438\\u0437\\u0430\\u0446\\u0438\\u0438', 40, 1),)"},"sentenceIndex":[6],"words":["организации"],"wordsIndex":[13]},"rating":20.0,"stats":{"counter":4965.0,"counterAll":4965.0,"isAdjf":0,"isCombo":0,"isComp":0,"isCountry":0,"isEng":0,"isName":0,"isNominal":0,"isNoun":1,"isNum":0,"isPrtf":0,"isSymbol":0,"isUnknown":0,"isVerb":0,"repeat":0.2,"weight":0.026070792835651613,"weightAll":0.00869020343652476}},"отмечаться":{"indexObj":{"classMask":5,"counter":734.0,"finded":607,"isExisted":true,"letterId":16,"meta":"{}","server":"_buber3_","table":"wordIndex.ru","uid":9212,"word":"отмечаться","wordHash":"2da42cfded5da8f2c7dab31fddfc25b8_6dd69defc24cb411da363e8ac3bf9b647ad66e9245fe723839f905bdadcc15d906f307756144de24fa073487ebda383297cfaa4ce2798cb3635de57507a7da54","wordId":"16:9212"},"morphObj":{"params":{"class":"г","classMask":5,"info":{"isCapital":false,"isUpper":false},"stack":"((<DictionaryAnalyzer>, u'\\u043e\\u0442\\u043c\\u0435\\u0447\\u0430\\u0435\\u0442\\u0441\\u044f', 224, 5),)"},"sentenceIndex":[6],"words":["отмечается"],"wordsIndex":[2]},"rating":20.0,"stats":{"counter":734.0,"counterAll":734.0,"isAdjf":0,"isCombo":0,"isComp":0,"isCountry":0,"isEng":0,"isName":0,"isNominal":0,"isNoun":0,"isNum":0,"isPrtf":0,"isSymbol":0,"isUnknown":0,"isVerb":1,"repeat":0.2,"weight":0.003854171589399453,"weightAll":0.001284714868561767}},"парламент":{"indexObj":{"classMask":1,"counter":1057.0,"finded":531,"isExisted":true,"letterId":15,"meta":"{}","server":"_buber3_","table":"wordIndex.ru","uid":6214,"word":"парламент","wordHash":"ae59efd32d3da817f79f9f5612dba351_5f1a5ffc881693457d0463e75dc6ed46a8703c392a4dcd48aa505e09ae23a381de57b80fc82aaf608bef9cc12170c7260d241fd67137742aa7fd9d07189bb195","wordId":"15:6214"},"morphObj":{"params":{"class":"с","classMask":1,"info":{"isCapital":false,"isUpper":false},"stack":"((<DictionaryAnalyzer>, u'\\u043f\\u0430\\u0440\\u043b\\u0430\\u043c\\u0435\\u043d\\u0442', 33, 3),)"},"sentenceIndex":[2],"words":["парламент"],"wordsIndex":[5]},"rating":20.0,"stats":{"counter":1057.0,"counterAll":1057.0,"isAdjf":0,"isCombo":0,"isComp":0,"isCountry":0,"isEng":0,"isName":0,"isNominal":0,"isNoun":1,"isNum":0,"isPrtf":0,"isSymbol":0,"isUnknown":0,"isVerb":0,"repeat":0.2,"weight":0.005550217125334089,"weightAll":0.0018500594224384029}},"перечислить":{"indexObj":{"classMask":5,"counter":31.0,"finded":29,"isExisted":true,"letterId":15,"meta":"{}","server":"_buber3_","table":"wordIndex.ru","uid":35899,"word":"перечислить","wordHash":"71d588df50604833c85f84f24308feb1_87403e936418114232251d5125feb02cb0077f875fe5d9c9204651acdbc5ced4434c7c761d099687d3119a576c692494d0138ebb1c5a6722d56cb85741757cb1","wordId":"15:35899"},"morphObj":{"params":{"class":"г","classMask":5,"info":{"isCapital":false,"isUpper":false},"stack":"((<DictionaryAnalyzer>, u'\\u043f\\u0435\\u0440\\u0435\\u0447\\u0438\\u0441\\u043b\\u0438\\u043b', 617, 1),)"},"sentenceIndex":[4],"words":["перечислил"],"wordsIndex":[7]},"rating":20.0,"stats":{"counter":31.0,"counterAll":31.0,"isAdjf":0,"isCombo":0,"isComp":0,"isCountry":0,"isEng":0,"isName":0,"isNominal":0,"isNoun":0,"isNum":0,"isPrtf":0,"isSymbol":0,"isUnknown":0,"isVerb":1,"repeat":0.2,"weight":0.00016277836412994964,"weightAll":5.425907483026536e-05}},"подписать":{"indexObj":{"classMask":5,"counter":1115.0,"finded":729,"isExisted":true,"letterId":15,"meta":"{}","server":"_buber3_","table":"wordIndex.ru","uid":6431,"word":"подписать","wordHash":"123b12dd13f22fe5b3b5f37993392b8c_fabf8d1aa27b943ed147b7449d339f45e394c9ae8d893fbf663eee309aed1a4cc517bebd64e241ff3d49f4234235906b69c8f19568bb5f9687b2922e8695159b","wordId":"15:6431"},"morphObj":{"params":{"class":"г","classMask":5,"info":{"isCapital":false,"isUpper":false},"stack":"((<DictionaryAnalyzer>, u'\\u043f\\u043e\\u0434\\u043f\\u0438\\u0441\\u0430\\u043b', 916, 1),)"},"sentenceIndex":[7],"words":["подписал"],"wordsIndex":[6]},"rating":20.0,"stats":{"counter":1115.0,"counterAll":1115.0,"isAdjf":0,"isCombo":0,"isComp":0,"isCountry":0,"isEng":0,"isName":0,"isNominal":0,"isNoun":0,"isNum":0,"isPrtf":0,"isSymbol":0,"isUnknown":0,"isVerb":1,"repeat":0.2,"weight":0.005854770193706253,"weightAll":0.001951576401153093}},"помощь":{"indexObj":{"classMask":1,"counter":4805.0,"finded":2701,"isExisted":true,"letterId":15,"meta":"{}","server":"_buber3_","table":"wordIndex.ru","uid":1227,"word":"помощь","wordHash":"07c598e2f76f5319bb4f24d840c54815_52fac0bbb051f947c43f926d58d36a3d5b82e098fbf1a9333d0d80a9b3883f83f26d7de333fce17d94eef767700452bf28737d49db3c1608c01b2eca4519d3be","wordId":"15:1227"},"morphObj":{"params":{"class":"с","classMask":1,"info":{"isCapital":false,"isUpper":false},"stack":"((<DictionaryAnalyzer>, u'\\u043f\\u043e\\u043c\\u043e\\u0449\\u0438', 435, 1),)"},"sentenceIndex":[0,4],"words":["помощи","помощи"],"wordsIndex":[7,12]},"rating":40.0,"stats":{"counter":4805.0,"counterAll":9610.0,"isAdjf":0,"isCombo":0,"isComp":0,"isCountry":0,"isEng":0,"isName":0,"isNominal":0,"isNoun":1,"isNum":0,"isPrtf":0,"isSymbol":0,"isUnknown":0,"isVerb":0,"repeat":0.4,"weight":0.025230646440142196,"weightAll":0.016820313197382263}},"правительство":{"indexObj":{"classMask":1,"counter":3531.0,"finded":1641,"isExisted":true,"letterId":15,"meta":"{}","server":"_buber3_","table":"wordIndex.ru","uid":6899,"word":"правительство","wordHash":"ffc0da99969dd09b45b85c4235197c7f_cbd3041182dce92911f14ca41d97857d0f0425f8da02df302f8c7e7806b5211f6637362162a23b8daf4ae63100b8f40ff45b0bb929f507c02997f61de139bd6e","wordId":"15:6899"},"morphObj":{"params":{"class":"с","classMask":1,"info":{"isCapital":false,"isUpper":false},"stack":"((<DictionaryAnalyzer>, u'\\u043f\\u0440\\u0430\\u0432\\u0438\\u0442\\u0435\\u043b\\u044c\\u0441\\u0442\\u0432\\u043e', 54, 0),)"},"sentenceIndex":[2],"words":["правительство"],"wordsIndex":[2]},"rating":20.0,"stats":{"counter":3531.0,"counterAll":3531.0,"isAdjf":0,"isCombo":0,"isComp":0,"isCountry":0,"isEng":0,"isName":0,"isNominal":0,"isNoun":1,"isNum":0,"isPrtf":0,"isSymbol":0,"isUnknown":0,"isVerb":0,"repeat":0.2,"weight":0.018540980765898458,"weightAll":0.00618028365244087}},"председатель":{"indexObj":{"classMask":1,"counter":2759.0,"finded":1531,"isExisted":true,"letterId":15,"meta":"{}","server":"_buber3_","table":"wordIndex.ru","uid":6279,"word":"председатель","wordHash":"6842020a8c83d9f50559bae47aa32d35_93b4fe4d504ed39fa41fa5c5b70bb41fa4848f154b024015a05c4ce29ad5426d4e1caaa301e98a605e3b76fe2f4b1caca1bbef365bc9ea2d56e8784a7c738877","wordId":"15:6279"},"morphObj":{"params":{"class":"с","classMask":1,"info":{"isCapital":false,"isUpper":false},"stack":"((<DictionaryAnalyzer>, u'\\u043f\\u0440\\u0435\\u0434\\u0441\\u0435\\u0434\\u0430\\u0442\\u0435\\u043b\\u044c', 121, 0),)"},"sentenceIndex":[1],"words":["председатель"],"wordsIndex":[7]},"rating":20.0,"stats":{"counter":2759.0,"counterAll":2759.0,"isAdjf":0,"isCombo":0,"isComp":0,"isCountry":0,"isEng":0,"isName":0,"isNominal":0,"isNoun":1,"isNum":0,"isPrtf":0,"isSymbol":0,"isUnknown":0,"isVerb":0,"repeat":0.2,"weight":0.014487274407565517,"weightAll":0.0048290576598936175}},"президент":{"indexObj":{"classMask":1,"counter":4480.0,"finded":2208,"isExisted":true,"letterId":15,"meta":"{}","server":"_buber3_","table":"wordIndex.ru","uid":1132,"word":"президент","wordHash":"236413bc2e4a415086ae2d13937a94ca_4ac9ac77ec71a942660c47aef0114b0d21cda9529005f88ac31b73a445d6a68eab28ed37a597520025adb9c4cc98ee26f1b3640f2431e43bcc26a89e8d1d9623","wordId":"15:1132"},"morphObj":{"params":{"class":"с","classMask":1,"info":{"isCapital":false,"isUpper":false},"stack":"((<DictionaryAnalyzer>, u'\\u043f\\u0440\\u0435\\u0437\\u0438\\u0434\\u0435\\u043d\\u0442', 52, 0),)"},"sentenceIndex":[7],"words":["президент"],"wordsIndex":[4]},"rating":20.0,"stats":{"counter":4480.0,"counterAll":4480.0,"isAdjf":0,"isCombo":0,"isComp":0,"isCountry":0,"isEng":0,"isName":0,"isNominal":0,"isNoun":1,"isNum":0,"isPrtf":0,"isSymbol":0,"isUnknown":0,"isVerb":0,"repeat":0.2,"weight":0.023524099074263692,"weightAll":0.007841311459341575}},"премьер":{"indexObj":{"classMask":1,"counter":1183.0,"finded":688,"isExisted":true,"letterId":15,"meta":"{}","server":"_buber3_","table":"wordIndex.ru","uid":15510,"word":"премьер","wordHash":"f036c33715ee71d1d1b8f88497c4700f_f9b66b6331fdcc79fa4f92a2ddc666a20b01a383d5e0195f4e67c7d469b02f53e3bd902fe897dc81ad7fbfdf9d5cfb8a0b0843b53aacb52f3fe4fbcdca98bc69","wordId":"15:15510"},"morphObj":{"params":{"class":"с","classMask":1,"info":{"isCapital":false,"isUpper":false},"stack":"((<DictionaryAnalyzer>, u'\\u043f\\u0440\\u0435\\u043c\\u044c\\u0435\\u0440', 52, 0),)"},"sentenceIndex":[3],"words":["премьер"],"wordsIndex":[11]},"rating":20.0,"stats":{"counter":1183.0,"counterAll":1183.0,"isAdjf":0,"isCombo":0,"isComp":0,"isCountry":0,"isEng":0,"isName":0,"isNominal":0,"isNoun":1,"isNum":0,"isPrtf":0,"isSymbol":0,"isUnknown":0,"isVerb":0,"repeat":0.2,"weight":0.006211832411797756,"weightAll":0.0020705963072323846}},"противоречить":{"indexObj":{"classMask":5,"counter":128.0,"finded":116,"isExisted":true,"letterId":15,"meta":"{}","server":"_buber3_","table":"wordIndex.ru","uid":7730,"word":"противоречить","wordHash":"73c1c5b3b296ba0cae4ef931d79bf923_38ec18b8fa802494093729901958bd10aa254645bdaa1d66795999754bfd99fe7e8591494ea7500512216f75b25742ca3e32a817962f51b490221c43418ae842","wordId":"15:7730"},"morphObj":{"params":{"class":"г","classMask":5,"info":{"isCapital":false,"isUpper":false},"stack":"((<DictionaryAnalyzer>, u'\\u043f\\u0440\\u043e\\u0442\\u0438\\u0432\\u043e\\u0440\\u0435\\u0447\\u0438\\u0442', 353, 5),)"},"sentenceIndex":[6],"words":["противоречит"],"wordsIndex":[5]},"rating":20.0,"stats":{"counter":128.0,"counterAll":128.0,"isAdjf":0,"isCombo":0,"isComp":0,"isCountry":0,"isEng":0,"isName":0,"isNominal":0,"isNoun":0,"isNum":0,"isPrtf":0,"isSymbol":0,"isUnknown":0,"isVerb":1,"repeat":0.2,"weight":0.000672117116407534,"weightAll":0.00022403747026690214}},"пятница":{"indexObj":{"classMask":1,"counter":264.0,"finded":234,"isExisted":true,"letterId":15,"meta":"{}","server":"_buber3_","table":"wordIndex.ru","uid":9330,"word":"пятница","wordHash":"2dcf53791fe998b15eb0351a913fee02_c33b6054c7c1f9ecd7f58a6e782fbfb3ec85167d262eb19b8be53caa147ecc020e012ec1c025f5fc4622229d18ce76eed118efffbb8c0985c6f656cc621aea1b","wordId":"15:9330"},"morphObj":{"params":{"class":"с","classMask":1,"info":{"isCapital":false,"isUpper":false},"stack":"((<DictionaryAnalyzer>, u'\\u043f\\u044f\\u0442\\u043d\\u0438\\u0446\\u0443', 141, 3),)"},"sentenceIndex":[1],"words":["пятницу"],"wordsIndex":[3]},"rating":20.0,"stats":{"counter":264.0,"counterAll":264.0,"isAdjf":0,"isCombo":0,"isComp":0,"isCountry":0,"isEng":0,"isName":0,"isNominal":0,"isNoun":1,"isNum":0,"isPrtf":0,"isSymbol":0,"isUnknown":0,"isVerb":0,"repeat":0.2,"weight":0.001386241552590539,"weightAll":0.00046207728242548564}},"размер":{"indexObj":{"classMask":1,"counter":2736.0,"finded":1648,"isExisted":true,"letterId":18,"meta":"{}","server":"_buber3_","table":"wordIndex.ru","uid":719,"word":"размер","wordHash":"1941737879d635d9ed7edb374e2dd01a_ac2101e72c2cd0ed0609f421cdcc7150cf4a045e926029f1252c66e6dcbd98d4a161b2b865e2406ff7ba1b504f97a05d2d89e15cb0351875098a926f52bbfff4","wordId":"18:719"},"morphObj":{"params":{"class":"с","classMask":1,"info":{"isCapital":false,"isUpper":false},"stack":"((<DictionaryAnalyzer>, u'\\u0440\\u0430\\u0437\\u043c\\u0435\\u0440\\u0435', 33, 5),)"},"sentenceIndex":[0,4],"words":["размере","размере"],"wordsIndex":[9,17]},"rating":40.0,"stats":{"counter":2736.0,"counterAll":5472.0,"isAdjf":0,"isCombo":0,"isComp":0,"isCountry":0,"isEng":0,"isName":0,"isNominal":0,"isNoun":1,"isNum":0,"isPrtf":0,"isSymbol":0,"isUnknown":0,"isVerb":0,"repeat":0.4,"weight":0.01436650336321104,"weightAll":0.009577601853910066}},"рамка":{"indexObj":{"classMask":1,"counter":1959.0,"finded":1444,"isExisted":true,"letterId":18,"meta":"{}","server":"_buber3_","table":"wordIndex.ru","uid":2632,"word":"рамка","wordHash":"ba96836b1ea8f97d0078549d70251d62_4169d337a6ae5da4fb4912003d41a7a425773b1ad6125d65b6d94a1556576418f9762494e84ad7ce888751decfcda17afbe2a024c82def046752366c453e5641","wordId":"18:2632"},"morphObj":{"params":{"class":"с","classMask":1,"info":{"isCapital":false,"isUpper":false},"stack":"((<DictionaryAnalyzer>, u'\\u0440\\u0430\\u043c\\u043a\\u0430\\u0445', 8, 12),)"},"sentenceIndex":[6],"words":["рамках"],"wordsIndex":[10]},"rating":20.0,"stats":{"counter":1959.0,"counterAll":1959.0,"isAdjf":0,"isCombo":0,"isComp":0,"isCountry":0,"isEng":0,"isName":0,"isNominal":0,"isNoun":1,"isNum":0,"isPrtf":0,"isSymbol":0,"isUnknown":0,"isVerb":0,"repeat":0.2,"weight":0.010286542430018432,"weightAll":0.0034288234707254787}},"риа":{"indexObj":{"classMask":1,"counter":466.0,"finded":452,"isExisted":true,"letterId":18,"meta":"{}","server":"_buber3_","table":"wordIndex.ru","uid":47884,"word":"риа","wordHash":"3c5d3e6337be0d8d1616de1ec1e72831_bf4bc923f6e541c25bd90a0be0346bf75a9fe906dc58202b257a41af7042c14e94c05782c395f3f0b51a2a1b2aa0a30f98f5417d78cdb7953a30c75d3d08201c","wordId":"18:47884"},"morphObj":{"params":{"class":"с","classMask":1,"info":{"isCapital":false,"isUpper":true},"stack":"((<DictionaryAnalyzer>, u'\\u0440\\u0438\\u0430', 148, 0),)"},"sentenceIndex":[1],"words":["РИА"],"wordsIndex":[14]},"rating":20.0,"stats":{"counter":466.0,"counterAll":466.0,"isAdjf":0,"isCombo":0,"isComp":0,"isCountry":0,"isEng":0,"isName":0,"isNominal":0,"isNoun":1,"isNum":0,"isPrtf":0,"isSymbol":0,"isUnknown":0,"isVerb":0,"repeat":0.2,"weight":0.0024469263769211786,"weightAll":0.0008156364151904406}},"сделать":{"indexObj":{"classMask":8,"counter":756.0,"finded":534,"isExisted":true,"letterId":17,"meta":"{}","server":"_buber3_","table":"wordIndex.ru","uid":888,"word":"сделать","wordHash":"7107f719256ae5b84d203728f37dd42a_417cd4e53237b73a5611c4665c307477c6d816a7f0b4c999ad7826e944150277722727fd574e99cc7914d799dc17e6eb717bffb4606a0017932714ec4bc0e2e9","wordId":"17:888"},"morphObj":{"params":{"class":"кр_причастие","classMask":8,"info":{"isCapital":false,"isUpper":false},"stack":"((<DictionaryAnalyzer>, u'\\u0441\\u0434\\u0435\\u043b\\u0430\\u043d\\u043e', 614, 73),)"},"sentenceIndex":[3],"words":["сделано"],"wordsIndex":[2]},"rating":20.0,"stats":{"counter":756.0,"counterAll":756.0,"isAdjf":0,"isCombo":0,"isComp":0,"isCountry":0,"isEng":0,"isName":0,"isNominal":0,"isNoun":0,"isNum":0,"isPrtf":1,"isSymbol":0,"isUnknown":0,"isVerb":0,"repeat":0.2,"weight":0.0039696917187819975,"weightAll":0.0013232213087638908}},"сказать":{"indexObj":{"classMask":5,"counter":1650.0,"finded":1113,"isExisted":true,"letterId":17,"meta":"{}","server":"_buber3_","table":"wordIndex.ru","uid":142,"word":"сказать","wordHash":"f047db80a70acf7ecf3e07309058bc55_818caf9d3e90591608660da123ad4f70be3e1ffe0401440e0c70256b34e5ab4c92d12597512664b3b994a3691b54e4b6e4d96917829ac28379adaad2234a5d41","wordId":"17:142"},"morphObj":{"params":{"class":"г","classMask":5,"info":{"isCapital":false,"isUpper":false},"stack":"((<DictionaryAnalyzer>, u'\\u0441\\u043a\\u0430\\u0437\\u0430\\u043b', 638, 1),)"},"sentenceIndex":[3],"words":["сказал"],"wordsIndex":[6]},"rating":20.0,"stats":{"counter":1650.0,"counterAll":1650.0,"isAdjf":0,"isCombo":0,"isComp":0,"isCountry":0,"isEng":0,"isName":0,"isNominal":0,"isNoun":0,"isNum":0,"isPrtf":0,"isSymbol":0,"isUnknown":0,"isVerb":1,"repeat":0.2,"weight":0.008664009703690868,"weightAll":0.0028879830151592855}},"снятие":{"indexObj":{"classMask":1,"counter":226.0,"finded":172,"isExisted":true,"letterId":17,"meta":"{}","server":"_buber3_","table":"wordIndex.ru","uid":11579,"word":"снятие","wordHash":"a8f8dab18caee3ebfa4fd24c298f0e88_72d2716400b62f1a42df85bf6eecc149332b5807b115b4733f8da0fe6b5954c72ab9ac75c8fdc4180b501b8e9000b3fbf68ba2f49f199846d27ec31a57f5a6f3","wordId":"17:11579"},"morphObj":{"params":{"class":"с","classMask":1,"info":{"isCapital":false,"isUpper":false},"stack":"((<DictionaryAnalyzer>, u'\\u0441\\u043d\\u044f\\u0442\\u0438\\u0438', 76, 10),)"},"sentenceIndex":[2],"words":["снятии"],"wordsIndex":[8]},"rating":20.0,"stats":{"counter":226.0,"counterAll":226.0,"isAdjf":0,"isCombo":0,"isComp":0,"isCountry":0,"isEng":0,"isName":0,"isNominal":0,"isNoun":1,"isNum":0,"isPrtf":0,"isSymbol":0,"isUnknown":0,"isVerb":0,"repeat":0.2,"weight":0.0011867067836570523,"weightAll":0.0003955661584399991}},"собираться":{"indexObj":{"classMask":5,"counter":676.0,"finded":572,"isExisted":true,"letterId":17,"meta":"{}","server":"_buber3_","table":"wordIndex.ru","uid":3616,"word":"собираться","wordHash":"084dfa093ec1f9d94d91be9758bbc360_886c45f65e77cc25411db79f5687453f303f029c060359ad1a73a94fff74af45692925b6f1576ec2b0e901eab730cec7b429e3d051dffa60e58aec192476a255","wordId":"17:3616"},"morphObj":{"params":{"class":"г","classMask":5,"info":{"isCapital":false,"isUpper":false},"stack":"((<DictionaryAnalyzer>, u'\\u0441\\u043e\\u0431\\u0438\\u0440\\u0430\\u0435\\u0442\\u0441\\u044f', 224, 5),)"},"sentenceIndex":[0],"words":["собирается"],"wordsIndex":[2]},"rating":20.0,"stats":{"counter":676.0,"counterAll":676.0,"isAdjf":0,"isCombo":0,"isComp":0,"isCountry":0,"isEng":0,"isName":0,"isNominal":0,"isNoun":0,"isNum":0,"isPrtf":0,"isSymbol":0,"isUnknown":0,"isVerb":1,"repeat":0.2,"weight":0.003549618521027289,"weightAll":0.0011831978898470769}},"соглашение":{"indexObj":{"classMask":22,"counter":150.0,"finded":43,"isExisted":true,"letterId":17,"meta":"{}","server":"_buber3_","table":"wordIndex.ru","uid":6067,"word":"соглашение","wordHash":"b360b9a09f05a2853a6614d73e731e99_04911b40afee2adcbe487bc6d00d3f1a4aa8efb31463a055110020d16c41137008e535fa97a6bfafb906a3c79c3892c1810df5adee3fe380feb0fedf35a1ea99","wordId":"17:6067"},"morphObj":{"params":{"class":"имя","classMask":22,"info":{"isCapital":true,"isUpper":false},"stack":"((<DictionaryAnalyzer>, u'\\u0441\\u043e\\u0433\\u043b\\u0430\\u0448\\u0435\\u043d\\u0438\\u044f', 76, 2),)"},"sentenceIndex":[6],"words":["Соглашения"],"wordsIndex":[15]},"rating":120.0,"stats":{"counter":150.0,"counterAll":150.0,"isAdjf":0,"isCombo":0,"isComp":0,"isCountry":0,"isEng":0,"isName":1,"isNominal":0,"isNoun":0,"isNum":0,"isPrtf":0,"isSymbol":0,"isUnknown":0,"isVerb":0,"repeat":0.2,"weight":0.0007876372457900789,"weightAll":0.0002625439104690259}},"сообщать":{"indexObj":{"classMask":5,"counter":1902.0,"finded":1661,"isExisted":true,"letterId":17,"meta":"{}","server":"_buber3_","table":"wordIndex.ru","uid":1954,"word":"сообщать","wordHash":"49044442e835fd02adb8c0061842f160_3568d244b5557ea9339e4a027955ca45bc74a7fe56e13513f1809390a8f28f2099018a78a11c67d281322590295a263ae7f2eb7fd9f02cf60495a9e0f85150a0","wordId":"17:1954"},"morphObj":{"params":{"class":"г","classMask":5,"info":{"isCapital":false,"isUpper":false},"stack":"((<DictionaryAnalyzer>, u'\\u0441\\u043e\\u043e\\u0431\\u0449\\u0430\\u0435\\u0442', 206, 5),)"},"sentenceIndex":[1],"words":["сообщает"],"wordsIndex":[13]},"rating":20.0,"stats":{"counter":1902.0,"counterAll":1902.0,"isAdjf":0,"isCombo":0,"isComp":0,"isCountry":0,"isEng":0,"isName":0,"isNominal":0,"isNoun":0,"isNum":0,"isPrtf":0,"isSymbol":0,"isUnknown":0,"isVerb":1,"repeat":0.2,"weight":0.0099872402766182,"weightAll":0.003329056784747249}},"сосна":{"indexObj":{"classMask":1,"counter":164.0,"finded":113,"isExisted":true,"letterId":17,"meta":"{}","server":"_buber3_","table":"wordIndex.ru","uid":12042,"word":"сосна","wordHash":"b58752e3c3d8182beac10cf0033f7329_943d81faa7964a1795637f33277da7a666847573cfdfb82a320c28a2c408bb21d5842e18f50c9eadf3e758adcaced3681694dea169450967eabf16cb0cb44c6a","wordId":"17:12042"},"morphObj":{"params":{"class":"с","classMask":1,"info":{"isCapital":false,"isUpper":false},"stack":"((<DictionaryAnalyzer>, u'\\u0441\\u043e\\u0441\\u043d\\u044b', 1212, 1),)"},"sentenceIndex":[7],"words":["сосны"],"wordsIndex":[15]},"rating":20.0,"stats":{"counter":164.0,"counterAll":164.0,"isAdjf":0,"isCombo":0,"isComp":0,"isCountry":0,"isEng":0,"isName":0,"isNominal":0,"isNoun":1,"isNum":0,"isPrtf":0,"isSymbol":0,"isUnknown":0,"isVerb":0,"repeat":0.2,"weight":0.000861150055397153,"weightAll":0.00028704800877946834}},"союз":{"indexObj":{"classMask":1,"counter":1398.0,"finded":884,"isExisted":true,"letterId":17,"meta":"{}","server":"_buber3_","table":"wordIndex.ru","uid":4744,"word":"союз","wordHash":"0eb19671051abd2789adef2a22a3492a_8b66e9430dc2eb7fe0fc3b01eab2256c0f1335b7ad10117d5faa1b8f988c3bf0fd92aa0f9fc1a2775b56f72ae1f737d495af56d6aa77f72ee683b63029d98e8a","wordId":"17:4744"},"morphObj":{"params":{"class":"с","classMask":1,"info":{"isCapital":false,"isUpper":false},"stack":"((<DictionaryAnalyzer>, u'\\u0441\\u043e\\u044e\\u0437', 33, 0),)"},"sentenceIndex":[0,4],"words":["союз","союза"],"wordsIndex":[1,15]},"rating":40.0,"stats":{"counter":1398.0,"counterAll":2796.0,"isAdjf":0,"isCombo":0,"isComp":0,"isCountry":0,"isEng":0,"isName":0,"isNominal":0,"isNoun":1,"isNum":0,"isPrtf":0,"isSymbol":0,"isUnknown":0,"isVerb":0,"repeat":0.4,"weight":0.007340779130763536,"weightAll":0.004893818491142643}},"страна":{"indexObj":{"classMask":1,"counter":9653.0,"finded":4552,"isExisted":true,"letterId":17,"meta":"{}","server":"_buber3_","table":"wordIndex.ru","uid":467,"word":"страна","wordHash":"f05e93dd4e1d8473817f56162b155654_7a66ceef0500c748f614578d5426a38067bc253212162224fa04dcd1b31f02327427f9a44bdcb6bb101135f6db28b49444d19c6aa5d3e13d22b6b008be6139b5","wordId":"17:467"},"morphObj":{"params":{"class":"с","classMask":1,"info":{"isCapital":false,"isUpper":false},"stack":"((<DictionaryAnalyzer>, u'\\u0441\\u0442\\u0440\\u0430\\u043d\\u044b', 55, 1),)"},"sentenceIndex":[6],"words":["страны"],"wordsIndex":[8]},"rating":20.0,"stats":{"counter":9653.0,"counterAll":9653.0,"isAdjf":0,"isCombo":0,"isComp":0,"isCountry":0,"isEng":0,"isName":0,"isNominal":0,"isNoun":1,"isNum":0,"isPrtf":0,"isSymbol":0,"isUnknown":0,"isVerb":0,"repeat":0.2,"weight":0.05068708222407754,"weightAll":0.01689557578505005}},"тогда":{"indexObj":{"classMask":11,"counter":2659.0,"finded":1945,"isExisted":true,"letterId":20,"meta":"{}","server":"_buber3_","table":"wordIndex.ru","uid":1222,"word":"тогда","wordHash":"8c01e3a36e21147ae8a4c6d4abdd34df_1736e7c99330cde350281cda4eb1410e8ed587c800f3ed97e287fce82882208ef16877081f6bf2d4966e541ee5305d0eca3cb26f68aebcaad21234061f091729","wordId":"20:1222"},"morphObj":{"params":{"class":"н","classMask":11,"info":{"isCapital":true,"isUpper":false},"stack":"((<DictionaryAnalyzer>, u'\\u0442\\u043e\\u0433\\u0434\\u0430', 1553, 0),)"},"sentenceIndex":[5],"words":["Тогда"],"wordsIndex":[0]},"rating":20.0,"stats":{"counter":2659.0,"counterAll":2659.0,"isAdjf":0,"isCombo":0,"isComp":0,"isCountry":0,"isEng":0,"isName":0,"isNominal":0,"isNoun":0,"isNum":0,"isPrtf":0,"isSymbol":0,"isUnknown":0,"isVerb":0,"repeat":0.2,"weight":0.013962182910372132,"weightAll":0.0046540283862476}},"торговый":{"indexObj":{"classMask":2,"counter":1298.0,"finded":759,"isExisted":true,"letterId":20,"meta":"{}","server":"_buber3_","table":"wordIndex.ru","uid":17175,"word":"торговый","wordHash":"ddddbe97ae88ded742a1f2fdee30b7f0_e93a07084dbccb0877c9220827162754e06f4d76ea14ec75848dc70339c7de24e07fb6bb25cc63ad5356a2a75034e72a666632e551aad9c876d7338f60238153","wordId":"20:17175"},"morphObj":{"params":{"class":"п","classMask":2,"info":{"isCapital":false,"isUpper":false},"stack":"((<DictionaryAnalyzer>, u'\\u0442\\u043e\\u0440\\u0433\\u043e\\u0432\\u043e\\u0439', 94, 8),)"},"sentenceIndex":[6],"words":["торговой"],"wordsIndex":[12]},"rating":20.0,"stats":{"counter":1298.0,"counterAll":1298.0,"isAdjf":1,"isCombo":0,"isComp":0,"isCountry":0,"isEng":0,"isName":0,"isNominal":0,"isNoun":0,"isNum":0,"isPrtf":0,"isSymbol":0,"isUnknown":0,"isVerb":0,"repeat":0.2,"weight":0.006815687633570149,"weightAll":0.0022718799719253046}},"тот":{"indexObj":{"classMask":1122,"counter":28981.0,"finded":11245,"isExisted":true,"letterId":20,"meta":"{}","server":"_buber3_","table":"wordIndex.ru","uid":151,"word":"тот","wordHash":"ddb1ee3516c1f9e308ce6fc9db8af22a_228c07e9a837be03dd65fd08d9bef64c1adb98ccfcff37583c3a09c772d53e55f31a4e52e249cc052ec5d28cb0d091991b0ee9af5d50438d620411f196bde625","wordId":"20:151"},"morphObj":{"params":{"class":"имя","classMask":1122,"info":{"isCapital":false,"isCountry":true,"isUpper":false},"stack":"((<DictionaryAnalyzer>, u'\\u0442\\u043e\\u0433\\u043e', 2900, 14),)"},"sentenceIndex":[8],"words":["того"],"wordsIndex":[6]},"rating":320.0,"stats":{"counter":28981.0,"counterAll":28981.0,"isAdjf":0,"isCombo":0,"isComp":0,"isCountry":1,"isEng":0,"isName":1,"isNominal":0,"isNoun":0,"isNum":0,"isPrtf":0,"isSymbol":0,"isUnknown":0,"isVerb":0,"repeat":0.2,"weight":0.15217676680161518,"weightAll":0.05072523379535227}},"транш":{"indexObj":{"classMask":1,"counter":37.0,"finded":28,"isExisted":true,"letterId":20,"meta":"{}","server":"_buber3_","table":"wordIndex.ru","uid":27464,"word":"транш","wordHash":"0b09f1abe53b8e7d7fcc09db83b185da_40dcb7cdf603e23c910b9945bb72b1bab54d6256511be6ab0cb5d0f97f288a34983a7301010ec57c882233e5836f6eb8193699f611449bf05ec4618d18b1d149","wordId":"20:27464"},"morphObj":{"params":{"class":"с","classMask":1,"info":{"isCapital":false,"isUpper":false},"stack":"((<DictionaryAnalyzer>, u'\\u0442\\u0440\\u0430\\u043d\\u0448', 79, 3),)"},"sentenceIndex":[0,4],"words":["транш","транш"],"wordsIndex":[5,10]},"rating":40.0,"stats":{"counter":37.0,"counterAll":74.0,"isAdjf":0,"isCombo":0,"isComp":0,"isCountry":0,"isEng":0,"isName":0,"isNominal":0,"isNoun":1,"isNum":0,"isPrtf":0,"isSymbol":0,"isUnknown":0,"isVerb":0,"repeat":0.4,"weight":0.0001942838539615528,"weightAll":0.0001295216624980528}},"украина":{"indexObj":{"classMask":1122,"counter":7088.0,"finded":2652,"isExisted":true,"letterId":19,"meta":"{}","server":"_buber3_","table":"wordIndex.ru","uid":1318,"word":"украина","wordHash":"0ef31c9971c2303d0357dbb79a93a67b_b2786f047b29591bf25419916c01428b821bfe21f1cff1facb6e1a659c3c1522bc15d26370b67be5ef48c8621c949113017e3503097cb063ef10ea045de62273","wordId":"19:1318"},"morphObj":{"params":{"class":"имя","classMask":1122,"info":{"isCapital":true,"isCountry":true,"isUpper":false},"stack":"((<DictionaryAnalyzer>, u'\\u0443\\u043a\\u0440\\u0430\\u0438\\u043d\\u0435', 35, 6),)"},"sentenceIndex":[0,3,4,6,7],"words":["Украине","Украины","Украине","Украиной","Украины"],"wordsIndex":[4,14,8,21,5]},"rating":400.0,"stats":{"counter":7088.0,"counterAll":35440.0,"isAdjf":0,"isCombo":0,"isComp":0,"isCountry":1,"isEng":0,"isName":1,"isNominal":0,"isNoun":0,"isNum":0,"isPrtf":0,"isSymbol":0,"isUnknown":0,"isVerb":0,"repeat":1.0,"weight":0.037218485321067196,"weightAll":0.06203037458014853}},"украинский":{"indexObj":{"classMask":2,"counter":1518.0,"finded":827,"isExisted":true,"letterId":19,"meta":"{}","server":"_buber3_","table":"wordIndex.ru","uid":1315,"word":"украинский","wordHash":"f66ca0b7eecb584afb186ef610561dad_c9003eaa91fa8ac110cd882691c9c1a013c87b3c8dea2421b7644ddd2b9e6ff1bfa5865ed5ea46845362f88bf76b1643b8e3b819058152bb65232d746a3ab4a5","wordId":"19:1315"},"morphObj":{"params":{"class":"п","classMask":2,"info":{"isCapital":false,"isUpper":false},"stack":"((<DictionaryAnalyzer>, u'\\u0443\\u043a\\u0440\\u0430\\u0438\\u043d\\u0441\\u043a\\u043e\\u0435', 228, 14),)"},"sentenceIndex":[2,5],"words":["украинское","украинского"],"wordsIndex":[1,8]},"rating":40.0,"stats":{"counter":1518.0,"counterAll":3036.0,"isAdjf":1,"isCombo":0,"isComp":0,"isCountry":0,"isEng":0,"isName":0,"isNominal":0,"isNoun":0,"isNum":0,"isPrtf":0,"isSymbol":0,"isUnknown":0,"isVerb":0,"repeat":0.4,"weight":0.007970888927395598,"weightAll":0.005313888747893085}},"условие":{"indexObj":{"classMask":1,"counter":3301.0,"finded":2009,"isExisted":true,"letterId":19,"meta":"{}","server":"_buber3_","table":"wordIndex.ru","uid":5059,"word":"условие","wordHash":"5d4c969ce726a6aaf325d9e18698696d_4887e9f547382f4899e40f4fd8a4c6f7f5b637f637a5683c8bf9cb1ad67691eb060a1b791932099524b1762b9083cddce0365ed4bc399a203b2d36d7bac6b88b","wordId":"19:5059"},"morphObj":{"params":{"class":"с","classMask":1,"info":{"isCapital":false,"isUpper":false},"stack":"((<DictionaryAnalyzer>, u'\\u0443\\u0441\\u043b\\u043e\\u0432\\u0438\\u0435', 76, 0),)"},"sentenceIndex":[2],"words":["условие"],"wordsIndex":[18]},"rating":20.0,"stats":{"counter":3301.0,"counterAll":3301.0,"isAdjf":0,"isCombo":0,"isComp":0,"isCountry":0,"isEng":0,"isName":0,"isNominal":0,"isNoun":1,"isNum":0,"isPrtf":0,"isSymbol":0,"isUnknown":0,"isVerb":0,"repeat":0.2,"weight":0.01733327032235367,"weightAll":0.005777716323055031}},"февраль":{"indexObj":{"classMask":1,"counter":9275.0,"finded":5448,"isExisted":true,"letterId":22,"meta":"{}","server":"_buber3_","table":"wordIndex.ru","uid":343,"word":"февраль","wordHash":"ede9373d9144fb6c1764bc9bd8e38a60_cd83c8a3724f9f512e044e20916e8ca50d4a17ba320490dc830b94fb7c36eb831659c7cf0b3e8320f78b4dd8a4087e7aed75838f8b613d976a5e57cfa15f6f10","wordId":"22:343"},"morphObj":{"params":{"class":"с","classMask":1,"info":{"isCapital":false,"isUpper":false},"stack":"((<DictionaryAnalyzer>, u'\\u0444\\u0435\\u0432\\u0440\\u0430\\u043b\\u044f', 190, 1),)"},"sentenceIndex":[1],"words":["февраля"],"wordsIndex":[5]},"rating":20.0,"stats":{"counter":9275.0,"counterAll":9275.0,"isAdjf":0,"isCombo":0,"isComp":0,"isCountry":0,"isEng":0,"isName":0,"isNominal":0,"isNoun":1,"isNum":0,"isPrtf":0,"isSymbol":0,"isUnknown":0,"isVerb":0,"repeat":0.2,"weight":0.04870223636468655,"weightAll":0.016233965130668104}},"финансовый":{"indexObj":{"classMask":2,"counter":1241.0,"finded":800,"isExisted":true,"letterId":22,"meta":"{}","server":"_buber3_","table":"wordIndex.ru","uid":6112,"word":"финансовый","wordHash":"8d2c98055b3741a5957d772f50edfd31_0dbd1ed6ec4df23959919c81864f7c45683f50abb887bc1c3ab4329f62c2e30ab6ac3f826c9c3dd92263a6f626bd2f09ce34faa3e470704bd48a0a15a179c9c6","wordId":"22:6112"},"morphObj":{"params":{"class":"п","classMask":2,"info":{"isCapital":false,"isUpper":false},"stack":"((<DictionaryAnalyzer>, u'\\u0444\\u0438\\u043d\\u0430\\u043d\\u0441\\u043e\\u0432\\u043e\\u0439', 215, 8),)"},"sentenceIndex":[0,4],"words":["финансовой","финансовой"],"wordsIndex":[6,11]},"rating":40.0,"stats":{"counter":1241.0,"counterAll":2482.0,"isAdjf":1,"isCombo":0,"isComp":0,"isCountry":0,"isEng":0,"isName":0,"isNominal":0,"isNoun":0,"isNum":0,"isPrtf":0,"isSymbol":0,"isUnknown":0,"isVerb":0,"repeat":0.4,"weight":0.00651638548016992,"weightAll":0.004344226571894149}},"фонд":{"indexObj":{"classMask":1,"counter":1044.0,"finded":660,"isExisted":true,"letterId":22,"meta":"{}","server":"_buber3_","table":"wordIndex.ru","uid":6261,"word":"фонд","wordHash":"2d67cfe2f10929c2af490140d4ee7c35_894336710e436e9de0d0274cae471c002676af5685ce0ab32dd28810d6070ceb3ca6796809f5ccc81e2bebbaf76d1d6f89d9323dba3c1dd2123b39ac10a08747","wordId":"22:6261"},"morphObj":{"params":{"class":"с","classMask":1,"info":{"isCapital":false,"isUpper":false},"stack":"((<DictionaryAnalyzer>, u'\\u0444\\u043e\\u043d\\u0434', 33, 0),)"},"sentenceIndex":[4],"words":["фонд"],"wordsIndex":[6]},"rating":20.0,"stats":{"counter":1044.0,"counterAll":1044.0,"isAdjf":0,"isCombo":0,"isComp":0,"isCountry":0,"isEng":0,"isName":0,"isNominal":0,"isNoun":1,"isNum":0,"isPrtf":0,"isSymbol":0,"isUnknown":0,"isVerb":0,"repeat":0.2,"weight":0.00548195523069895,"weightAll":0.0018273056168644206}},"экспорт":{"indexObj":{"classMask":1,"counter":307.0,"finded":178,"isExisted":true,"letterId":29,"meta":"{}","server":"_buber3_","table":"wordIndex.ru","uid":22133,"word":"экспорт","wordHash":"3e4fdf3be7da2743da6d52c51c051f3c_50d3e39630c479ae008db88c1579c832c2b1d278d0ad235848699cc2ac0e42829511255ec19379e8bc881b391a86e8e144c13b9e8ca2e4831f43e84625b4d811","wordId":"29:22133"},"morphObj":{"params":{"class":"с","classMask":1,"info":{"isCapital":false,"isUpper":false},"stack":"((<DictionaryAnalyzer>, u'\\u044d\\u043a\\u0441\\u043f\\u043e\\u0440\\u0442', 33, 3),)"},"sentenceIndex":[2,5,7],"words":["экспорт","экспорт","экспорт"],"wordsIndex":[11,7,12]},"rating":60.0,"stats":{"counter":307.0,"counterAll":921.0,"isAdjf":0,"isCombo":0,"isComp":0,"isCountry":0,"isEng":0,"isName":0,"isNominal":0,"isNoun":1,"isNum":0,"isPrtf":0,"isSymbol":0,"isUnknown":0,"isVerb":0,"repeat":0.6,"weight":0.0016120308963836949,"weightAll":0.0016120196102798192}},"юнкер":{"indexObj":{"classMask":22,"counter":26.0,"finded":14,"isExisted":true,"letterId":32,"meta":"{}","server":"_buber3_","table":"wordIndex.ru","uid":48347,"word":"юнкер","wordHash":"beb160dd777936bb8e7feb6b92d0052c_d510f62b2ce9202e63331554d44c8357b70e5358f16c149a46441f3879773488b8db5cc5a73a1557ecbab8c24e8f1d1814eb53a8155f6774bd28057e9a71ca62","wordId":"32:48347"},"morphObj":{"params":{"class":"имя","classMask":22,"info":{"isCapital":true,"isUpper":false},"stack":"((<DictionaryAnalyzer>, u'\\u044e\\u043d\\u043a\\u0435\\u0440', 2878, 0),)"},"sentenceIndex":[1,3],"words":["Юнкер","Юнкер"],"wordsIndex":[12,7]},"rating":140.0,"stats":{"counter":26.0,"counterAll":52.0,"isAdjf":0,"isCombo":0,"isComp":0,"isCountry":0,"isEng":0,"isName":1,"isNominal":0,"isNoun":0,"isNum":0,"isPrtf":0,"isSymbol":0,"isUnknown":0,"isVerb":0,"repeat":0.4,"weight":0.00013652378927028034,"weightAll":9.101522229592899e-05}}}