{"12":{"params":{"class":"наим","classMask":19,"info":{},"stack":""},"sentenceIndex":[3],"words":["12"],"wordsIndex":[11]},"алкогольный":{"params":{"class":"п","classMask":2,"info":{"isCapital":false,"isUpper":false},"stack":"((<DictionaryAnalyzer>, u'\\u0430\\u043b\\u043a\\u043e\\u0433\\u043e\\u043b\\u044c\\u043d\\u043e\\u0433\\u043e', 60, 15),)"},"sentenceIndex":[4],"words":["алкогольного"],"wordsIndex":[12]},"близко":{"params":{"class":"н","classMask":11,"info":{"isCapital":false,"isUpper":false},"stack":"((<DictionaryAnalyzer>, u'\\u0431\\u043b\\u0438\\u0437\\u043a\\u043e', 385, 0),)"},"sentenceIndex":[5],"words":["близко"],"wordsIndex":[10]},"бригада":{"params":{"class":"с","classMask":1,"info":{"isCapital":false,"isUpper":false},"stack":"((<DictionaryAnalyzer>, u'\\u0431\\u0440\\u0438\\u0433\\u0430\\u0434\\u044b', 55, 1),)"},"sentenceIndex":[0],"words":["бригады"],"wordsIndex":[3]},"быть":{"params":{"class":"г","classMask":5,"info":{"isCapital":false,"isUpper":false},"stack":"((<DictionaryAnalyzer>, u'\\u0431\\u044b\\u043b\\u043e', 587, 6),)"},"sentenceIndex":[12],"words":["было"],"wordsIndex":[3]},"в":{"params":{"class":"символ","classMask":20,"info":{},"stack":""},"sentenceIndex":[0,1,3,4,5,8,9,10],"words":["в","В","в","в","В","в","в","в"],"wordsIndex":[7,0,9,10,0,3,1,2]},"вечером":{"params":{"class":"н","classMask":11,"info":{"isCapital":false,"isUpper":false},"stack":"((<DictionaryAnalyzer>, u'\\u0432\\u0435\\u0447\\u0435\\u0440\\u043e\\u043c', 3, 0),)"},"sentenceIndex":[3],"words":["вечером"],"wordsIndex":[8]},"возбудить":{"params":{"class":"г","classMask":5,"info":{"isCapital":false,"isUpper":false},"stack":"((<DictionaryAnalyzer>, u'\\u0432\\u043e\\u0437\\u0431\\u0443\\u0434\\u0438\\u043b\\u0438', 835, 4),)"},"sentenceIndex":[11],"words":["возбудили"],"wordsIndex":[5]},"воскресение":{"params":{"class":"с","classMask":1,"info":{"isCapital":false,"isUpper":false},"stack":"((<DictionaryAnalyzer>, u'\\u0432\\u043e\\u0441\\u043a\\u0440\\u0435\\u0441\\u0435\\u043d\\u044c\\u0435', 76, 1),)"},"sentenceIndex":[3],"words":["воскресенье"],"wordsIndex":[10]},"врач":{"params":{"class":"с","classMask":1,"info":{"isCapital":true,"isUpper":false},"stack":"((<DictionaryAnalyzer>, u'\\u0432\\u0440\\u0430\\u0447\\u0438', 231, 6),)"},"sentenceIndex":[4,5,5,7],"words":["Врачи","врачи","врачам","Врачи"],"wordsIndex":[0,4,12,0]},"время":{"params":{"class":"с","classMask":1,"info":{"isCapital":false,"isUpper":false},"stack":"((<DictionaryAnalyzer>, u'\\u0432\\u0440\\u0435\\u043c\\u044f', 536, 3),)"},"sentenceIndex":[1],"words":["время"],"wordsIndex":[2]},"вызов":{"params":{"class":"с","classMask":1,"info":{"isCapital":false,"isUpper":false},"stack":"((<DictionaryAnalyzer>, u'\\u0432\\u044b\\u0437\\u043e\\u0432\\u0443', 33, 2),)"},"sentenceIndex":[4],"words":["вызову"],"wordsIndex":[3]},"голов":{"params":{"class":"с","classMask":1,"info":{"isCapital":false,"isUpper":false},"stack":"((<DictionaryAnalyzer>, u'\\u0433\\u043e\\u043b\\u043e\\u0432\\u0435', 36, 5),)"},"sentenceIndex":[6,7],"words":["голове","головы"],"wordsIndex":[20,14]},"далёкий":{"params":{"class":"к","classMask":4,"info":{"isCapital":false,"isUpper":false},"stack":"((<DictionaryAnalyzer>, u'\\u043f\\u043e\\u0434\\u0430\\u043b\\u044c\\u0448\\u0435', 1242, 33),)"},"sentenceIndex":[6],"words":["подальше"],"wordsIndex":[6]},"дело":{"params":{"class":"с","classMask":1,"info":{"isCapital":false,"isUpper":false},"stack":"((<DictionaryAnalyzer>, u'\\u0434\\u0435\\u043b\\u043e', 1266, 0),)"},"sentenceIndex":[11,12],"words":["дело","дела"],"wordsIndex":[7,2]},"диагностировать":{"params":{"class":"г","classMask":5,"info":{"isCapital":false,"isUpper":false},"stack":"((<DictionaryAnalyzer>, u'\\u0434\\u0438\\u0430\\u0433\\u043d\\u043e\\u0441\\u0442\\u0438\\u0440\\u043e\\u0432\\u0430\\u043b\\u0438', 75, 4),)"},"sentenceIndex":[7],"words":["диагностировали"],"wordsIndex":[1]},"домогательство":{"params":{"class":"с","classMask":1,"info":{"isCapital":false,"isUpper":false},"stack":"((<DictionaryAnalyzer>, u'\\u0434\\u043e\\u043c\\u043e\\u0433\\u0430\\u0442\\u0435\\u043b\\u044c\\u0441\\u0442\\u0432\\u0430', 54, 1),)"},"sentenceIndex":[11],"words":["домогательства"],"wordsIndex":[1]},"женщина":{"params":{"class":"с","classMask":1,"info":{"isCapital":false,"isUpper":false},"stack":"((<DictionaryAnalyzer>, u'\\u0436\\u0435\\u043d\\u0449\\u0438\\u043d\\u044b', 53, 7),)"},"sentenceIndex":[4,6,9],"words":["женщины","женщину","женщину"],"wordsIndex":[4,12,11]},"женщина-фельдшер":{"params":{"class":"с","classMask":1201,"info":{"comboClassStats":{"с":2},"isCapital":false,"isCombo":true,"isUpper":false},"stack":"<classByLadder>"},"sentenceIndex":[9],"words":["женщину-фельдшера"],"wordsIndex":[13]},"заявление":{"params":{"class":"с","classMask":1,"info":{"isCapital":false,"isUpper":false},"stack":"((<DictionaryAnalyzer>, u'\\u0437\\u0430\\u044f\\u0432\\u043b\\u0435\\u043d\\u0438\\u0435', 76, 6),)"},"sentenceIndex":[8],"words":["заявление"],"wordsIndex":[2]},"и":{"params":{"class":"символ","classMask":20,"info":{},"stack":""},"sentenceIndex":[5,6,7,7],"words":["и","и","и","и"],"wordsIndex":[13,13,10,15]},"иа":{"params":{"class":"неизвестный","classMask":18,"info":{"isCapital":false,"isUpper":true},"stack":""},"sentenceIndex":[2],"words":["ИА"],"wordsIndex":[2]},"из":{"params":{"class":"предл","classMask":14,"info":{"isCapital":false,"isUpper":false},"stack":"((<DictionaryAnalyzer>, u'\\u0438\\u0437', 375, 0),)"},"sentenceIndex":[6],"words":["из"],"wordsIndex":[1]},"избить":{"params":{"class":"г","classMask":5,"info":{"isCapital":false,"isUpper":false},"stack":"((<DictionaryAnalyzer>, u'\\u0438\\u0437\\u0431\\u0438\\u043b', 612, 1),)"},"sentenceIndex":[4],"words":["избил"],"wordsIndex":[6]},"инцидент":{"params":{"class":"с","classMask":1,"info":{"isCapital":false,"isUpper":false},"stack":"((<DictionaryAnalyzer>, u'\\u0438\\u043d\\u0446\\u0438\\u0434\\u0435\\u043d\\u0442', 33, 0),)"},"sentenceIndex":[3],"words":["инцидент"],"wordsIndex":[2]},"к":{"params":{"class":"символ","classMask":20,"info":{},"stack":""},"sentenceIndex":[5,11],"words":["к","к"],"wordsIndex":[11,2]},"как":{"params":{"class":"союз","classMask":15,"info":{"isCapital":true,"isUpper":false},"stack":"((<DictionaryAnalyzer>, u'\\u043a\\u0430\\u043a', 1673, 0),)"},"sentenceIndex":[2],"words":["Как"],"wordsIndex":[0]},"камера":{"params":{"class":"с","classMask":1,"info":{"isCapital":false,"isUpper":false},"stack":"((<DictionaryAnalyzer>, u'\\u043a\\u0430\\u043c\\u0435\\u0440\\u0443', 55, 3),)"},"sentenceIndex":[5],"words":["камеру"],"wordsIndex":[18]},"когда":{"params":{"class":"союз","classMask":15,"info":{"isCapital":false,"isUpper":false},"stack":"((<DictionaryAnalyzer>, u'\\u043a\\u043e\\u0433\\u0434\\u0430', 20, 0),)"},"sentenceIndex":[5],"words":["когда"],"wordsIndex":[3]},"который":{"params":{"class":"п","classMask":2,"info":{"isCapital":false,"isUpper":false},"stack":"((<DictionaryAnalyzer>, u'\\u043a\\u043e\\u0442\\u043e\\u0440\\u0443\\u044e', 1788, 10),)"},"sentenceIndex":[4,9],"words":["которую","которому"],"wordsIndex":[5,6]},"кроме":{"params":{"class":"предл","classMask":14,"info":{"isCapital":true,"isUpper":false},"stack":"((<DictionaryAnalyzer>, u'\\u043a\\u0440\\u043e\\u043c\\u0435', 24, 0),)"},"sentenceIndex":[10],"words":["Кроме"],"wordsIndex":[0]},"магазин":{"params":{"class":"с","classMask":1,"info":{"isCapital":false,"isUpper":false},"stack":"((<DictionaryAnalyzer>, u'\\u043c\\u0430\\u0433\\u0430\\u0437\\u0438\\u043d\\u0430', 33, 1),)"},"sentenceIndex":[9],"words":["магазина"],"wordsIndex":[5]},"медик":{"params":{"class":"с","classMask":1,"info":{"isCapital":true,"isUpper":false},"stack":"((<DictionaryAnalyzer>, u'\\u043c\\u0435\\u0434\\u0438\\u043a\\u0430', 2, 1),)"},"sentenceIndex":[3,6,8,9,11],"words":["медика","медиков","Медик","медиков","медику"],"wordsIndex":[6,2,0,9,3]},"мобильный":{"params":{"class":"п","classMask":2,"info":{"isCapital":false,"isUpper":false},"stack":"((<DictionaryAnalyzer>, u'\\u043c\\u043e\\u0431\\u0438\\u043b\\u044c\\u043d\\u043e\\u0433\\u043e', 211, 15),)"},"sentenceIndex":[5],"words":["мобильного"],"wordsIndex":[19]},"мозг":{"params":{"class":"с","classMask":1,"info":{"isCapital":false,"isUpper":false},"stack":"((<DictionaryAnalyzer>, u'\\u043c\\u043e\\u0437\\u0433\\u0430', 1966, 1),)"},"sentenceIndex":[7],"words":["мозга"],"wordsIndex":[9]},"мозговой":{"params":{"class":"п","classMask":2,"info":{"isCapital":false,"isUpper":false},"stack":"((<DictionaryAnalyzer>, u'\\u043c\\u043e\\u0437\\u0433\\u043e\\u0432\\u0443\\u044e', 136, 10),)"},"sentenceIndex":[7],"words":["мозговую"],"wordsIndex":[5]},"мозговой-черепный":{"params":{"class":"п","classMask":1202,"info":{"comboClassStats":{"кр_прил":1,"п":1},"isCapital":false,"isCombo":true,"isUpper":false},"stack":"<classByLadder>"},"sentenceIndex":[7],"words":["черепно-мозговую"],"wordsIndex":[6]},"момент":{"params":{"class":"с","classMask":1,"info":{"isCapital":false,"isUpper":false},"stack":"((<DictionaryAnalyzer>, u'\\u043c\\u043e\\u043c\\u0435\\u043d\\u0442', 33, 3),)"},"sentenceIndex":[5],"words":["момент"],"wordsIndex":[2]},"мужчина":{"params":{"class":"с","classMask":1,"info":{"isCapital":false,"isUpper":false},"stack":"((<DictionaryAnalyzer>, u'\\u043c\\u0443\\u0436\\u0447\\u0438\\u043d\\u0430', 513, 0),)"},"sentenceIndex":[5,6,6,10],"words":["мужчина","мужчину","мужчина","мужчин"],"wordsIndex":[8,4,9,5]},"мягкий":{"params":{"class":"п","classMask":2,"info":{"isCapital":false,"isUpper":false},"stack":"((<DictionaryAnalyzer>, u'\\u043c\\u044f\\u0433\\u043a\\u0438\\u0445', 1393, 21),)"},"sentenceIndex":[7],"words":["мягких"],"wordsIndex":[12]},"на":{"params":{"class":"предл","classMask":14,"info":{"isCapital":false,"isUpper":false},"stack":"((<DictionaryAnalyzer>, u'\\u043d\\u0430', 24, 0),)"},"sentenceIndex":[0,3,5,6,10],"words":["на","на","на","на","на"],"wordsIndex":[1,5,17,11,7]},"наброситься":{"params":{"class":"г","classMask":5,"info":{"isCapital":false,"isUpper":false},"stack":"((<DictionaryAnalyzer>, u'\\u043d\\u0430\\u0431\\u0440\\u043e\\u0441\\u0438\\u043b\\u0441\\u044f', 550, 1),)"},"sentenceIndex":[6],"words":["набросился"],"wordsIndex":[10]},"нападение":{"params":{"class":"с","classMask":1,"info":{"isCapital":true,"isUpper":false},"stack":"((<DictionaryAnalyzer>, u'\\u043d\\u0430\\u043f\\u0430\\u0434\\u0435\\u043d\\u0438\\u0435', 76, 0),)"},"sentenceIndex":[0,3],"words":["Нападение","нападением"],"wordsIndex":[0,4]},"напасть":{"params":{"class":"г","classMask":5,"info":{"isCapital":false,"isUpper":false},"stack":"((<DictionaryAnalyzer>, u'\\u043d\\u0430\\u043f\\u0430\\u043b\\u0438', 913, 4),)"},"sentenceIndex":[10],"words":["напали"],"wordsIndex":[6]},"написать":{"params":{"class":"г","classMask":5,"info":{"isCapital":false,"isUpper":false},"stack":"((<DictionaryAnalyzer>, u'\\u043d\\u0430\\u043f\\u0438\\u0441\\u0430\\u043b\\u0430', 916, 2),)"},"sentenceIndex":[8],"words":["написала"],"wordsIndex":[1]},"настоящее":{"params":{"class":"с","classMask":1,"info":{"isCapital":false,"isUpper":false},"stack":"((<DictionaryAnalyzer>, u'\\u043d\\u0430\\u0441\\u0442\\u043e\\u044f\\u0449\\u0435\\u0435', 501, 3),)"},"sentenceIndex":[1],"words":["настоящее"],"wordsIndex":[1]},"находиться":{"params":{"class":"причастие","classMask":7,"info":{"isCapital":false,"isUpper":false},"stack":"((<DictionaryAnalyzer>, u'\\u043d\\u0430\\u0445\\u043e\\u0434\\u0438\\u0432\\u0448\\u0438\\u0439\\u0441\\u044f', 411, 40),)"},"sentenceIndex":[4],"words":["находившийся"],"wordsIndex":[9]},"начать":{"params":{"class":"г","classMask":5,"info":{"isCapital":false,"isUpper":false},"stack":"((<DictionaryAnalyzer>, u'\\u043d\\u0430\\u0447\\u0430\\u043b', 1302, 1),)"},"sentenceIndex":[5],"words":["начал"],"wordsIndex":[14]},"несколько":{"params":{"class":"н","classMask":11,"info":{"isCapital":false,"isUpper":false},"stack":"((<DictionaryAnalyzer>, u'\\u043d\\u0435\\u0441\\u043a\\u043e\\u043b\\u044c\\u043a\\u043e', 3, 0),)"},"sentenceIndex":[6],"words":["несколько"],"wordsIndex":[14]},"нетрезвый":{"params":{"class":"п","classMask":2,"info":{"isCapital":false,"isUpper":false},"stack":"((<DictionaryAnalyzer>, u'\\u043d\\u0435\\u0442\\u0440\\u0435\\u0437\\u0432\\u044b\\u0439', 188, 0),)"},"sentenceIndex":[9],"words":["нетрезвый"],"wordsIndex":[3]},"обвинение":{"params":{"class":"с","classMask":1,"info":{"isCapital":false,"isUpper":false},"stack":"((<DictionaryAnalyzer>, u'\\u043e\\u0431\\u0432\\u0438\\u043d\\u0435\\u043d\\u0438\\u0435', 76, 0),)"},"sentenceIndex":[12],"words":["обвинение"],"wordsIndex":[5]},"один":{"params":{"class":"п","classMask":2,"info":{"isCapital":true,"isUpper":false},"stack":"((<DictionaryAnalyzer>, u'\\u043e\\u0434\\u043d\\u0430', 2198, 7),)"},"sentenceIndex":[6],"words":["Одна"],"wordsIndex":[0]},"оказывать":{"params":{"class":"г","classMask":5,"info":{"isCapital":false,"isUpper":false},"stack":"((<DictionaryAnalyzer>, u'\\u043e\\u043a\\u0430\\u0437\\u044b\\u0432\\u0430\\u043b\\u0438', 206, 10),)"},"sentenceIndex":[5],"words":["оказывали"],"wordsIndex":[5]},"она":{"params":{"class":"мс","classMask":12,"info":{"isCapital":false,"isUpper":false},"stack":"((<DictionaryAnalyzer>, u'\\u0435\\u0451', 2209, 1),)"},"sentenceIndex":[4,6],"words":["ее","ее"],"wordsIndex":[7,18]},"опьянение":{"params":{"class":"с","classMask":1,"info":{"isCapital":false,"isUpper":false},"stack":"((<DictionaryAnalyzer>, u'\\u043e\\u043f\\u044c\\u044f\\u043d\\u0435\\u043d\\u0438\\u044f', 76, 2),)"},"sentenceIndex":[4],"words":["опьянения"],"wordsIndex":[13]},"орган":{"params":{"class":"с","classMask":1,"info":{"isCapital":false,"isUpper":false},"stack":"((<DictionaryAnalyzer>, u'\\u043e\\u0440\\u0433\\u0430\\u043d\\u043e\\u0432', 33, 7),)"},"sentenceIndex":[1,8],"words":["органов","органы"],"wordsIndex":[5,5]},"отойти":{"params":{"class":"инфинитив","classMask":6,"info":{"isCapital":false,"isUpper":false},"stack":"((<DictionaryAnalyzer>, u'\\u043e\\u0442\\u043e\\u0439\\u0442\\u0438', 771, 0),)"},"sentenceIndex":[6],"words":["отойти"],"wordsIndex":[5]},"очередной":{"params":{"class":"п","classMask":2,"info":{"isCapital":false,"isUpper":false},"stack":"((<DictionaryAnalyzer>, u'\\u043e\\u0447\\u0435\\u0440\\u0435\\u0434\\u043d\\u043e\\u0439', 136, 0),)"},"sentenceIndex":[3],"words":["очередной"],"wordsIndex":[1]},"передавать":{"params":{"class":"г","classMask":5,"info":{"isCapital":false,"isUpper":false},"stack":"((<DictionaryAnalyzer>, u'\\u043f\\u0435\\u0440\\u0435\\u0434\\u0430\\u0451\\u0442', 2308, 5),)"},"sentenceIndex":[1],"words":["передает"],"wordsIndex":[11]},"по":{"params":{"class":"предл","classMask":14,"info":{"isCapital":false,"isUpper":false},"stack":"((<DictionaryAnalyzer>, u'\\u043f\\u043e', 24, 0),)"},"sentenceIndex":[1,4,6],"words":["по","по","по"],"wordsIndex":[8,2,19]},"подойти":{"params":{"class":"г","classMask":5,"info":{"isCapital":false,"isUpper":false},"stack":"((<DictionaryAnalyzer>, u'\\u043f\\u043e\\u0434\\u043e\\u0448\\u0451\\u043b', 771, 1),)"},"sentenceIndex":[5],"words":["подошел"],"wordsIndex":[9]},"помощь":{"params":{"class":"с","classMask":1,"info":{"isCapital":false,"isUpper":false},"stack":"((<DictionaryAnalyzer>, u'\\u043f\\u043e\\u043c\\u043e\\u0449\\u0438', 435, 1),)"},"sentenceIndex":[0,5,9,10],"words":["помощи","помощь","помощь","помощи"],"wordsIndex":[5,6,8,10]},"попросить":{"params":{"class":"г","classMask":5,"info":{"isCapital":false,"isUpper":false},"stack":"((<DictionaryAnalyzer>, u'\\u043f\\u043e\\u043f\\u0440\\u043e\\u0441\\u0438\\u043b\\u0430', 819, 2),)"},"sentenceIndex":[6],"words":["попросила"],"wordsIndex":[3]},"посетитель":{"params":{"class":"с","classMask":1,"info":{"isCapital":false,"isUpper":false},"stack":"((<DictionaryAnalyzer>, u'\\u043f\\u043e\\u0441\\u0435\\u0442\\u0438\\u0442\\u0435\\u043b\\u044c', 121, 0),)"},"sentenceIndex":[9],"words":["посетитель"],"wordsIndex":[4]},"после":{"params":{"class":"предл","classMask":14,"info":{"isCapital":true,"isUpper":false},"stack":"((<DictionaryAnalyzer>, u'\\u043f\\u043e\\u0441\\u043b\\u0435', 24, 0),)"},"sentenceIndex":[6,11],"words":["после","После"],"wordsIndex":[7,0]},"пострадать":{"params":{"class":"причастие","classMask":7,"info":{"isCapital":false,"isUpper":false},"stack":"((<DictionaryAnalyzer>, u'\\u043f\\u043e\\u0441\\u0442\\u0440\\u0430\\u0434\\u0430\\u0432\\u0448\\u0435\\u0439', 715, 23),)"},"sentenceIndex":[5],"words":["пострадавшей"],"wordsIndex":[7]},"потребоваться":{"params":{"class":"г","classMask":5,"info":{"isCapital":false,"isUpper":false},"stack":"((<DictionaryAnalyzer>, u'\\u043f\\u043e\\u0442\\u0440\\u0435\\u0431\\u043e\\u0432\\u0430\\u043b\\u0430\\u0441\\u044c', 729, 2),)"},"sentenceIndex":[9],"words":["потребовалась"],"wordsIndex":[7]},"правоохранительный":{"params":{"class":"п","classMask":2,"info":{"isCapital":false,"isUpper":false},"stack":"((<DictionaryAnalyzer>, u'\\u043f\\u0440\\u0430\\u0432\\u043e\\u043e\\u0445\\u0440\\u0430\\u043d\\u0438\\u0442\\u0435\\u043b\\u044c\\u043d\\u044b\\u0445', 10, 21),)"},"sentenceIndex":[1,8],"words":["правоохранительных","правоохранительные"],"wordsIndex":[4,4]},"предъявить":{"params":{"class":"кр_причастие","classMask":8,"info":{"isCapital":false,"isUpper":false},"stack":"((<DictionaryAnalyzer>, u'\\u043f\\u0440\\u0435\\u0434\\u044a\\u044f\\u0432\\u043b\\u0435\\u043d\\u043e', 647, 73),)"},"sentenceIndex":[12],"words":["предъявлено"],"wordsIndex":[4]},"прибыть":{"params":{"class":"г","classMask":5,"info":{"isCapital":false,"isUpper":false},"stack":"((<DictionaryAnalyzer>, u'\\u043f\\u0440\\u0438\\u0431\\u044b\\u043b\\u0438', 992, 4),)"},"sentenceIndex":[4],"words":["прибыли"],"wordsIndex":[1]},"проверка":{"params":{"class":"с","classMask":1,"info":{"isCapital":false,"isUpper":false},"stack":"((<DictionaryAnalyzer>, u'\\u043f\\u0440\\u043e\\u0432\\u0435\\u0440\\u043a\\u0443', 8, 3),)"},"sentenceIndex":[1],"words":["проверку"],"wordsIndex":[7]},"проводить":{"params":{"class":"г","classMask":5,"info":{"isCapital":false,"isUpper":false},"stack":"((<DictionaryAnalyzer>, u'\\u043f\\u0440\\u043e\\u0432\\u043e\\u0434\\u044f\\u0442', 2574, 6),)"},"sentenceIndex":[1],"words":["проводят"],"wordsIndex":[6]},"произойти":{"params":{"class":"г","classMask":5,"info":{"isCapital":false,"isUpper":false},"stack":"((<DictionaryAnalyzer>, u'\\u043f\\u0440\\u043e\\u0438\\u0437\\u043e\\u0448\\u043b\\u043e', 2581, 3),)"},"sentenceIndex":[0,3],"words":["произошло","произошел"],"wordsIndex":[6,7]},"происходить":{"params":{"class":"причастие","classMask":7,"info":{"isCapital":false,"isUpper":false},"stack":"((<DictionaryAnalyzer>, u'\\u043f\\u0440\\u043e\\u0438\\u0441\\u0445\\u043e\\u0434\\u044f\\u0449\\u0435\\u0435', 473, 27),)"},"sentenceIndex":[5],"words":["происходящее"],"wordsIndex":[16]},"пятеро":{"params":{"class":"числ","classMask":10,"info":{"isCapital":false,"isUpper":false},"stack":"((<DictionaryAnalyzer>, u'\\u043f\\u044f\\u0442\\u0435\\u0440\\u043e', 910, 0),)"},"sentenceIndex":[10],"words":["пятеро"],"wordsIndex":[4]},"раз":{"params":{"class":"с","classMask":1,"info":{"isCapital":false,"isUpper":false},"stack":"((<DictionaryAnalyzer>, u'\\u0440\\u0430\\u0437', 2630, 3),)"},"sentenceIndex":[6],"words":["раз"],"wordsIndex":[15]},"ранее":{"params":{"class":"н","classMask":11,"info":{"isCapital":true,"isUpper":false},"stack":"((<DictionaryAnalyzer>, u'\\u0440\\u0430\\u043d\\u0435\\u0435', 3, 0),)"},"sentenceIndex":[9],"words":["Ранее"],"wordsIndex":[0]},"ру":{"params":{"class":"неизвестный","classMask":18,"info":{"isCapital":true,"isUpper":false},"stack":""},"sentenceIndex":[3],"words":["Ру"],"wordsIndex":[0]},"с":{"params":{"class":"символ","classMask":20,"info":{},"stack":""},"sentenceIndex":[3],"words":["с"],"wordsIndex":[3]},"саратов":{"params":{"class":"имя","classMask":22,"info":{"isCapital":true,"isUpper":false},"stack":"((<DictionaryAnalyzer>, u'\\u0441\\u0430\\u0440\\u0430\\u0442\\u043e\\u0432\\u0435', 32, 5),)"},"sentenceIndex":[10],"words":["Саратове"],"wordsIndex":[3]},"сильно":{"params":{"class":"н","classMask":11,"info":{"isCapital":false,"isUpper":false},"stack":"((<DictionaryAnalyzer>, u'\\u0441\\u0438\\u043b\\u044c\\u043d\\u043e', 3, 0),)"},"sentenceIndex":[6],"words":["сильно"],"wordsIndex":[16]},"скора":{"params":{"class":"с","classMask":1,"info":{"isCapital":false,"isUpper":false},"stack":"((<DictionaryAnalyzer>, u'\\u0441\\u043a\\u043e\\u0440\\u043e\\u0439', 29, 4),)"},"sentenceIndex":[0,10],"words":["скорой","скорой"],"wordsIndex":[4,9]},"следователь":{"params":{"class":"с","classMask":1,"info":{"isCapital":false,"isUpper":false},"stack":"((<DictionaryAnalyzer>, u'\\u0441\\u043b\\u0435\\u0434\\u043e\\u0432\\u0430\\u0442\\u0435\\u043b\\u0438', 121, 6),)"},"sentenceIndex":[11],"words":["следователи"],"wordsIndex":[4]},"случиться":{"params":{"class":"причастие","classMask":7,"info":{"isCapital":false,"isUpper":false},"stack":"((<DictionaryAnalyzer>, u'\\u0441\\u043b\\u0443\\u0447\\u0438\\u0432\\u0448\\u0435\\u0433\\u043e\\u0441\\u044f', 804, 30),)"},"sentenceIndex":[1],"words":["случившегося"],"wordsIndex":[10]},"снимать":{"params":{"class":"инфинитив","classMask":6,"info":{"isCapital":false,"isUpper":false},"stack":"((<DictionaryAnalyzer>, u'\\u0441\\u043d\\u0438\\u043c\\u0430\\u0442\\u044c', 206, 0),)"},"sentenceIndex":[5],"words":["снимать"],"wordsIndex":[15]},"сообщать":{"params":{"class":"г","classMask":5,"info":{"isCapital":false,"isUpper":false},"stack":"((<DictionaryAnalyzer>, u'\\u0441\\u043e\\u043e\\u0431\\u0449\\u0430\\u0435\\u0442', 206, 5),)"},"sentenceIndex":[2],"words":["сообщает"],"wordsIndex":[1]},"состояние":{"params":{"class":"с","classMask":1,"info":{"isCapital":false,"isUpper":false},"stack":"((<DictionaryAnalyzer>, u'\\u0441\\u043e\\u0441\\u0442\\u043e\\u044f\\u043d\\u0438\\u0438', 76, 10),)"},"sentenceIndex":[4],"words":["состоянии"],"wordsIndex":[11]},"сотрудник":{"params":{"class":"с","classMask":1,"info":{"isCapital":false,"isUpper":false},"stack":"((<DictionaryAnalyzer>, u'\\u0441\\u043e\\u0442\\u0440\\u0443\\u0434\\u043d\\u0438\\u043a\\u0438', 2, 6),)"},"sentenceIndex":[1],"words":["сотрудники"],"wordsIndex":[3]},"сотрясение":{"params":{"class":"с","classMask":1,"info":{"isCapital":false,"isUpper":false},"stack":"((<DictionaryAnalyzer>, u'\\u0441\\u043e\\u0442\\u0440\\u044f\\u0441\\u0435\\u043d\\u0438\\u0435', 76, 0),)"},"sentenceIndex":[7],"words":["сотрясение"],"wordsIndex":[8]},"супруг":{"params":{"class":"с","classMask":1,"info":{"isCapital":false,"isUpper":false},"stack":"((<DictionaryAnalyzer>, u'\\u0441\\u0443\\u043f\\u0440\\u0443\\u0433', 2, 0),)"},"sentenceIndex":[4],"words":["супруг"],"wordsIndex":[8]},"сургут":{"params":{"class":"имя","classMask":22,"info":{"isCapital":true,"isUpper":false},"stack":"((<DictionaryAnalyzer>, u'\\u0441\\u0443\\u0440\\u0433\\u0443\\u0442\\u0435', 32, 5),)"},"sentenceIndex":[0],"words":["Сургуте"],"wordsIndex":[8]},"тасс":{"params":{"class":"с","classMask":1,"info":{"isCapital":false,"isUpper":true},"stack":"((<DictionaryAnalyzer>, u'\\u0442\\u0430\\u0441\\u0441', 47, 0),)"},"sentenceIndex":[1],"words":["ТАСС"],"wordsIndex":[12]},"телефон":{"params":{"class":"с","classMask":1,"info":{"isCapital":false,"isUpper":false},"stack":"((<DictionaryAnalyzer>, u'\\u0442\\u0435\\u043b\\u0435\\u0444\\u043e\\u043d\\u0430', 33, 1),)"},"sentenceIndex":[5],"words":["телефона"],"wordsIndex":[20]},"ткань":{"params":{"class":"с","classMask":1,"info":{"isCapital":false,"isUpper":false},"stack":"((<DictionaryAnalyzer>, u'\\u0442\\u043a\\u0430\\u043d\\u0435\\u0439', 13, 7),)"},"sentenceIndex":[7],"words":["тканей"],"wordsIndex":[13]},"тот":{"params":{"class":"имя","classMask":1122,"info":{"isCapital":false,"isCountry":true,"isUpper":false},"stack":"((<DictionaryAnalyzer>, u'\\u0442\\u043e\\u0442', 2900, 0),)"},"sentenceIndex":[5,10],"words":["тот","того"],"wordsIndex":[1,1]},"травма":{"params":{"class":"с","classMask":1,"info":{"isCapital":false,"isUpper":false},"stack":"((<DictionaryAnalyzer>, u'\\u0442\\u0440\\u0430\\u0432\\u043c\\u0443', 55, 3),)"},"sentenceIndex":[7],"words":["травму"],"wordsIndex":[7]},"три":{"params":{"class":"числ","classMask":10,"info":{"isCapital":true,"isUpper":false},"stack":"((<DictionaryAnalyzer>, u'\\u0442\\u0440\\u0451\\u043c', 2907, 2),)"},"sentenceIndex":[12],"words":["Трем"],"wordsIndex":[0]},"у":{"params":{"class":"символ","classMask":20,"info":{},"stack":""},"sentenceIndex":[7],"words":["у"],"wordsIndex":[2]},"уголовный":{"params":{"class":"п","classMask":2,"info":{"isCapital":false,"isUpper":false},"stack":"((<DictionaryAnalyzer>, u'\\u0443\\u0433\\u043e\\u043b\\u043e\\u0432\\u043d\\u043e\\u0435', 12, 14),)"},"sentenceIndex":[11],"words":["уголовное"],"wordsIndex":[6]},"ударить":{"params":{"class":"г","classMask":5,"info":{"isCapital":false,"isUpper":false},"stack":"((<DictionaryAnalyzer>, u'\\u0443\\u0434\\u0430\\u0440\\u0438\\u043b', 623, 1),)"},"sentenceIndex":[6,9],"words":["ударил","ударил"],"wordsIndex":[17,10]},"ура":{"params":{"class":"имя","classMask":22,"info":{"isCapital":true,"isUpper":false},"stack":"((<DictionaryAnalyzer>, u'\\u0443\\u0440\\u0430', 21, 0),)"},"sentenceIndex":[2],"words":["Ура"],"wordsIndex":[3]},"ушиб":{"params":{"class":"с","classMask":1,"info":{"isCapital":false,"isUpper":false},"stack":"((<DictionaryAnalyzer>, u'\\u0443\\u0448\\u0438\\u0431\\u044b', 33, 6),)"},"sentenceIndex":[7],"words":["ушибы"],"wordsIndex":[11]},"факт":{"params":{"class":"с","classMask":1,"info":{"isCapital":false,"isUpper":false},"stack":"((<DictionaryAnalyzer>, u'\\u0444\\u0430\\u043a\\u0442\\u0443', 33, 2),)"},"sentenceIndex":[1],"words":["факту"],"wordsIndex":[9]},"февраль":{"params":{"class":"с","classMask":1,"info":{"isCapital":false,"isUpper":false},"stack":"((<DictionaryAnalyzer>, u'\\u0444\\u0435\\u0432\\u0440\\u0430\\u043b\\u044f', 190, 1),)"},"sentenceIndex":[3],"words":["февраля"],"wordsIndex":[12]},"фельдшер":{"params":{"class":"с","classMask":1,"info":{"isCapital":false,"isUpper":false},"stack":"((<DictionaryAnalyzer>, u'\\u0444\\u0435\\u043b\\u044c\\u0434\\u0448\\u0435\\u0440\\u0430', 112, 1),)"},"sentenceIndex":[0,7,9,10],"words":["фельдшера","фельдшера","фельдшера","фельдшера"],"wordsIndex":[2,3,12,8]},"фигурант":{"params":{"class":"с","classMask":1,"info":{"isCapital":false,"isUpper":false},"stack":"((<DictionaryAnalyzer>, u'\\u0444\\u0438\\u0433\\u0443\\u0440\\u0430\\u043d\\u0442\\u0430\\u043c', 52, 8),)"},"sentenceIndex":[12],"words":["фигурантам"],"wordsIndex":[1]},"черепный":{"params":{"class":"кр_прил","classMask":3,"info":{"isCapital":false,"isUpper":false},"stack":"((<DictionaryAnalyzer>, u'\\u0440\\u0435\\u043f\\u043d\\u043e', 12, 29), (<UnknownPrefixAnalyzer>, u'\\u0447\\u0435'))"},"sentenceIndex":[7],"words":["черепно"],"wordsIndex":[4]},"что":{"params":{"class":"мс","classMask":12,"info":{"isCapital":false,"isUpper":false},"stack":"((<DictionaryAnalyzer>, u'\\u0447\\u0435\\u0433\\u043e', 3047, 1),)"},"sentenceIndex":[6],"words":["чего"],"wordsIndex":[8]},"шея":{"params":{"class":"с","classMask":1,"info":{"isCapital":false,"isUpper":false},"stack":"((<DictionaryAnalyzer>, u'\\u0448\\u0435\\u0438', 233, 1),)"},"sentenceIndex":[7],"words":["шеи"],"wordsIndex":[16]},"ярославль":{"params":{"class":"имя","classMask":22,"info":{"isCapital":true,"isUpper":false},"stack":"((<DictionaryAnalyzer>, u'\\u044f\\u0440\\u043e\\u0441\\u043b\\u0430\\u0432\\u043b\\u0435', 87, 5),)"},"sentenceIndex":[9],"words":["Ярославле"],"wordsIndex":[2]}}