{"2016":{"params":{"class":"наим","classMask":19,"info":{},"stack":""},"sentenceIndex":[11],"words":["2016"],"wordsIndex":[2]},"6":{"params":{"class":"число","classMask":10,"info":{},"stack":""},"sentenceIndex":[9],"words":["6"],"wordsIndex":[9]},"blackscreentv":{"params":{"class":"имя","classMask":22,"info":{"isCapital":true,"isUpper":false},"stack":""},"sentenceIndex":[5],"words":["BlackScreenTV"],"wordsIndex":[5]},"next":{"params":{"class":"имя","classMask":22,"info":{"isCapital":true,"isUpper":false},"stack":""},"sentenceIndex":[1],"words":["Next"],"wordsIndex":[4]},"pewdiepie":{"params":{"class":"имя","classMask":22,"info":{"isCapital":true,"isUpper":false},"stack":""},"sentenceIndex":[11],"words":["PewDiePie"],"wordsIndex":[14]},"the":{"params":{"class":"имя","classMask":22,"info":{"isCapital":true,"isUpper":false},"stack":""},"sentenceIndex":[1],"words":["The"],"wordsIndex":[3]},"twitter":{"params":{"class":"имя","classMask":22,"info":{"isCapital":true,"isUpper":false},"stack":""},"sentenceIndex":[10],"words":["Twitter"],"wordsIndex":[9]},"web":{"params":{"class":"имя","classMask":22,"info":{"isCapital":true,"isUpper":false},"stack":""},"sentenceIndex":[1],"words":["Web"],"wordsIndex":[5]},"youtube":{"params":{"class":"имя","classMask":22,"info":{"isCapital":true,"isUpper":false},"stack":""},"sentenceIndex":[0,3,7,9,11,12],"words":["YouTube","YouTube","YouTube","YouTube","YouTube","YouTube"],"wordsIndex":[1,12,7,1,6,6]},"youtube-блогер":{"params":{"class":"имя","classMask":22,"info":{"isCapital":true,"isUpper":false},"stack":""},"sentenceIndex":[11],"words":["YouTube-блогер"],"wordsIndex":[8]},"youtube-звезд":{"params":{"class":"имя","classMask":22,"info":{"isCapital":true,"isUpper":false},"stack":""},"sentenceIndex":[3],"words":["YouTube-звезд"],"wordsIndex":[14]},"автор":{"params":{"class":"с","classMask":1,"info":{"isCapital":false,"isUpper":false},"stack":"((<DictionaryAnalyzer>, u'\\u0430\\u0432\\u0442\\u043e\\u0440', 52, 0),)"},"sentenceIndex":[5],"words":["автор"],"wordsIndex":[3]},"алгоритм":{"params":{"class":"с","classMask":1,"info":{"isCapital":false,"isUpper":false},"stack":"((<DictionaryAnalyzer>, u'\\u0430\\u043b\\u0433\\u043e\\u0440\\u0438\\u0442\\u043c\\u043e\\u0432', 33, 7),)"},"sentenceIndex":[11,12],"words":["алгоритмов","алгоритмом"],"wordsIndex":[21,5]},"баг":{"params":{"class":"с","classMask":1,"info":{"isCapital":false,"isUpper":false},"stack":"((<DictionaryAnalyzer>, u'\\u0431\\u0430\\u0433', 19, 3),)"},"sentenceIndex":[3,5],"words":["баг","баг"],"wordsIndex":[3,1]},"ближний":{"params":{"class":"п","classMask":2,"info":{"isCapital":false,"isUpper":false},"stack":"((<DictionaryAnalyzer>, u'\\u0431\\u043b\\u0438\\u0436\\u0430\\u0439\\u0448\\u0435\\u0435', 469, 41),)"},"sentenceIndex":[10],"words":["ближайшее"],"wordsIndex":[19]},"блогер":{"params":{"class":"с","classMask":1,"info":{"isCapital":true,"isUpper":false},"stack":"((<DictionaryAnalyzer>, u'\\u0431\\u043b\\u043e\\u0433\\u0435\\u0440', 52, 0),)"},"sentenceIndex":[7,11],"words":["Блогер","блогер"],"wordsIndex":[0,7]},"быть":{"params":{"class":"г","classMask":5,"info":{"isCapital":false,"isUpper":false},"stack":"((<DictionaryAnalyzer>, u'\\u0431\\u044b\\u043b', 587, 4),)"},"sentenceIndex":[3,10],"words":["был","будут"],"wordsIndex":[4,16]},"в":{"params":{"class":"символ","classMask":20,"info":{},"stack":""},"sentenceIndex":[0,6,6,7,9,10,10,11,12],"words":["в","в","в","в","В","в","в","В","в"],"wordsIndex":[5,5,7,5,0,8,18,0,3]},"видео":{"params":{"class":"с","classMask":1,"info":{"isCapital":false,"isUpper":false},"stack":"((<DictionaryAnalyzer>, u'\\u0432\\u0438\\u0434\\u0435\\u043e', 23, 0),)"},"sentenceIndex":[12],"words":["видео"],"wordsIndex":[7]},"видеоблогер":{"params":{"class":"с","classMask":1,"info":{"isCapital":false,"isUpper":false},"stack":"((<DictionaryAnalyzer>, u'\\u0431\\u043b\\u043e\\u0433\\u0435\\u0440\\u043e\\u0432', 52, 7), (<KnownPrefixAnalyzer>, u'\\u0432\\u0438\\u0434\\u0435\\u043e'))"},"sentenceIndex":[6],"words":["видеоблогеров"],"wordsIndex":[15]},"видеосервис":{"params":{"class":"с","classMask":1,"info":{"isCapital":false,"isUpper":false},"stack":"((<DictionaryAnalyzer>, u'\\u0441\\u0435\\u0440\\u0432\\u0438\\u0441\\u0435', 33, 5), (<KnownPrefixAnalyzer>, u'\\u0432\\u0438\\u0434\\u0435\\u043e'))"},"sentenceIndex":[11],"words":["видеосервисе"],"wordsIndex":[24]},"видеохостинг":{"params":{"class":"с","classMask":1,"info":{"isCapital":false,"isUpper":false},"stack":"((<DictionaryAnalyzer>, u'\\u0432\\u0438\\u0434\\u0435\\u043e\\u0445\\u043e\\u0441\\u0442\\u0438\\u043d\\u0433\\u0430', 19, 1),)"},"sentenceIndex":[8,10],"words":["видеохостинга","видеохостинга"],"wordsIndex":[1,10]},"восстановить":{"params":{"class":"кр_причастие","classMask":8,"info":{"isCapital":false,"isUpper":false},"stack":"((<DictionaryAnalyzer>, u'\\u0432\\u043e\\u0441\\u0441\\u0442\\u0430\\u043d\\u043e\\u0432\\u043b\\u0435\\u043d\\u044b', 647, 74),)"},"sentenceIndex":[10],"words":["восстановлены"],"wordsIndex":[17]},"время":{"params":{"class":"с","classMask":1,"info":{"isCapital":false,"isUpper":false},"stack":"((<DictionaryAnalyzer>, u'\\u0432\\u0440\\u0435\\u043c\\u0435\\u043d\\u0438', 536, 1),)"},"sentenceIndex":[6,10],"words":["времени","время"],"wordsIndex":[9,20]},"выяснить":{"params":{"class":"г","classMask":5,"info":{"isCapital":false,"isUpper":false},"stack":"((<DictionaryAnalyzer>, u'\\u0432\\u044b\\u044f\\u0441\\u043d\\u0438\\u043b', 617, 1),)"},"sentenceIndex":[12],"words":["выяснил"],"wordsIndex":[1]},"год":{"params":{"class":"с","classMask":1,"info":{"isCapital":false,"isUpper":false},"stack":"((<DictionaryAnalyzer>, u'\\u0433\\u043e\\u0434\\u0430', 1168, 1),)"},"sentenceIndex":[11],"words":["года"],"wordsIndex":[3]},"дать":{"params":{"class":"причастие","classMask":7,"info":{"isCapital":false,"isUpper":false},"stack":"((<DictionaryAnalyzer>, u'\\u0434\\u0430\\u043d\\u043d\\u044b\\u0435', 843, 62),)"},"sentenceIndex":[10],"words":["данные"],"wordsIndex":[14]},"два":{"params":{"class":"числ","classMask":10,"info":{"isCapital":false,"isUpper":false},"stack":"((<DictionaryAnalyzer>, u'\\u0434\\u0432\\u0430', 1248, 0),)"},"sentenceIndex":[2],"words":["два"],"wordsIndex":[12]},"декабрь":{"params":{"class":"с","classMask":1,"info":{"isCapital":false,"isUpper":false},"stack":"((<DictionaryAnalyzer>, u'\\u0434\\u0435\\u043a\\u0430\\u0431\\u0440\\u0435', 190, 5),)"},"sentenceIndex":[11],"words":["декабре"],"wordsIndex":[1]},"демонстрироваться":{"params":{"class":"г","classMask":5,"info":{"isCapital":false,"isUpper":false},"stack":"((<DictionaryAnalyzer>, u'\\u0434\\u0435\\u043c\\u043e\\u043d\\u0441\\u0442\\u0440\\u0438\\u0440\\u0443\\u044e\\u0442\\u0441\\u044f', 138, 6),)"},"sentenceIndex":[6],"words":["демонстрируются"],"wordsIndex":[10]},"заголовок":{"params":{"class":"с","classMask":1,"info":{"isCapital":false,"isUpper":false},"stack":"((<DictionaryAnalyzer>, u'\\u0437\\u0430\\u0433\\u043e\\u043b\\u043e\\u0432\\u043a\\u0430\\u043c\\u0438', 139, 10),)"},"sentenceIndex":[12],"words":["заголовками"],"wordsIndex":[12]},"заметить":{"params":{"class":"г","classMask":5,"info":{"isCapital":false,"isUpper":false},"stack":"((<DictionaryAnalyzer>, u'\\u0437\\u0430\\u043c\\u0435\\u0442\\u0438\\u043b', 928, 1),)"},"sentenceIndex":[5],"words":["заметил"],"wordsIndex":[2]},"запустить":{"params":{"class":"г","classMask":5,"info":{"isCapital":false,"isUpper":false},"stack":"((<DictionaryAnalyzer>, u'\\u0437\\u0430\\u043f\\u0443\\u0441\\u0442\\u0438\\u043b', 927, 1),)"},"sentenceIndex":[6],"words":["запустил"],"wordsIndex":[2]},"звезда":{"params":{"class":"с","classMask":1,"info":{"isCapital":false,"isUpper":false},"stack":"((<DictionaryAnalyzer>, u'\\u0437\\u0432\\u0451\\u0437\\u0434', 1588, 8),)"},"sentenceIndex":[3],"words":["звезд"],"wordsIndex":[13]},"и":{"params":{"class":"символ","classMask":20,"info":{},"stack":""},"sentenceIndex":[3,11,12],"words":["и","и","и"],"wordsIndex":[15,18,13]},"известный":{"params":{"class":"п","classMask":2,"info":{"isCapital":false,"isUpper":false},"stack":"((<DictionaryAnalyzer>, u'\\u0438\\u0437\\u0432\\u0435\\u0441\\u0442\\u043d\\u044b\\u0439', 86, 0),)"},"sentenceIndex":[11],"words":["известный"],"wordsIndex":[11]},"изображение":{"params":{"class":"с","classMask":1,"info":{"isCapital":false,"isUpper":false},"stack":"((<DictionaryAnalyzer>, u'\\u0438\\u0437\\u043e\\u0431\\u0440\\u0430\\u0436\\u0435\\u043d\\u0438\\u044f\\u043c\\u0438', 76, 20),)"},"sentenceIndex":[12],"words":["изображениями"],"wordsIndex":[15]},"изображение-превить":{"params":{"class":"с","classMask":1201,"info":{"comboClassStats":{"г":1,"с":1},"isCapital":false,"isCombo":true,"isUpper":false},"stack":"<classByLadder>"},"sentenceIndex":[12],"words":["превью-изображениями"],"wordsIndex":[16]},"история":{"params":{"class":"с","classMask":1,"info":{"isCapital":false,"isUpper":false},"stack":"((<DictionaryAnalyzer>, u'\\u0438\\u0441\\u0442\\u043e\\u0440\\u0438\\u0438', 40, 6),)"},"sentenceIndex":[7],"words":["истории"],"wordsIndex":[6]},"к":{"params":{"class":"символ","classMask":20,"info":{},"stack":""},"sentenceIndex":[4],"words":["к"],"wordsIndex":[2]},"как":{"params":{"class":"союз","classMask":15,"info":{"isCapital":true,"isUpper":false},"stack":"((<DictionaryAnalyzer>, u'\\u043a\\u0430\\u043a', 1673, 0),)"},"sentenceIndex":[2,3],"words":["Как","как"],"wordsIndex":[0,2]},"канал":{"params":{"class":"с","classMask":1,"info":{"isCapital":false,"isUpper":false},"stack":"((<DictionaryAnalyzer>, u'\\u043a\\u0430\\u043d\\u0430\\u043b\\u0430', 33, 1),)"},"sentenceIndex":[2,3,5],"words":["канала","каналы","канала"],"wordsIndex":[6,10,4]},"кликбейтный":{"params":{"class":"п","classMask":2,"info":{"isCapital":false,"isUpper":false},"stack":"((<FakeDictionary>, u'\\u043a\\u043b\\u0438\\u043a\\u0431\\u0435\\u0439\\u0442\\u043d\\u044b\\u043c\\u0438', 10, 25), (<KnownSuffixAnalyzer>, u'\\u0442\\u043d\\u044b\\u043c\\u0438'))"},"sentenceIndex":[12],"words":["кликбейтными"],"wordsIndex":[11]},"количество":{"params":{"class":"с","classMask":1,"info":{"isCapital":false,"isUpper":false},"stack":"((<DictionaryAnalyzer>, u'\\u043a\\u043e\\u043b\\u0438\\u0447\\u0435\\u0441\\u0442\\u0432\\u043e', 54, 0),)"},"sentenceIndex":[2],"words":["количество"],"wordsIndex":[9]},"который":{"params":{"class":"п","classMask":2,"info":{"isCapital":false,"isUpper":false},"stack":"((<DictionaryAnalyzer>, u'\\u043a\\u043e\\u0442\\u043e\\u0440\\u043e\\u0439', 1788, 12),)"},"sentenceIndex":[6],"words":["которой"],"wordsIndex":[6]},"крупный":{"params":{"class":"п","classMask":2,"info":{"isCapital":false,"isUpper":false},"stack":"((<DictionaryAnalyzer>, u'\\u043a\\u0440\\u0443\\u043f\\u043d\\u0443\\u044e', 214, 10),)"},"sentenceIndex":[0,4,7],"words":["крупную","крупным","крупной"],"wordsIndex":[3,3,4]},"материал":{"params":{"class":"с","classMask":1,"info":{"isCapital":false,"isUpper":false},"stack":"((<DictionaryAnalyzer>, u'\\u043c\\u0430\\u0442\\u0435\\u0440\\u0438\\u0430\\u043b\\u0430', 158, 1),)"},"sentenceIndex":[10],"words":["материала"],"wordsIndex":[3]},"многие":{"params":{"class":"мс","classMask":12,"info":{"isCapital":false,"isUpper":false},"stack":"((<DictionaryAnalyzer>, u'\\u043c\\u043d\\u043e\\u0433\\u0438\\u0435', 1962, 0),)"},"sentenceIndex":[3],"words":["многие"],"wordsIndex":[6]},"многократно":{"params":{"class":"н","classMask":11,"info":{"isCapital":false,"isUpper":false},"stack":"((<DictionaryAnalyzer>, u'\\u043c\\u043d\\u043e\\u0433\\u043e\\u043a\\u0440\\u0430\\u0442\\u043d\\u043e', 3, 0),)"},"sentenceIndex":[3],"words":["многократно"],"wordsIndex":[16]},"момент":{"params":{"class":"с","classMask":1,"info":{"isCapital":false,"isUpper":false},"stack":"((<DictionaryAnalyzer>, u'\\u043c\\u043e\\u043c\\u0435\\u043d\\u0442', 33, 3),)"},"sentenceIndex":[10],"words":["момент"],"wordsIndex":[1]},"на":{"params":{"class":"предл","classMask":14,"info":{"isCapital":true,"isUpper":false},"stack":"((<DictionaryAnalyzer>, u'\\u043d\\u0430', 24, 0),)"},"sentenceIndex":[2,3,10,11,11],"words":["на","на","На","на","на"],"wordsIndex":[11,9,0,16,23]},"назвать":{"params":{"class":"г","classMask":5,"info":{"isCapital":false,"isUpper":false},"stack":"((<DictionaryAnalyzer>, u'\\u043d\\u0430\\u0437\\u0432\\u0430\\u043b', 851, 1),)"},"sentenceIndex":[7],"words":["назвал"],"wordsIndex":[1]},"написание":{"params":{"class":"с","classMask":1,"info":{"isCapital":false,"isUpper":false},"stack":"((<DictionaryAnalyzer>, u'\\u043d\\u0430\\u043f\\u0438\\u0441\\u0430\\u043d\\u0438\\u044f', 76, 2),)"},"sentenceIndex":[10],"words":["написания"],"wordsIndex":[2]},"не":{"params":{"class":"част","classMask":16,"info":{"isCapital":false,"isUpper":false},"stack":"((<DictionaryAnalyzer>, u'\\u043d\\u0435', 22, 0),)"},"sentenceIndex":[10],"words":["не"],"wordsIndex":[5]},"недоброжелатель":{"params":{"class":"с","classMask":1,"info":{"isCapital":false,"isUpper":false},"stack":"((<DictionaryAnalyzer>, u'\\u043d\\u0435\\u0434\\u043e\\u0431\\u0440\\u043e\\u0436\\u0435\\u043b\\u0430\\u0442\\u0435\\u043b\\u0438', 121, 6),)"},"sentenceIndex":[3],"words":["недоброжелатели"],"wordsIndex":[7]},"некорректно":{"params":{"class":"н","classMask":11,"info":{"isCapital":false,"isUpper":false},"stack":"((<DictionaryAnalyzer>, u'\\u043d\\u0435\\u043a\\u043e\\u0440\\u0440\\u0435\\u043a\\u0442\\u043d\\u043e', 3, 0),)"},"sentenceIndex":[9],"words":["некорректно"],"wordsIndex":[7]},"некорректный":{"params":{"class":"п","classMask":2,"info":{"isCapital":false,"isUpper":false},"stack":"((<DictionaryAnalyzer>, u'\\u043d\\u0435\\u043a\\u043e\\u0440\\u0440\\u0435\\u043a\\u0442\\u043d\\u0443\\u044e', 12, 10),)"},"sentenceIndex":[11],"words":["некорректную"],"wordsIndex":[19]},"некоторый":{"params":{"class":"п","classMask":2,"info":{"isCapital":false,"isUpper":false},"stack":"((<DictionaryAnalyzer>, u'\\u043d\\u0435\\u043a\\u043e\\u0442\\u043e\\u0440\\u044b\\u0435', 1245, 19),)"},"sentenceIndex":[8],"words":["некоторые"],"wordsIndex":[7]},"нелюбимый":{"params":{"class":"п","classMask":2,"info":{"isCapital":false,"isUpper":false},"stack":"((<DictionaryAnalyzer>, u'\\u043d\\u0435\\u043b\\u044e\\u0431\\u0438\\u043c\\u044b\\u0445', 4, 21),)"},"sentenceIndex":[3],"words":["нелюбимых"],"wordsIndex":[11]},"неполадка":{"params":{"class":"с","classMask":1,"info":{"isCapital":false,"isUpper":false},"stack":"((<DictionaryAnalyzer>, u'\\u043d\\u0435\\u043f\\u043e\\u043b\\u0430\\u0434\\u043a\\u0438', 8, 1),)"},"sentenceIndex":[8],"words":["неполадки"],"wordsIndex":[8]},"но":{"params":{"class":"союз","classMask":15,"info":{"isCapital":false,"isUpper":false},"stack":"((<DictionaryAnalyzer>, u'\\u043d\\u043e', 20, 0),)"},"sentenceIndex":[10],"words":["но"],"wordsIndex":[7]},"носить":{"params":{"class":"причастие","classMask":7,"info":{"isCapital":false,"isUpper":false},"stack":"((<DictionaryAnalyzer>, u'\\u043d\\u043e\\u0441\\u044f\\u0449\\u0438\\u043c\\u0438', 1128, 38),)"},"sentenceIndex":[12],"words":["носящими"],"wordsIndex":[17]},"о":{"params":{"class":"предл","classMask":14,"info":{"isCapital":true,"isUpper":false},"stack":"((<DictionaryAnalyzer>, u'\\u043e\\u0431', 2133, 1),)"},"sentenceIndex":[1],"words":["Об"],"wordsIndex":[0]},"обнаружить":{"params":{"class":"г","classMask":5,"info":{"isCapital":false,"isUpper":false},"stack":"((<DictionaryAnalyzer>, u'\\u043e\\u0431\\u043d\\u0430\\u0440\\u0443\\u0436\\u0438\\u043b\\u0438', 727, 4),)"},"sentenceIndex":[0,3],"words":["обнаружили","обнаружен"],"wordsIndex":[2,5]},"обновление":{"params":{"class":"с","classMask":1,"info":{"isCapital":false,"isUpper":false},"stack":"((<DictionaryAnalyzer>, u'\\u043e\\u0431\\u043d\\u043e\\u0432\\u043b\\u0435\\u043d\\u0438\\u0439', 76, 15),)"},"sentenceIndex":[2],"words":["обновлений"],"wordsIndex":[5]},"один":{"params":{"class":"п","classMask":2,"info":{"isCapital":true,"isUpper":false},"stack":"((<DictionaryAnalyzer>, u'\\u043f\\u0435\\u0440\\u0432\\u044b\\u043c', 2198, 31),)"},"sentenceIndex":[5],"words":["Первым"],"wordsIndex":[0]},"от":{"params":{"class":"предл","classMask":14,"info":{"isCapital":false,"isUpper":false},"stack":"((<DictionaryAnalyzer>, u'\\u043e\\u0442', 375, 0),)"},"sentenceIndex":[2],"words":["от"],"wordsIndex":[4]},"отписываться":{"params":{"class":"г","classMask":5,"info":{"isCapital":false,"isUpper":false},"stack":"((<DictionaryAnalyzer>, u'\\u043e\\u0442\\u043f\\u0438\\u0441\\u044b\\u0432\\u0430\\u0435\\u0442\\u0441\\u044f', 224, 5),)"},"sentenceIndex":[2],"words":["отписывается"],"wordsIndex":[3]},"отправиться":{"params":{"class":"г","classMask":5,"info":{"isCapital":false,"isUpper":false},"stack":"((<DictionaryAnalyzer>, u'\\u043e\\u0442\\u043f\\u0440\\u0430\\u0432\\u0438\\u043b\\u0438\\u0441\\u044c', 754, 4),)"},"sentenceIndex":[3],"words":["отправились"],"wordsIndex":[8]},"повторить":{"params":{"class":"г","classMask":5,"info":{"isCapital":false,"isUpper":false},"stack":"((<DictionaryAnalyzer>, u'\\u043f\\u043e\\u0432\\u0442\\u043e\\u0440\\u0438\\u043b\\u0438', 720, 4),)"},"sentenceIndex":[3],"words":["повторили"],"wordsIndex":[17]},"под":{"params":{"class":"предл","classMask":14,"info":{"isCapital":false,"isUpper":false},"stack":"((<DictionaryAnalyzer>, u'\\u043f\\u043e\\u0434', 375, 0),)"},"sentenceIndex":[11],"words":["под"],"wordsIndex":[12]},"подписчик":{"params":{"class":"с","classMask":1,"info":{"isCapital":false,"isUpper":false},"stack":"((<DictionaryAnalyzer>, u'\\u043f\\u043e\\u0434\\u043f\\u0438\\u0441\\u0447\\u0438\\u043a\\u043e\\u0432', 2, 7),)"},"sentenceIndex":[0,2,4,6],"words":["подписчиков","подписчиков","подписчиков","подписчиков"],"wordsIndex":[8,10,5,12]},"подсчёт":{"params":{"class":"с","classMask":1,"info":{"isCapital":false,"isUpper":false},"stack":"((<DictionaryAnalyzer>, u'\\u043f\\u043e\\u0434\\u0441\\u0447\\u0451\\u0442\\u0430', 33, 1),)"},"sentenceIndex":[0,9],"words":["подсчета","подсчета"],"wordsIndex":[7,5]},"подтвердить":{"params":{"class":"г","classMask":5,"info":{"isCapital":false,"isUpper":false},"stack":"((<DictionaryAnalyzer>, u'\\u043f\\u043e\\u0434\\u0442\\u0432\\u0435\\u0440\\u0434\\u0438\\u043b\\u0438', 860, 4),)"},"sentenceIndex":[8],"words":["подтвердили"],"wordsIndex":[2]},"пожаловаться":{"params":{"class":"г","classMask":5,"info":{"isCapital":false,"isUpper":false},"stack":"((<DictionaryAnalyzer>, u'\\u043f\\u043e\\u0436\\u0430\\u043b\\u043e\\u0432\\u0430\\u043b\\u0441\\u044f', 729, 1),)"},"sentenceIndex":[11],"words":["пожаловался"],"wordsIndex":[15]},"пользователь":{"params":{"class":"с","classMask":1,"info":{"isCapital":true,"isUpper":false},"stack":"((<DictionaryAnalyzer>, u'\\u043f\\u043e\\u043b\\u044c\\u0437\\u043e\\u0432\\u0430\\u0442\\u0435\\u043b\\u0438', 121, 6),)"},"sentenceIndex":[0,2,6,12],"words":["Пользователи","пользователь","Пользователь","Пользователь"],"wordsIndex":[0,2,0,0]},"попадать":{"params":{"class":"г","classMask":5,"info":{"isCapital":false,"isUpper":false},"stack":"((<DictionaryAnalyzer>, u'\\u043f\\u043e\\u043f\\u0430\\u0434\\u0430\\u044e\\u0442', 15, 6),)"},"sentenceIndex":[12],"words":["попадают"],"wordsIndex":[8]},"популярный":{"params":{"class":"п","classMask":2,"info":{"isCapital":false,"isUpper":false},"stack":"((<DictionaryAnalyzer>, u'\\u043f\\u043e\\u043f\\u0443\\u043b\\u044f\\u0440\\u043d\\u044b\\u0445', 214, 21),)"},"sentenceIndex":[6,11],"words":["популярных","популярный"],"wordsIndex":[14,5]},"порнографический":{"params":{"class":"п","classMask":2,"info":{"isCapital":false,"isUpper":false},"stack":"((<DictionaryAnalyzer>, u'\\u043f\\u043e\\u0440\\u043d\\u043e\\u0433\\u0440\\u0430\\u0444\\u0438\\u0447\\u0435\\u0441\\u043a\\u0438\\u0439', 16, 0),)"},"sentenceIndex":[12],"words":["порнографический"],"wordsIndex":[18]},"порнография":{"params":{"class":"с","classMask":1,"info":{"isCapital":false,"isUpper":false},"stack":"((<DictionaryAnalyzer>, u'\\u043f\\u043e\\u0440\\u043d\\u043e\\u0433\\u0440\\u0430\\u0444\\u0438\\u044e', 40, 3),)"},"sentenceIndex":[11],"words":["порнографию"],"wordsIndex":[17]},"после":{"params":{"class":"предл","classMask":14,"info":{"isCapital":true,"isUpper":false},"stack":"((<DictionaryAnalyzer>, u'\\u043f\\u043e\\u0441\\u043b\\u0435', 24, 0),)"},"sentenceIndex":[3],"words":["После"],"wordsIndex":[0]},"потеря":{"params":{"class":"с","classMask":1,"info":{"isCapital":false,"isUpper":false},"stack":"((<DictionaryAnalyzer>, u'\\u043f\\u043e\\u0442\\u0435\\u0440\\u044f\\u043c', 335, 9),)"},"sentenceIndex":[4],"words":["потерям"],"wordsIndex":[4]},"превить":{"params":{"class":"г","classMask":5,"info":{"isCapital":false,"isUpper":false},"stack":"((<DictionaryAnalyzer>, u'\\u0432\\u044c\\u044e', 444, 1), (<UnknownPrefixAnalyzer>, u'\\u043f\\u0440\\u0435'))"},"sentenceIndex":[12],"words":["превью"],"wordsIndex":[14]},"представитель":{"params":{"class":"с","classMask":1,"info":{"isCapital":true,"isUpper":false},"stack":"((<DictionaryAnalyzer>, u'\\u043f\\u0440\\u0435\\u0434\\u0441\\u0442\\u0430\\u0432\\u0438\\u0442\\u0435\\u043b\\u0438', 121, 6),)"},"sentenceIndex":[8],"words":["Представители"],"wordsIndex":[0]},"привести":{"params":{"class":"г","classMask":5,"info":{"isCapital":false,"isUpper":false},"stack":"((<DictionaryAnalyzer>, u'\\u043f\\u0440\\u0438\\u0432\\u0435\\u043b\\u043e', 628, 3),)"},"sentenceIndex":[4],"words":["привело"],"wordsIndex":[1]},"произойти":{"params":{"class":"г","classMask":5,"info":{"isCapital":false,"isUpper":false},"stack":"((<DictionaryAnalyzer>, u'\\u043f\\u0440\\u043e\\u0438\\u0437\\u043e\\u0448\\u043b\\u0438', 2581, 4),)"},"sentenceIndex":[8],"words":["произошли"],"wordsIndex":[6]},"процедура":{"params":{"class":"с","classMask":1,"info":{"isCapital":false,"isUpper":false},"stack":"((<DictionaryAnalyzer>, u'\\u043f\\u0440\\u043e\\u0446\\u0435\\u0434\\u0443\\u0440\\u0443', 55, 3),)"},"sentenceIndex":[3],"words":["процедуру"],"wordsIndex":[18]},"прямая":{"params":{"class":"с","classMask":1,"info":{"isCapital":false,"isUpper":false},"stack":"((<DictionaryAnalyzer>, u'\\u043f\\u0440\\u044f\\u043c\\u0443\\u044e', 115, 3),)"},"sentenceIndex":[6],"words":["прямую"],"wordsIndex":[3]},"псевдоним":{"params":{"class":"с","classMask":1,"info":{"isCapital":false,"isUpper":false},"stack":"((<DictionaryAnalyzer>, u'\\u043f\\u0441\\u0435\\u0432\\u0434\\u043e\\u043d\\u0438\\u043c\\u043e\\u043c', 33, 4),)"},"sentenceIndex":[11],"words":["псевдонимом"],"wordsIndex":[13]},"работа":{"params":{"class":"с","classMask":1,"info":{"isCapital":false,"isUpper":false},"stack":"((<DictionaryAnalyzer>, u'\\u0440\\u0430\\u0431\\u043e\\u0442\\u0443', 55, 3),)"},"sentenceIndex":[11],"words":["работу"],"wordsIndex":[20]},"работать":{"params":{"class":"г","classMask":5,"info":{"isCapital":false,"isUpper":false},"stack":"((<DictionaryAnalyzer>, u'\\u0440\\u0430\\u0431\\u043e\\u0442\\u0430\\u043b\\u0430', 15, 8),)"},"sentenceIndex":[9],"words":["работала"],"wordsIndex":[6]},"реальный":{"params":{"class":"п","classMask":2,"info":{"isCapital":false,"isUpper":false},"stack":"((<DictionaryAnalyzer>, u'\\u0440\\u0435\\u0430\\u043b\\u044c\\u043d\\u043e\\u043c', 216, 19),)"},"sentenceIndex":[6,10],"words":["реальном","реальные"],"wordsIndex":[8,13]},"рекомендация":{"params":{"class":"с","classMask":1,"info":{"isCapital":false,"isUpper":false},"stack":"((<DictionaryAnalyzer>, u'\\u0440\\u0435\\u043a\\u043e\\u043c\\u0435\\u043d\\u0434\\u0430\\u0446\\u0438\\u0439', 40, 8),)"},"sentenceIndex":[11],"words":["рекомендаций"],"wordsIndex":[22]},"рекомендовать":{"params":{"class":"причастие","classMask":7,"info":{"isCapital":false,"isUpper":false},"stack":"((<DictionaryAnalyzer>, u'\\u0440\\u0435\\u043a\\u043e\\u043c\\u0435\\u043d\\u0434\\u0443\\u0435\\u043c\\u044b\\u0445', 75, 159),)"},"sentenceIndex":[12],"words":["рекомендуемых"],"wordsIndex":[4]},"ролик":{"params":{"class":"с","classMask":1,"info":{"isCapital":false,"isUpper":false},"stack":"((<DictionaryAnalyzer>, u'\\u0440\\u043e\\u043b\\u0438\\u043a\\u0438', 19, 6),)"},"sentenceIndex":[12],"words":["ролики"],"wordsIndex":[9]},"с":{"params":{"class":"предл","classMask":14,"info":{"isCapital":false,"isUpper":false},"stack":"((<DictionaryAnalyzer>, u'\\u0441\\u043e', 375, 1),)"},"sentenceIndex":[8,9,12],"words":["со","с","с"],"wordsIndex":[4,8,10]},"самый":{"params":{"class":"п","classMask":2,"info":{"isCapital":false,"isUpper":false},"stack":"((<DictionaryAnalyzer>, u'\\u0441\\u0430\\u043c\\u044b\\u0445', 1245, 20),)"},"sentenceIndex":[6,7,11],"words":["самых","самой","самый"],"wordsIndex":[13,3,4]},"система":{"params":{"class":"с","classMask":1,"info":{"isCapital":false,"isUpper":false},"stack":"((<DictionaryAnalyzer>, u'\\u0441\\u0438\\u0441\\u0442\\u0435\\u043c\\u0435', 55, 6),)"},"sentenceIndex":[0,2,9],"words":["системе","система","система"],"wordsIndex":[6,7,4]},"сообщать":{"params":{"class":"г","classMask":5,"info":{"isCapital":false,"isUpper":false},"stack":"((<DictionaryAnalyzer>, u'\\u0441\\u043e\\u043e\\u0431\\u0449\\u0430\\u0435\\u0442', 206, 5),)"},"sentenceIndex":[1],"words":["сообщает"],"wordsIndex":[2]},"счётчик":{"params":{"class":"с","classMask":1,"info":{"isCapital":false,"isUpper":false},"stack":"((<DictionaryAnalyzer>, u'\\u0441\\u0447\\u0451\\u0442\\u0447\\u0438\\u043a\\u0438', 2, 6),)"},"sentenceIndex":[6,8,10],"words":["счетчики","счетчиком","счетчиков"],"wordsIndex":[11,5,15]},"также":{"params":{"class":"союз","classMask":15,"info":{"isCapital":false,"isUpper":false},"stack":"((<DictionaryAnalyzer>, u'\\u0442\\u0430\\u043a\\u0436\\u0435', 20, 0),)"},"sentenceIndex":[6],"words":["также"],"wordsIndex":[1]},"только":{"params":{"class":"част","classMask":16,"info":{"isCapital":false,"isUpper":false},"stack":"((<DictionaryAnalyzer>, u'\\u0442\\u043e\\u043b\\u044c\\u043a\\u043e', 2892, 0),)"},"sentenceIndex":[2],"words":["только"],"wordsIndex":[1]},"тот":{"params":{"class":"имя","classMask":1122,"info":{"isCapital":false,"isCountry":true,"isUpper":false},"stack":"((<DictionaryAnalyzer>, u'\\u0442\\u043e\\u0433\\u043e', 2900, 14),)"},"sentenceIndex":[3],"words":["того"],"wordsIndex":[1]},"трансляция":{"params":{"class":"с","classMask":1,"info":{"isCapital":false,"isUpper":false},"stack":"((<DictionaryAnalyzer>, u'\\u0442\\u0440\\u0430\\u043d\\u0441\\u043b\\u044f\\u0446\\u0438\\u044e', 40, 3),)"},"sentenceIndex":[6],"words":["трансляцию"],"wordsIndex":[4]},"уверять":{"params":{"class":"г","classMask":5,"info":{"isCapital":false,"isUpper":false},"stack":"((<DictionaryAnalyzer>, u'\\u0443\\u0432\\u0435\\u0440\\u044f\\u044e\\u0442', 206, 6),)"},"sentenceIndex":[10],"words":["уверяют"],"wordsIndex":[11]},"уменьшать":{"params":{"class":"г","classMask":5,"info":{"isCapital":false,"isUpper":false},"stack":"((<DictionaryAnalyzer>, u'\\u0443\\u043c\\u0435\\u043d\\u044c\\u0448\\u0430\\u0435\\u0442', 206, 5),)"},"sentenceIndex":[2],"words":["уменьшает"],"wordsIndex":[8]},"устранить":{"params":{"class":"кр_причастие","classMask":8,"info":{"isCapital":false,"isUpper":false},"stack":"((<DictionaryAnalyzer>, u'\\u0443\\u0441\\u0442\\u0440\\u0430\\u043d\\u0435\\u043d\\u0430', 720, 73),)"},"sentenceIndex":[10],"words":["устранена"],"wordsIndex":[6]},"уточнить":{"params":{"class":"г","classMask":5,"info":{"isCapital":false,"isUpper":false},"stack":"((<DictionaryAnalyzer>, u'\\u0443\\u0442\\u043e\\u0447\\u043d\\u0438\\u043b\\u0438', 720, 4),)"},"sentenceIndex":[9],"words":["уточнили"],"wordsIndex":[2]},"уязвимость":{"params":{"class":"с","classMask":1,"info":{"isCapital":false,"isUpper":false},"stack":"((<DictionaryAnalyzer>, u'\\u0443\\u044f\\u0437\\u0432\\u0438\\u043c\\u043e\\u0441\\u0442\\u044c', 13, 0),)"},"sentenceIndex":[0,7,10],"words":["уязвимость","уязвимость","уязвимость"],"wordsIndex":[4,2,4]},"февраль":{"params":{"class":"с","classMask":1,"info":{"isCapital":false,"isUpper":false},"stack":"((<DictionaryAnalyzer>, u'\\u0444\\u0435\\u0432\\u0440\\u0430\\u043b\\u044f', 190, 1),)"},"sentenceIndex":[9],"words":["февраля"],"wordsIndex":[10]},"феликс":{"params":{"class":"имя","classMask":22,"info":{"isCapital":true,"isUpper":false},"stack":"((<DictionaryAnalyzer>, u'\\u0444\\u0435\\u043b\\u0438\\u043a\\u0441', 26, 0),)"},"sentenceIndex":[11],"words":["Феликс"],"wordsIndex":[9]},"характер":{"params":{"class":"с","classMask":1,"info":{"isCapital":false,"isUpper":false},"stack":"((<DictionaryAnalyzer>, u'\\u0445\\u0430\\u0440\\u0430\\u043a\\u0442\\u0435\\u0440', 2978, 3),)"},"sentenceIndex":[12],"words":["характер"],"wordsIndex":[19]},"чельберг":{"params":{"class":"имя","classMask":22,"info":{"isCapital":true,"isUpper":false},"stack":"((<DictionaryAnalyzer>, u'\\u0431\\u0435\\u0440\\u0433', 49, 0), (<UnknownPrefixAnalyzer>, u'\\u0447\\u0435\\u043b\\u044c'))"},"sentenceIndex":[11],"words":["Чельберг"],"wordsIndex":[10]},"что":{"params":{"class":"союз","classMask":15,"info":{"isCapital":false,"isUpper":false},"stack":"((<DictionaryAnalyzer>, u'\\u0447\\u0442\\u043e', 3046, 0),)"},"sentenceIndex":[8,9,10,12],"words":["что","что","что","что"],"wordsIndex":[3,3,12,2]},"это":{"params":{"class":"мс","classMask":12,"info":{"isCapital":true,"isUpper":false},"stack":"((<DictionaryAnalyzer>, u'\\u044d\\u0442\\u043e\\u043c', 3098, 5),)"},"sentenceIndex":[1,4],"words":["этом","Это"],"wordsIndex":[1,0]},"юзер":{"params":{"class":"с","classMask":1,"info":{"isCapital":false,"isUpper":false},"stack":"((<DictionaryAnalyzer>, u'\\u044e\\u0437\\u0435\\u0440\\u0430', 2576, 1),)"},"sentenceIndex":[2],"words":["юзера"],"wordsIndex":[13]}}