{"100":{"indexObj":{"classMask":19,"counter":3365.0,"finded":2255,"isExisted":true,"letterId":60,"meta":"{}","server":"_buber3_","table":"wordIndex.other","uid":257,"word":"100","wordHash":"f899139df5e1059396431415e770c6dd_643c30f73a3017050b287794fc8c5bb9ab06b9ce38a1fc58df402a8b66ff58f69bf0a606ae17585352a0306f0e9752de8c5c064aed7003f52808b43ff992a603","wordId":"60:257"},"morphObj":{"params":{"class":"наим","classMask":19,"info":{},"stack":""},"sentenceIndex":[2,9],"words":["100","100"],"wordsIndex":[11,5]},"rating":40.0,"stats":{"counter":3365.0,"counterAll":6730.0,"isAdjf":0,"isCombo":0,"isComp":0,"isCountry":0,"isEng":0,"isName":0,"isNominal":1,"isNoun":0,"isNum":0,"isPrtf":0,"isSymbol":0,"isUnknown":0,"isVerb":0,"repeat":0.4,"weight":0.03147242304922418,"weightAll":0.06294484609844836}},"400":{"indexObj":{"classMask":19,"counter":914.0,"finded":724,"isExisted":true,"letterId":65,"meta":"{}","server":"_buber3_","table":"wordIndex.other","uid":517,"word":"400","wordHash":"18d8042386b79e2c279fd162df0205c8_291d69ce0cabc29f2e1fd1a629932757bdb93989721dc8b307f6aa1f4bb824299376c3e6b30ab3a3280e5341040fe0cde955653dfebb25b1b76a88f2bded1028","wordId":"65:517"},"morphObj":{"params":{"class":"наим","classMask":19,"info":{},"stack":""},"sentenceIndex":[0],"words":["400"],"wordsIndex":[1]},"rating":20.0,"stats":{"counter":914.0,"counterAll":914.0,"isAdjf":0,"isCombo":0,"isComp":0,"isCountry":0,"isEng":0,"isName":0,"isNominal":1,"isNoun":0,"isNum":0,"isPrtf":0,"isSymbol":0,"isUnknown":0,"isVerb":0,"repeat":0.2,"weight":0.008548527389893285,"weightAll":0.008548527389893285}},"new":{"indexObj":{"classMask":22,"counter":729.0,"finded":405,"isExisted":true,"letterId":48,"meta":"{}","server":"_buber3_","table":"wordIndex.en","uid":1862,"word":"new","wordHash":"22af645d1859cb5ca6da0c484f1f37ea_aa54def9e0bb11c1ebbfc97a9ee63af9e95c4fdf1d032b1ddcc0f21661f748651d2b2b8fb94e9ae041780554db29815daa1c0fe991ddae54eff0c4c28cd9d20c","wordId":"48:1862"},"morphObj":{"params":{"class":"имя","classMask":22,"info":{"isCapital":true,"isUpper":false},"stack":""},"sentenceIndex":[0],"words":["New"],"wordsIndex":[15]},"rating":120.0,"stats":{"counter":729.0,"counterAll":729.0,"isAdjf":0,"isCombo":0,"isComp":0,"isCountry":0,"isEng":0,"isName":1,"isNominal":0,"isNoun":0,"isNum":0,"isPrtf":0,"isSymbol":0,"isUnknown":0,"isVerb":0,"repeat":0.2,"weight":0.006818245587781405,"weightAll":0.006818245587781405}},"radio":{"indexObj":{"classMask":22,"counter":250.0,"finded":121,"isExisted":true,"letterId":52,"meta":"{}","server":"_buber3_","table":"wordIndex.en","uid":1885,"word":"radio","wordHash":"a398fb77df76e6153df57cd65fd0a7c5_98057ee1395eb3bb9524310615c991f6bdd2c0ae010e4f6fab2e22cc82e11637bed65db6a8b5a5b96f8eada862fef7ae0012376d0c5fee191a18f3a9d832abfe","wordId":"52:1885"},"morphObj":{"params":{"class":"имя","classMask":22,"info":{"isCapital":true,"isUpper":false},"stack":""},"sentenceIndex":[0],"words":["Radio"],"wordsIndex":[14]},"rating":120.0,"stats":{"counter":250.0,"counterAll":250.0,"isAdjf":0,"isCombo":0,"isComp":0,"isCountry":0,"isEng":0,"isName":1,"isNominal":0,"isNoun":0,"isNum":0,"isPrtf":0,"isSymbol":0,"isUnknown":0,"isVerb":0,"repeat":0.2,"weight":0.0023382186515025394,"weightAll":0.0023382186515025394}},"zealand":{"indexObj":{"classMask":22,"counter":39.0,"finded":24,"isExisted":true,"letterId":59,"meta":"{}","server":"_buber3_","table":"wordIndex.en","uid":3417,"word":"zealand","wordHash":"12756364a7a6f077115746fa8cb7ac1f_30301a7b54c8761b9f6e5dc2f6018c520f58671ebcd5ebc73d3fff75c2b1ba3193bd2c1e3abff9e0a9d3508690c5a8aba98d0d816d6cfda42418f06ebcb5efd8","wordId":"59:3417"},"morphObj":{"params":{"class":"имя","classMask":22,"info":{"isCapital":true,"isUpper":false},"stack":""},"sentenceIndex":[0],"words":["Zealand"],"wordsIndex":[16]},"rating":120.0,"stats":{"counter":39.0,"counterAll":39.0,"isAdjf":0,"isCombo":0,"isComp":0,"isCountry":0,"isEng":0,"isName":1,"isNominal":0,"isNoun":0,"isNum":0,"isPrtf":0,"isSymbol":0,"isUnknown":0,"isVerb":0,"repeat":0.2,"weight":0.00036476210963439615,"weightAll":0.00036476210963439615}},"берег":{"indexObj":{"classMask":1,"counter":4135.0,"finded":2728,"isExisted":true,"letterId":1,"meta":"{}","server":"_buber3_","table":"wordIndex.ru","uid":1398,"word":"берег","wordHash":"9b4ab941bbb72e8e87c800dbe463185d_a624535b38886bdd291b6109a6b13bbcf0822cb9d58ec49dfefeb3a524f8dc156f93184ef2a64f330979383cdd518b813b6e7c867d1f55ebcd9243d9dcb0fedd","wordId":"1:1398"},"morphObj":{"params":{"class":"с","classMask":1,"info":{"isCapital":false,"isUpper":false},"stack":"((<DictionaryAnalyzer>, u'\\u0431\\u0435\\u0440\\u0435\\u0433', 409, 0),)"},"sentenceIndex":[0,6,8],"words":["берег","берег","берег"],"wordsIndex":[9,9,7]},"rating":60.0,"stats":{"counter":4135.0,"counterAll":12405.0,"isAdjf":0,"isCombo":0,"isComp":0,"isCountry":0,"isEng":0,"isName":0,"isNominal":0,"isNoun":1,"isNum":0,"isPrtf":0,"isSymbol":0,"isUnknown":0,"isVerb":0,"repeat":0.6,"weight":0.038674136495852,"weightAll":0.116022409487556}},"более":{"indexObj":{"classMask":11,"counter":11616.0,"finded":6121,"isExisted":true,"letterId":1,"meta":"{}","server":"_buber3_","table":"wordIndex.ru","uid":561,"word":"более","wordHash":"9919bcf8d0d8e64a7537311526a42aa7_c6fce576ec302921b198cf760dbed4269a5c07e115fe76c6fc8e0de7cc11c269a4a55db61256786a216e856099b77a8654281448996afb363420d535673fc853","wordId":"1:561"},"morphObj":{"params":{"class":"н","classMask":11,"info":{"isCapital":true,"isUpper":false},"stack":"((<DictionaryAnalyzer>, u'\\u0431\\u043e\\u043b\\u0435\\u0435', 3, 0),)"},"sentenceIndex":[0],"words":["Более"],"wordsIndex":[0]},"rating":20.0,"stats":{"counter":11616.0,"counterAll":11616.0,"isAdjf":0,"isCombo":0,"isComp":0,"isCountry":0,"isEng":0,"isName":0,"isNominal":0,"isNoun":0,"isNum":0,"isPrtf":0,"isSymbol":0,"isUnknown":0,"isVerb":0,"repeat":0.2,"weight":0.10864299142341399,"weightAll":0.10864299142341399}},"бухта":{"indexObj":{"classMask":1,"counter":295.0,"finded":156,"isExisted":true,"letterId":1,"meta":"{}","server":"_buber3_","table":"wordIndex.ru","uid":2761,"word":"бухта","wordHash":"651bc67d41c9c673c46bca4366117801_4abf09344f516adaeaa39d1f44212008c31536ad0edc26c17742fc45b99cefb53fa399ddcc61884fa5b7021bf00a10480f9e079397e974f24e30ea940b597c2d","wordId":"1:2761"},"morphObj":{"params":{"class":"с","classMask":1,"info":{"isCapital":false,"isUpper":false},"stack":"((<DictionaryAnalyzer>, u'\\u0431\\u0443\\u0445\\u0442\\u0435', 55, 6),)"},"sentenceIndex":[4],"words":["бухте"],"wordsIndex":[7]},"rating":20.0,"stats":{"counter":295.0,"counterAll":295.0,"isAdjf":0,"isCombo":0,"isComp":0,"isCountry":0,"isEng":0,"isName":0,"isNominal":0,"isNoun":1,"isNum":0,"isPrtf":0,"isSymbol":0,"isUnknown":0,"isVerb":0,"repeat":0.2,"weight":0.0027590980087729964,"weightAll":0.0027590980087729964}},"быть":{"indexObj":{"classMask":5,"counter":106921.0,"finded":19713,"isExisted":true,"letterId":1,"meta":"{}","server":"_buber3_","table":"wordIndex.ru","uid":253,"word":"быть","wordHash":"714cdce3286cb2e2d53894204ad7c323_fcf73f0508e9f990293dfa00a5434e590dd4fb647c39ce4b1e7dafff7d73b474f4433574fc482055ab35a432ae9f7c848645cd7b94596a9006f0b64e37f06a17","wordId":"1:253"},"morphObj":{"params":{"class":"г","classMask":5,"info":{"isCapital":true,"isUpper":false},"stack":"((<DictionaryAnalyzer>, u'\\u0431\\u044b\\u043b\\u0430', 587, 5),)"},"sentenceIndex":[2],"words":["Была"],"wordsIndex":[0]},"rating":20.0,"stats":{"counter":106921.0,"counterAll":106921.0,"isAdjf":0,"isCombo":0,"isComp":0,"isCountry":0,"isEng":0,"isName":0,"isNominal":0,"isNoun":0,"isNum":0,"isPrtf":0,"isSymbol":0,"isUnknown":0,"isVerb":1,"repeat":0.2,"weight":1.000018705749212,"weightAll":1.000018705749212}},"волонтёр":{"indexObj":{"classMask":1,"counter":113.0,"finded":74,"isExisted":true,"letterId":4,"meta":"{}","server":"_buber3_","table":"wordIndex.ru","uid":7442,"word":"волонтёр","wordHash":"b2cbece7a2c383bed1fd66f0e0a8d83e_6eafcb34dc9aaaa1fe364e5a9452e55ad712a116f9ecb7b9ec4e65009b13f862f0d2b1d16bc0354056f8230c464d4ae5c594f7095c1e6afdc6ac87dff2102df6","wordId":"4:7442"},"morphObj":{"params":{"class":"с","classMask":1,"info":{"isCapital":true,"isUpper":false},"stack":"((<DictionaryAnalyzer>, u'\\u0432\\u043e\\u043b\\u043e\\u043d\\u0442\\u0451\\u0440\\u0430\\u043c', 52, 8),)"},"sentenceIndex":[2,9],"words":["волонтерам","Волонтеры"],"wordsIndex":[6,0]},"rating":40.0,"stats":{"counter":113.0,"counterAll":226.0,"isAdjf":0,"isCombo":0,"isComp":0,"isCountry":0,"isEng":0,"isName":0,"isNominal":0,"isNoun":1,"isNum":0,"isPrtf":0,"isSymbol":0,"isUnknown":0,"isVerb":0,"repeat":0.4,"weight":0.0010568748304791479,"weightAll":0.0021137496609582957}},"выбрасываться":{"indexObj":{"classMask":5,"counter":26.0,"finded":22,"isExisted":true,"letterId":4,"meta":"{}","server":"_buber3_","table":"wordIndex.ru","uid":22553,"word":"выбрасываться","wordHash":"ceb320ad97a1f812a67903beb6a78a9a_e49be5407f3617fdc70680ab028e785299796a56a70c33830592740c7696aca6761b1799dbfb46eee65c2bf1320b53672e2d7e9bc4a60afd6f4e9cd43dbd53ef","wordId":"4:22553"},"morphObj":{"params":{"class":"г","classMask":5,"info":{"isCapital":false,"isUpper":false},"stack":"((<DictionaryAnalyzer>, u'\\u0432\\u044b\\u0431\\u0440\\u0430\\u0441\\u044b\\u0432\\u0430\\u044e\\u0442\\u0441\\u044f', 224, 6),)"},"sentenceIndex":[6,8],"words":["выбрасываются","выбрасывается"],"wordsIndex":[7,5]},"rating":40.0,"stats":{"counter":26.0,"counterAll":52.0,"isAdjf":0,"isCombo":0,"isComp":0,"isCountry":0,"isEng":0,"isName":0,"isNominal":0,"isNoun":0,"isNum":0,"isPrtf":0,"isSymbol":0,"isUnknown":0,"isVerb":1,"repeat":0.4,"weight":0.00024317473975626408,"weightAll":0.00048634947951252817}},"выброситься":{"indexObj":{"classMask":5,"counter":20.0,"finded":14,"isExisted":true,"letterId":4,"meta":"{}","server":"_buber3_","table":"wordIndex.ru","uid":246984,"word":"выброситься","wordHash":"7b3eb4d1cf0ff6d3663f25b48b4365a4_7503f6577af0394c2d823c5447f15470dbbe4fdd33a0ac821cfbe0c5121953ae162bddc183a6937b8ce27ea60bfb5fc3f8eec4b3c4cc21483a9190e66818589f","wordId":"4:246984"},"morphObj":{"params":{"class":"г","classMask":5,"info":{"isCapital":false,"isUpper":false},"stack":"((<DictionaryAnalyzer>, u'\\u0432\\u044b\\u0431\\u0440\\u043e\\u0441\\u0438\\u043b\\u0438\\u0441\\u044c', 990, 4),)"},"sentenceIndex":[0],"words":["выбросились"],"wordsIndex":[7]},"rating":20.0,"stats":{"counter":20.0,"counterAll":20.0,"isAdjf":0,"isCombo":0,"isComp":0,"isCountry":0,"isEng":0,"isName":0,"isNominal":0,"isNoun":0,"isNum":0,"isPrtf":0,"isSymbol":0,"isUnknown":0,"isVerb":1,"repeat":0.2,"weight":0.00018705749212020314,"weightAll":0.00018705749212020314}},"гринд":{"indexObj":{"classMask":1,"counter":28.0,"finded":8,"isExisted":true,"letterId":3,"meta":"{}","server":"_buber3_","table":"wordIndex.ru","uid":255518,"word":"гринд","wordHash":"1390041f279485de4ea812d5a2fb358c_b7b7016db400e9da760d258da68b46c47f5c31079c0f82dae508f7c5e98e1d23cd5f763855fb6b394c31ac6c9aec496c04f44185dda235d433121c5f92482d35","wordId":"3:255518"},"morphObj":{"params":{"class":"с","classMask":1,"info":{"isCapital":false,"isUpper":false},"stack":"((<DictionaryAnalyzer>, u'\\u0438\\u043d\\u0434', 32, 0), (<UnknownPrefixAnalyzer>, u'\\u0433\\u0440'))"},"sentenceIndex":[0],"words":["гринд"],"wordsIndex":[4]},"rating":20.0,"stats":{"counter":28.0,"counterAll":28.0,"isAdjf":0,"isCombo":0,"isComp":0,"isCountry":0,"isEng":0,"isName":0,"isNominal":0,"isNoun":1,"isNum":0,"isPrtf":0,"isSymbol":0,"isUnknown":0,"isVerb":0,"repeat":0.2,"weight":0.0002618804889682844,"weightAll":0.0002618804889682844}},"гринд-дельфин":{"indexObj":{"classMask":1201,"counter":7.0,"finded":6,"isExisted":true,"letterId":3,"meta":"{}","server":"_buber3_","table":"wordIndex.ru","uid":346161,"word":"гринд-дельфин","wordHash":"175641a10a05ef05670872857ed7f575_755b2e43d55dbc6125c8df891e0bb35a84fd758743c97ea669ad5f621c2229e19e4422e55df7b8eb3df0e471607e7ab4da06738609cb6978547708e124bc308f","wordId":"3:346161"},"morphObj":{"params":{"class":"с","classMask":1201,"info":{"comboClassStats":{"с":2},"isCapital":false,"isCombo":true,"isUpper":false},"stack":"<classByLadder>"},"sentenceIndex":[0],"words":["дельфинов-гринд"],"wordsIndex":[5]},"rating":20.0,"stats":{"counter":7.0,"counterAll":7.0,"isAdjf":0,"isCombo":1,"isComp":0,"isCountry":0,"isEng":0,"isName":0,"isNominal":0,"isNoun":1,"isNum":0,"isPrtf":0,"isSymbol":0,"isUnknown":0,"isVerb":0,"repeat":0.2,"weight":6.54701222420711e-05,"weightAll":6.54701222420711e-05}},"дельфин":{"indexObj":{"classMask":1,"counter":129.0,"finded":42,"isExisted":true,"letterId":6,"meta":"{}","server":"_buber3_","table":"wordIndex.ru","uid":30497,"word":"дельфин","wordHash":"5de9ed9e026dc3b39a798dcb555b971a_c25a4f335ec82b2a2105141261f11b0d96b585703117d3b67bf784452707638e7a36d0b035ccf4c276494dc76c417dee1ca6369b9b50b7d7ad4948295d3b4b00","wordId":"6:30497"},"morphObj":{"params":{"class":"с","classMask":1,"info":{"isCapital":false,"isUpper":false},"stack":"((<DictionaryAnalyzer>, u'\\u0434\\u0435\\u043b\\u044c\\u0444\\u0438\\u043d\\u043e\\u0432', 52, 7),)"},"sentenceIndex":[0,2,4,6,8],"words":["дельфинов","дельфинов","дельфины","дельфины","дельфин"],"wordsIndex":[3,12,3,2,4]},"rating":100.0,"stats":{"counter":129.0,"counterAll":645.0,"isAdjf":0,"isCombo":0,"isComp":0,"isCountry":0,"isEng":0,"isName":0,"isNominal":0,"isNoun":1,"isNum":0,"isPrtf":0,"isSymbol":0,"isUnknown":0,"isVerb":0,"repeat":1.0,"weight":0.0012065208241753102,"weightAll":0.006032604120876551}},"другой":{"indexObj":{"classMask":2,"counter":17058.0,"finded":8790,"isExisted":true,"letterId":6,"meta":"{}","server":"_buber3_","table":"wordIndex.ru","uid":229,"word":"другой","wordHash":"3665e7da70aa4d5b3baec9b9b4315f57_f32ad6577e686492112550380a2437406d60d58adc285ebd39010d4fe1cac99747b4caa5b0e0a8c5283b92319a04c76dab2943c7e9aa8503100a6ffa26e58d5a","wordId":"6:229"},"morphObj":{"params":{"class":"п","classMask":2,"info":{"isCapital":false,"isUpper":false},"stack":"((<DictionaryAnalyzer>, u'\\u0434\\u0440\\u0443\\u0433\\u0438\\u0435', 1362, 20),)"},"sentenceIndex":[8],"words":["другие"],"wordsIndex":[8]},"rating":20.0,"stats":{"counter":17058.0,"counterAll":17058.0,"isAdjf":1,"isCombo":0,"isComp":0,"isCountry":0,"isEng":0,"isName":0,"isNominal":0,"isNoun":0,"isNum":0,"isPrtf":0,"isSymbol":0,"isUnknown":0,"isVerb":0,"repeat":0.2,"weight":0.15954133502932127,"weightAll":0.15954133502932127}},"животное":{"indexObj":{"classMask":1,"counter":1227.0,"finded":680,"isExisted":true,"letterId":8,"meta":"{}","server":"_buber3_","table":"wordIndex.ru","uid":3653,"word":"животное","wordHash":"acbe529fa6d9cdeef49573b966d3bb23_5a14c2fda904ba2ed3e21f33ac2f97f0d9c072f97ce2f2098e694b8db20727c953bc814f90e3e34672bb7abf70a3ad174ba4282c1b4f101a111032ac6ed98404","wordId":"8:3653"},"morphObj":{"params":{"class":"с","classMask":1,"info":{"isCapital":false,"isUpper":false},"stack":"((<DictionaryAnalyzer>, u'\\u0436\\u0438\\u0432\\u043e\\u0442\\u043d\\u044b\\u0435', 1399, 6),)"},"sentenceIndex":[3],"words":["животные"],"wordsIndex":[1]},"rating":20.0,"stats":{"counter":1227.0,"counterAll":1227.0,"isAdjf":0,"isCombo":0,"isComp":0,"isCountry":0,"isEng":0,"isName":0,"isNominal":0,"isNoun":1,"isNum":0,"isPrtf":0,"isSymbol":0,"isUnknown":0,"isVerb":0,"repeat":0.2,"weight":0.011475977141574462,"weightAll":0.011475977141574462}},"зеландия":{"indexObj":{"classMask":22,"counter":467.0,"finded":229,"isExisted":true,"letterId":7,"meta":"{}","server":"_buber3_","table":"wordIndex.ru","uid":3683,"word":"зеландия","wordHash":"4b75e25256692dd3e0d08211835554e5_1a1a54109f4e367d2abbdf49c52bbb3a13a8430c666cb0eecf1408bb3fe21082d07e7320a2c0b7359767f98393624e37491b4bb58b9eb1dcc6fd80baa15f71f8","wordId":"7:3683"},"morphObj":{"params":{"class":"имя","classMask":22,"info":{"isCapital":true,"isUpper":false},"stack":"((<DictionaryAnalyzer>, u'\\u0437\\u0435\\u043b\\u0430\\u043d\\u0434\\u0438\\u0438', 70, 1),)"},"sentenceIndex":[0,1,6],"words":["Зеландии","Зеландии","Зеландии"],"wordsIndex":[12,7,5]},"rating":160.0,"stats":{"counter":467.0,"counterAll":1401.0,"isAdjf":0,"isCombo":0,"isComp":0,"isCountry":0,"isEng":0,"isName":1,"isNominal":0,"isNoun":0,"isNum":0,"isPrtf":0,"isSymbol":0,"isUnknown":0,"isVerb":0,"repeat":0.6,"weight":0.004367792441006744,"weightAll":0.01310337732302023}},"имя":{"indexObj":{"classMask":1,"counter":14220.0,"finded":7067,"isExisted":true,"letterId":10,"meta":"{}","server":"_buber3_","table":"wordIndex.ru","uid":127,"word":"имя","wordHash":"f08ca02ac8bb7e9293b47c3ec614fde3_e1b6b2cd08e47704d37a4791efe4110733388e9938097027970e23f965d723cface6faf27c6297e5ddb76ad640116dae1ede153d3e7608adb0d9715de31eba52","wordId":"10:127"},"morphObj":{"params":{"class":"с","classMask":1,"info":{"isCapital":false,"isUpper":false},"stack":"((<DictionaryAnalyzer>, u'\\u0438\\u043c', 1647, 12),)"},"sentenceIndex":[5],"words":["им"],"wordsIndex":[5]},"rating":20.0,"stats":{"counter":14220.0,"counterAll":14220.0,"isAdjf":0,"isCombo":0,"isComp":0,"isCountry":0,"isEng":0,"isName":0,"isNominal":0,"isNoun":1,"isNum":0,"isPrtf":0,"isSymbol":0,"isUnknown":0,"isVerb":0,"repeat":0.2,"weight":0.13299787689746442,"weightAll":0.13299787689746442}},"инцидент":{"indexObj":{"classMask":1,"counter":567.0,"finded":402,"isExisted":true,"letterId":10,"meta":"{}","server":"_buber3_","table":"wordIndex.ru","uid":3247,"word":"инцидент","wordHash":"fd2ef65d35e0f62be3f896de272504ad_59ceb29b1abdaa1933ab7877c40119a5f5ba7547515430ad120e4afae557e23ba19d3ec88d257488387ce5bf5f3133f8a6d79c5e9b60cdf3f74dfe9f94f31c65","wordId":"10:3247"},"morphObj":{"params":{"class":"с","classMask":1,"info":{"isCapital":true,"isUpper":false},"stack":"((<DictionaryAnalyzer>, u'\\u0438\\u043d\\u0446\\u0438\\u0434\\u0435\\u043d\\u0442', 33, 0),)"},"sentenceIndex":[1,6],"words":["Инцидент","инцидент"],"wordsIndex":[0,12]},"rating":40.0,"stats":{"counter":567.0,"counterAll":1134.0,"isAdjf":0,"isCombo":0,"isComp":0,"isCountry":0,"isEng":0,"isName":0,"isNominal":0,"isNoun":1,"isNum":0,"isPrtf":0,"isSymbol":0,"isUnknown":0,"isVerb":0,"repeat":0.4,"weight":0.005303079901607759,"weightAll":0.010606159803215519}},"итог":{"indexObj":{"classMask":1,"counter":2539.0,"finded":1807,"isExisted":true,"letterId":10,"meta":"{}","server":"_buber3_","table":"wordIndex.ru","uid":4962,"word":"итог","wordHash":"bb3ad49e489169d4041c9ad565cb85d9_528df22374897bf0c5ecaf0363bf213ff642daba31d1069107d21cc613f3f4458eb9a8d2abd4f29a08bca24048fe04a8e4d0f2d69874f2738206798a8dd2a2e2","wordId":"10:4962"},"morphObj":{"params":{"class":"с","classMask":1,"info":{"isCapital":false,"isUpper":false},"stack":"((<DictionaryAnalyzer>, u'\\u0438\\u0442\\u043e\\u0433\\u0435', 19, 5),)"},"sentenceIndex":[8],"words":["итоге"],"wordsIndex":[14]},"rating":20.0,"stats":{"counter":2539.0,"counterAll":2539.0,"isAdjf":0,"isCombo":0,"isComp":0,"isCountry":0,"isEng":0,"isName":0,"isNominal":0,"isNoun":1,"isNum":0,"isPrtf":0,"isSymbol":0,"isUnknown":0,"isVerb":0,"repeat":0.2,"weight":0.02374694862465979,"weightAll":0.02374694862465979}},"кит":{"indexObj":{"classMask":1,"counter":579.0,"finded":371,"isExisted":true,"letterId":12,"meta":"{}","server":"_buber3_","table":"wordIndex.ru","uid":12815,"word":"кит","wordHash":"c48c9fb8814808de0874fc9def5dd732_9cc8f628e07d8089a1da9b759a671f9c57d7c370e641eb26f0dbc9ea615f967a824884f795af5802f4cc364eeb156669b21043041b1beb15b4683b57232e60dd","wordId":"12:12815"},"morphObj":{"params":{"class":"с","classMask":1,"info":{"isCapital":true,"isUpper":false},"stack":"((<DictionaryAnalyzer>, u'\\u043a\\u0438\\u0442\\u044b', 52, 6),)"},"sentenceIndex":[6],"words":["Киты"],"wordsIndex":[0]},"rating":20.0,"stats":{"counter":579.0,"counterAll":579.0,"isAdjf":0,"isCombo":0,"isComp":0,"isCountry":0,"isEng":0,"isName":0,"isNominal":0,"isNoun":1,"isNum":0,"isPrtf":0,"isSymbol":0,"isUnknown":0,"isVerb":0,"repeat":0.2,"weight":0.0054153143968798815,"weightAll":0.0054153143968798815}},"китообразный":{"indexObj":{"classMask":2,"counter":23.0,"finded":16,"isExisted":true,"letterId":12,"meta":"{}","server":"_buber3_","table":"wordIndex.ru","uid":152794,"word":"китообразный","wordHash":"796f70cc9d6266681b592f137c400ce1_5602cdd8ff4e2d69bfc0471ab21b31cca95c05ef01b2f071d4e986f39dbe7bceee0ce5c4fae464e99b82d88462703bfada4cac03a8ec00ddf750a47a66d536f8","wordId":"12:152794"},"morphObj":{"params":{"class":"п","classMask":2,"info":{"isCapital":false,"isUpper":false},"stack":"((<DictionaryAnalyzer>, u'\\u043a\\u0438\\u0442\\u043e\\u043e\\u0431\\u0440\\u0430\\u0437\\u043d\\u044b\\u0445', 34, 21),)"},"sentenceIndex":[7,9],"words":["китообразных","китообразных"],"wordsIndex":[3,6]},"rating":40.0,"stats":{"counter":23.0,"counterAll":46.0,"isAdjf":1,"isCombo":0,"isComp":0,"isCountry":0,"isEng":0,"isName":0,"isNominal":0,"isNoun":0,"isNum":0,"isPrtf":0,"isSymbol":0,"isUnknown":0,"isVerb":0,"repeat":0.4,"weight":0.00021511611593823363,"weightAll":0.00043023223187646726}},"лодка":{"indexObj":{"classMask":1,"counter":1086.0,"finded":376,"isExisted":true,"letterId":11,"meta":"{}","server":"_buber3_","table":"wordIndex.ru","uid":7195,"word":"лодка","wordHash":"fa39d32b4f75ae562e58038122d8a56a_c1380b5d7cfe5b5d70a825d45e1ac9601392b5c24596bfbaf557f6a1eb370ea8695adf0e612877d59ddd1d78f9ae7741ff64ea4f8943088e4e4444b81cba1c14","wordId":"11:7195"},"morphObj":{"params":{"class":"с","classMask":1,"info":{"isCapital":false,"isUpper":false},"stack":"((<DictionaryAnalyzer>, u'\\u043b\\u043e\\u0434\\u043a\\u0430\\u0445', 8, 12),)"},"sentenceIndex":[5],"words":["лодках"],"wordsIndex":[2]},"rating":20.0,"stats":{"counter":1086.0,"counterAll":1086.0,"isAdjf":0,"isCombo":0,"isComp":0,"isCountry":0,"isEng":0,"isName":0,"isNominal":0,"isNoun":1,"isNum":0,"isPrtf":0,"isSymbol":0,"isUnknown":0,"isVerb":0,"repeat":0.2,"weight":0.01015722182212703,"weightAll":0.01015722182212703}},"массовый":{"indexObj":{"classMask":2,"counter":1490.0,"finded":1005,"isExisted":true,"letterId":14,"meta":"{}","server":"_buber3_","table":"wordIndex.ru","uid":262,"word":"массовый","wordHash":"47cfdde9facd6d862f076704677794b1_08f45d10d998a2d0c61847f7dd931c8f524671d5d96c955e887da4a36fefcc13c878e48d71cf942987bfd7cbc05f5ccbd5a0c716b9d566e241fddce525b7a03a","wordId":"14:262"},"morphObj":{"params":{"class":"п","classMask":2,"info":{"isCapital":false,"isUpper":false},"stack":"((<DictionaryAnalyzer>, u'\\u043c\\u0430\\u0441\\u0441\\u043e\\u0432\\u044b\\u0445', 72, 21),)"},"sentenceIndex":[6,7],"words":["массовых","массовых"],"wordsIndex":[18,1]},"rating":40.0,"stats":{"counter":1490.0,"counterAll":2980.0,"isAdjf":1,"isCombo":0,"isComp":0,"isCountry":0,"isEng":0,"isName":0,"isNominal":0,"isNoun":0,"isNum":0,"isPrtf":0,"isSymbol":0,"isUnknown":0,"isVerb":0,"repeat":0.4,"weight":0.013935783162955134,"weightAll":0.027871566325910268}},"масштабный":{"indexObj":{"classMask":2,"counter":302.0,"finded":273,"isExisted":true,"letterId":14,"meta":"{}","server":"_buber3_","table":"wordIndex.ru","uid":6113,"word":"масштабный","wordHash":"3cc0907427a17c53dc011028b1d4f2f4_37ac47992b73608d2ca55d462dd663cf7ca336e6d6b6aa60c088bc120811ee656071ee50b78b4829bfa555b3ba3ddcc2546a9b3c63d64391ad2415dbd0aa299b","wordId":"14:6113"},"morphObj":{"params":{"class":"п","classMask":2,"info":{"isCapital":false,"isUpper":false},"stack":"((<DictionaryAnalyzer>, u'\\u043c\\u0430\\u0441\\u0448\\u0442\\u0430\\u0431\\u043d\\u0430\\u044f', 12, 7),)"},"sentenceIndex":[2],"words":["масштабная"],"wordsIndex":[2]},"rating":20.0,"stats":{"counter":302.0,"counterAll":302.0,"isAdjf":1,"isCombo":0,"isComp":0,"isCountry":0,"isEng":0,"isName":0,"isNominal":0,"isNoun":0,"isNum":0,"isPrtf":0,"isSymbol":0,"isUnknown":0,"isVerb":0,"repeat":0.2,"weight":0.0028245681310150677,"weightAll":0.0028245681310150677}},"мор":{"indexObj":{"classMask":1,"counter":978.0,"finded":636,"isExisted":true,"letterId":14,"meta":"{}","server":"_buber3_","table":"wordIndex.ru","uid":2758,"word":"мор","wordHash":"fc3736065580fb5b16755597b32f3043_2e6f9a6c49192c9067192a645416a1e33b378e616f280d9f5651bf4d60019ea2ee85e73e132cf99782b1fedc8d9956fbf8f952cb359f7e5ee830bdf1e75b0d16","wordId":"14:2758"},"morphObj":{"params":{"class":"с","classMask":1,"info":{"isCapital":false,"isUpper":false},"stack":"((<DictionaryAnalyzer>, u'\\u043c\\u043e\\u0440\\u0435', 33, 5),)"},"sentenceIndex":[5],"words":["море"],"wordsIndex":[9]},"rating":20.0,"stats":{"counter":978.0,"counterAll":978.0,"isAdjf":0,"isCombo":0,"isComp":0,"isCountry":0,"isEng":0,"isName":0,"isNominal":0,"isNoun":1,"isNum":0,"isPrtf":0,"isSymbol":0,"isUnknown":0,"isVerb":0,"repeat":0.2,"weight":0.009147111364677933,"weightAll":0.009147111364677933}},"мочь":{"indexObj":{"classMask":5,"counter":13556.0,"finded":5359,"isExisted":true,"letterId":14,"meta":"{}","server":"_buber3_","table":"wordIndex.ru","uid":1904,"word":"мочь","wordHash":"e9a12fd26b4429a6366fa911b19d3b78_8618a8f94c659d09f7841423886f59766122a3d81804242c05d19d09f84bffcb63899516184d5e24453614adcaa797ba9424195d02638b290dd44114d2ef2737","wordId":"14:1904"},"morphObj":{"params":{"class":"г","classMask":5,"info":{"isCapital":false,"isUpper":false},"stack":"((<DictionaryAnalyzer>, u'\\u043c\\u043e\\u0433\\u0443\\u0442', 1979, 6),)"},"sentenceIndex":[7],"words":["могут"],"wordsIndex":[8]},"rating":20.0,"stats":{"counter":13556.0,"counterAll":13556.0,"isAdjf":0,"isCombo":0,"isComp":0,"isCountry":0,"isEng":0,"isName":0,"isNominal":0,"isNoun":0,"isNum":0,"isPrtf":0,"isSymbol":0,"isUnknown":0,"isVerb":1,"repeat":0.2,"weight":0.1267875681590737,"weightAll":0.1267875681590737}},"назвать":{"indexObj":{"classMask":6,"counter":289.0,"finded":223,"isExisted":true,"letterId":13,"meta":"{}","server":"_buber3_","table":"wordIndex.ru","uid":14007,"word":"назвать","wordHash":"bff91ded550f95cff883d93d7d77bd46_07dac6a6967f80b5e04b60a94a2860e4f2ec36de220742455dbe4a7692bea0f42a948c849828fdb35b1c4cbfc4f8caf97b4c37f0ac65f702f2ac769fbeb63707","wordId":"13:14007"},"morphObj":{"params":{"class":"инфинитив","classMask":6,"info":{"isCapital":false,"isUpper":false},"stack":"((<DictionaryAnalyzer>, u'\\u043d\\u0430\\u0437\\u0432\\u0430\\u0442\\u044c', 851, 0),)"},"sentenceIndex":[7],"words":["назвать"],"wordsIndex":[5]},"rating":20.0,"stats":{"counter":289.0,"counterAll":289.0,"isAdjf":0,"isCombo":0,"isComp":0,"isCountry":0,"isEng":0,"isName":0,"isNominal":0,"isNoun":0,"isNum":0,"isPrtf":0,"isSymbol":0,"isUnknown":0,"isVerb":1,"repeat":0.2,"weight":0.0027029807611369354,"weightAll":0.0027029807611369354}},"называть":{"indexObj":{"classMask":5,"counter":1846.0,"finded":1266,"isExisted":true,"letterId":13,"meta":"{}","server":"_buber3_","table":"wordIndex.ru","uid":2924,"word":"называть","wordHash":"f308d1671fc6aaf30a3bb3e8719ef3ef_be9dfc4c3ab2df59c3a3f255ff4d41f48786f0461ce91f9610da18e198c870648922fde17489b9031ca24f0c263f532acd37cf1a9b22f793cb55dac7187ce3eb","wordId":"13:2924"},"morphObj":{"params":{"class":"г","classMask":5,"info":{"isCapital":false,"isUpper":false},"stack":"((<DictionaryAnalyzer>, u'\\u043d\\u0430\\u0437\\u044b\\u0432\\u0430\\u044e\\u0442', 206, 6),)"},"sentenceIndex":[6],"words":["называют"],"wordsIndex":[14]},"rating":20.0,"stats":{"counter":1846.0,"counterAll":1846.0,"isAdjf":0,"isCombo":0,"isComp":0,"isCountry":0,"isEng":0,"isName":0,"isNominal":0,"isNoun":0,"isNum":0,"isPrtf":0,"isSymbol":0,"isUnknown":0,"isVerb":1,"repeat":0.2,"weight":0.01726540652269475,"weightAll":0.01726540652269475}},"направление":{"indexObj":{"classMask":1,"counter":3259.0,"finded":1864,"isExisted":true,"letterId":13,"meta":"{}","server":"_buber3_","table":"wordIndex.ru","uid":3584,"word":"направление","wordHash":"f6a2441afa4b407c4cd6643184eaeb47_d4c929ac6095de242c73cb55da4a1a95cf70eff8f433496bad2b3caee688255ddf43f9a363c5e77e2c295d4de364b62a0cee9f1cd857498855b6a7714d2d83d2","wordId":"13:3584"},"morphObj":{"params":{"class":"с","classMask":1,"info":{"isCapital":false,"isUpper":false},"stack":"((<DictionaryAnalyzer>, u'\\u043d\\u0430\\u043f\\u0440\\u0430\\u0432\\u043b\\u0435\\u043d\\u0438\\u0435', 76, 0),)"},"sentenceIndex":[5],"words":["направление"],"wordsIndex":[6]},"rating":20.0,"stats":{"counter":3259.0,"counterAll":3259.0,"isAdjf":0,"isCombo":0,"isComp":0,"isCountry":0,"isEng":0,"isName":0,"isNominal":0,"isNoun":1,"isNum":0,"isPrtf":0,"isSymbol":0,"isUnknown":0,"isVerb":0,"repeat":0.2,"weight":0.030481018340987102,"weightAll":0.030481018340987102}},"новый":{"indexObj":{"classMask":22,"counter":3267.0,"finded":1201,"isExisted":true,"letterId":13,"meta":"{}","server":"_buber3_","table":"wordIndex.ru","uid":1400,"word":"новый","wordHash":"814e21af03ab9e03888437ba5aede54f_3069bcb46b6d603aa90e292da25894c3354fd341fa1bbda3988a82b33a533840d061ef74eecc0de7faccc6302128744e79f39ded32dcf7670d53ea6d37fb7a50","wordId":"13:1400"},"morphObj":{"params":{"class":"имя","classMask":22,"info":{"isCapital":true,"isUpper":false},"stack":"((<DictionaryAnalyzer>, u'\\u043d\\u043e\\u0432\\u043e\\u0439', 405, 8),)"},"sentenceIndex":[0,1,6],"words":["Новой","Новой","Новой"],"wordsIndex":[11,6,4]},"rating":160.0,"stats":{"counter":3267.0,"counterAll":9801.0,"isAdjf":0,"isCombo":0,"isComp":0,"isCountry":0,"isEng":0,"isName":1,"isNominal":0,"isNoun":0,"isNum":0,"isPrtf":0,"isSymbol":0,"isUnknown":0,"isVerb":0,"repeat":0.6,"weight":0.030555841337835184,"weightAll":0.09166752401350554}},"один":{"indexObj":{"classMask":2,"counter":39061.0,"finded":14563,"isExisted":true,"letterId":16,"meta":"{}","server":"_buber3_","table":"wordIndex.ru","uid":8,"word":"один","wordHash":"fc114849927fcbde0bde8042c274a17f_448c05269d3ab557aa547bd1ad7f719de9868c8b4b646b3eee9a798cc90cef5de37eafafdc816aee3b556abf4c319d54dff3a7c630324600e3d80a3bdbc99dca","wordId":"16:8"},"morphObj":{"params":{"class":"п","classMask":2,"info":{"isCapital":false,"isUpper":false},"stack":"((<DictionaryAnalyzer>, u'\\u043e\\u0434\\u043d\\u0438\\u043c', 2198, 21),)"},"sentenceIndex":[6,8],"words":["одним","один"],"wordsIndex":[15,3]},"rating":40.0,"stats":{"counter":39061.0,"counterAll":78122.0,"isAdjf":1,"isCombo":0,"isComp":0,"isCountry":0,"isEng":0,"isName":0,"isNominal":0,"isNoun":0,"isNum":0,"isPrtf":0,"isSymbol":0,"isUnknown":0,"isVerb":0,"repeat":0.4,"weight":0.3653326349853627,"weightAll":0.7306652699707255}},"операция":{"indexObj":{"classMask":1,"counter":3003.0,"finded":1287,"isExisted":true,"letterId":16,"meta":"{}","server":"_buber3_","table":"wordIndex.ru","uid":1253,"word":"операция","wordHash":"9bb03087ab959db4c546b179e9c686d1_ff7f89f60bc9de30d429de98937fea3d5cae489ce20bd4116e3e45e6daa9257e69f74dc9dae84234115de73e2a837e4ef361d1632939d5814d666821548cddbb","wordId":"16:1253"},"morphObj":{"params":{"class":"с","classMask":1,"info":{"isCapital":false,"isUpper":false},"stack":"((<DictionaryAnalyzer>, u'\\u043e\\u043f\\u0435\\u0440\\u0430\\u0446\\u0438\\u044f', 40, 0),)"},"sentenceIndex":[2],"words":["операция"],"wordsIndex":[4]},"rating":20.0,"stats":{"counter":3003.0,"counterAll":3003.0,"isAdjf":0,"isCombo":0,"isComp":0,"isCountry":0,"isEng":0,"isName":0,"isNominal":0,"isNoun":1,"isNum":0,"isPrtf":0,"isSymbol":0,"isUnknown":0,"isVerb":0,"repeat":0.2,"weight":0.0280866824418485,"weightAll":0.0280866824418485}},"оставаться":{"indexObj":{"classMask":6,"counter":172.0,"finded":138,"isExisted":true,"letterId":16,"meta":"{}","server":"_buber3_","table":"wordIndex.ru","uid":8149,"word":"оставаться","wordHash":"2d3aadf130b014596c4d594f6cfc64c5_7d8b98e0783d885116a1e89eb83c5ca7f538cd8a1748a69ef0bd6057a455cc1d0e0471566fc78b58d89b181b1e6aef1d774dca9c58aded4bdab48a372663c7e0","wordId":"16:8149"},"morphObj":{"params":{"class":"инфинитив","classMask":6,"info":{"isCapital":false,"isUpper":false},"stack":"((<DictionaryAnalyzer>, u'\\u043e\\u0441\\u0442\\u0430\\u0432\\u0430\\u0442\\u044c\\u0441\\u044f', 646, 0),)"},"sentenceIndex":[4],"words":["оставаться"],"wordsIndex":[5]},"rating":20.0,"stats":{"counter":172.0,"counterAll":172.0,"isAdjf":0,"isCombo":0,"isComp":0,"isCountry":0,"isEng":0,"isName":0,"isNominal":0,"isNoun":0,"isNum":0,"isPrtf":0,"isSymbol":0,"isUnknown":0,"isVerb":1,"repeat":0.2,"weight":0.001608694432233747,"weightAll":0.001608694432233747}},"остальной":{"indexObj":{"classMask":2,"counter":1728.0,"finded":1357,"isExisted":true,"letterId":16,"meta":"{}","server":"_buber3_","table":"wordIndex.ru","uid":420,"word":"остальной","wordHash":"744f71ae611e457c57662f50ace0a9fd_c6591655b5d456beb470ce39facd208e5436c5405b754180c87cb41558ed9675666daeed2fe6a53ffff31a6d2c5466b63102e0c50a8629c85a929a801327170c","wordId":"16:420"},"morphObj":{"params":{"class":"п","classMask":2,"info":{"isCapital":true,"isUpper":false},"stack":"((<DictionaryAnalyzer>, u'\\u043e\\u0441\\u0442\\u0430\\u043b\\u044c\\u043d\\u044b\\u0435', 1648, 19),)"},"sentenceIndex":[3],"words":["Остальные"],"wordsIndex":[0]},"rating":20.0,"stats":{"counter":1728.0,"counterAll":1728.0,"isAdjf":1,"isCombo":0,"isComp":0,"isCountry":0,"isEng":0,"isName":0,"isNominal":0,"isNoun":0,"isNum":0,"isPrtf":0,"isSymbol":0,"isUnknown":0,"isVerb":0,"repeat":0.2,"weight":0.01616176731918555,"weightAll":0.01616176731918555}},"остров":{"indexObj":{"classMask":1,"counter":4344.0,"finded":1494,"isExisted":true,"letterId":16,"meta":"{}","server":"_buber3_","table":"wordIndex.ru","uid":2742,"word":"остров","wordHash":"cf8fc3d9b508521a261b16f059fd43ac_bf9f422341e39d222c06d1cd1345695d0e89d11389fd72c4179df8cfe3199361e4a6a7959fb150f8da707b75899a07230cdfc71ab70cab49e126dc1914c5ef75","wordId":"16:2742"},"morphObj":{"params":{"class":"с","classMask":1,"info":{"isCapital":false,"isUpper":false},"stack":"((<DictionaryAnalyzer>, u'\\u043e\\u0441\\u0442\\u0440\\u043e\\u0432\\u0430', 145, 1),)"},"sentenceIndex":[1],"words":["острова"],"wordsIndex":[5]},"rating":20.0,"stats":{"counter":4344.0,"counterAll":4344.0,"isAdjf":0,"isCombo":0,"isComp":0,"isCountry":0,"isEng":0,"isName":0,"isNominal":0,"isNoun":1,"isNum":0,"isPrtf":0,"isSymbol":0,"isUnknown":0,"isVerb":0,"repeat":0.2,"weight":0.04062888728850812,"weightAll":0.04062888728850812}},"открытый":{"indexObj":{"classMask":2,"counter":1793.0,"finded":1154,"isExisted":true,"letterId":16,"meta":"{}","server":"_buber3_","table":"wordIndex.ru","uid":4323,"word":"открытый","wordHash":"8063b821b3c4d84266ffeb5ea59377ba_53c572dd9cd7febee7115c2455426cd0ce46a0501e5886066b0eb29a21bd63781562690c3f9f109ecfb8a4d87769fb1445c30e1e6a88fe07cba222f167e5a3fc","wordId":"16:4323"},"morphObj":{"params":{"class":"п","classMask":2,"info":{"isCapital":false,"isUpper":false},"stack":"((<DictionaryAnalyzer>, u'\\u043e\\u0442\\u043a\\u0440\\u044b\\u0442\\u043e\\u0435', 4, 14),)"},"sentenceIndex":[5],"words":["открытое"],"wordsIndex":[8]},"rating":20.0,"stats":{"counter":1793.0,"counterAll":1793.0,"isAdjf":1,"isCombo":0,"isComp":0,"isCountry":0,"isEng":0,"isName":0,"isNominal":0,"isNoun":0,"isNum":0,"isPrtf":0,"isSymbol":0,"isUnknown":0,"isVerb":0,"repeat":0.2,"weight":0.016769704168576212,"weightAll":0.016769704168576212}},"передавать":{"indexObj":{"classMask":5,"counter":895.0,"finded":839,"isExisted":true,"letterId":15,"meta":"{}","server":"_buber3_","table":"wordIndex.ru","uid":1418,"word":"передавать","wordHash":"005d8f31d3b66a3cc8619d99116ab615_03692d02f8c283149db7d3deb0e1e9bb1a8d318adf9a22ca87eb4523dcf1486fc23be96a04eb6e4c3b245bf0c10f5059d1499533b5b0e236b1c46f4bbc6f8166","wordId":"15:1418"},"morphObj":{"params":{"class":"г","classMask":5,"info":{"isCapital":false,"isUpper":false},"stack":"((<DictionaryAnalyzer>, u'\\u043f\\u0435\\u0440\\u0435\\u0434\\u0430\\u0451\\u0442', 2308, 5),)"},"sentenceIndex":[0],"words":["передает"],"wordsIndex":[13]},"rating":20.0,"stats":{"counter":895.0,"counterAll":895.0,"isAdjf":0,"isCombo":0,"isComp":0,"isCountry":0,"isEng":0,"isName":0,"isNominal":0,"isNoun":0,"isNum":0,"isPrtf":0,"isSymbol":0,"isUnknown":0,"isVerb":1,"repeat":0.2,"weight":0.008370822772379091,"weightAll":0.008370822772379091}},"побережье":{"indexObj":{"classMask":1,"counter":1059.0,"finded":686,"isExisted":true,"letterId":15,"meta":"{}","server":"_buber3_","table":"wordIndex.ru","uid":2754,"word":"побережье","wordHash":"aff4c117c1922c0dc32037e17a9b78ad_f25f8de4fb1c6f9c093611625a617920b04fcf6e56e627c956585559b036021303836c5b7e20dd10133204d89b6f2fbdb3a81b21b21e4cfa37a9d9feb16b47a5","wordId":"15:2754"},"morphObj":{"params":{"class":"с","classMask":1,"info":{"isCapital":false,"isUpper":false},"stack":"((<DictionaryAnalyzer>, u'\\u043f\\u043e\\u0431\\u0435\\u0440\\u0435\\u0436\\u044c\\u0435', 199, 0),)"},"sentenceIndex":[1],"words":["побережье"],"wordsIndex":[3]},"rating":20.0,"stats":{"counter":1059.0,"counterAll":1059.0,"isAdjf":0,"isCombo":0,"isComp":0,"isCountry":0,"isEng":0,"isName":0,"isNominal":0,"isNoun":1,"isNum":0,"isPrtf":0,"isSymbol":0,"isUnknown":0,"isVerb":0,"repeat":0.2,"weight":0.009904694207764757,"weightAll":0.009904694207764757}},"погибать":{"indexObj":{"classMask":5,"counter":191.0,"finded":143,"isExisted":true,"letterId":15,"meta":"{}","server":"_buber3_","table":"wordIndex.ru","uid":2903,"word":"погибать","wordHash":"f68bf75634700f30e9a304d96e5a8ba5_53542f2923af3c0137cdbacfe5212e8c7c3dfd2e89a8d2bf19db1b963133326cc359e59ee666abf5d3c16413bde0bb1f1a8e05b6d65871c881cfe14b50d5b563","wordId":"15:2903"},"morphObj":{"params":{"class":"г","classMask":5,"info":{"isCapital":false,"isUpper":false},"stack":"((<DictionaryAnalyzer>, u'\\u043f\\u043e\\u0433\\u0438\\u0431\\u0430\\u044e\\u0442', 15, 6),)"},"sentenceIndex":[8],"words":["погибают"],"wordsIndex":[16]},"rating":20.0,"stats":{"counter":191.0,"counterAll":191.0,"isAdjf":0,"isCombo":0,"isComp":0,"isCountry":0,"isEng":0,"isName":0,"isNominal":0,"isNoun":0,"isNum":0,"isPrtf":0,"isSymbol":0,"isUnknown":0,"isVerb":1,"repeat":0.2,"weight":0.00178639904974794,"weightAll":0.00178639904974794}},"погибнуть":{"indexObj":{"classMask":5,"counter":1976.0,"finded":1307,"isExisted":true,"letterId":15,"meta":"{}","server":"_buber3_","table":"wordIndex.ru","uid":150,"word":"погибнуть","wordHash":"05a27286ddc0b2d7d65542547843ce80_ae6c27f6c27ea1bf06caec52f81fa32821433910a62542db5fa3e13d989806ef905314765582d20c19bd7a5c6742262b48b350be9c073fdbf980148e30c3b693","wordId":"15:150"},"morphObj":{"params":{"class":"г","classMask":5,"info":{"isCapital":false,"isUpper":false},"stack":"((<DictionaryAnalyzer>, u'\\u043f\\u043e\\u0433\\u0438\\u0431\\u043b\\u0438', 730, 4),)"},"sentenceIndex":[3],"words":["погибли"],"wordsIndex":[2]},"rating":20.0,"stats":{"counter":1976.0,"counterAll":1976.0,"isAdjf":0,"isCombo":0,"isComp":0,"isCountry":0,"isEng":0,"isName":0,"isNominal":0,"isNoun":0,"isNum":0,"isPrtf":0,"isSymbol":0,"isUnknown":0,"isVerb":1,"repeat":0.2,"weight":0.01848128022147607,"weightAll":0.01848128022147607}},"подобный":{"indexObj":{"classMask":2,"counter":1612.0,"finded":1186,"isExisted":true,"letterId":15,"meta":"{}","server":"_buber3_","table":"wordIndex.ru","uid":647,"word":"подобный","wordHash":"701574a45dda81be583eb0c34b1e2d6e_b76a27b6c3880e6c62d00d2dbbeef31aeb0a02dfe8c4bb5165609c65be261392168a0f9e84327bfdee3a926584accd187987bd7fa82077b9042f2e634d0a6142","wordId":"15:647"},"morphObj":{"params":{"class":"п","classMask":2,"info":{"isCapital":false,"isUpper":false},"stack":"((<DictionaryAnalyzer>, u'\\u043f\\u043e\\u0434\\u043e\\u0431\\u043d\\u044b\\u0445', 2408, 21),)"},"sentenceIndex":[6],"words":["подобных"],"wordsIndex":[20]},"rating":20.0,"stats":{"counter":1612.0,"counterAll":1612.0,"isAdjf":1,"isCombo":0,"isComp":0,"isCountry":0,"isEng":0,"isName":0,"isNominal":0,"isNoun":0,"isNum":0,"isPrtf":0,"isSymbol":0,"isUnknown":0,"isVerb":0,"repeat":0.2,"weight":0.015076833864888374,"weightAll":0.015076833864888374}},"пока":{"indexObj":{"classMask":11,"counter":1716.0,"finded":1353,"isExisted":true,"letterId":15,"meta":"{}","server":"_buber3_","table":"wordIndex.ru","uid":491,"word":"пока","wordHash":"388bac63ef7beb900585f45b622b02a0_b71000cfb59f47c83c1d28e245a84233f642b4079cd2f988865d41171d4cccc646d5a71970eb55b2c5466ba85a567b5ca50fdbf1ddc040b46d88d67930364f86","wordId":"15:491"},"morphObj":{"params":{"class":"н","classMask":11,"info":{"isCapital":false,"isUpper":false},"stack":"((<DictionaryAnalyzer>, u'\\u043f\\u043e\\u043a\\u0430', 3, 0),)"},"sentenceIndex":[7],"words":["пока"],"wordsIndex":[6]},"rating":20.0,"stats":{"counter":1716.0,"counterAll":1716.0,"isAdjf":0,"isCombo":0,"isComp":0,"isCountry":0,"isEng":0,"isName":0,"isNominal":0,"isNoun":0,"isNum":0,"isPrtf":0,"isSymbol":0,"isUnknown":0,"isVerb":0,"repeat":0.2,"weight":0.01604953282391343,"weightAll":0.01604953282391343}},"показать":{"indexObj":{"classMask":6,"counter":210.0,"finded":170,"isExisted":true,"letterId":15,"meta":"{}","server":"_buber3_","table":"wordIndex.ru","uid":5001,"word":"показать","wordHash":"52deca1eab9e7c20092045d17fbaf181_21bad622a7527c4d1998489def6a57d725fbea16d98ec21a7be75bf76360106e065c63714506ade56177c8f38d9b5b7f4c38c39e118d200dddb0fbafd91192f9","wordId":"15:5001"},"morphObj":{"params":{"class":"инфинитив","classMask":6,"info":{"isCapital":false,"isUpper":false},"stack":"((<DictionaryAnalyzer>, u'\\u043f\\u043e\\u043a\\u0430\\u0437\\u0430\\u0442\\u044c', 638, 0),)"},"sentenceIndex":[5],"words":["показать"],"wordsIndex":[4]},"rating":20.0,"stats":{"counter":210.0,"counterAll":210.0,"isAdjf":0,"isCombo":0,"isComp":0,"isCountry":0,"isEng":0,"isName":0,"isNominal":0,"isNoun":0,"isNum":0,"isPrtf":0,"isSymbol":0,"isUnknown":0,"isVerb":1,"repeat":0.2,"weight":0.001964103667262133,"weightAll":0.001964103667262133}},"помочь":{"indexObj":{"classMask":6,"counter":479.0,"finded":344,"isExisted":true,"letterId":15,"meta":"{}","server":"_buber3_","table":"wordIndex.ru","uid":24089,"word":"помочь","wordHash":"92169a91e50f825afd1f3c4c7e31c794_b64517c88bffb2193749b4114c85cd48b6a228a7de550411813490affe4eab3c31b48c9f7175425948002f82c9e8f5fba9fca4c5195cd90b3034dc482c5346fa","wordId":"15:24089"},"morphObj":{"params":{"class":"инфинитив","classMask":6,"info":{"isCapital":false,"isUpper":false},"stack":"((<DictionaryAnalyzer>, u'\\u043f\\u043e\\u043c\\u043e\\u0447\\u044c', 857, 0),)"},"sentenceIndex":[8],"words":["помочь"],"wordsIndex":[11]},"rating":20.0,"stats":{"counter":479.0,"counterAll":479.0,"isAdjf":0,"isCombo":0,"isComp":0,"isCountry":0,"isEng":0,"isName":0,"isNominal":0,"isNoun":0,"isNum":0,"isPrtf":0,"isSymbol":0,"isUnknown":0,"isVerb":1,"repeat":0.2,"weight":0.004480026936278865,"weightAll":0.004480026936278865}},"порядок":{"indexObj":{"classMask":1,"counter":2048.0,"finded":1449,"isExisted":true,"letterId":15,"meta":"{}","server":"_buber3_","table":"wordIndex.ru","uid":3181,"word":"порядок","wordHash":"2b2986926cc09ae219937c9dc6b161a5_87ac16ae164c039c26647bc919baff57c78d07a40cd74cccae95f9c03b4a68565b363c731a03409812e42ce578add6aee888d4e88e9d4ff616e6e7da667bc22c","wordId":"15:3181"},"morphObj":{"params":{"class":"с","classMask":1,"info":{"isCapital":false,"isUpper":false},"stack":"((<DictionaryAnalyzer>, u'\\u043f\\u043e\\u0440\\u044f\\u0434\\u043a\\u0430', 331, 1),)"},"sentenceIndex":[2],"words":["порядка"],"wordsIndex":[10]},"rating":20.0,"stats":{"counter":2048.0,"counterAll":2048.0,"isAdjf":0,"isCombo":0,"isComp":0,"isCountry":0,"isEng":0,"isName":0,"isNominal":0,"isNoun":1,"isNum":0,"isPrtf":0,"isSymbol":0,"isUnknown":0,"isVerb":0,"repeat":0.2,"weight":0.019154687193108803,"weightAll":0.019154687193108803}},"причина":{"indexObj":{"classMask":1,"counter":2967.0,"finded":2137,"isExisted":true,"letterId":15,"meta":"{}","server":"_buber3_","table":"wordIndex.ru","uid":538,"word":"причина","wordHash":"52c567fbd3c7c55b8a45f8e30831c7c2_6eee5ad39a211e17d7fbdb8936633eabf0ee8ca5d071200fbd1a9c0038a10c49689ebc37dbe9f0eaf872bedea8d5016857e668960db8071b3e26f0958ca2b22b","wordId":"15:538"},"morphObj":{"params":{"class":"с","classMask":1,"info":{"isCapital":true,"isUpper":false},"stack":"((<DictionaryAnalyzer>, u'\\u043f\\u0440\\u0438\\u0447\\u0438\\u043d', 55, 8),)"},"sentenceIndex":[7],"words":["Причин"],"wordsIndex":[0]},"rating":20.0,"stats":{"counter":2967.0,"counterAll":2967.0,"isAdjf":0,"isCombo":0,"isComp":0,"isCountry":0,"isEng":0,"isName":0,"isNominal":0,"isNoun":1,"isNum":0,"isPrtf":0,"isSymbol":0,"isUnknown":0,"isVerb":0,"repeat":0.2,"weight":0.027749978956032137,"weightAll":0.027749978956032137}},"провести":{"indexObj":{"classMask":8,"counter":841.0,"finded":599,"isExisted":true,"letterId":15,"meta":"{}","server":"_buber3_","table":"wordIndex.ru","uid":8934,"word":"провести","wordHash":"f19b11ae767e61e3a7ce82dd000bcca7_4a897d471f3dd82a11df09c044d301ba2cf3b4e98af2c4345ce1c873530694f9ca936db856d8c7330bd0fdf8afcfb6b8b05d34da4a5557682c1108923b1068d3","wordId":"15:8934"},"morphObj":{"params":{"class":"кр_причастие","classMask":8,"info":{"isCapital":false,"isUpper":false},"stack":"((<DictionaryAnalyzer>, u'\\u043f\\u0440\\u043e\\u0432\\u0435\\u0434\\u0435\\u043d\\u0430', 628, 71),)"},"sentenceIndex":[2],"words":["проведена"],"wordsIndex":[1]},"rating":20.0,"stats":{"counter":841.0,"counterAll":841.0,"isAdjf":0,"isCombo":0,"isComp":0,"isCountry":0,"isEng":0,"isName":0,"isNominal":0,"isNoun":0,"isNum":0,"isPrtf":1,"isSymbol":0,"isUnknown":0,"isVerb":0,"repeat":0.2,"weight":0.007865767543654542,"weightAll":0.007865767543654542}},"продолжать":{"indexObj":{"classMask":5,"counter":1819.0,"finded":1397,"isExisted":true,"letterId":15,"meta":"{}","server":"_buber3_","table":"wordIndex.ru","uid":2170,"word":"продолжать","wordHash":"8b02f1453ed4513d5efc3acb0d2b21f8_7f6ebd38fbbca23bd59f40add2d88d6082f253b8f5e5f3c47e538e5edd31c0dee1cff11a8a85af6798d4135a0bf1777ffc428cf3899ed9059babd710f3a3e4b5","wordId":"15:2170"},"morphObj":{"params":{"class":"г","classMask":5,"info":{"isCapital":false,"isUpper":false},"stack":"((<DictionaryAnalyzer>, u'\\u043f\\u0440\\u043e\\u0434\\u043e\\u043b\\u0436\\u0430\\u044e\\u0442', 206, 6),)"},"sentenceIndex":[4],"words":["продолжают"],"wordsIndex":[4]},"rating":20.0,"stats":{"counter":1819.0,"counterAll":1819.0,"isAdjf":0,"isCombo":0,"isComp":0,"isCountry":0,"isEng":0,"isName":0,"isNominal":0,"isNoun":0,"isNum":0,"isPrtf":0,"isSymbol":0,"isUnknown":0,"isVerb":1,"repeat":0.2,"weight":0.017012878908332477,"weightAll":0.017012878908332477}},"произойти":{"indexObj":{"classMask":5,"counter":2121.0,"finded":1560,"isExisted":true,"letterId":15,"meta":"{}","server":"_buber3_","table":"wordIndex.ru","uid":7179,"word":"произойти","wordHash":"11872037c3f64c7e556b94412749d619_696fb41612aa8a87f4c5082caf527ee3eb60cfd0cd36436aa3d981bc74674d4af823eda0a10d5384331fd671327030490df4fd17ab034c10282bc89aac2f0575","wordId":"15:7179"},"morphObj":{"params":{"class":"г","classMask":5,"info":{"isCapital":false,"isUpper":false},"stack":"((<DictionaryAnalyzer>, u'\\u043f\\u0440\\u043e\\u0438\\u0437\\u043e\\u0448\\u0451\\u043b', 2581, 1),)"},"sentenceIndex":[1],"words":["произошел"],"wordsIndex":[1]},"rating":20.0,"stats":{"counter":2121.0,"counterAll":2121.0,"isAdjf":0,"isCombo":0,"isComp":0,"isCountry":0,"isEng":0,"isName":0,"isNominal":0,"isNoun":0,"isNum":0,"isPrtf":0,"isSymbol":0,"isUnknown":0,"isVerb":1,"repeat":0.2,"weight":0.019837447039347544,"weightAll":0.019837447039347544}},"пытаться":{"indexObj":{"classMask":5,"counter":1738.0,"finded":1143,"isExisted":true,"letterId":15,"meta":"{}","server":"_buber3_","table":"wordIndex.ru","uid":152,"word":"пытаться","wordHash":"bcdaf92ce4b1d51e55d25a2c59c14e51_ab7af6bf9054c06dc91f36875feb3268f8dac9ec2cfa5a7671eb71ac2a33fe60884d152813ea388398c053d570149bdf7b8dcfa239612472df4846b7844825c5","wordId":"15:152"},"morphObj":{"params":{"class":"г","classMask":5,"info":{"isCapital":false,"isUpper":false},"stack":"((<DictionaryAnalyzer>, u'\\u043f\\u044b\\u0442\\u0430\\u044e\\u0442\\u0441\\u044f', 224, 6),)"},"sentenceIndex":[5,8],"words":["пытаются","пытаются"],"wordsIndex":[3,9]},"rating":40.0,"stats":{"counter":1738.0,"counterAll":3476.0,"isAdjf":0,"isCombo":0,"isComp":0,"isCountry":0,"isEng":0,"isName":0,"isNominal":0,"isNoun":0,"isNum":0,"isPrtf":0,"isSymbol":0,"isUnknown":0,"isVerb":1,"repeat":0.4,"weight":0.01625529606524565,"weightAll":0.0325105921304913}},"самоубийство":{"indexObj":{"classMask":1,"counter":319.0,"finded":210,"isExisted":true,"letterId":17,"meta":"{}","server":"_buber3_","table":"wordIndex.ru","uid":20091,"word":"самоубийство","wordHash":"f5669b44823d7c8e7d9ebd3dca39fc71_39ffccc388be69adda848222ae31f5e6e0498511e12df0a787001db7e9d696317ab37b0cfe27bcdad09a5a374c0b9b50944ec1889cd04580a5efea70dd397404","wordId":"17:20091"},"morphObj":{"params":{"class":"с","classMask":1,"info":{"isCapital":false,"isUpper":false},"stack":"((<DictionaryAnalyzer>, u'\\u0441\\u0430\\u043c\\u043e\\u0443\\u0431\\u0438\\u0439\\u0441\\u0442\\u0432', 54, 7),)"},"sentenceIndex":[7],"words":["самоубийств"],"wordsIndex":[2]},"rating":20.0,"stats":{"counter":319.0,"counterAll":319.0,"isAdjf":0,"isCombo":0,"isComp":0,"isCountry":0,"isEng":0,"isName":0,"isNominal":0,"isNoun":1,"isNum":0,"isPrtf":0,"isSymbol":0,"isUnknown":0,"isVerb":0,"repeat":0.2,"weight":0.00298356699931724,"weightAll":0.00298356699931724}},"самый":{"indexObj":{"classMask":2,"counter":10151.0,"finded":5715,"isExisted":true,"letterId":17,"meta":"{}","server":"_buber3_","table":"wordIndex.ru","uid":929,"word":"самый","wordHash":"579798236b87729ecdf94f91434c4f77_294c13a552f35c71a786f4195b07d0077c9885ee4e2f45401894774d410eee6a3b1bf6401e79fca2b9f049dc87b5a6356298e07fbb2dec4a3b9b67bf4e593642","wordId":"17:929"},"morphObj":{"params":{"class":"п","classMask":2,"info":{"isCapital":false,"isUpper":false},"stack":"((<DictionaryAnalyzer>, u'\\u0441\\u0430\\u043c\\u044b\\u0445', 1245, 20),)"},"sentenceIndex":[6],"words":["самых"],"wordsIndex":[17]},"rating":20.0,"stats":{"counter":10151.0,"counterAll":10151.0,"isAdjf":1,"isCombo":0,"isComp":0,"isCountry":0,"isEng":0,"isName":0,"isNominal":0,"isNoun":0,"isNum":0,"isPrtf":0,"isSymbol":0,"isUnknown":0,"isVerb":0,"repeat":0.2,"weight":0.0949410301256091,"weightAll":0.0949410301256091}},"случиться":{"indexObj":{"classMask":7,"counter":154.0,"finded":131,"isExisted":true,"letterId":17,"meta":"{}","server":"_buber3_","table":"wordIndex.ru","uid":12544,"word":"случиться","wordHash":"e2089edcd487d1b4dd0422f029230690_fe997153bfaf2d83800352284bb0518901d272536c368b3a6b91e4edcd7c830d4b1b2c4198e4aa11d7b0f71927bf904b865b45996368b996c78e7072c74f2666","wordId":"17:12544"},"morphObj":{"params":{"class":"причастие","classMask":7,"info":{"isCapital":false,"isUpper":false},"stack":"((<DictionaryAnalyzer>, u'\\u0441\\u043b\\u0443\\u0447\\u0438\\u0432\\u0448\\u0438\\u0439\\u0441\\u044f', 804, 15),)"},"sentenceIndex":[6],"words":["случившийся"],"wordsIndex":[11]},"rating":20.0,"stats":{"counter":154.0,"counterAll":154.0,"isAdjf":0,"isCombo":0,"isComp":0,"isCountry":0,"isEng":0,"isName":0,"isNominal":0,"isNoun":0,"isNum":0,"isPrtf":1,"isSymbol":0,"isUnknown":0,"isVerb":0,"repeat":0.2,"weight":0.0014403426893255641,"weightAll":0.0014403426893255641}},"смочь":{"indexObj":{"classMask":5,"counter":2370.0,"finded":1667,"isExisted":true,"letterId":17,"meta":"{}","server":"_buber3_","table":"wordIndex.ru","uid":3258,"word":"смочь","wordHash":"43e22742ca469c8cd3adc4121b0ef9be_b8bc21bd767ff335bd831f09d33c3b72416346d3b8d045e8b74cb820517393a75d09c0137bcf66a823cdb19c635878b8e5a9776e85b931f21b5a86fd12132080","wordId":"17:3258"},"morphObj":{"params":{"class":"г","classMask":5,"info":{"isCapital":false,"isUpper":false},"stack":"((<DictionaryAnalyzer>, u'\\u0441\\u043c\\u043e\\u0433\\u043b\\u0438', 857, 4),)"},"sentenceIndex":[5,9],"words":["смогли","смогли"],"wordsIndex":[12,1]},"rating":40.0,"stats":{"counter":2370.0,"counterAll":4740.0,"isAdjf":0,"isCombo":0,"isComp":0,"isCountry":0,"isEng":0,"isName":0,"isNominal":0,"isNoun":0,"isNum":0,"isPrtf":0,"isSymbol":0,"isUnknown":0,"isVerb":1,"repeat":0.4,"weight":0.022166312816244073,"weightAll":0.044332625632488146}},"спасатель":{"indexObj":{"classMask":1,"counter":112.0,"finded":80,"isExisted":true,"letterId":17,"meta":"{}","server":"_buber3_","table":"wordIndex.ru","uid":10041,"word":"спасатель","wordHash":"b908358853163b9f2aa15086d31cf91f_e581688d307569d5e481f0ec8b24978b22ecfcf76aac08c0600c458b0a2b446cdf4b9cb58de6ee12790626afaeeadebe882d883b8349bd74623044247f683d06","wordId":"17:10041"},"morphObj":{"params":{"class":"с","classMask":1,"info":{"isCapital":true,"isUpper":false},"stack":"((<DictionaryAnalyzer>, u'\\u0441\\u043f\\u0430\\u0441\\u0430\\u0442\\u0435\\u043b\\u0438', 121, 6),)"},"sentenceIndex":[5],"words":["Спасатели"],"wordsIndex":[0]},"rating":20.0,"stats":{"counter":112.0,"counterAll":112.0,"isAdjf":0,"isCombo":0,"isComp":0,"isCountry":0,"isEng":0,"isName":0,"isNominal":0,"isNoun":1,"isNum":0,"isPrtf":0,"isSymbol":0,"isUnknown":0,"isVerb":0,"repeat":0.2,"weight":0.0010475219558731376,"weightAll":0.0010475219558731376}},"спасательный":{"indexObj":{"classMask":2,"counter":145.0,"finded":100,"isExisted":true,"letterId":17,"meta":"{}","server":"_buber3_","table":"wordIndex.ru","uid":10368,"word":"спасательный","wordHash":"2afde91d98fd6a1f581ceff069bf7a46_f016cfecf921866ea88c7fdd457cd4496743c03fd80d2e48633820d13a7af270206ccda71a733eeb8e119ee19cfb6d777f4ede504544136b81beace0c0fa4ddb","wordId":"17:10368"},"morphObj":{"params":{"class":"п","classMask":2,"info":{"isCapital":false,"isUpper":false},"stack":"((<DictionaryAnalyzer>, u'\\u0441\\u043f\\u0430\\u0441\\u0430\\u0442\\u0435\\u043b\\u044c\\u043d\\u0430\\u044f', 60, 7),)"},"sentenceIndex":[2],"words":["спасательная"],"wordsIndex":[3]},"rating":20.0,"stats":{"counter":145.0,"counterAll":145.0,"isAdjf":1,"isCombo":0,"isComp":0,"isCountry":0,"isEng":0,"isName":0,"isNominal":0,"isNoun":0,"isNum":0,"isPrtf":0,"isSymbol":0,"isUnknown":0,"isVerb":0,"repeat":0.2,"weight":0.0013561668178714728,"weightAll":0.0013561668178714728}},"спасти":{"indexObj":{"classMask":6,"counter":297.0,"finded":213,"isExisted":true,"letterId":17,"meta":"{}","server":"_buber3_","table":"wordIndex.ru","uid":182,"word":"спасти","wordHash":"f22ff53a2981bdafd805fcfc32492f59_bf45a9e7b01725d646105061274f71f42303aa2bf1b4a4a8a783373ea8d49d1764d517e3f94a4a18e67b1b4d5c793fbefdb869b32de1130d5d643744716f60fd","wordId":"17:182"},"morphObj":{"params":{"class":"инфинитив","classMask":6,"info":{"isCapital":false,"isUpper":false},"stack":"((<DictionaryAnalyzer>, u'\\u0441\\u043f\\u0430\\u0441\\u0442\\u0438', 1325, 0),)"},"sentenceIndex":[2,4,9],"words":["спасти","спасенные","спасти"],"wordsIndex":[8,2,2]},"rating":60.0,"stats":{"counter":297.0,"counterAll":891.0,"isAdjf":0,"isCombo":0,"isComp":0,"isCountry":0,"isEng":0,"isName":0,"isNominal":0,"isNoun":0,"isNum":0,"isPrtf":0,"isSymbol":0,"isUnknown":0,"isVerb":1,"repeat":0.6,"weight":0.002777803757985017,"weightAll":0.00833341127395505}},"считаться":{"indexObj":{"classMask":5,"counter":2469.0,"finded":1894,"isExisted":true,"letterId":17,"meta":"{}","server":"_buber3_","table":"wordIndex.ru","uid":812,"word":"считаться","wordHash":"ebb2308cdfd692fc0d7cffa2a70c05c9_5dff32f99851531d7c4a4447e6a6d3f9d7660e326af72293f3fe42d493b22fe9c6dfc72f99d26e14bab2a519d728530e632cdbb3d37928f2eef9978cc8fd837b","wordId":"17:812"},"morphObj":{"params":{"class":"г","classMask":5,"info":{"isCapital":true,"isUpper":false},"stack":"((<DictionaryAnalyzer>, u'\\u0441\\u0447\\u0438\\u0442\\u0430\\u0435\\u0442\\u0441\\u044f', 224, 5),)"},"sentenceIndex":[8],"words":["Считается"],"wordsIndex":[0]},"rating":20.0,"stats":{"counter":2469.0,"counterAll":2469.0,"isAdjf":0,"isCombo":0,"isComp":0,"isCountry":0,"isEng":0,"isName":0,"isNominal":0,"isNoun":0,"isNum":0,"isPrtf":0,"isSymbol":0,"isUnknown":0,"isVerb":1,"repeat":0.2,"weight":0.02309224740223908,"weightAll":0.02309224740223908}},"тоже":{"indexObj":{"classMask":11,"counter":895.0,"finded":732,"isExisted":true,"letterId":20,"meta":"{}","server":"_buber3_","table":"wordIndex.ru","uid":2657,"word":"тоже","wordHash":"69a36f84d6508b9d0c10871e6eeb96ac_d05c48922eddfb7c824b84c7fdfa449c9aa32d98a975f0fbc9711bf2d2e4d2b68de5499aa6fb80816d24c17ad96f9d406bb458a3e11ac5a80339b07c7c7b5564","wordId":"20:2657"},"morphObj":{"params":{"class":"н","classMask":11,"info":{"isCapital":false,"isUpper":false},"stack":"((<DictionaryAnalyzer>, u'\\u0442\\u043e\\u0436\\u0435', 3, 0),)"},"sentenceIndex":[8],"words":["тоже"],"wordsIndex":[15]},"rating":20.0,"stats":{"counter":895.0,"counterAll":895.0,"isAdjf":0,"isCombo":0,"isComp":0,"isCountry":0,"isEng":0,"isName":0,"isNominal":0,"isNoun":0,"isNum":0,"isPrtf":0,"isSymbol":0,"isUnknown":0,"isVerb":0,"repeat":0.2,"weight":0.008370822772379091,"weightAll":0.008370822772379091}},"удаться":{"indexObj":{"classMask":5,"counter":2098.0,"finded":1487,"isExisted":true,"letterId":19,"meta":"{}","server":"_buber3_","table":"wordIndex.ru","uid":590,"word":"удаться","wordHash":"8a02aa52660f08104924a016b3080429_9660b5ea818bb5d426f22c7ba909ad41aa203c62e4a361fa24d29c30eea3ff58ac05c8c423d882054d190e78e0f2a6727ec2ebdef3422dbe52c38ba1ffe682e7","wordId":"19:590"},"morphObj":{"params":{"class":"г","classMask":5,"info":{"isCapital":false,"isUpper":false},"stack":"((<DictionaryAnalyzer>, u'\\u0443\\u0434\\u0430\\u043b\\u043e\\u0441\\u044c', 648, 3),)"},"sentenceIndex":[2],"words":["удалось"],"wordsIndex":[7]},"rating":20.0,"stats":{"counter":2098.0,"counterAll":2098.0,"isAdjf":0,"isCombo":0,"isComp":0,"isCountry":0,"isEng":0,"isName":0,"isNominal":0,"isNoun":0,"isNum":0,"isPrtf":0,"isSymbol":0,"isUnknown":0,"isVerb":1,"repeat":0.2,"weight":0.01962233092340931,"weightAll":0.01962233092340931}},"уже":{"indexObj":{"classMask":11,"counter":7163.0,"finded":4338,"isExisted":true,"letterId":19,"meta":"{}","server":"_buber3_","table":"wordIndex.ru","uid":2175,"word":"уже","wordHash":"f4833d68882439e2d4753acc2bd1e605_d9c46b846a4328c2c53f161dc7488bb1dd2f389307700343c162a0df4e8ea8b9b29abd0c9294d197b9fc90a413e8b5272eee396ff0cc03c4a1a3e89c96b8182e","wordId":"19:2175"},"morphObj":{"params":{"class":"н","classMask":11,"info":{"isCapital":false,"isUpper":false},"stack":"((<DictionaryAnalyzer>, u'\\u0443\\u0436\\u0435', 3, 0),)"},"sentenceIndex":[6],"words":["уже"],"wordsIndex":[13]},"rating":20.0,"stats":{"counter":7163.0,"counterAll":7163.0,"isAdjf":0,"isCombo":0,"isComp":0,"isCountry":0,"isEng":0,"isName":0,"isNominal":0,"isNoun":0,"isNum":0,"isPrtf":0,"isSymbol":0,"isUnknown":0,"isVerb":0,"repeat":0.2,"weight":0.06699464080285075,"weightAll":0.06699464080285075}},"уплыть":{"indexObj":{"classMask":6,"counter":2.0,"finded":2,"isExisted":true,"letterId":19,"meta":"{}","server":"_buber3_","table":"wordIndex.ru","uid":346163,"word":"уплыть","wordHash":"972509383730dba39075b2d37b7eaead_c7d3f8e547b64c3ea2650c3354ac0096059670f6979952be2e5e98e600272b57ec066b9acf4c5438198b7ff0c1510b356cc500ebed86f91c5bc20aba164701d7","wordId":"19:346163"},"morphObj":{"params":{"class":"инфинитив","classMask":6,"info":{"isCapital":false,"isUpper":false},"stack":"((<DictionaryAnalyzer>, u'\\u0443\\u043f\\u043b\\u044b\\u0442\\u044c', 922, 0),)"},"sentenceIndex":[5],"words":["уплыть"],"wordsIndex":[13]},"rating":20.0,"stats":{"counter":2.0,"counterAll":2.0,"isAdjf":0,"isCombo":0,"isComp":0,"isCountry":0,"isEng":0,"isName":0,"isNominal":0,"isNoun":0,"isNum":0,"isPrtf":0,"isSymbol":0,"isUnknown":0,"isVerb":1,"repeat":0.2,"weight":1.8705749212020316e-05,"weightAll":1.8705749212020316e-05}},"учёный":{"indexObj":{"classMask":1,"counter":1199.0,"finded":685,"isExisted":true,"letterId":19,"meta":"{}","server":"_buber3_","table":"wordIndex.ru","uid":3905,"word":"учёный","wordHash":"ce10da946bd5299c5209bf2e2c188d98_5112bfcc397c092b32235df7bfef08c20fd0507e5ba7fa1f56fba8f2e9d556c44dad91191623c9fe7fbf36e42d3735822717576761797f61993f6c067878f97b","wordId":"19:3905"},"morphObj":{"params":{"class":"с","classMask":1,"info":{"isCapital":false,"isUpper":false},"stack":"((<DictionaryAnalyzer>, u'\\u0443\\u0447\\u0451\\u043d\\u044b\\u0435', 218, 6),)"},"sentenceIndex":[7],"words":["ученые"],"wordsIndex":[4]},"rating":20.0,"stats":{"counter":1199.0,"counterAll":1199.0,"isAdjf":0,"isCombo":0,"isComp":0,"isCountry":0,"isEng":0,"isName":0,"isNominal":0,"isNoun":1,"isNum":0,"isPrtf":0,"isSymbol":0,"isUnknown":0,"isVerb":0,"repeat":0.2,"weight":0.011214096652606179,"weightAll":0.011214096652606179}},"часто":{"indexObj":{"classMask":11,"counter":2925.0,"finded":1962,"isExisted":true,"letterId":23,"meta":"{}","server":"_buber3_","table":"wordIndex.ru","uid":945,"word":"часто","wordHash":"98055932cba73e19de4a1fe1e21998f7_5343eb7cf910b31d484992720acb67a282cd817b296d2ba502aedb08d93771f850feeb9a68ce67fc7bbb3774399e0914443d13c7be906bed420f537c38e86441","wordId":"23:945"},"morphObj":{"params":{"class":"н","classMask":11,"info":{"isCapital":false,"isUpper":false},"stack":"((<DictionaryAnalyzer>, u'\\u0447\\u0430\\u0441\\u0442\\u043e', 3, 0),)"},"sentenceIndex":[6],"words":["часто"],"wordsIndex":[6]},"rating":20.0,"stats":{"counter":2925.0,"counterAll":2925.0,"isAdjf":0,"isCombo":0,"isComp":0,"isCountry":0,"isEng":0,"isName":0,"isNominal":0,"isNoun":0,"isNum":0,"isPrtf":0,"isSymbol":0,"isUnknown":0,"isVerb":0,"repeat":0.2,"weight":0.02735715822257971,"weightAll":0.02735715822257971}},"чёрный":{"indexObj":{"classMask":1,"counter":1277.0,"finded":781,"isExisted":true,"letterId":23,"meta":"{}","server":"_buber3_","table":"wordIndex.ru","uid":2388,"word":"чёрный","wordHash":"07dc94a2026a0e2c8f5477404e8d43ff_131f8704f82c08839fdc640d7f71778ed6ab94cf3e67dfdf1b51e20af174b546eea66082c8bdc06f6879f1265260c28beec0fcf46ebfdfe7ec0a38dff8527967","wordId":"23:2388"},"morphObj":{"params":{"class":"с","classMask":1,"info":{"isCapital":false,"isUpper":false},"stack":"((<DictionaryAnalyzer>, u'\\u0447\\u0451\\u0440\\u043d\\u044b\\u0445', 218, 7),)"},"sentenceIndex":[0],"words":["черных"],"wordsIndex":[2]},"rating":20.0,"stats":{"counter":1277.0,"counterAll":1277.0,"isAdjf":0,"isCombo":0,"isComp":0,"isCountry":0,"isEng":0,"isName":0,"isNominal":0,"isNoun":1,"isNum":0,"isPrtf":0,"isSymbol":0,"isUnknown":0,"isVerb":0,"repeat":0.2,"weight":0.01194362087187497,"weightAll":0.01194362087187497}},"шароголов":{"indexObj":{"classMask":1,"counter":2.0,"finded":2,"isExisted":true,"letterId":26,"meta":"{}","server":"_buber3_","table":"wordIndex.ru","uid":346162,"word":"шароголов","wordHash":"d186084bc662e2b16830e26c05df84cc_98d06cd7bc9bd6927ca90644d674deccae5c35d1b1a0dfccff3a66a2a8d63da5ffd2bdab8e5426bbc6d5355c8e2910249a93ce036fcc320dd6cbad145a92c10a","wordId":"26:346162"},"morphObj":{"params":{"class":"с","classMask":1,"info":{"isCapital":false,"isUpper":false},"stack":"((<DictionaryAnalyzer>, u'\\u0433\\u043e\\u043b\\u043e\\u0432\\u044b\\u0445', 36, 13), (<UnknownPrefixAnalyzer>, u'\\u0448\\u0430\\u0440\\u043e'))"},"sentenceIndex":[0],"words":["шароголовых"],"wordsIndex":[6]},"rating":20.0,"stats":{"counter":2.0,"counterAll":2.0,"isAdjf":0,"isCombo":0,"isComp":0,"isCountry":0,"isEng":0,"isName":0,"isNominal":0,"isNoun":1,"isNum":0,"isPrtf":0,"isSymbol":0,"isUnknown":0,"isVerb":0,"repeat":0.2,"weight":1.8705749212020316e-05,"weightAll":1.8705749212020316e-05}},"южный":{"indexObj":{"classMask":22,"counter":3333.0,"finded":1560,"isExisted":true,"letterId":32,"meta":"{}","server":"_buber3_","table":"wordIndex.ru","uid":1899,"word":"южный","wordHash":"ac540b0568d800bad99226534f14dbff_da1e28ce48db1da1ddcd9a3d8f4ca96059a5ba9a7866bd9c333a48831b333353678b8e8a6cecba458f479ad45d58963860cd55f02eb89e9000be45fa5bf660c4","wordId":"32:1899"},"morphObj":{"params":{"class":"имя","classMask":22,"info":{"isCapital":true,"isUpper":false},"stack":"((<DictionaryAnalyzer>, u'\\u044e\\u0436\\u043d\\u043e\\u0433\\u043e', 12, 1),)"},"sentenceIndex":[1],"words":["Южного"],"wordsIndex":[4]},"rating":120.0,"stats":{"counter":3333.0,"counterAll":3333.0,"isAdjf":0,"isCombo":0,"isComp":0,"isCountry":0,"isEng":0,"isName":1,"isNominal":0,"isNoun":0,"isNum":0,"isPrtf":0,"isSymbol":0,"isUnknown":0,"isVerb":0,"repeat":0.2,"weight":0.031173131061831855,"weightAll":0.031173131061831855}}}