{"11":{"params":{"class":"наим","classMask":19,"info":{},"stack":""},"sentenceIndex":[0],"words":["11"],"wordsIndex":[12]},"5":{"params":{"class":"число","classMask":10,"info":{},"stack":""},"sentenceIndex":[0],"words":["5"],"wordsIndex":[2]},"50":{"params":{"class":"наим","classMask":19,"info":{},"stack":""},"sentenceIndex":[2],"words":["50"],"wordsIndex":[7]},"6":{"params":{"class":"число","classMask":10,"info":{},"stack":""},"sentenceIndex":[0],"words":["6"],"wordsIndex":[3]},"без":{"params":{"class":"предл","classMask":14,"info":{"isCapital":true,"isUpper":false},"stack":"((<DictionaryAnalyzer>, u'\\u0431\\u0435\\u0437', 375, 0),)"},"sentenceIndex":[2],"words":["Без"],"wordsIndex":[0]},"более":{"params":{"class":"н","classMask":11,"info":{"isCapital":false,"isUpper":false},"stack":"((<DictionaryAnalyzer>, u'\\u0431\\u043e\\u043b\\u0435\\u0435', 3, 0),)"},"sentenceIndex":[2],"words":["более"],"wordsIndex":[6]},"в":{"params":{"class":"символ","classMask":20,"info":{},"stack":""},"sentenceIndex":[0,0,0,2,3],"words":["в","в","в","в","В"],"wordsIndex":[5,7,11,2,0]},"велик":{"params":{"class":"с","classMask":1,"info":{"isCapital":false,"isUpper":false},"stack":"((<DictionaryAnalyzer>, u'\\u0432\\u0435\\u043b\\u0438\\u043a\\u0430', 19, 1),)"},"sentenceIndex":[4],"words":["велика"],"wordsIndex":[7]},"вероятность":{"params":{"class":"с","classMask":1,"info":{"isCapital":false,"isUpper":false},"stack":"((<DictionaryAnalyzer>, u'\\u0432\\u0435\\u0440\\u043e\\u044f\\u0442\\u043d\\u043e\\u0441\\u0442\\u044c', 13, 0),)"},"sentenceIndex":[4],"words":["вероятность"],"wordsIndex":[8]},"власть":{"params":{"class":"с","classMask":1,"info":{"isCapital":true,"isUpper":false},"stack":"((<DictionaryAnalyzer>, u'\\u0432\\u043b\\u0430\\u0441\\u0442\\u0438', 13, 1),)"},"sentenceIndex":[4],"words":["Власти"],"wordsIndex":[0]},"восстановить":{"params":{"class":"кр_причастие","classMask":8,"info":{"isCapital":false,"isUpper":false},"stack":"((<DictionaryAnalyzer>, u'\\u0432\\u043e\\u0441\\u0441\\u0442\\u0430\\u043d\\u043e\\u0432\\u043b\\u0435\\u043d\\u0430', 647, 72),)"},"sentenceIndex":[3],"words":["восстановлена"],"wordsIndex":[7]},"время":{"params":{"class":"с","classMask":1,"info":{"isCapital":false,"isUpper":false},"stack":"((<DictionaryAnalyzer>, u'\\u0432\\u0440\\u0435\\u043c\\u044f', 536, 3),)"},"sentenceIndex":[3],"words":["время"],"wordsIndex":[2]},"гибель":{"params":{"class":"с","classMask":1,"info":{"isCapital":false,"isUpper":false},"stack":"((<DictionaryAnalyzer>, u'\\u0433\\u0438\\u0431\\u0435\\u043b\\u0438', 13, 1),)"},"sentenceIndex":[1],"words":["гибели"],"wordsIndex":[2]},"город":{"params":{"class":"с","classMask":1,"info":{"isCapital":false,"isUpper":false},"stack":"((<DictionaryAnalyzer>, u'\\u0433\\u043e\\u0440\\u043e\\u0434\\u0430', 1188, 1),)"},"sentenceIndex":[0],"words":["города"],"wordsIndex":[15]},"землетрясение":{"params":{"class":"с","classMask":1,"info":{"isCapital":true,"isUpper":false},"stack":"((<DictionaryAnalyzer>, u'\\u0437\\u0435\\u043c\\u043b\\u0435\\u0442\\u0440\\u044f\\u0441\\u0435\\u043d\\u0438\\u0435', 76, 0),)"},"sentenceIndex":[0,2],"words":["Землетрясение","землетрясения"],"wordsIndex":[0,4]},"и":{"params":{"class":"символ","classMask":20,"info":{},"stack":""},"sentenceIndex":[1],"words":["и"],"wordsIndex":[5]},"известно":{"params":{"class":"предк","classMask":13,"info":{"isCapital":true,"isUpper":false},"stack":"((<DictionaryAnalyzer>, u'\\u0438\\u0437\\u0432\\u0435\\u0441\\u0442\\u043d\\u043e', 242, 0),)"},"sentenceIndex":[1],"words":["Известно"],"wordsIndex":[0]},"как":{"params":{"class":"союз","classMask":15,"info":{"isCapital":false,"isUpper":false},"stack":"((<DictionaryAnalyzer>, u'\\u043a\\u0430\\u043a', 1673, 0),)"},"sentenceIndex":[4],"words":["как"],"wordsIndex":[6]},"километр":{"params":{"class":"с","classMask":1,"info":{"isCapital":false,"isUpper":false},"stack":"((<DictionaryAnalyzer>, u'\\u043a\\u043c', 1702, 12),)"},"sentenceIndex":[0],"words":["км"],"wordsIndex":[13]},"магнитуда":{"params":{"class":"с","classMask":1,"info":{"isCapital":false,"isUpper":false},"stack":"((<DictionaryAnalyzer>, u'\\u043c\\u0430\\u0433\\u043d\\u0438\\u0442\\u0443\\u0434\\u043e\\u0439', 55, 4),)"},"sentenceIndex":[0],"words":["магнитудой"],"wordsIndex":[1]},"местный":{"params":{"class":"п","classMask":2,"info":{"isCapital":false,"isUpper":false},"stack":"((<DictionaryAnalyzer>, u'\\u043c\\u0435\\u0441\\u0442\\u043d\\u044b\\u0435', 12, 20),)"},"sentenceIndex":[3],"words":["местные"],"wordsIndex":[9]},"на":{"params":{"class":"предл","classMask":14,"info":{"isCapital":false,"isUpper":false},"stack":"((<DictionaryAnalyzer>, u'\\u043d\\u0430', 24, 0),)"},"sentenceIndex":[0],"words":["на"],"wordsIndex":[9]},"население":{"params":{"class":"с","classMask":1,"info":{"isCapital":false,"isUpper":false},"stack":"((<DictionaryAnalyzer>, u'\\u043d\\u0430\\u0441\\u0435\\u043b\\u0435\\u043d\\u0438\\u0435', 76, 0),)"},"sentenceIndex":[4],"words":["население"],"wordsIndex":[2]},"настоящее":{"params":{"class":"с","classMask":1,"info":{"isCapital":false,"isUpper":false},"stack":"((<DictionaryAnalyzer>, u'\\u043d\\u0430\\u0441\\u0442\\u043e\\u044f\\u0449\\u0435\\u0435', 501, 3),)"},"sentenceIndex":[3],"words":["настоящее"],"wordsIndex":[1]},"новый":{"params":{"class":"п","classMask":2,"info":{"isCapital":false,"isUpper":false},"stack":"((<DictionaryAnalyzer>, u'\\u043d\\u043e\\u0432\\u044b\\u0445', 405, 21),)"},"sentenceIndex":[4],"words":["новых"],"wordsIndex":[9]},"ночь":{"params":{"class":"с","classMask":1,"info":{"isCapital":false,"isUpper":false},"stack":"((<DictionaryAnalyzer>, u'\\u043d\\u043e\\u0447\\u044c', 2131, 3),)"},"sentenceIndex":[0],"words":["ночь"],"wordsIndex":[8]},"о":{"params":{"class":"символ","classMask":20,"info":{},"stack":""},"sentenceIndex":[1],"words":["о"],"wordsIndex":[1]},"оставаться":{"params":{"class":"г","classMask":5,"info":{"isCapital":false,"isUpper":false},"stack":"((<DictionaryAnalyzer>, u'\\u043e\\u0441\\u0442\\u0430\\u0432\\u0430\\u043b\\u0438\\u0441\\u044c', 646, 10),)"},"sentenceIndex":[2],"words":["оставались"],"wordsIndex":[5]},"осторожность":{"params":{"class":"с","classMask":1,"info":{"isCapital":false,"isUpper":false},"stack":"((<DictionaryAnalyzer>, u'\\u043e\\u0441\\u0442\\u043e\\u0440\\u043e\\u0436\\u043d\\u043e\\u0441\\u0442\\u044c', 13, 3),)"},"sentenceIndex":[4],"words":["осторожность"],"wordsIndex":[4]},"от":{"params":{"class":"предл","classMask":14,"info":{"isCapital":false,"isUpper":false},"stack":"((<DictionaryAnalyzer>, u'\\u043e\\u0442', 375, 0),)"},"sentenceIndex":[0],"words":["от"],"wordsIndex":[14]},"подземный":{"params":{"class":"п","classMask":2,"info":{"isCapital":false,"isUpper":false},"stack":"((<DictionaryAnalyzer>, u'\\u043f\\u043e\\u0434\\u0437\\u0435\\u043c\\u043d\\u044b\\u0445', 12, 21),)"},"sentenceIndex":[4],"words":["подземных"],"wordsIndex":[10]},"последствие":{"params":{"class":"с","classMask":1,"info":{"isCapital":false,"isUpper":false},"stack":"((<DictionaryAnalyzer>, u'\\u043f\\u043e\\u0441\\u043b\\u0435\\u0434\\u0441\\u0442\\u0432\\u0438\\u044f', 119, 1),)"},"sentenceIndex":[3],"words":["последствия"],"wordsIndex":[3]},"призывать":{"params":{"class":"г","classMask":5,"info":{"isCapital":false,"isUpper":false},"stack":"((<DictionaryAnalyzer>, u'\\u043f\\u0440\\u0438\\u0437\\u044b\\u0432\\u0430\\u044e\\u0442', 206, 6),)"},"sentenceIndex":[4],"words":["призывают"],"wordsIndex":[1]},"произойти":{"params":{"class":"г","classMask":5,"info":{"isCapital":false,"isUpper":false},"stack":"((<DictionaryAnalyzer>, u'\\u043f\\u0440\\u043e\\u0438\\u0437\\u043e\\u0448\\u043b\\u043e', 2581, 3),)"},"sentenceIndex":[0],"words":["произошло"],"wordsIndex":[4]},"проявлять":{"params":{"class":"инфинитив","classMask":6,"info":{"isCapital":false,"isUpper":false},"stack":"((<DictionaryAnalyzer>, u'\\u043f\\u0440\\u043e\\u044f\\u0432\\u043b\\u044f\\u0442\\u044c', 206, 0),)"},"sentenceIndex":[4],"words":["проявлять"],"wordsIndex":[3]},"разрушение":{"params":{"class":"с","classMask":1,"info":{"isCapital":false,"isUpper":false},"stack":"((<DictionaryAnalyzer>, u'\\u0440\\u0430\\u0437\\u0440\\u0443\\u0448\\u0435\\u043d\\u0438\\u044f\\u0445', 76, 22),)"},"sentenceIndex":[1],"words":["разрушениях"],"wordsIndex":[6]},"результат":{"params":{"class":"с","classMask":1,"info":{"isCapital":false,"isUpper":false},"stack":"((<DictionaryAnalyzer>, u'\\u0440\\u0435\\u0437\\u0443\\u043b\\u044c\\u0442\\u0430\\u0442\\u0435', 33, 5),)"},"sentenceIndex":[2],"words":["результате"],"wordsIndex":[3]},"семья":{"params":{"class":"с","classMask":1,"info":{"isCapital":false,"isUpper":false},"stack":"((<DictionaryAnalyzer>, u'\\u0441\\u0435\\u043c\\u0435\\u0439', 315, 8),)"},"sentenceIndex":[2],"words":["семей"],"wordsIndex":[9]},"сообщать":{"params":{"class":"г","classMask":5,"info":{"isCapital":false,"isUpper":false},"stack":"((<DictionaryAnalyzer>, u'\\u0441\\u043e\\u043e\\u0431\\u0449\\u0430\\u044e\\u0442', 206, 6),)"},"sentenceIndex":[3],"words":["сообщают"],"wordsIndex":[8]},"стихия":{"params":{"class":"с","classMask":1,"info":{"isCapital":false,"isUpper":false},"stack":"((<DictionaryAnalyzer>, u'\\u0441\\u0442\\u0438\\u0445\\u0438\\u0438', 40, 1),)"},"sentenceIndex":[3],"words":["стихии"],"wordsIndex":[4]},"суббота":{"params":{"class":"с","classMask":1,"info":{"isCapital":false,"isUpper":false},"stack":"((<DictionaryAnalyzer>, u'\\u0441\\u0443\\u0431\\u0431\\u043e\\u0442\\u0443', 55, 3),)"},"sentenceIndex":[0],"words":["субботу"],"wordsIndex":[10]},"тайвань":{"params":{"class":"имя","classMask":1122,"info":{"isCapital":true,"isCountry":true,"isUpper":false},"stack":"((<DictionaryAnalyzer>, u'\\u0442\\u0430\\u0439\\u0432\\u0430\\u043d\\u0435', 87, 5),)"},"sentenceIndex":[0],"words":["Тайване"],"wordsIndex":[6]},"тайнаня":{"params":{"class":"имя","classMask":22,"info":{"isCapital":true,"isUpper":false},"stack":"((<DictionaryAnalyzer>, u'\\u043d\\u0430\\u043d\\u044c', 160, 8), (<UnknownPrefixAnalyzer>, u'\\u0442\\u0430\\u0439'))"},"sentenceIndex":[0],"words":["Тайнань"],"wordsIndex":[16]},"так":{"params":{"class":"союз","classMask":15,"info":{"isCapital":false,"isUpper":false},"stack":"((<DictionaryAnalyzer>, u'\\u0442\\u0430\\u043a', 20, 0),)"},"sentenceIndex":[4],"words":["так"],"wordsIndex":[5]},"телеканал":{"params":{"class":"с","classMask":1,"info":{"isCapital":false,"isUpper":false},"stack":"((<DictionaryAnalyzer>, u'\\u0442\\u0435\\u043b\\u0435\\u043a\\u0430\\u043d\\u0430\\u043b\\u044b', 33, 6),)"},"sentenceIndex":[3],"words":["телеканалы"],"wordsIndex":[10]},"толчок":{"params":{"class":"с","classMask":1,"info":{"isCapital":false,"isUpper":false},"stack":"((<DictionaryAnalyzer>, u'\\u0442\\u043e\\u043b\\u0447\\u043a\\u043e\\u0432', 139, 7),)"},"sentenceIndex":[4],"words":["толчков"],"wordsIndex":[11]},"тысяча":{"params":{"class":"с","classMask":1,"info":{"isCapital":false,"isUpper":false},"stack":"((<DictionaryAnalyzer>, u'\\u0442\\u044b\\u0441\\u044f\\u0447', 2923, 8),)"},"sentenceIndex":[2],"words":["тысяч"],"wordsIndex":[8]},"устранить":{"params":{"class":"кр_причастие","classMask":8,"info":{"isCapital":false,"isUpper":false},"stack":"((<DictionaryAnalyzer>, u'\\u0443\\u0441\\u0442\\u0440\\u0430\\u043d\\u0435\\u043d\\u044b', 720, 75),)"},"sentenceIndex":[3],"words":["устранены"],"wordsIndex":[5]},"человек":{"params":{"class":"с","classMask":1,"info":{"isCapital":false,"isUpper":false},"stack":"((<DictionaryAnalyzer>, u'\\u0447\\u0435\\u043b\\u043e\\u0432\\u0435\\u043a', 488, 0),)"},"sentenceIndex":[1],"words":["человек"],"wordsIndex":[4]},"четыре":{"params":{"class":"числ","classMask":10,"info":{"isCapital":false,"isUpper":false},"stack":"((<DictionaryAnalyzer>, u'\\u0447\\u0435\\u0442\\u044b\\u0440\\u0451\\u0445', 3036, 1),)"},"sentenceIndex":[1],"words":["четырех"],"wordsIndex":[3]},"энергоподача":{"params":{"class":"с","classMask":1,"info":{"isCapital":false,"isUpper":false},"stack":"((<DictionaryAnalyzer>, u'\\u043f\\u043e\\u0434\\u0430\\u0447\\u0430', 93, 0), (<KnownPrefixAnalyzer>, u'\\u044d\\u043d\\u0435\\u0440\\u0433\\u043e'))"},"sentenceIndex":[3],"words":["энергоподача"],"wordsIndex":[6]},"энергоснабжение":{"params":{"class":"с","classMask":1,"info":{"isCapital":false,"isUpper":false},"stack":"((<DictionaryAnalyzer>, u'\\u044d\\u043d\\u0435\\u0440\\u0433\\u043e\\u0441\\u043d\\u0430\\u0431\\u0436\\u0435\\u043d\\u0438\\u044f', 76, 2),)"},"sentenceIndex":[2],"words":["энергоснабжения"],"wordsIndex":[1]}}