{"14":{"params":{"class":"наим","classMask":19,"info":{},"stack":""},"sentenceIndex":[2],"words":["14"],"wordsIndex":[9]},"19":{"params":{"class":"наим","classMask":19,"info":{},"stack":""},"sentenceIndex":[1],"words":["19"],"wordsIndex":[15]},"2":{"params":{"class":"число","classMask":10,"info":{},"stack":""},"sentenceIndex":[4],"words":["2"],"wordsIndex":[5]},"2-й":{"params":{"class":"наим","classMask":19,"info":{},"stack":""},"sentenceIndex":[4],"words":["2-й"],"wordsIndex":[7]},"2016":{"params":{"class":"наим","classMask":19,"info":{},"stack":""},"sentenceIndex":[1],"words":["2016"],"wordsIndex":[17]},"50":{"params":{"class":"наим","classMask":19,"info":{},"stack":""},"sentenceIndex":[4],"words":["50"],"wordsIndex":[26]},"m24":{"params":{"class":"наим","classMask":19,"info":{},"stack":""},"sentenceIndex":[5],"words":["m24"],"wordsIndex":[10]},"ru":{"params":{"class":"иняз","classMask":21,"info":{"isCapital":false,"isUpper":false},"stack":""},"sentenceIndex":[6],"words":["ru"],"wordsIndex":[0]},"андрей":{"params":{"class":"имя","classMask":22,"info":{"isCapital":true,"isUpper":false},"stack":"((<DictionaryAnalyzer>, u'\\u0430\\u043d\\u0434\\u0440\\u0435\\u044f', 131, 1),)"},"sentenceIndex":[0,3],"words":["Андрея","Андрея"],"wordsIndex":[1,3]},"битва":{"params":{"class":"с","classMask":1,"info":{"isCapital":false,"isUpper":false},"stack":"((<DictionaryAnalyzer>, u'\\u0431\\u0438\\u0442\\u0432\\u044b', 55, 1),)"},"sentenceIndex":[6],"words":["битвы"],"wordsIndex":[12]},"большой":{"params":{"class":"имя","classMask":22,"info":{"isCapital":true,"isUpper":false},"stack":"((<DictionaryAnalyzer>, u'\\u0431\\u043e\\u043b\\u044c\\u0448\\u043e\\u0439', 507, 8),)"},"sentenceIndex":[0],"words":["Большой"],"wordsIndex":[11]},"борис":{"params":{"class":"имя","classMask":22,"info":{"isCapital":true,"isUpper":false},"stack":"((<DictionaryAnalyzer>, u'\\u0431\\u043e\\u0440\\u0438\\u0441\\u0443', 26, 2),)"},"sentenceIndex":[6],"words":["Борису"],"wordsIndex":[8]},"быть":{"params":{"class":"г","classMask":5,"info":{"isCapital":false,"isUpper":false},"stack":"((<DictionaryAnalyzer>, u'\\u0431\\u044b\\u043b\\u043e', 587, 6),)"},"sentenceIndex":[1,2],"words":["было","было"],"wordsIndex":[2,2]},"в":{"params":{"class":"символ","classMask":20,"info":{},"stack":""},"sentenceIndex":[0,1,4,4,4,5],"words":["в","в","в","в","в","в"],"wordsIndex":[14,12,1,12,18,2]},"военачальник":{"params":{"class":"с","classMask":1,"info":{"isCapital":false,"isUpper":false},"stack":"((<DictionaryAnalyzer>, u'\\u0432\\u043e\\u0435\\u043d\\u0430\\u0447\\u0430\\u043b\\u044c\\u043d\\u0438\\u043a\\u0430\\u043c', 2, 8),)"},"sentenceIndex":[6],"words":["военачальникам"],"wordsIndex":[4]},"воздать":{"params":{"class":"г","classMask":5,"info":{"isCapital":false,"isUpper":false},"stack":"((<DictionaryAnalyzer>, u'\\u0432\\u043e\\u0437\\u0434\\u0430\\u0434\\u0443\\u0442', 843, 10),)"},"sentenceIndex":[6],"words":["воздадут"],"wordsIndex":[1]},"где":{"params":{"class":"н","classMask":11,"info":{"isCapital":false,"isUpper":false},"stack":"((<DictionaryAnalyzer>, u'\\u0433\\u0434\\u0435', 1130, 0),)"},"sentenceIndex":[3],"words":["где"],"wordsIndex":[9]},"генерал":{"params":{"class":"с","classMask":1,"info":{"isCapital":false,"isUpper":false},"stack":"((<DictionaryAnalyzer>, u'\\u0433\\u0435\\u043d\\u0435\\u0440\\u0430\\u043b', 52, 0),)"},"sentenceIndex":[6],"words":["генерал"],"wordsIndex":[15]},"генерал-полковник":{"params":{"class":"с","classMask":1201,"info":{"comboClassStats":{"с":2},"isCapital":false,"isCombo":true,"isUpper":false},"stack":"<classByLadder>"},"sentenceIndex":[6],"words":["генерал-полковнику"],"wordsIndex":[17]},"год":{"params":{"class":"с","classMask":1,"info":{"isCapital":false,"isUpper":false},"stack":"((<DictionaryAnalyzer>, u'\\u0433\\u043e\\u0434\\u0430', 1168, 1),)"},"sentenceIndex":[1,4],"words":["года","лет"],"wordsIndex":[18,27]},"декабрь":{"params":{"class":"с","classMask":1,"info":{"isCapital":false,"isUpper":false},"stack":"((<DictionaryAnalyzer>, u'\\u0434\\u0435\\u043a\\u0430\\u0431\\u0440\\u044f', 190, 1),)"},"sentenceIndex":[1],"words":["декабря"],"wordsIndex":[16]},"дорогомиловский":{"params":{"class":"имя","classMask":22,"info":{"isCapital":true,"isUpper":false},"stack":"((<DictionaryAnalyzer>, u'\\u0434\\u043e\\u0440\\u043e\\u0433\\u043e\\u043c\\u0438\\u043b\\u043e\\u0432\\u0441\\u043a\\u043e\\u0439', 1328, 8),)"},"sentenceIndex":[0],"words":["Дорогомиловской"],"wordsIndex":[12]},"зао":{"params":{"class":"с","classMask":1,"info":{"isCapital":false,"isUpper":true},"stack":"((<DictionaryAnalyzer>, u'\\u0437\\u0430\\u043e', 1513, 0),)"},"sentenceIndex":[0],"words":["ЗАО"],"wordsIndex":[15]},"заседание":{"params":{"class":"с","classMask":1,"info":{"isCapital":false,"isUpper":false},"stack":"((<DictionaryAnalyzer>, u'\\u0437\\u0430\\u0441\\u0435\\u0434\\u0430\\u043d\\u0438\\u0438', 76, 10),)"},"sentenceIndex":[2],"words":["заседании"],"wordsIndex":[5]},"и":{"params":{"class":"символ","classMask":20,"info":{},"stack":""},"sentenceIndex":[0,3,4,6],"words":["и","и","и","и"],"wordsIndex":[10,15,9,10]},"издание":{"params":{"class":"с","classMask":1,"info":{"isCapital":false,"isUpper":false},"stack":"((<DictionaryAnalyzer>, u'\\u0438\\u0437\\u0434\\u0430\\u043d\\u0438\\u0435', 76, 0),)"},"sentenceIndex":[5],"words":["издание"],"wordsIndex":[9]},"имя":{"params":{"class":"с","classMask":1,"info":{"isCapital":false,"isUpper":false},"stack":"((<DictionaryAnalyzer>, u'\\u0438\\u043c\\u0435\\u043d\\u0438', 1647, 1),)"},"sentenceIndex":[7],"words":["имени"],"wordsIndex":[5]},"иностранный":{"params":{"class":"п","classMask":2,"info":{"isCapital":false,"isUpper":false},"stack":"((<DictionaryAnalyzer>, u'\\u0438\\u043d\\u043e\\u0441\\u0442\\u0440\\u0430\\u043d\\u043d\\u044b\\u0445', 34, 21),)"},"sentenceIndex":[3],"words":["иностранных"],"wordsIndex":[16]},"й":{"params":{"class":"символ","classMask":20,"info":{},"stack":""},"sentenceIndex":[4],"words":["й"],"wordsIndex":[6]},"как":{"params":{"class":"союз","classMask":15,"info":{"isCapital":false,"isUpper":false},"stack":"((<DictionaryAnalyzer>, u'\\u043a\\u0430\\u043a', 1673, 0),)"},"sentenceIndex":[5],"words":["как"],"wordsIndex":[6]},"карлов":{"params":{"class":"имя","classMask":22,"info":{"isCapital":true,"isUpper":false},"stack":"((<DictionaryAnalyzer>, u'\\u043a\\u0430\\u0440\\u043b\\u043e\\u0432\\u0430', 36, 1),)"},"sentenceIndex":[0,3],"words":["Карлова","Карлова"],"wordsIndex":[2,4]},"кастро":{"params":{"class":"имя","classMask":22,"info":{"isCapital":true,"isUpper":false},"stack":"((<DictionaryAnalyzer>, u'\\u043a\\u0430\\u0441\\u0442\\u0440\\u043e', 44, 0),)"},"sentenceIndex":[4],"words":["Кастро"],"wordsIndex":[17]},"квартал":{"params":{"class":"с","classMask":1,"info":{"isCapital":false,"isUpper":false},"stack":"((<DictionaryAnalyzer>, u'\\u043a\\u0432\\u0430\\u0440\\u0442\\u0430\\u043b\\u0430', 33, 1),)"},"sentenceIndex":[3],"words":["квартала"],"wordsIndex":[8]},"который":{"params":{"class":"п","classMask":2,"info":{"isCapital":false,"isUpper":false},"stack":"((<DictionaryAnalyzer>, u'\\u043a\\u043e\\u0442\\u043e\\u0440\\u044b\\u0439', 1788, 0),)"},"sentenceIndex":[1,4],"words":["который","который"],"wordsIndex":[9,22]},"куба":{"params":{"class":"имя","classMask":22,"info":{"isCapital":true,"isUpper":false},"stack":"((<DictionaryAnalyzer>, u'\\u043a\\u0443\\u0431\\u043e\\u0439', 35, 4),)"},"sentenceIndex":[4],"words":["Кубой"],"wordsIndex":[24]},"кутузовский":{"params":{"class":"имя","classMask":22,"info":{"isCapital":true,"isUpper":false},"stack":"((<DictionaryAnalyzer>, u'\\u043a\\u0443\\u0442\\u0443\\u0437\\u043e\\u0432\\u0441\\u043a\\u043e\\u0433\\u043e', 16, 1),)"},"sentenceIndex":[0],"words":["Кутузовского"],"wordsIndex":[8]},"леонид":{"params":{"class":"имя","classMask":22,"info":{"isCapital":true,"isUpper":false},"stack":"((<DictionaryAnalyzer>, u'\\u043b\\u0435\\u043e\\u043d\\u0438\\u0434\\u0443', 26, 2),)"},"sentenceIndex":[6],"words":["Леониду"],"wordsIndex":[18]},"маршал":{"params":{"class":"с","classMask":1,"info":{"isCapital":false,"isUpper":false},"stack":"((<DictionaryAnalyzer>, u'\\u043c\\u0430\\u0440\\u0448\\u0430\\u043b\\u0443', 52, 2),)"},"sentenceIndex":[6],"words":["маршалу"],"wordsIndex":[5]},"мид":{"params":{"class":"с","classMask":1,"info":{"isCapital":false,"isUpper":true},"stack":"((<DictionaryAnalyzer>, u'\\u043c\\u0438\\u0434', 1945, 0),)"},"sentenceIndex":[3],"words":["МИД"],"wordsIndex":[13]},"москва":{"params":{"class":"имя","classMask":22,"info":{"isCapital":true,"isUpper":false},"stack":"((<DictionaryAnalyzer>, u'\\u043c\\u043e\\u0441\\u043a\\u0432\\u043e\\u0439', 1974, 4),)"},"sentenceIndex":[6,7],"words":["Москвой","Москвы"],"wordsIndex":[14,2]},"на":{"params":{"class":"предл","classMask":14,"info":{"isCapital":true,"isUpper":false},"stack":"((<DictionaryAnalyzer>, u'\\u043d\\u0430', 24, 0),)"},"sentenceIndex":[0,2,4,7],"words":["на","на","на","На"],"wordsIndex":[6,4,3,0]},"название":{"params":{"class":"с","classMask":1,"info":{"isCapital":true,"isUpper":false},"stack":"((<DictionaryAnalyzer>, u'\\u043d\\u0430\\u0437\\u0432\\u0430\\u043d\\u0438\\u044f', 76, 2),)"},"sentenceIndex":[5],"words":["Названия"],"wordsIndex":[0]},"назвать":{"params":{"class":"г","classMask":5,"info":{"isCapital":false,"isUpper":false},"stack":"((<DictionaryAnalyzer>, u'\\u043d\\u0430\\u0437\\u043e\\u0432\\u0443\\u0442', 851, 10),)"},"sentenceIndex":[0],"words":["назовут"],"wordsIndex":[3]},"недалеко":{"params":{"class":"н","classMask":11,"info":{"isCapital":false,"isUpper":false},"stack":"((<DictionaryAnalyzer>, u'\\u043d\\u0435\\u0434\\u0430\\u043b\\u0435\\u043a\\u043e', 3, 0),)"},"sentenceIndex":[3],"words":["недалеко"],"wordsIndex":[6]},"новопесчаный":{"params":{"class":"имя","classMask":22,"info":{"isCapital":true,"isUpper":false},"stack":"((<DictionaryAnalyzer>, u'\\u043f\\u0435\\u0441\\u0447\\u0430\\u043d\\u043e\\u0439', 4, 8), (<UnknownPrefixAnalyzer>, u'\\u043d\\u043e\\u0432\\u043e'))"},"sentenceIndex":[4],"words":["Новопесчаной"],"wordsIndex":[10]},"о":{"params":{"class":"символ","classMask":20,"info":{},"stack":""},"sentenceIndex":[1,4],"words":["о","о"],"wordsIndex":[6,20]},"образ":{"params":{"class":"с","classMask":1,"info":{"isCapital":false,"isUpper":false},"stack":"((<DictionaryAnalyzer>, u'\\u043e\\u0431\\u0440\\u0430\\u0437\\u043e\\u043c', 2168, 4),)"},"sentenceIndex":[1],"words":["образом"],"wordsIndex":[1]},"от":{"params":{"class":"предл","classMask":14,"info":{"isCapital":false,"isUpper":false},"stack":"((<DictionaryAnalyzer>, u'\\u043e\\u0442', 375, 0),)"},"sentenceIndex":[3],"words":["от"],"wordsIndex":[7]},"офтальмолог":{"params":{"class":"с","classMask":1,"info":{"isCapital":false,"isUpper":false},"stack":"((<DictionaryAnalyzer>, u'\\u043e\\u0444\\u0442\\u0430\\u043b\\u044c\\u043c\\u043e\\u043b\\u043e\\u0433\\u0430', 2, 1),)"},"sentenceIndex":[7],"words":["офтальмолога"],"wordsIndex":[8]},"офтальмолог-хирург":{"params":{"class":"с","classMask":1201,"info":{"comboClassStats":{"с":2},"isCapital":false,"isCombo":true,"isUpper":false},"stack":"<classByLadder>"},"sentenceIndex":[7],"words":["хирурга-офтальмолога"],"wordsIndex":[9]},"память":{"params":{"class":"с","classMask":1,"info":{"isCapital":false,"isUpper":false},"stack":"((<DictionaryAnalyzer>, u'\\u043f\\u0430\\u043c\\u044f\\u0442\\u044c', 13, 3),)"},"sentenceIndex":[1,4],"words":["память","память"],"wordsIndex":[5,19]},"пересечение":{"params":{"class":"с","classMask":1,"info":{"isCapital":false,"isUpper":false},"stack":"((<DictionaryAnalyzer>, u'\\u043f\\u0435\\u0440\\u0435\\u0441\\u0435\\u0447\\u0435\\u043d\\u0438\\u0438', 76, 10),)"},"sentenceIndex":[0,4],"words":["пересечении","пересечении"],"wordsIndex":[7,4]},"песчаный":{"params":{"class":"имя","classMask":22,"info":{"isCapital":true,"isUpper":false},"stack":"((<DictionaryAnalyzer>, u'\\u043f\\u0435\\u0441\\u0447\\u0430\\u043d\\u043e\\u0439', 4, 8),)"},"sentenceIndex":[4],"words":["Песчаной"],"wordsIndex":[8]},"площадь":{"params":{"class":"с","classMask":1,"info":{"isCapital":false,"isUpper":false},"stack":"((<DictionaryAnalyzer>, u'\\u043f\\u043b\\u043e\\u0449\\u0430\\u0434\\u044c', 2377, 0),)"},"sentenceIndex":[4],"words":["площадь"],"wordsIndex":[15]},"погибнуть":{"params":{"class":"г","classMask":5,"info":{"isCapital":false,"isUpper":false},"stack":"((<DictionaryAnalyzer>, u'\\u043f\\u043e\\u0433\\u0438\\u0431', 730, 1),)"},"sentenceIndex":[1],"words":["погиб"],"wordsIndex":[11]},"под":{"params":{"class":"предл","classMask":14,"info":{"isCapital":false,"isUpper":false},"stack":"((<DictionaryAnalyzer>, u'\\u043f\\u043e\\u0434', 375, 0),)"},"sentenceIndex":[6],"words":["под"],"wordsIndex":[13]},"политика":{"params":{"class":"с","classMask":1,"info":{"isCapital":false,"isUpper":false},"stack":"((<DictionaryAnalyzer>, u'\\u043f\\u043e\\u043b\\u0438\\u0442\\u0438\\u043a\\u0435', 43, 2),)"},"sentenceIndex":[4],"words":["политике"],"wordsIndex":[21]},"полковник":{"params":{"class":"с","classMask":1,"info":{"isCapital":false,"isUpper":false},"stack":"((<DictionaryAnalyzer>, u'\\u043f\\u043e\\u043b\\u043a\\u043e\\u0432\\u043d\\u0438\\u043a\\u0443', 2, 2),)"},"sentenceIndex":[6],"words":["полковнику"],"wordsIndex":[16]},"после":{"params":{"class":"предл","classMask":14,"info":{"isCapital":false,"isUpper":false},"stack":"((<DictionaryAnalyzer>, u'\\u043f\\u043e\\u0441\\u043b\\u0435', 24, 0),)"},"sentenceIndex":[1],"words":["после"],"wordsIndex":[8]},"посольство":{"params":{"class":"с","classMask":1,"info":{"isCapital":false,"isUpper":false},"stack":"((<DictionaryAnalyzer>, u'\\u043f\\u043e\\u0441\\u043e\\u043b\\u044c\\u0441\\u0442\\u0432', 54, 7),)"},"sentenceIndex":[3],"words":["посольств"],"wordsIndex":[17]},"постановление":{"params":{"class":"с","classMask":1,"info":{"isCapital":false,"isUpper":false},"stack":"((<DictionaryAnalyzer>, u'\\u043f\\u043e\\u0441\\u0442\\u0430\\u043d\\u043e\\u0432\\u043b\\u0435\\u043d\\u0438\\u0435', 76, 6),)"},"sentenceIndex":[2],"words":["постановление"],"wordsIndex":[1]},"почти":{"params":{"class":"н","classMask":11,"info":{"isCapital":false,"isUpper":false},"stack":"((<DictionaryAnalyzer>, u'\\u043f\\u043e\\u0447\\u0442\\u0438', 3, 0),)"},"sentenceIndex":[4],"words":["почти"],"wordsIndex":[25]},"почтить":{"params":{"class":"инфинитив","classMask":6,"info":{"isCapital":false,"isUpper":false},"stack":"((<DictionaryAnalyzer>, u'\\u043f\\u043e\\u0447\\u0442\\u0438\\u0442\\u044c', 2536, 0),)"},"sentenceIndex":[1],"words":["почтить"],"wordsIndex":[4]},"появиться":{"params":{"class":"г","classMask":5,"info":{"isCapital":false,"isUpper":false},"stack":"((<DictionaryAnalyzer>, u'\\u043f\\u043e\\u044f\\u0432\\u0438\\u0442\\u0441\\u044f', 456, 9),)"},"sentenceIndex":[3,4,7],"words":["появится","появится","появится"],"wordsIndex":[5,14,3]},"правительство":{"params":{"class":"с","classMask":1,"info":{"isCapital":false,"isUpper":false},"stack":"((<DictionaryAnalyzer>, u'\\u043f\\u0440\\u0430\\u0432\\u0438\\u0442\\u0435\\u043b\\u044c\\u0441\\u0442\\u0432\\u0430', 54, 1),)"},"sentenceIndex":[2],"words":["правительства"],"wordsIndex":[7]},"президиум":{"params":{"class":"с","classMask":1,"info":{"isCapital":false,"isUpper":false},"stack":"((<DictionaryAnalyzer>, u'\\u043f\\u0440\\u0435\\u0437\\u0438\\u0434\\u0438\\u0443\\u043c\\u0430', 33, 1),)"},"sentenceIndex":[2],"words":["президиума"],"wordsIndex":[6]},"примечательно":{"params":{"class":"н","classMask":11,"info":{"isCapital":true,"isUpper":false},"stack":"((<DictionaryAnalyzer>, u'\\u043f\\u0440\\u0438\\u043c\\u0435\\u0447\\u0430\\u0442\\u0435\\u043b\\u044c\\u043d\\u043e', 3, 0),)"},"sentenceIndex":[3],"words":["Примечательно"],"wordsIndex":[0]},"принять":{"params":{"class":"кр_причастие","classMask":8,"info":{"isCapital":false,"isUpper":false},"stack":"((<DictionaryAnalyzer>, u'\\u043f\\u0440\\u0438\\u043d\\u044f\\u0442\\u043e', 897, 73),)"},"sentenceIndex":[2],"words":["принято"],"wordsIndex":[3]},"проезд":{"params":{"class":"с","classMask":1,"info":{"isCapital":false,"isUpper":false},"stack":"((<DictionaryAnalyzer>, u'\\u043f\\u0440\\u043e\\u0435\\u0437\\u0434', 33, 0),)"},"sentenceIndex":[0],"words":["проезд"],"wordsIndex":[5]},"проектировать":{"params":{"class":"причастие","classMask":7,"info":{"isCapital":false,"isUpper":false},"stack":"((<DictionaryAnalyzer>, u'\\u043f\\u0440\\u043e\\u0435\\u043a\\u0442\\u0438\\u0440\\u0443\\u0435\\u043c\\u044b\\u0439', 168, 67),)"},"sentenceIndex":[0],"words":["проектируемый"],"wordsIndex":[4]},"проживать":{"params":{"class":"г","classMask":5,"info":{"isCapital":false,"isUpper":false},"stack":"((<DictionaryAnalyzer>, u'\\u043f\\u0440\\u043e\\u0436\\u0438\\u0432\\u0430\\u044e\\u0442', 15, 6),)"},"sentenceIndex":[3],"words":["проживают"],"wordsIndex":[10]},"прославить":{"params":{"class":"причастие","classMask":7,"info":{"isCapital":false,"isUpper":false},"stack":"((<DictionaryAnalyzer>, u'\\u043f\\u0440\\u043e\\u0441\\u043b\\u0430\\u0432\\u043b\\u0435\\u043d\\u043d\\u043e\\u0433\\u043e', 1527, 57),)"},"sentenceIndex":[7],"words":["прославленного"],"wordsIndex":[6]},"проспект":{"params":{"class":"с","classMask":1,"info":{"isCapital":false,"isUpper":false},"stack":"((<DictionaryAnalyzer>, u'\\u043f\\u0440\\u043e\\u0441\\u043f\\u0435\\u043a\\u0442\\u0430', 33, 1),)"},"sentenceIndex":[0],"words":["проспекта"],"wordsIndex":[9]},"район":{"params":{"class":"с","classMask":1,"info":{"isCapital":false,"isUpper":false},"stack":"((<DictionaryAnalyzer>, u'\\u0440\\u0430\\u0439\\u043e\\u043d\\u0435', 33, 5),)"},"sentenceIndex":[5],"words":["районе"],"wordsIndex":[4]},"результат":{"params":{"class":"с","classMask":1,"info":{"isCapital":false,"isUpper":false},"stack":"((<DictionaryAnalyzer>, u'\\u0440\\u0435\\u0437\\u0443\\u043b\\u044c\\u0442\\u0430\\u0442\\u0435', 33, 5),)"},"sentenceIndex":[1],"words":["результате"],"wordsIndex":[13]},"решить":{"params":{"class":"кр_причастие","classMask":8,"info":{"isCapital":false,"isUpper":false},"stack":"((<DictionaryAnalyzer>, u'\\u0440\\u0435\\u0448\\u0435\\u043d\\u043e', 741, 73),)"},"sentenceIndex":[1],"words":["решено"],"wordsIndex":[3]},"российский":{"params":{"class":"п","classMask":2,"info":{"isCapital":false,"isUpper":false},"stack":"((<DictionaryAnalyzer>, u'\\u0440\\u043e\\u0441\\u0441\\u0438\\u0439\\u0441\\u043a\\u043e\\u043c', 16, 6),)"},"sentenceIndex":[1],"words":["российском"],"wordsIndex":[7]},"руководить":{"params":{"class":"г","classMask":5,"info":{"isCapital":false,"isUpper":false},"stack":"((<DictionaryAnalyzer>, u'\\u0440\\u0443\\u043a\\u043e\\u0432\\u043e\\u0434\\u0438\\u043b', 473, 7),)"},"sentenceIndex":[4],"words":["руководил"],"wordsIndex":[23]},"рф":{"params":{"class":"с","classMask":1,"info":{"isCapital":false,"isUpper":true},"stack":"((<DictionaryAnalyzer>, u'\\u0440\\u0444', 1351, 1),)"},"sentenceIndex":[3],"words":["РФ"],"wordsIndex":[14]},"сандалов":{"params":{"class":"имя","classMask":22,"info":{"isCapital":true,"isUpper":false},"stack":"((<DictionaryAnalyzer>, u'\\u043b\\u043e\\u0432\\u0443', 33, 2), (<UnknownPrefixAnalyzer>, u'\\u0441\\u0430\\u043d\\u0434\\u0430'))"},"sentenceIndex":[6],"words":["Сандалову"],"wordsIndex":[19]},"сао":{"params":{"class":"неизвестный","classMask":18,"info":{"isCapital":false,"isUpper":true},"stack":""},"sentenceIndex":[4],"words":["САО"],"wordsIndex":[13]},"святослав":{"params":{"class":"имя","classMask":22,"info":{"isCapital":true,"isUpper":false},"stack":"((<DictionaryAnalyzer>, u'\\u0441\\u0432\\u044f\\u0442\\u043e\\u0441\\u043b\\u0430\\u0432\\u0430', 26, 1),)"},"sentenceIndex":[7],"words":["Святослава"],"wordsIndex":[10]},"север":{"params":{"class":"с","classMask":1,"info":{"isCapital":false,"isUpper":false},"stack":"((<DictionaryAnalyzer>, u'\\u0441\\u0435\\u0432\\u0435\\u0440\\u0435', 33, 5),)"},"sentenceIndex":[7],"words":["севере"],"wordsIndex":[1]},"семья":{"params":{"class":"с","classMask":1,"info":{"isCapital":false,"isUpper":false},"stack":"((<DictionaryAnalyzer>, u'\\u0441\\u0435\\u043c\\u044c\\u0438', 315, 1),)"},"sentenceIndex":[3],"words":["семьи"],"wordsIndex":[11]},"сетевой":{"params":{"class":"п","classMask":2,"info":{"isCapital":false,"isUpper":false},"stack":"((<DictionaryAnalyzer>, u'\\u0441\\u0435\\u0442\\u0435\\u0432\\u043e\\u0435', 136, 14),)"},"sentenceIndex":[5],"words":["сетевое"],"wordsIndex":[8]},"советский":{"params":{"class":"имя","classMask":22,"info":{"isCapital":true,"isUpper":false},"stack":"((<DictionaryAnalyzer>, u'\\u0441\\u043e\\u0432\\u0435\\u0442\\u0441\\u043a\\u043e\\u0433\\u043e', 16, 15),)"},"sentenceIndex":[6],"words":["Советского"],"wordsIndex":[6]},"сообщать":{"params":{"class":"г","classMask":5,"info":{"isCapital":false,"isUpper":false},"stack":"((<DictionaryAnalyzer>, u'\\u0441\\u043e\\u043e\\u0431\\u0449\\u0430\\u0435\\u0442', 206, 5),)"},"sentenceIndex":[5],"words":["сообщает"],"wordsIndex":[7]},"соответствующий":{"params":{"class":"п","classMask":2,"info":{"isCapital":true,"isUpper":false},"stack":"((<DictionaryAnalyzer>, u'\\u0441\\u043e\\u043e\\u0442\\u0432\\u0435\\u0442\\u0441\\u0442\\u0432\\u0443\\u044e\\u0449\\u0435\\u0435', 162, 14),)"},"sentenceIndex":[2],"words":["Соответствующее"],"wordsIndex":[0]},"сотрудник":{"params":{"class":"с","classMask":1,"info":{"isCapital":false,"isUpper":false},"stack":"((<DictionaryAnalyzer>, u'\\u0441\\u043e\\u0442\\u0440\\u0443\\u0434\\u043d\\u0438\\u043a\\u043e\\u0432', 2, 7),)"},"sentenceIndex":[3],"words":["сотрудников"],"wordsIndex":[12]},"союз":{"params":{"class":"имя","classMask":22,"info":{"isCapital":true,"isUpper":false},"stack":"((<DictionaryAnalyzer>, u'\\u0441\\u043e\\u044e\\u0437\\u0430', 33, 1),)"},"sentenceIndex":[6],"words":["Союза"],"wordsIndex":[7]},"столица":{"params":{"class":"с","classMask":1,"info":{"isCapital":false,"isUpper":false},"stack":"((<DictionaryAnalyzer>, u'\\u0441\\u0442\\u043e\\u043b\\u0438\\u0446\\u044b', 141, 1),)"},"sentenceIndex":[2,4,5],"words":["столицы","столице","столицы"],"wordsIndex":[8,2,5]},"также":{"params":{"class":"союз","classMask":15,"info":{"isCapital":true,"isUpper":false},"stack":"((<DictionaryAnalyzer>, u'\\u0442\\u0430\\u043a\\u0436\\u0435', 20, 0),)"},"sentenceIndex":[4],"words":["Также"],"wordsIndex":[0]},"такой":{"params":{"class":"п","classMask":2,"info":{"isCapital":true,"isUpper":false},"stack":"((<DictionaryAnalyzer>, u'\\u0442\\u0430\\u043a\\u0438\\u043c', 1676, 22),)"},"sentenceIndex":[1],"words":["Таким"],"wordsIndex":[0]},"талантливый":{"params":{"class":"п","classMask":2,"info":{"isCapital":false,"isUpper":false},"stack":"((<DictionaryAnalyzer>, u'\\u0442\\u0430\\u043b\\u0430\\u043d\\u0442\\u043b\\u0438\\u0432\\u044b\\u043c', 238, 22),)"},"sentenceIndex":[6],"words":["талантливым"],"wordsIndex":[3]},"теракт":{"params":{"class":"с","classMask":1,"info":{"isCapital":false,"isUpper":false},"stack":"((<DictionaryAnalyzer>, u'\\u0442\\u0435\\u0440\\u0430\\u043a\\u0442\\u0430', 33, 1),)"},"sentenceIndex":[1],"words":["теракта"],"wordsIndex":[14]},"трагически":{"params":{"class":"н","classMask":11,"info":{"isCapital":false,"isUpper":false},"stack":"((<DictionaryAnalyzer>, u'\\u0442\\u0440\\u0430\\u0433\\u0438\\u0447\\u0435\\u0441\\u043a\\u0438', 3, 0),)"},"sentenceIndex":[1],"words":["трагически"],"wordsIndex":[10]},"улица":{"params":{"class":"с","classMask":1,"info":{"isCapital":true,"isUpper":false},"stack":"((<DictionaryAnalyzer>, u'\\u0443\\u043b\\u0438\\u0446\\u0435\\u0439', 141, 4),)"},"sentenceIndex":[0,0,3,4,5,7],"words":["Улицей","улицы","улица","улиц","улиц","улица"],"wordsIndex":[0,13,2,11,1,4]},"участник":{"params":{"class":"с","classMask":1,"info":{"isCapital":false,"isUpper":false},"stack":"((<DictionaryAnalyzer>, u'\\u0443\\u0447\\u0430\\u0441\\u0442\\u043d\\u0438\\u043a\\u0443', 2, 2),)"},"sentenceIndex":[6],"words":["участнику"],"wordsIndex":[11]},"февраль":{"params":{"class":"с","classMask":1,"info":{"isCapital":false,"isUpper":false},"stack":"((<DictionaryAnalyzer>, u'\\u0444\\u0435\\u0432\\u0440\\u0430\\u043b\\u044f', 190, 1),)"},"sentenceIndex":[2],"words":["февраля"],"wordsIndex":[10]},"фидель":{"params":{"class":"имя","classMask":22,"info":{"isCapital":true,"isUpper":false},"stack":"((<DictionaryAnalyzer>, u'\\u0444\\u0438\\u0434\\u0435\\u043b\\u044f', 58, 3),)"},"sentenceIndex":[4],"words":["Фиделя"],"wordsIndex":[16]},"фёдоров":{"params":{"class":"имя","classMask":22,"info":{"isCapital":true,"isUpper":false},"stack":"((<DictionaryAnalyzer>, u'\\u0444\\u0451\\u0434\\u043e\\u0440\\u043e\\u0432\\u0430', 36, 1),)"},"sentenceIndex":[7],"words":["Федорова"],"wordsIndex":[11]},"хирург":{"params":{"class":"с","classMask":1,"info":{"isCapital":false,"isUpper":false},"stack":"((<DictionaryAnalyzer>, u'\\u0445\\u0438\\u0440\\u0443\\u0440\\u0433\\u0430', 2, 3),)"},"sentenceIndex":[7],"words":["хирурга"],"wordsIndex":[7]},"хорошевский":{"params":{"class":"имя","classMask":22,"info":{"isCapital":true,"isUpper":false},"stack":"((<DictionaryAnalyzer>, u'\\u0445\\u043e\\u0440\\u043e\\u0448\\u0435\\u0432\\u0441\\u043a\\u043e\\u043c', 16, 6),)"},"sentenceIndex":[5],"words":["Хорошевском"],"wordsIndex":[3]},"честь":{"params":{"class":"с","classMask":1,"info":{"isCapital":false,"isUpper":false},"stack":"((<DictionaryAnalyzer>, u'\\u0447\\u0435\\u0441\\u0442\\u044c', 82, 3),)"},"sentenceIndex":[6],"words":["честь"],"wordsIndex":[2]},"что":{"params":{"class":"союз","classMask":15,"info":{"isCapital":false,"isUpper":false},"stack":"((<DictionaryAnalyzer>, u'\\u0447\\u0442\\u043e', 3046, 0),)"},"sentenceIndex":[3],"words":["что"],"wordsIndex":[1]},"шапошников":{"params":{"class":"имя","classMask":22,"info":{"isCapital":true,"isUpper":false},"stack":"((<DictionaryAnalyzer>, u'\\u0448\\u0430\\u043f\\u043e\\u0448\\u043d\\u0438\\u043a\\u043e\\u0432\\u0443', 36, 2),)"},"sentenceIndex":[6],"words":["Шапошникову"],"wordsIndex":[9]}}