{"180":{"params":{"class":"наим","classMask":19,"info":{},"stack":""},"sentenceIndex":[2],"words":["180"],"wordsIndex":[8]},"180-килограммовый":{"params":{"class":"наим","classMask":19,"info":{},"stack":""},"sentenceIndex":[2],"words":["180-килограммовый"],"wordsIndex":[10]},"darpa":{"params":{"class":"иняз","classMask":21,"info":{"isCapital":false,"isUpper":true},"stack":""},"sentenceIndex":[0],"words":["DARPA"],"wordsIndex":[6]},"fury":{"params":{"class":"имя","classMask":22,"info":{"isCapital":true,"isUpper":false},"stack":""},"sentenceIndex":[2],"words":["Fury"],"wordsIndex":[14]},"lockheed":{"params":{"class":"имя","classMask":22,"info":{"isCapital":true,"isUpper":false},"stack":""},"sentenceIndex":[2],"words":["Lockheed"],"wordsIndex":[12]},"martin":{"params":{"class":"имя","classMask":22,"info":{"isCapital":true,"isUpper":false},"stack":""},"sentenceIndex":[2],"words":["Martin"],"wordsIndex":[13]},"sidearm":{"params":{"class":"имя","classMask":22,"info":{"isCapital":true,"isUpper":false},"stack":""},"sentenceIndex":[0,4],"words":["SideArm","SideArm"],"wordsIndex":[9,0]},"а":{"params":{"class":"символ","classMask":20,"info":{},"stack":""},"sentenceIndex":[2],"words":["а"],"wordsIndex":[15]},"адаптировать":{"params":{"class":"кр_причастие","classMask":8,"info":{"isCapital":false,"isUpper":false},"stack":"((<DictionaryAnalyzer>, u'\\u0430\\u0434\\u0430\\u043f\\u0442\\u0438\\u0440\\u043e\\u0432\\u0430\\u043d\\u0430', 75, 200),)"},"sentenceIndex":[4],"words":["адаптирована"],"wordsIndex":[1]},"аппарат":{"params":{"class":"с","classMask":1,"info":{"isCapital":false,"isUpper":false},"stack":"((<DictionaryAnalyzer>, u'\\u0430\\u043f\\u043f\\u0430\\u0440\\u0430\\u0442\\u044b', 33, 9),)"},"sentenceIndex":[2],"words":["аппараты"],"wordsIndex":[20]},"беспилотник":{"params":{"class":"с","classMask":1,"info":{"isCapital":false,"isUpper":false},"stack":"((<DictionaryAnalyzer>, u'\\u043d\\u0438\\u043a\\u043e\\u0432', 19, 7), (<UnknownPrefixAnalyzer>, u'\\u043f\\u0438\\u043b\\u043e\\u0442'), (<KnownPrefixAnalyzer>, u'\\u0431\\u0435\\u0441'))"},"sentenceIndex":[0,2,3],"words":["беспилотников","беспилотник","беспилотника"],"wordsIndex":[17,11,1]},"борт":{"params":{"class":"с","classMask":1,"info":{"isCapital":false,"isUpper":false},"stack":"((<DictionaryAnalyzer>, u'\\u0431\\u043e\\u0440\\u0442\\u0443', 409, 6),)"},"sentenceIndex":[4],"words":["борту"],"wordsIndex":[6]},"будущее":{"params":{"class":"с","classMask":1,"info":{"isCapital":false,"isUpper":false},"stack":"((<DictionaryAnalyzer>, u'\\u0431\\u0443\\u0434\\u0443\\u0449\\u0435\\u043c', 501, 5),)"},"sentenceIndex":[2],"words":["будущем"],"wordsIndex":[17]},"в":{"params":{"class":"предл","classMask":14,"info":{"isCapital":true,"isUpper":false},"stack":"((<DictionaryAnalyzer>, u'\\u0432\\u043e', 375, 1),)"},"sentenceIndex":[2,2],"words":["Во","в"],"wordsIndex":[0,16]},"ведомство":{"params":{"class":"с","classMask":1,"info":{"isCapital":false,"isUpper":false},"stack":"((<DictionaryAnalyzer>, u'\\u0432\\u0435\\u0434\\u043e\\u043c\\u0441\\u0442\\u0432\\u0430', 54, 1),)"},"sentenceIndex":[1],"words":["ведомства"],"wordsIndex":[7]},"вес":{"params":{"class":"с","classMask":1,"info":{"isCapital":false,"isUpper":false},"stack":"((<DictionaryAnalyzer>, u'\\u0432\\u0435\\u0441\\u043e\\u043c', 695, 5),)"},"sentenceIndex":[2],"words":["весом"],"wordsIndex":[21]},"время":{"params":{"class":"с","classMask":1,"info":{"isCapital":false,"isUpper":false},"stack":"((<DictionaryAnalyzer>, u'\\u0432\\u0440\\u0435\\u043c\\u044f', 536, 3),)"},"sentenceIndex":[2],"words":["время"],"wordsIndex":[1]},"грузовик":{"params":{"class":"с","classMask":1,"info":{"isCapital":false,"isUpper":false},"stack":"((<DictionaryAnalyzer>, u'\\u0433\\u0440\\u0443\\u0437\\u043e\\u0432\\u0438\\u043a\\u0430', 19, 1),)"},"sentenceIndex":[4],"words":["грузовика"],"wordsIndex":[11]},"два":{"params":{"class":"числ","classMask":10,"info":{"isCapital":false,"isUpper":false},"stack":"((<DictionaryAnalyzer>, u'\\u0434\\u0432\\u0443\\u0445', 1248, 1),)"},"sentenceIndex":[5],"words":["двух"],"wordsIndex":[5]},"демонстрация":{"params":{"class":"с","classMask":1,"info":{"isCapital":false,"isUpper":false},"stack":"((<DictionaryAnalyzer>, u'\\u0434\\u0435\\u043c\\u043e\\u043d\\u0441\\u0442\\u0440\\u0430\\u0446\\u0438\\u0435\\u0439', 40, 4),)"},"sentenceIndex":[1],"words":["демонстрацией"],"wordsIndex":[2]},"для":{"params":{"class":"предл","classMask":14,"info":{"isCapital":true,"isUpper":false},"stack":"((<DictionaryAnalyzer>, u'\\u0434\\u043b\\u044f', 24, 0),)"},"sentenceIndex":[0,3,4,5],"words":["для","для","для","Для"],"wordsIndex":[12,14,2,0]},"до":{"params":{"class":"предл","classMask":14,"info":{"isCapital":false,"isUpper":false},"stack":"((<DictionaryAnalyzer>, u'\\u0434\\u043e', 24, 0),)"},"sentenceIndex":[2,5],"words":["до","до"],"wordsIndex":[22,6]},"запуск":{"params":{"class":"с","classMask":1,"info":{"isCapital":true,"isUpper":false},"stack":"((<DictionaryAnalyzer>, u'\\u0437\\u0430\\u043f\\u0443\\u0441\\u043a\\u0430', 19, 1),)"},"sentenceIndex":[0,3],"words":["запуска","Запуск"],"wordsIndex":[13,0]},"и":{"params":{"class":"символ","classMask":20,"info":{},"stack":""},"sentenceIndex":[0,4],"words":["и","и"],"wordsIndex":[14,8]},"исследовательский":{"params":{"class":"п","classMask":2,"info":{"isCapital":false,"isUpper":false},"stack":"((<DictionaryAnalyzer>, u'\\u0438\\u0441\\u0441\\u043b\\u0435\\u0434\\u043e\\u0432\\u0430\\u0442\\u0435\\u043b\\u044c\\u0441\\u043a\\u0438\\u0445', 16, 21),)"},"sentenceIndex":[0],"words":["исследовательских"],"wordsIndex":[2]},"катапульта":{"params":{"class":"с","classMask":1,"info":{"isCapital":false,"isUpper":false},"stack":"((<DictionaryAnalyzer>, u'\\u043a\\u0430\\u0442\\u0430\\u043f\\u0443\\u043b\\u044c\\u0442\\u044b', 55, 1),)"},"sentenceIndex":[3],"words":["катапульты"],"wordsIndex":[5]},"килограммовый":{"params":{"class":"п","classMask":2,"info":{"isCapital":false,"isUpper":false},"stack":"((<DictionaryAnalyzer>, u'\\u043a\\u0438\\u043b\\u043e\\u0433\\u0440\\u0430\\u043c\\u043c\\u043e\\u0432\\u044b\\u0439', 94, 0),)"},"sentenceIndex":[2],"words":["килограммовый"],"wordsIndex":[9]},"корабль":{"params":{"class":"с","classMask":1,"info":{"isCapital":false,"isUpper":false},"stack":"((<DictionaryAnalyzer>, u'\\u043a\\u043e\\u0440\\u0430\\u0431\\u043b\\u0435', 190, 5),)"},"sentenceIndex":[4],"words":["корабле"],"wordsIndex":[5]},"короткий":{"params":{"class":"п","classMask":2,"info":{"isCapital":false,"isUpper":false},"stack":"((<DictionaryAnalyzer>, u'\\u043a\\u043e\\u0440\\u043e\\u0442\\u043a\\u0438\\u043c', 1776, 22),)"},"sentenceIndex":[3],"words":["коротким"],"wordsIndex":[7]},"который":{"params":{"class":"п","classMask":2,"info":{"isCapital":false,"isUpper":false},"stack":"((<DictionaryAnalyzer>, u'\\u043a\\u043e\\u0442\\u043e\\u0440\\u0430\\u044f', 1788, 7),)"},"sentenceIndex":[0],"words":["которая"],"wordsIndex":[10]},"ловля":{"params":{"class":"с","classMask":1,"info":{"isCapital":false,"isUpper":false},"stack":"((<DictionaryAnalyzer>, u'\\u043b\\u043e\\u0432\\u043b\\u0438', 606, 1),)"},"sentenceIndex":[3],"words":["ловли"],"wordsIndex":[16]},"лёгкое":{"params":{"class":"с","classMask":1,"info":{"isCapital":false,"isUpper":false},"stack":"((<DictionaryAnalyzer>, u'\\u043b\\u0451\\u0433\\u043a\\u043e\\u0433\\u043e', 576, 1),)"},"sentenceIndex":[4],"words":["легкого"],"wordsIndex":[10]},"мгновенный":{"params":{"class":"п","classMask":2,"info":{"isCapital":false,"isUpper":false},"stack":"((<DictionaryAnalyzer>, u'\\u043c\\u0433\\u043d\\u043e\\u0432\\u0435\\u043d\\u043d\\u043e\\u0433\\u043e', 298, 1),)"},"sentenceIndex":[0],"words":["мгновенного"],"wordsIndex":[15]},"минобороны":{"params":{"class":"имя","classMask":22,"info":{"isCapital":true,"isUpper":false},"stack":"((<DictionaryAnalyzer>, u'\\u043c\\u0438\\u043d\\u043e\\u0431\\u043e\\u0440\\u043e\\u043d\\u044b', 148, 0),)"},"sentenceIndex":[0],"words":["Минобороны"],"wordsIndex":[4]},"мочь":{"params":{"class":"г","classMask":5,"info":{"isCapital":false,"isUpper":false},"stack":"((<DictionaryAnalyzer>, u'\\u043c\\u043e\\u0436\\u0435\\u0442', 1979, 5),)"},"sentenceIndex":[3],"words":["может"],"wordsIndex":[12]},"на":{"params":{"class":"предл","classMask":14,"info":{"isCapital":false,"isUpper":false},"stack":"((<DictionaryAnalyzer>, u'\\u043d\\u0430', 24, 0),)"},"sentenceIndex":[1,4],"words":["на","на"],"wordsIndex":[5,4]},"необходимый":{"params":{"class":"кр_прил","classMask":3,"info":{"isCapital":false,"isUpper":false},"stack":"((<DictionaryAnalyzer>, u'\\u043d\\u0435\\u043e\\u0431\\u0445\\u043e\\u0434\\u0438\\u043c\\u043e', 238, 56),)"},"sentenceIndex":[5],"words":["необходимо"],"wordsIndex":[3]},"обслуживание":{"params":{"class":"с","classMask":1,"info":{"isCapital":false,"isUpper":false},"stack":"((<DictionaryAnalyzer>, u'\\u043e\\u0431\\u0441\\u043b\\u0443\\u0436\\u0438\\u0432\\u0430\\u043d\\u0438\\u044f', 76, 2),)"},"sentenceIndex":[5],"words":["обслуживания"],"wordsIndex":[2]},"он":{"params":{"class":"мс","classMask":12,"info":{"isCapital":false,"isUpper":false},"stack":"((<DictionaryAnalyzer>, u'\\u0435\\u0433\\u043e', 2208, 5),)"},"sentenceIndex":[3],"words":["его"],"wordsIndex":[15]},"она":{"params":{"class":"мс","classMask":12,"info":{"isCapital":false,"isUpper":false},"stack":"((<DictionaryAnalyzer>, u'\\u043e\\u043d\\u0430', 2209, 0),)"},"sentenceIndex":[3,5],"words":["она","ее"],"wordsIndex":[11,1]},"опубликовать":{"params":{"class":"кр_причастие","classMask":8,"info":{"isCapital":false,"isUpper":false},"stack":"((<DictionaryAnalyzer>, u'\\u043e\\u043f\\u0443\\u0431\\u043b\\u0438\\u043a\\u043e\\u0432\\u0430\\u043d', 276, 71),)"},"sentenceIndex":[1],"words":["опубликован"],"wordsIndex":[4]},"от":{"params":{"class":"предл","classMask":14,"info":{"isCapital":false,"isUpper":false},"stack":"((<DictionaryAnalyzer>, u'\\u043e\\u0442', 375, 0),)"},"sentenceIndex":[5],"words":["от"],"wordsIndex":[4]},"перехват":{"params":{"class":"с","classMask":1,"info":{"isCapital":false,"isUpper":false},"stack":"((<DictionaryAnalyzer>, u'\\u043f\\u0435\\u0440\\u0435\\u0445\\u0432\\u0430\\u0442\\u0430', 33, 1),)"},"sentenceIndex":[0],"words":["перехвата"],"wordsIndex":[16]},"перехватывать":{"params":{"class":"инфинитив","classMask":6,"info":{"isCapital":false,"isUpper":false},"stack":"((<DictionaryAnalyzer>, u'\\u043f\\u0435\\u0440\\u0435\\u0445\\u0432\\u0430\\u0442\\u044b\\u0432\\u0430\\u0442\\u044c', 206, 0),)"},"sentenceIndex":[2],"words":["перехватывать"],"wordsIndex":[19]},"перспективный":{"params":{"class":"п","classMask":2,"info":{"isCapital":false,"isUpper":false},"stack":"((<DictionaryAnalyzer>, u'\\u043f\\u0435\\u0440\\u0441\\u043f\\u0435\\u043a\\u0442\\u0438\\u0432\\u043d\\u044b\\u0445', 86, 21),)"},"sentenceIndex":[0],"words":["перспективных"],"wordsIndex":[1]},"планироваться":{"params":{"class":"г","classMask":5,"info":{"isCapital":false,"isUpper":false},"stack":"((<DictionaryAnalyzer>, u'\\u043f\\u043b\\u0430\\u043d\\u0438\\u0440\\u0443\\u0435\\u0442\\u0441\\u044f', 138, 5),)"},"sentenceIndex":[2],"words":["планируется"],"wordsIndex":[18]},"подлодка":{"params":{"class":"с","classMask":1,"info":{"isCapital":false,"isUpper":false},"stack":"((<DictionaryAnalyzer>, u'\\u043f\\u043e\\u0434\\u043b\\u043e\\u0434\\u043a\\u0438', 8, 1),)"},"sentenceIndex":[4],"words":["подлодки"],"wordsIndex":[7]},"поймать":{"params":{"class":"инфинитив","classMask":6,"info":{"isCapital":false,"isUpper":false},"stack":"((<DictionaryAnalyzer>, u'\\u043f\\u043e\\u0439\\u043c\\u0430\\u0442\\u044c', 614, 0),)"},"sentenceIndex":[2],"words":["поймать"],"wordsIndex":[7]},"полтонны":{"params":{"class":"с","classMask":1,"info":{"isCapital":false,"isUpper":false},"stack":"((<DictionaryAnalyzer>, u'\\u043f\\u043e\\u043b\\u0443\\u0442\\u043e\\u043d\\u043d\\u044b', 2482, 1),)"},"sentenceIndex":[2],"words":["полутонны"],"wordsIndex":[23]},"помощь":{"params":{"class":"с","classMask":1,"info":{"isCapital":false,"isUpper":false},"stack":"((<DictionaryAnalyzer>, u'\\u043f\\u043e\\u043c\\u043e\\u0449\\u044c\\u044e', 435, 4),)"},"sentenceIndex":[2,3],"words":["помощью","помощью"],"wordsIndex":[4,4]},"после":{"params":{"class":"предл","classMask":14,"info":{"isCapital":false,"isUpper":false},"stack":"((<DictionaryAnalyzer>, u'\\u043f\\u043e\\u0441\\u043b\\u0435', 24, 0),)"},"sentenceIndex":[3],"words":["после"],"wordsIndex":[9]},"предназначить":{"params":{"class":"кр_причастие","classMask":8,"info":{"isCapital":false,"isUpper":false},"stack":"((<DictionaryAnalyzer>, u'\\u043f\\u0440\\u0435\\u0434\\u043d\\u0430\\u0437\\u043d\\u0430\\u0447\\u0435\\u043d\\u0430', 944, 72),)"},"sentenceIndex":[0],"words":["предназначена"],"wordsIndex":[11]},"проект":{"params":{"class":"с","classMask":1,"info":{"isCapital":false,"isUpper":false},"stack":"((<DictionaryAnalyzer>, u'\\u043f\\u0440\\u043e\\u0435\\u043a\\u0442\\u043e\\u0432', 33, 7),)"},"sentenceIndex":[0],"words":["проектов"],"wordsIndex":[3]},"происходить":{"params":{"class":"г","classMask":5,"info":{"isCapital":false,"isUpper":false},"stack":"((<DictionaryAnalyzer>, u'\\u043f\\u0440\\u043e\\u0438\\u0441\\u0445\\u043e\\u0434\\u0438\\u0442', 473, 5),)"},"sentenceIndex":[3],"words":["происходит"],"wordsIndex":[2]},"разработка":{"params":{"class":"с","classMask":1,"info":{"isCapital":false,"isUpper":false},"stack":"((<DictionaryAnalyzer>, u'\\u0440\\u0430\\u0437\\u0440\\u0430\\u0431\\u043e\\u0442\\u043a\\u0438', 8, 1),)"},"sentenceIndex":[1],"words":["разработки"],"wordsIndex":[3]},"ролик":{"params":{"class":"с","classMask":1,"info":{"isCapital":true,"isUpper":false},"stack":"((<DictionaryAnalyzer>, u'\\u0440\\u043e\\u043b\\u0438\\u043a', 19, 0),)"},"sentenceIndex":[1],"words":["Ролик"],"wordsIndex":[0]},"с":{"params":{"class":"символ","classMask":20,"info":{},"stack":""},"sentenceIndex":[1,2,3,3],"words":["с","с","с","с"],"wordsIndex":[1,3,3,6]},"сайт":{"params":{"class":"с","classMask":1,"info":{"isCapital":false,"isUpper":false},"stack":"((<DictionaryAnalyzer>, u'\\u0441\\u0430\\u0439\\u0442\\u0435', 33, 5),)"},"sentenceIndex":[1],"words":["сайте"],"wordsIndex":[6]},"система":{"params":{"class":"с","classMask":1,"info":{"isCapital":false,"isUpper":false},"stack":"((<DictionaryAnalyzer>, u'\\u0441\\u0438\\u0441\\u0442\\u0435\\u043c\\u0443', 55, 3),)"},"sentenceIndex":[0,2],"words":["систему","системы"],"wordsIndex":[8,5]},"создать":{"params":{"class":"г","classMask":5,"info":{"isCapital":false,"isUpper":false},"stack":"((<DictionaryAnalyzer>, u'\\u0441\\u043e\\u0437\\u0434\\u0430\\u043b\\u043e', 843, 3),)"},"sentenceIndex":[0],"words":["создало"],"wordsIndex":[7]},"сша":{"params":{"class":"с","classMask":1,"info":{"isCapital":false,"isUpper":true},"stack":"((<DictionaryAnalyzer>, u'\\u0441\\u0448\\u0430', 1828, 1),)"},"sentenceIndex":[0],"words":["США"],"wordsIndex":[5]},"тест":{"params":{"class":"с","classMask":1,"info":{"isCapital":false,"isUpper":false},"stack":"((<DictionaryAnalyzer>, u'\\u0442\\u0435\\u0441\\u0442\\u043e\\u0432', 33, 7),)"},"sentenceIndex":[2],"words":["тестов"],"wordsIndex":[2]},"трансформироваться":{"params":{"class":"инфинитив","classMask":6,"info":{"isCapital":false,"isUpper":false},"stack":"((<DictionaryAnalyzer>, u'\\u0442\\u0440\\u0430\\u043d\\u0441\\u0444\\u043e\\u0440\\u043c\\u0438\\u0440\\u043e\\u0432\\u0430\\u0442\\u044c\\u0441\\u044f', 729, 0),)"},"sentenceIndex":[3],"words":["трансформироваться"],"wordsIndex":[13]},"удаться":{"params":{"class":"г","classMask":5,"info":{"isCapital":false,"isUpper":false},"stack":"((<DictionaryAnalyzer>, u'\\u0443\\u0434\\u0430\\u043b\\u043e\\u0441\\u044c', 648, 3),)"},"sentenceIndex":[2],"words":["удалось"],"wordsIndex":[6]},"управление":{"params":{"class":"с","classMask":1,"info":{"isCapital":true,"isUpper":false},"stack":"((<DictionaryAnalyzer>, u'\\u0443\\u043f\\u0440\\u0430\\u0432\\u043b\\u0435\\u043d\\u0438\\u0435', 76, 0),)"},"sentenceIndex":[0],"words":["Управление"],"wordsIndex":[0]},"установка":{"params":{"class":"с","classMask":1,"info":{"isCapital":false,"isUpper":false},"stack":"((<DictionaryAnalyzer>, u'\\u0443\\u0441\\u0442\\u0430\\u043d\\u043e\\u0432\\u043a\\u0438', 8, 1),)"},"sentenceIndex":[4],"words":["установки"],"wordsIndex":[3]},"ход":{"params":{"class":"с","classMask":1,"info":{"isCapital":false,"isUpper":false},"stack":"((<DictionaryAnalyzer>, u'\\u0445\\u043e\\u0434\\u043e\\u043c', 2991, 5),)"},"sentenceIndex":[3],"words":["ходом"],"wordsIndex":[8]},"человек":{"params":{"class":"с","classMask":1,"info":{"isCapital":false,"isUpper":false},"stack":"((<DictionaryAnalyzer>, u'\\u0447\\u0435\\u043b\\u043e\\u0432\\u0435\\u043a', 488, 0),)"},"sentenceIndex":[5],"words":["человек"],"wordsIndex":[8]},"четыре":{"params":{"class":"числ","classMask":10,"info":{"isCapital":false,"isUpper":false},"stack":"((<DictionaryAnalyzer>, u'\\u0447\\u0435\\u0442\\u044b\\u0440\\u0451\\u0445', 3036, 1),)"},"sentenceIndex":[5],"words":["четырех"],"wordsIndex":[7]},"что":{"params":{"class":"мс","classMask":12,"info":{"isCapital":false,"isUpper":false},"stack":"((<DictionaryAnalyzer>, u'\\u0447\\u0435\\u0433\\u043e', 3047, 1),)"},"sentenceIndex":[3],"words":["чего"],"wordsIndex":[10]},"шасси":{"params":{"class":"с","classMask":1,"info":{"isCapital":false,"isUpper":false},"stack":"((<DictionaryAnalyzer>, u'\\u0448\\u0430\\u0441\\u0441\\u0438', 23, 10),)"},"sentenceIndex":[4],"words":["шасси"],"wordsIndex":[9]}}