{"12":{"indexObj":{"classMask":19,"counter":8375.0,"finded":5064,"isExisted":true,"letterId":60,"meta":"{}","server":"_buber3_","table":"wordIndex.other","uid":14,"word":"12","wordHash":"c20ad4d76fe97759aa27a0c99bff6710_5aadb45520dcd8726b2822a7a78bb53d794f557199d5d4abdedd2c55a4bd6ca73607605c558de3db80c8e86c3196484566163ed1327e82e8b6757d1932113cb8","wordId":"60:14"},"morphObj":{"params":{"class":"наим","classMask":19,"info":{},"stack":""},"sentenceIndex":[5],"words":["12"],"wordsIndex":[0]},"rating":25.0,"stats":{"counter":8375.0,"counterAll":8375.0,"isAdjf":0,"isCombo":0,"isComp":0,"isCountry":0,"isEng":0,"isName":0,"isNominal":1,"isNoun":0,"isNum":0,"isPrtf":0,"isSymbol":0,"isUnknown":0,"isVerb":0,"repeat":0.25,"weight":0.043976874727605926,"weightAll":0.043976874727605926}},"13":{"indexObj":{"classMask":19,"counter":5706.0,"finded":3935,"isExisted":true,"letterId":60,"meta":"{}","server":"_buber3_","table":"wordIndex.other","uid":97,"word":"13","wordHash":"c51ce410c124a10e0db5e4b97fc2af39_413f2ba78c7ed4ccefbe0cc4f51d3eb5cb15f13fec999de4884be925076746663aa5d34476a3df4a8729fd8eea01defa4f3f66e99bf943f4d84382d64bbbfa9e","wordId":"60:97"},"morphObj":{"params":{"class":"наим","classMask":19,"info":{},"stack":""},"sentenceIndex":[1,7],"words":["13","13"],"wordsIndex":[4,21]},"rating":50.0,"stats":{"counter":5706.0,"counterAll":11412.0,"isAdjf":0,"isCombo":0,"isComp":0,"isCountry":0,"isEng":0,"isName":0,"isNominal":1,"isNoun":0,"isNum":0,"isPrtf":0,"isSymbol":0,"isUnknown":0,"isVerb":0,"repeat":0.5,"weight":0.029962035486056048,"weightAll":0.059924070972112095}},"2a":{"indexObj":{"classMask":19,"counter":15.0,"finded":13,"isExisted":true,"letterId":63,"meta":"{}","server":"_buber3_","table":"wordIndex.other","uid":3069,"word":"2a","wordHash":"e36314e624d2b2ca257e1f1ecb381f93_dd6e48f25fc6e00fcf5c4bff8af1957cdcb01dc28e387b5cc7d6489d7dbe6722d806deabb1d943718bc00214596b3cdf6d10c4b6dfdc1433272dbb880dc02cf2","wordId":"63:3069"},"morphObj":{"params":{"class":"наим","classMask":19,"info":{},"stack":""},"sentenceIndex":[2],"words":["2A"],"wordsIndex":[11]},"rating":25.0,"stats":{"counter":15.0,"counterAll":15.0,"isAdjf":0,"isCombo":0,"isComp":0,"isCountry":0,"isEng":0,"isName":0,"isNominal":1,"isNoun":0,"isNum":0,"isPrtf":0,"isSymbol":0,"isUnknown":0,"isVerb":0,"repeat":0.25,"weight":7.876455175093599e-05,"weightAll":7.876455175093599e-05}},"2b":{"indexObj":{"classMask":19,"counter":9.0,"finded":9,"isExisted":true,"letterId":63,"meta":"{}","server":"_buber3_","table":"wordIndex.other","uid":9652,"word":"2b","wordHash":"f8bc2fbe2c937ea5b5e8839cbea69491_ef03ed1004c59fe2cd4a2e4bd7edcf80d6cb613106662fccfe4d117c0f05f3c9d31959345bed444373561364aea6843db72d56457699fc804da82c954e5bdd57","wordId":"63:9652"},"morphObj":{"params":{"class":"наим","classMask":19,"info":{},"stack":""},"sentenceIndex":[2],"words":["2B"],"wordsIndex":[23]},"rating":25.0,"stats":{"counter":9.0,"counterAll":9.0,"isAdjf":0,"isCombo":0,"isComp":0,"isCountry":0,"isEng":0,"isName":0,"isNominal":1,"isNoun":0,"isNum":0,"isPrtf":0,"isSymbol":0,"isUnknown":0,"isVerb":0,"repeat":0.25,"weight":4.725873105056159e-05,"weightAll":4.725873105056159e-05}},"300":{"indexObj":{"classMask":19,"counter":1260.0,"finded":970,"isExisted":true,"letterId":62,"meta":"{}","server":"_buber3_","table":"wordIndex.other","uid":788,"word":"300","wordHash":"94f6d7e04a4d452035300f18b984988c_69dcbf75a0366a30c89e6dd96ff69914358dbd08970b00818f377295a3886ab3ada0538027defc449468bb74a1fcd7e1564bfad6d847d9ed302ce36a9f4eb424","wordId":"62:788"},"morphObj":{"params":{"class":"наим","classMask":19,"info":{},"stack":""},"sentenceIndex":[2],"words":["300"],"wordsIndex":[19]},"rating":25.0,"stats":{"counter":1260.0,"counterAll":1260.0,"isAdjf":0,"isCombo":0,"isComp":0,"isCountry":0,"isEng":0,"isName":0,"isNominal":1,"isNoun":0,"isNum":0,"isPrtf":0,"isSymbol":0,"isUnknown":0,"isVerb":0,"repeat":0.25,"weight":0.0066162223470786225,"weightAll":0.0066162223470786225}},"500":{"indexObj":{"classMask":19,"counter":1495.0,"finded":1079,"isExisted":true,"letterId":64,"meta":"{}","server":"_buber3_","table":"wordIndex.other","uid":40,"word":"500","wordHash":"cee631121c2ec9232f3a2f028ad5c89b_f5c40b9bded5cba62140f4b89040dfcd67027387e8dafff265ac293553bf28101554671dc8d19685793452f50ec3d2f0ceec46711d5243031d01bcbc7bc94a42","wordId":"64:40"},"morphObj":{"params":{"class":"наим","classMask":19,"info":{},"stack":""},"sentenceIndex":[2],"words":["500"],"wordsIndex":[27]},"rating":25.0,"stats":{"counter":1495.0,"counterAll":1495.0,"isAdjf":0,"isCombo":0,"isComp":0,"isCountry":0,"isEng":0,"isName":0,"isNominal":1,"isNoun":0,"isNum":0,"isPrtf":0,"isSymbol":0,"isUnknown":0,"isVerb":0,"repeat":0.25,"weight":0.007850200324509954,"weightAll":0.007850200324509954}},"800":{"indexObj":{"classMask":19,"counter":575.0,"finded":465,"isExisted":true,"letterId":69,"meta":"{}","server":"_buber3_","table":"wordIndex.other","uid":522,"word":"800","wordHash":"7a53928fa4dd31e82c6ef826f341daec_f169dc8dd75d6fc460173676c86e82cb1a549eab97fb3645df3ba48e848b0adb6d24877b8ba13c87f5816494363e350e2e8ec2f2ad6f60af627826cbac464d4f","wordId":"69:522"},"morphObj":{"params":{"class":"наим","classMask":19,"info":{},"stack":""},"sentenceIndex":[3],"words":["800"],"wordsIndex":[11]},"rating":25.0,"stats":{"counter":575.0,"counterAll":575.0,"isAdjf":0,"isCombo":0,"isComp":0,"isCountry":0,"isEng":0,"isName":0,"isNominal":1,"isNoun":0,"isNum":0,"isPrtf":0,"isSymbol":0,"isUnknown":0,"isVerb":0,"repeat":0.25,"weight":0.0030193078171192127,"weightAll":0.0030193078171192127}},"hyunmoo":{"indexObj":{"classMask":22,"counter":4.0,"finded":2,"isExisted":true,"letterId":42,"meta":"{}","server":"_buber3_","table":"wordIndex.en","uid":112815,"word":"hyunmoo","wordHash":"4f45488e1fc3bb1f78d06299bc17c414_30140330e808e121ea294707c6ef08f9ac2b9c25bd3c7fd3e1d936b14c935e1adeaa5a7dc5b10028c26ae0f75a647e6a5d636ebe8d933f2a46e585739e811205","wordId":"42:112815"},"morphObj":{"params":{"class":"имя","classMask":22,"info":{"isCapital":true,"isUpper":false},"stack":""},"sentenceIndex":[2,2],"words":["Hyunmoo","Hyunmoo"],"wordsIndex":[10,22]},"rating":150.0,"stats":{"counter":4.0,"counterAll":8.0,"isAdjf":0,"isCombo":0,"isComp":0,"isCountry":0,"isEng":0,"isName":1,"isNominal":0,"isNoun":0,"isNum":0,"isPrtf":0,"isSymbol":0,"isUnknown":0,"isVerb":0,"repeat":0.5,"weight":2.1003880466916262e-05,"weightAll":4.2007760933832525e-05}},"hyunmoo-2a":{"indexObj":{"classMask":19,"counter":2.0,"finded":2,"isExisted":true,"letterId":42,"meta":"{}","server":"_buber3_","table":"wordIndex.en","uid":112813,"word":"hyunmoo-2a","wordHash":"cabc354ee9747f9de05defb4c04e486e_7354bb81699fdcf0b3a8553c74673056784d11dccea976e591775d4c38a39caefdc35ded376b86a8c77b4eb90ceee310d87e93bf3834a54edd0d99e21ecc60b1","wordId":"42:112813"},"morphObj":{"params":{"class":"наим","classMask":19,"info":{},"stack":""},"sentenceIndex":[2],"words":["Hyunmoo-2A"],"wordsIndex":[12]},"rating":25.0,"stats":{"counter":2.0,"counterAll":2.0,"isAdjf":0,"isCombo":0,"isComp":0,"isCountry":0,"isEng":0,"isName":0,"isNominal":1,"isNoun":0,"isNum":0,"isPrtf":0,"isSymbol":0,"isUnknown":0,"isVerb":0,"repeat":0.25,"weight":1.0501940233458131e-05,"weightAll":1.0501940233458131e-05}},"hyunmoo-2b":{"indexObj":{"classMask":19,"counter":2.0,"finded":2,"isExisted":true,"letterId":42,"meta":"{}","server":"_buber3_","table":"wordIndex.en","uid":112814,"word":"hyunmoo-2b","wordHash":"4a2d05173f5cad40920e1ef812e25422_374ff22f7e8adb5d0a138d70885cf7bcb1f6664267f15eee5826e2293803b0b8b7217af950a9d1db2a5edcf410ec7d64da6a21f9ea53d4445e88dfc34a13ca68","wordId":"42:112814"},"morphObj":{"params":{"class":"наим","classMask":19,"info":{},"stack":""},"sentenceIndex":[2],"words":["Hyunmoo-2B"],"wordsIndex":[24]},"rating":25.0,"stats":{"counter":2.0,"counterAll":2.0,"isAdjf":0,"isCombo":0,"isComp":0,"isCountry":0,"isEng":0,"isName":0,"isNominal":1,"isNoun":0,"isNum":0,"isPrtf":0,"isSymbol":0,"isUnknown":0,"isVerb":0,"repeat":0.25,"weight":1.0501940233458131e-05,"weightAll":1.0501940233458131e-05}},"акватория":{"indexObj":{"classMask":1,"counter":121.0,"finded":90,"isExisted":true,"letterId":2,"meta":"{}","server":"_buber3_","table":"wordIndex.ru","uid":43793,"word":"акватория","wordHash":"6bfcf111542245730826acdaac65c4b3_4f85c959b33bbd74d05e0b5f732f98e8e20dc446099ce924d26c4edbda0b842471fe5f258eb9e2900f3ed539f24449efaa4226b03c738a304012904ed8888772","wordId":"2:43793"},"morphObj":{"params":{"class":"с","classMask":1,"info":{"isCapital":false,"isUpper":false},"stack":"((<DictionaryAnalyzer>, u'\\u0430\\u043a\\u0432\\u0430\\u0442\\u043e\\u0440\\u0438\\u044e', 40, 3),)"},"sentenceIndex":[5],"words":["акваторию"],"wordsIndex":[12]},"rating":25.0,"stats":{"counter":121.0,"counterAll":121.0,"isAdjf":0,"isCombo":0,"isComp":0,"isCountry":0,"isEng":0,"isName":0,"isNominal":0,"isNoun":1,"isNum":0,"isPrtf":0,"isSymbol":0,"isUnknown":0,"isVerb":0,"repeat":0.25,"weight":0.000635367384124217,"weightAll":0.000635367384124217}},"армия":{"indexObj":{"classMask":1,"counter":5277.0,"finded":2023,"isExisted":true,"letterId":2,"meta":"{}","server":"_buber3_","table":"wordIndex.ru","uid":2790,"word":"армия","wordHash":"bfa3eeed80cbf4bb92b6a5a4a8e0ea82_69afee9ed27e1d085a126f70590d55638c61a5907cc67b324ce3f8b12332f7bcdb01447d3fc84993af5c8f8ce97745dbb4ccce0f9bc9d85622cef01d62bcab04","wordId":"2:2790"},"morphObj":{"params":{"class":"с","classMask":1,"info":{"isCapital":false,"isUpper":false},"stack":"((<DictionaryAnalyzer>, u'\\u0430\\u0440\\u043c\\u0438\\u044e', 40, 3),)"},"sentenceIndex":[4],"words":["армию"],"wordsIndex":[8]},"rating":25.0,"stats":{"counter":5277.0,"counterAll":5277.0,"isAdjf":0,"isCombo":0,"isComp":0,"isCountry":0,"isEng":0,"isName":0,"isNominal":0,"isNoun":1,"isNum":0,"isPrtf":0,"isSymbol":0,"isUnknown":0,"isVerb":0,"repeat":0.25,"weight":0.02770936930597928,"weightAll":0.02770936930597928}},"баллистический":{"indexObj":{"classMask":2,"counter":176.0,"finded":89,"isExisted":true,"letterId":1,"meta":"{}","server":"_buber3_","table":"wordIndex.ru","uid":7746,"word":"баллистический","wordHash":"7d9baf41a88f8cd9fd8d0181e6c3332b_7f7d4f57fb56d16608a13f33ab9ceb4f194c7e0f3405d5edf7c94aedcd46ab30b83d2954202ac9bf9d85d63136a04a94d06e1d71d3f28d0790c5f71cadb85794","wordId":"1:7746"},"morphObj":{"params":{"class":"п","classMask":2,"info":{"isCapital":false,"isUpper":false},"stack":"((<DictionaryAnalyzer>, u'\\u0431\\u0430\\u043b\\u043b\\u0438\\u0441\\u0442\\u0438\\u0447\\u0435\\u0441\\u043a\\u0438\\u0445', 16, 21),)"},"sentenceIndex":[0,3,5],"words":["баллистических","баллистической","баллистической"],"wordsIndex":[5,6,7]},"rating":75.0,"stats":{"counter":176.0,"counterAll":528.0,"isAdjf":1,"isCombo":0,"isComp":0,"isCountry":0,"isEng":0,"isName":0,"isNominal":0,"isNoun":0,"isNum":0,"isPrtf":0,"isSymbol":0,"isUnknown":0,"isVerb":0,"repeat":0.75,"weight":0.0009241707405443155,"weightAll":0.002772512221632947}},"безопасность":{"indexObj":{"classMask":22,"counter":164.0,"finded":62,"isExisted":true,"letterId":1,"meta":"{}","server":"_buber3_","table":"wordIndex.ru","uid":10968,"word":"безопасность","wordHash":"0ae917eae9d4acc0060e90c7423cf7d5_9916525f5d52e7249ff242ca484adaeb83b132ac0c2ae35fb2d6bcdb7e7daadc738df4e9a99cb1d69b25d751c2f0f3e1dd600e123fb3a4ae5a26408808f6dde2","wordId":"1:10968"},"morphObj":{"params":{"class":"имя","classMask":22,"info":{"isCapital":true,"isUpper":false},"stack":"((<DictionaryAnalyzer>, u'\\u0431\\u0435\\u0437\\u043e\\u043f\\u0430\\u0441\\u043d\\u043e\\u0441\\u0442\\u0438', 13, 1),)"},"sentenceIndex":[7],"words":["Безопасности"],"wordsIndex":[14]},"rating":125.0,"stats":{"counter":164.0,"counterAll":164.0,"isAdjf":0,"isCombo":0,"isComp":0,"isCountry":0,"isEng":0,"isName":1,"isNominal":0,"isNoun":0,"isNum":0,"isPrtf":0,"isSymbol":0,"isUnknown":0,"isVerb":0,"repeat":0.25,"weight":0.0008611590991435667,"weightAll":0.0008611590991435667}},"быть":{"indexObj":{"classMask":6,"counter":4621.0,"finded":998,"isExisted":true,"letterId":1,"meta":"{}","server":"_buber3_","table":"wordIndex.ru","uid":2909,"word":"быть","wordHash":"714cdce3286cb2e2d53894204ad7c323_fcf73f0508e9f990293dfa00a5434e590dd4fb647c39ce4b1e7dafff7d73b474f4433574fc482055ab35a432ae9f7c848645cd7b94596a9006f0b64e37f06a17","wordId":"1:2909"},"morphObj":{"params":{"class":"инфинитив","classMask":6,"info":{"isCapital":false,"isUpper":false},"stack":"((<DictionaryAnalyzer>, u'\\u0431\\u044b\\u0442\\u044c', 587, 0),)"},"sentenceIndex":[7],"words":["быть"],"wordsIndex":[18]},"rating":25.0,"stats":{"counter":4621.0,"counterAll":4621.0,"isAdjf":0,"isCombo":0,"isComp":0,"isCountry":0,"isEng":0,"isName":0,"isNominal":0,"isNoun":0,"isNum":0,"isPrtf":0,"isSymbol":0,"isUnknown":0,"isVerb":1,"repeat":0.25,"weight":0.024264732909405014,"weightAll":0.024264732909405014}},"ведомство":{"indexObj":{"classMask":1,"counter":849.0,"finded":618,"isExisted":true,"letterId":4,"meta":"{}","server":"_buber3_","table":"wordIndex.ru","uid":10467,"word":"ведомство","wordHash":"f5e1c67de92c5138e2b3d1ce2203098a_016ee8261ad651009313279d81fee68e42b2d3662e9ad8e123914b6ca56ed2f5ceeba2927cf08af642b9e39de8c23b77db3b79c1a64c991219c80b73557250b8","wordId":"4:10467"},"morphObj":{"params":{"class":"с","classMask":1,"info":{"isCapital":false,"isUpper":false},"stack":"((<DictionaryAnalyzer>, u'\\u0432\\u0435\\u0434\\u043e\\u043c\\u0441\\u0442\\u0432\\u0435', 54, 5),)"},"sentenceIndex":[1],"words":["ведомстве"],"wordsIndex":[14]},"rating":25.0,"stats":{"counter":849.0,"counterAll":849.0,"isAdjf":0,"isCombo":0,"isComp":0,"isCountry":0,"isEng":0,"isName":0,"isNominal":0,"isNoun":1,"isNum":0,"isPrtf":0,"isSymbol":0,"isUnknown":0,"isVerb":0,"repeat":0.25,"weight":0.004458073629102977,"weightAll":0.004458073629102977}},"возможность":{"indexObj":{"classMask":1,"counter":3532.0,"finded":2183,"isExisted":true,"letterId":4,"meta":"{}","server":"_buber3_","table":"wordIndex.ru","uid":4204,"word":"возможность","wordHash":"feac939a5c2f018122784e7795ac0b85_5ec549d9baf644dd2c988c47e3f6bf62fabfe9288184829192c2e34e7ec354aaca9cd098d94fe1223bf7eca2c3423d25cc84f309051d1fe86e35ad65ab4e7576","wordId":"4:4204"},"morphObj":{"params":{"class":"с","classMask":1,"info":{"isCapital":false,"isUpper":false},"stack":"((<DictionaryAnalyzer>, u'\\u0432\\u043e\\u0437\\u043c\\u043e\\u0436\\u043d\\u043e\\u0441\\u0442\\u044c', 13, 3),)"},"sentenceIndex":[0],"words":["возможность"],"wordsIndex":[3]},"rating":25.0,"stats":{"counter":3532.0,"counterAll":3532.0,"isAdjf":0,"isCombo":0,"isComp":0,"isCountry":0,"isEng":0,"isName":0,"isNominal":0,"isNoun":1,"isNum":0,"isPrtf":0,"isSymbol":0,"isUnknown":0,"isVerb":0,"repeat":0.25,"weight":0.01854642645228706,"weightAll":0.01854642645228706}},"выйти":{"indexObj":{"classMask":5,"counter":4065.0,"finded":2574,"isExisted":true,"letterId":4,"meta":"{}","server":"_buber3_","table":"wordIndex.ru","uid":972,"word":"выйти","wordHash":"38a4315f55cbef94b573cb206a118561_1b7adc624a14caaf31d64081ca155667369ef0f9c58f418c9592470e052ee92b4b86a355d62d14d5641e55cc8b9be17844ab0077729a1e9716dccfee46f2ce99","wordId":"4:972"},"morphObj":{"params":{"class":"г","classMask":5,"info":{"isCapital":false,"isUpper":false},"stack":"((<DictionaryAnalyzer>, u'\\u0432\\u044b\\u0448\\u043b\\u0430', 1027, 2),)"},"sentenceIndex":[4],"words":["вышла"],"wordsIndex":[3]},"rating":25.0,"stats":{"counter":4065.0,"counterAll":4065.0,"isAdjf":0,"isCombo":0,"isComp":0,"isCountry":0,"isEng":0,"isName":0,"isNominal":0,"isNoun":0,"isNum":0,"isPrtf":0,"isSymbol":0,"isUnknown":0,"isVerb":1,"repeat":0.25,"weight":0.02134519352450365,"weightAll":0.02134519352450365}},"год":{"indexObj":{"classMask":1,"counter":190443.0,"finded":27736,"isExisted":true,"letterId":3,"meta":"{}","server":"_buber3_","table":"wordIndex.ru","uid":41,"word":"год","wordHash":"6270693d76d15c0b806abbb0929ca8a8_74cd8d3b64ee6f979b467bb39ea5e63d26f2645e0d0da7c4b1cc0ef5676678b91f80fb1d385e43bc555371b2b4a6f20c3b13daacb271dc75a41fb88c2102a24a","wordId":"3:41"},"morphObj":{"params":{"class":"с","classMask":1,"info":{"isCapital":false,"isUpper":false},"stack":"((<DictionaryAnalyzer>, u'\\u0433\\u043e\\u0434\\u0443', 1168, 6),)"},"sentenceIndex":[4],"words":["году"],"wordsIndex":[17]},"rating":25.0,"stats":{"counter":190443.0,"counterAll":190443.0,"isAdjf":0,"isCombo":0,"isComp":0,"isCountry":0,"isEng":0,"isName":0,"isNominal":0,"isNoun":1,"isNum":0,"isPrtf":0,"isSymbol":0,"isUnknown":0,"isVerb":0,"repeat":0.25,"weight":1.0000105019402334,"weightAll":1.0000105019402334}},"дальность":{"indexObj":{"classMask":1,"counter":445.0,"finded":198,"isExisted":true,"letterId":6,"meta":"{}","server":"_buber3_","table":"wordIndex.ru","uid":30648,"word":"дальность","wordHash":"29a8c33e91971a5044967f26e3d2573d_29663dcb84778d28e026c177f4d51144468b691ca9d28578e5b6b740f9e45c47572dd685239ea59acbb00e77dd809b0bb4056f8f77da4b9776b8a0217690ff17","wordId":"6:30648"},"morphObj":{"params":{"class":"с","classMask":1,"info":{"isCapital":false,"isUpper":false},"stack":"((<DictionaryAnalyzer>, u'\\u0434\\u0430\\u043b\\u044c\\u043d\\u043e\\u0441\\u0442\\u0438', 13, 1),)"},"sentenceIndex":[2,2,5],"words":["дальности","дальности","дальности"],"wordsIndex":[9,26,10]},"rating":75.0,"stats":{"counter":445.0,"counterAll":1335.0,"isAdjf":0,"isCombo":0,"isComp":0,"isCountry":0,"isEng":0,"isName":0,"isNominal":0,"isNoun":1,"isNum":0,"isPrtf":0,"isSymbol":0,"isUnknown":0,"isVerb":0,"repeat":0.75,"weight":0.002336681701944434,"weightAll":0.0070100451058333025}},"данные":{"indexObj":{"classMask":1,"counter":4745.0,"finded":3212,"isExisted":true,"letterId":6,"meta":"{}","server":"_buber3_","table":"wordIndex.ru","uid":1377,"word":"данные","wordHash":"ef2ad9183770ac833b84f8ff6927e7b8_b66e2ca2d2f9ec1cf2d578b65e9f6f78cbd3693231c06c427f29d9aa4460ff5bf269d459666a14012f78f30bd97c4c24937624b51e38f238af0a963ec5470f84","wordId":"6:1377"},"morphObj":{"params":{"class":"с","classMask":1,"info":{"isCapital":false,"isUpper":false},"stack":"((<DictionaryAnalyzer>, u'\\u0434\\u0430\\u043d\\u043d\\u044b\\u043c', 151, 2),)"},"sentenceIndex":[2],"words":["данным"],"wordsIndex":[2]},"rating":25.0,"stats":{"counter":4745.0,"counterAll":4745.0,"isAdjf":0,"isCombo":0,"isComp":0,"isCountry":0,"isEng":0,"isName":0,"isNominal":0,"isNoun":1,"isNum":0,"isPrtf":0,"isSymbol":0,"isUnknown":0,"isVerb":0,"repeat":0.25,"weight":0.024915853203879415,"weightAll":0.024915853203879415}},"действие":{"indexObj":{"classMask":1,"counter":4917.0,"finded":2662,"isExisted":true,"letterId":6,"meta":"{}","server":"_buber3_","table":"wordIndex.ru","uid":1592,"word":"действие","wordHash":"dbbaeefe07951a1fd11648a5723599d5_339ec3091569cd2d48ec3c084cae3c40f5a73e84becdd8a323fdc490fc3658a2d5f7e50262dccc5deeba3f511cda35bc4a664ed3e052c0f76ec9f578a75c4808","wordId":"6:1592"},"morphObj":{"params":{"class":"с","classMask":1,"info":{"isCapital":false,"isUpper":false},"stack":"((<DictionaryAnalyzer>, u'\\u0434\\u0435\\u0439\\u0441\\u0442\\u0432\\u0438\\u044f', 119, 1),)"},"sentenceIndex":[3],"words":["действия"],"wordsIndex":[9]},"rating":25.0,"stats":{"counter":4917.0,"counterAll":4917.0,"isAdjf":0,"isCombo":0,"isComp":0,"isCountry":0,"isEng":0,"isName":0,"isNominal":0,"isNoun":1,"isNum":0,"isPrtf":0,"isSymbol":0,"isUnknown":0,"isVerb":0,"repeat":0.25,"weight":0.025819020063956817,"weightAll":0.025819020063956817}},"задуматься":{"indexObj":{"classMask":5,"counter":23.0,"finded":23,"isExisted":true,"letterId":7,"meta":"{}","server":"_buber3_","table":"wordIndex.ru","uid":61725,"word":"задуматься","wordHash":"821efc6ae46a65dafc7e54c9733b0136_e4b50cd08a28ba0db3b5db13271e0449d5632203e657207d806a175af099c68d0184f607f539116241fd6c98a09327e461dc4c3693eb868e4a72de2afd17e06f","wordId":"7:61725"},"morphObj":{"params":{"class":"г","classMask":5,"info":{"isCapital":false,"isUpper":false},"stack":"((<DictionaryAnalyzer>, u'\\u0437\\u0430\\u0434\\u0443\\u043c\\u0430\\u043b\\u0441\\u044f', 615, 1),)"},"sentenceIndex":[2],"words":["задумался"],"wordsIndex":[4]},"rating":25.0,"stats":{"counter":23.0,"counterAll":23.0,"isAdjf":0,"isCombo":0,"isComp":0,"isCountry":0,"isEng":0,"isName":0,"isNominal":0,"isNoun":0,"isNum":0,"isPrtf":0,"isSymbol":0,"isUnknown":0,"isVerb":1,"repeat":0.25,"weight":0.00012077231268476851,"weightAll":0.00012077231268476851}},"запуск":{"indexObj":{"classMask":1,"counter":566.0,"finded":314,"isExisted":true,"letterId":7,"meta":"{}","server":"_buber3_","table":"wordIndex.ru","uid":6180,"word":"запуск","wordHash":"2607e71cd6ab78115c6e5d843f9ef04a_a2da74136c1c8d669738c5f34bf3e65e2edc9eab6e4605e834cc99144252df0bd47c87c82f3fd36816905a9cc48e004504c82a1c74176a61396affe3823934aa","wordId":"7:6180"},"morphObj":{"params":{"class":"с","classMask":1,"info":{"isCapital":false,"isUpper":false},"stack":"((<DictionaryAnalyzer>, u'\\u0437\\u0430\\u043f\\u0443\\u0441\\u043a\\u0430', 19, 1),)"},"sentenceIndex":[0,5],"words":["запуска","запуске"],"wordsIndex":[4,6]},"rating":50.0,"stats":{"counter":566.0,"counterAll":1132.0,"isAdjf":0,"isCombo":0,"isComp":0,"isCountry":0,"isEng":0,"isName":0,"isNominal":0,"isNoun":1,"isNum":0,"isPrtf":0,"isSymbol":0,"isUnknown":0,"isVerb":0,"repeat":0.5,"weight":0.0029720490860686514,"weightAll":0.005944098172137303}},"изучать":{"indexObj":{"classMask":5,"counter":691.0,"finded":589,"isExisted":true,"letterId":10,"meta":"{}","server":"_buber3_","table":"wordIndex.ru","uid":4642,"word":"изучать","wordHash":"176cd15a06c09dbb665a24e4fee087b4_867f18ab08c10cb92e01ed7fdd62549c74f3e28b5b1a7b19093c82a2f9ab561bff37c3608ff0e3b945a49b9f5eb3bb1026c395054eea474352972e642c16bf22","wordId":"10:4642"},"morphObj":{"params":{"class":"г","classMask":5,"info":{"isCapital":false,"isUpper":false},"stack":"((<DictionaryAnalyzer>, u'\\u0438\\u0437\\u0443\\u0447\\u0430\\u0435\\u0442', 206, 5),)"},"sentenceIndex":[0],"words":["изучает"],"wordsIndex":[2]},"rating":25.0,"stats":{"counter":691.0,"counterAll":691.0,"isAdjf":0,"isCombo":0,"isComp":0,"isCountry":0,"isEng":0,"isName":0,"isNominal":0,"isNoun":0,"isNum":0,"isPrtf":0,"isSymbol":0,"isUnknown":0,"isVerb":1,"repeat":0.25,"weight":0.0036284203506597845,"weightAll":0.0036284203506597845}},"исключаться":{"indexObj":{"classMask":5,"counter":38.0,"finded":36,"isExisted":true,"letterId":10,"meta":"{}","server":"_buber3_","table":"wordIndex.ru","uid":51201,"word":"исключаться","wordHash":"eac4b78f4e65d9e1ea209536af9588e2_c90357773b5f70550ee277ecde84d9a9a632ce5a13783cffb5960e77b601929738b1d3fa5c2897ce080a3373d4fea95a7ca780a752676b3864737660b51768a4","wordId":"10:51201"},"morphObj":{"params":{"class":"г","classMask":5,"info":{"isCapital":false,"isUpper":false},"stack":"((<DictionaryAnalyzer>, u'\\u0438\\u0441\\u043a\\u043b\\u044e\\u0447\\u0430\\u0435\\u0442\\u0441\\u044f', 224, 5),)"},"sentenceIndex":[3],"words":["исключается"],"wordsIndex":[3]},"rating":25.0,"stats":{"counter":38.0,"counterAll":38.0,"isAdjf":0,"isCombo":0,"isComp":0,"isCountry":0,"isEng":0,"isName":0,"isNominal":0,"isNoun":0,"isNum":0,"isPrtf":0,"isSymbol":0,"isUnknown":0,"isVerb":1,"repeat":0.25,"weight":0.0001995368644357045,"weightAll":0.0001995368644357045}},"испытание":{"indexObj":{"classMask":1,"counter":1025.0,"finded":483,"isExisted":true,"letterId":10,"meta":"{}","server":"_buber3_","table":"wordIndex.ru","uid":7194,"word":"испытание","wordHash":"c4dab3eb63c7bf7895ef846ff88f285a_faa40c7355bff91145c6f03de91685cfe3d167fd84ac6bbabacae8170de2e3d8477edaca8d7b25f9deffd10014e430cc071659a25cfec74a942218a7b7c5a732","wordId":"10:7194"},"morphObj":{"params":{"class":"с","classMask":1,"info":{"isCapital":false,"isUpper":false},"stack":"((<DictionaryAnalyzer>, u'\\u0438\\u0441\\u043f\\u044b\\u0442\\u0430\\u043d\\u0438\\u044f', 76, 2),)"},"sentenceIndex":[0,3,6],"words":["испытания","испытание","испытаниях"],"wordsIndex":[13,4,1]},"rating":75.0,"stats":{"counter":1025.0,"counterAll":3075.0,"isAdjf":0,"isCombo":0,"isComp":0,"isCountry":0,"isEng":0,"isName":0,"isNominal":0,"isNoun":1,"isNum":0,"isPrtf":0,"isSymbol":0,"isUnknown":0,"isVerb":0,"repeat":0.75,"weight":0.005382244369647292,"weightAll":0.016146733108941876}},"источник":{"indexObj":{"classMask":1,"counter":4001.0,"finded":2781,"isExisted":true,"letterId":10,"meta":"{}","server":"_buber3_","table":"wordIndex.ru","uid":1101,"word":"источник","wordHash":"a458e1350fcfdde6b3787e4ae6c59d80_eb7b9d11d4b93271f11837f1a91f69de3f5e862c2c52b5ffd49b06dac670e2729a6ef3370672c53bcca3f8bb1402f3dad4670ff3d773d9ba9692563183c168c7","wordId":"10:1101"},"morphObj":{"params":{"class":"с","classMask":1,"info":{"isCapital":false,"isUpper":false},"stack":"((<DictionaryAnalyzer>, u'\\u0438\\u0441\\u0442\\u043e\\u0447\\u043d\\u0438\\u043a\\u0438', 19, 6),)"},"sentenceIndex":[1],"words":["источники"],"wordsIndex":[10]},"rating":25.0,"stats":{"counter":4001.0,"counterAll":4001.0,"isAdjf":0,"isCombo":0,"isComp":0,"isCountry":0,"isEng":0,"isName":0,"isNominal":0,"isNoun":1,"isNum":0,"isPrtf":0,"isSymbol":0,"isUnknown":0,"isVerb":0,"repeat":0.25,"weight":0.021009131437032993,"weightAll":0.021009131437032993}},"километр":{"indexObj":{"classMask":1,"counter":11809.0,"finded":5308,"isExisted":true,"letterId":12,"meta":"{}","server":"_buber3_","table":"wordIndex.ru","uid":1001,"word":"километр","wordHash":"13dccda975cee5fa54531b00fc5a3856_988fe0232123903da97581dcbb9ba5aa41e8c055fdb5f93461e6e43ab270fe1496e750dee0b344c1bbfccad28359158082d661594bcd39e9ffdcb88766ae3f2f","wordId":"12:1001"},"morphObj":{"params":{"class":"с","classMask":1,"info":{"isCapital":false,"isUpper":false},"stack":"((<DictionaryAnalyzer>, u'\\u043a\\u0438\\u043b\\u043e\\u043c\\u0435\\u0442\\u0440\\u043e\\u0432', 1702, 7),)"},"sentenceIndex":[2,2,3],"words":["километров","километров","километров"],"wordsIndex":[20,28,12]},"rating":75.0,"stats":{"counter":11809.0,"counterAll":35427.0,"isAdjf":0,"isCombo":0,"isComp":0,"isCountry":0,"isEng":0,"isName":0,"isNominal":0,"isNoun":1,"isNum":0,"isPrtf":0,"isSymbol":0,"isUnknown":0,"isVerb":0,"repeat":0.75,"weight":0.062008706108453535,"weightAll":0.18602611832536062}},"ким":{"indexObj":{"classMask":22,"counter":371.0,"finded":142,"isExisted":true,"letterId":12,"meta":"{}","server":"_buber3_","table":"wordIndex.ru","uid":1685,"word":"ким","wordHash":"23477ad5c9a6e387abd753f7b668d7ee_d43aa75e649411e36cb374b7f69c3135030d3a734be37ab8afb06966339b8077278b98157056bb6bb1e425a638b14d1f0a83bd715c5f82e71431b883538542f7","wordId":"12:1685"},"morphObj":{"params":{"class":"имя","classMask":22,"info":{"isCapital":true,"isUpper":false},"stack":"((<DictionaryAnalyzer>, u'\\u043a\\u0438\\u043c', 26, 0),)"},"sentenceIndex":[6],"words":["Ким"],"wordsIndex":[5]},"rating":125.0,"stats":{"counter":371.0,"counterAll":371.0,"isAdjf":0,"isCombo":0,"isComp":0,"isCountry":0,"isEng":0,"isName":1,"isNominal":0,"isNoun":0,"isNum":0,"isPrtf":0,"isSymbol":0,"isUnknown":0,"isVerb":0,"repeat":0.25,"weight":0.0019481099133064833,"weightAll":0.0019481099133064833}},"кндр":{"indexObj":{"classMask":1122,"counter":235.0,"finded":88,"isExisted":true,"letterId":12,"meta":"{}","server":"_buber3_","table":"wordIndex.ru","uid":22274,"word":"кндр","wordHash":"48cb22b6a2e5b4edc979b6a84606c67d_d46fffd8c808fce1612ab788b2c753aabd6dc9256d0e8effaa6cb97ecb04353cc5b3592a55af166a952b77e758fecf28f9fdf251cafa2268cb6cd7403802daa3","wordId":"12:22274"},"morphObj":{"params":{"class":"имя","classMask":1122,"info":{"isCapital":false,"isCountry":true,"isUpper":true},"stack":"((<DictionaryAnalyzer>, u'\\u043a\\u043d\\u0434\\u0440', 1351, 0),)"},"sentenceIndex":[0,5,6],"words":["КНДР","КНДР","КНДР"],"wordsIndex":[12,2,4]},"rating":375.0,"stats":{"counter":235.0,"counterAll":705.0,"isAdjf":0,"isCombo":0,"isComp":0,"isCountry":1,"isEng":0,"isName":1,"isNominal":0,"isNoun":0,"isNum":0,"isPrtf":0,"isSymbol":0,"isUnknown":0,"isVerb":0,"repeat":0.75,"weight":0.0012339779774313304,"weightAll":0.0037019339322939913}},"корея":{"indexObj":{"classMask":22,"counter":806.0,"finded":404,"isExisted":true,"letterId":12,"meta":"{}","server":"_buber3_","table":"wordIndex.ru","uid":18167,"word":"корея","wordHash":"b5ae1ca7ede674a7f0cfbcc2de9a956f_085caf48dd4431dd2945fef9fea41f157d9c93d43ac7ad50a82216d8a4e1f22ab711ac1fa580625c6a28fbd78bd34cc0901e7157d334a13027fb54f7d3ab8b82","wordId":"12:18167"},"morphObj":{"params":{"class":"имя","classMask":22,"info":{"isCapital":true,"isUpper":false},"stack":"((<DictionaryAnalyzer>, u'\\u043a\\u043e\\u0440\\u0435\\u044f', 192, 0),)"},"sentenceIndex":[0,3,4,7],"words":["Корея","Кореи","Корея","Корея"],"wordsIndex":[1,25,10,9]},"rating":200.0,"stats":{"counter":806.0,"counterAll":3224.0,"isAdjf":0,"isCombo":0,"isComp":0,"isCountry":0,"isEng":0,"isName":1,"isNominal":0,"isNoun":0,"isNum":0,"isPrtf":0,"isSymbol":0,"isUnknown":0,"isVerb":0,"repeat":1.0,"weight":0.0042322819140836266,"weightAll":0.016929127656334506}},"лидер":{"indexObj":{"classMask":1,"counter":2120.0,"finded":1371,"isExisted":true,"letterId":11,"meta":"{}","server":"_buber3_","table":"wordIndex.ru","uid":3149,"word":"лидер","wordHash":"dbef39c636e833c9be507488a9f94977_d206415393826540f549789a7d8da459e77f758f87469e733b0826fff9ad85759d2d94607fb7d64a450346070b679edd60ebc041a99616945742765c58b0a9ee","wordId":"11:3149"},"morphObj":{"params":{"class":"с","classMask":1,"info":{"isCapital":false,"isUpper":false},"stack":"((<DictionaryAnalyzer>, u'\\u043b\\u0438\\u0434\\u0435\\u0440', 52, 0),)"},"sentenceIndex":[6],"words":["лидер"],"wordsIndex":[3]},"rating":25.0,"stats":{"counter":2120.0,"counterAll":2120.0,"isAdjf":0,"isCombo":0,"isComp":0,"isCountry":0,"isEng":0,"isName":0,"isNominal":0,"isNoun":1,"isNum":0,"isPrtf":0,"isSymbol":0,"isUnknown":0,"isVerb":0,"repeat":0.25,"weight":0.011132056647465619,"weightAll":0.011132056647465619}},"любой":{"indexObj":{"classMask":2,"counter":971.0,"finded":706,"isExisted":true,"letterId":11,"meta":"{}","server":"_buber3_","table":"wordIndex.ru","uid":4401,"word":"любой","wordHash":"f000db86b393f63fd4c7518a0d95110d_420a2f1e2703b0f33111945c773157359edefe5bb83973bc0eb2a39d843dbbf934e5393b03660c0cd4006e3e30d48054e0ee8e409fefee8fa75ab4b51243564d","wordId":"11:4401"},"morphObj":{"params":{"class":"п","classMask":2,"info":{"isCapital":false,"isUpper":false},"stack":"((<DictionaryAnalyzer>, u'\\u043b\\u044e\\u0431\\u044b\\u043c', 1648, 21),)"},"sentenceIndex":[3],"words":["любым"],"wordsIndex":[19]},"rating":25.0,"stats":{"counter":971.0,"counterAll":971.0,"isAdjf":1,"isCombo":0,"isComp":0,"isCountry":0,"isEng":0,"isName":0,"isNominal":0,"isNoun":0,"isNum":0,"isPrtf":0,"isSymbol":0,"isUnknown":0,"isVerb":0,"repeat":0.25,"weight":0.005098691983343923,"weightAll":0.005098691983343923}},"малый":{"indexObj":{"classMask":2,"counter":428.0,"finded":368,"isExisted":true,"letterId":14,"meta":"{}","server":"_buber3_","table":"wordIndex.ru","uid":7738,"word":"малый","wordHash":"f35abba4cd12e0c56e4ac044662a1106_7446816ac5238c7f6932832ed7d3f8e3bd99caa5ac751ee5e9164764e7289d2895d07798ae1b356656e201c79033acb9fcdb42bf66541d93d168d70d5cc26e09","wordId":"14:7738"},"morphObj":{"params":{"class":"п","classMask":2,"info":{"isCapital":false,"isUpper":false},"stack":"((<DictionaryAnalyzer>, u'\\u043c\\u0430\\u043b\\u043e\\u0439', 1905, 8),)"},"sentenceIndex":[2],"words":["малой"],"wordsIndex":[8]},"rating":25.0,"stats":{"counter":428.0,"counterAll":428.0,"isAdjf":1,"isCombo":0,"isComp":0,"isCountry":0,"isEng":0,"isName":0,"isNominal":0,"isNoun":0,"isNum":0,"isPrtf":0,"isSymbol":0,"isUnknown":0,"isVerb":0,"repeat":0.25,"weight":0.0022474152099600402,"weightAll":0.0022474152099600402}},"мера":{"indexObj":{"classMask":1,"counter":1996.0,"finded":1352,"isExisted":true,"letterId":14,"meta":"{}","server":"_buber3_","table":"wordIndex.ru","uid":2780,"word":"мера","wordHash":"5b6d6e057d3f48d048a95b1dd5f16654_7de7de90825e32b2ee7fcf74a17d738a8bbd2a3b011691cf870de3dccdaed41cbc031024b6c1ee8831843f94cbb521900ae0936ca13420d2ddb7bdb035cfc478","wordId":"14:2780"},"morphObj":{"params":{"class":"с","classMask":1,"info":{"isCapital":false,"isUpper":false},"stack":"((<DictionaryAnalyzer>, u'\\u043c\\u0435\\u0440\\u0443', 55, 3),)"},"sentenceIndex":[0],"words":["меру"],"wordsIndex":[9]},"rating":25.0,"stats":{"counter":1996.0,"counterAll":1996.0,"isAdjf":0,"isCombo":0,"isComp":0,"isCountry":0,"isEng":0,"isName":0,"isNominal":0,"isNoun":1,"isNum":0,"isPrtf":0,"isSymbol":0,"isUnknown":0,"isVerb":0,"repeat":0.25,"weight":0.010480936352991216,"weightAll":0.010480936352991216}},"море":{"indexObj":{"classMask":1,"counter":1990.0,"finded":1429,"isExisted":true,"letterId":14,"meta":"{}","server":"_buber3_","table":"wordIndex.ru","uid":3979,"word":"море","wordHash":"b8f8381d5f8d04b05dcfdecf737e79d6_3d09b693e420240fdc2763a06587980e742f96e50910576ba9db013c012eb35ce4cf68b18e76301a98db438dd0387b88d94ed8b8c225e80e4718a46045a244fc","wordId":"14:3979"},"morphObj":{"params":{"class":"с","classMask":1,"info":{"isCapital":false,"isUpper":false},"stack":"((<DictionaryAnalyzer>, u'\\u043c\\u043e\\u0440\\u044f', 440, 1),)"},"sentenceIndex":[5],"words":["моря"],"wordsIndex":[14]},"rating":25.0,"stats":{"counter":1990.0,"counterAll":1990.0,"isAdjf":0,"isCombo":0,"isComp":0,"isCountry":0,"isEng":0,"isName":0,"isNominal":0,"isNoun":1,"isNum":0,"isPrtf":0,"isSymbol":0,"isUnknown":0,"isVerb":0,"repeat":0.25,"weight":0.01044943053229084,"weightAll":0.01044943053229084}},"мочь":{"indexObj":{"classMask":5,"counter":13558.0,"finded":5359,"isExisted":true,"letterId":14,"meta":"{}","server":"_buber3_","table":"wordIndex.ru","uid":1904,"word":"мочь","wordHash":"e9a12fd26b4429a6366fa911b19d3b78_8618a8f94c659d09f7841423886f59766122a3d81804242c05d19d09f84bffcb63899516184d5e24453614adcaa797ba9424195d02638b290dd44114d2ef2737","wordId":"14:1904"},"morphObj":{"params":{"class":"г","classMask":5,"info":{"isCapital":false,"isUpper":false},"stack":"((<DictionaryAnalyzer>, u'\\u043c\\u043e\\u0436\\u0435\\u0442', 1979, 5),)"},"sentenceIndex":[3,4,7],"words":["может","может","может"],"wordsIndex":[14,12,17]},"rating":75.0,"stats":{"counter":13558.0,"counterAll":40674.0,"isAdjf":0,"isCombo":0,"isComp":0,"isCountry":0,"isEng":0,"isName":0,"isNominal":0,"isNoun":0,"isNum":0,"isPrtf":0,"isSymbol":0,"isUnknown":0,"isVerb":1,"repeat":0.75,"weight":0.07119265284261267,"weightAll":0.213577958527838}},"нанести":{"indexObj":{"classMask":6,"counter":132.0,"finded":85,"isExisted":true,"letterId":13,"meta":"{}","server":"_buber3_","table":"wordIndex.ru","uid":48179,"word":"нанести","wordHash":"12fe7b14a6d3537a4d0705026437a424_e48a142a7e20bb927500b9c1afb11e22f6b36966b47b42b379c0422b3d0d5bddda9823542df505b0163691d6d1b126c96914043937b653a83a3099f0b7de4394","wordId":"13:48179"},"morphObj":{"params":{"class":"инфинитив","classMask":6,"info":{"isCapital":false,"isUpper":false},"stack":"((<DictionaryAnalyzer>, u'\\u043d\\u0430\\u043d\\u0435\\u0441\\u0442\\u0438', 766, 0),)"},"sentenceIndex":[3],"words":["нанести"],"wordsIndex":[15]},"rating":25.0,"stats":{"counter":132.0,"counterAll":132.0,"isAdjf":0,"isCombo":0,"isComp":0,"isCountry":0,"isEng":0,"isName":0,"isNominal":0,"isNoun":0,"isNum":0,"isPrtf":0,"isSymbol":0,"isUnknown":0,"isVerb":1,"repeat":0.25,"weight":0.0006931280554082367,"weightAll":0.0006931280554082367}},"новый":{"indexObj":{"classMask":2,"counter":7842.0,"finded":4442,"isExisted":true,"letterId":13,"meta":"{}","server":"_buber3_","table":"wordIndex.ru","uid":353,"word":"новый","wordHash":"814e21af03ab9e03888437ba5aede54f_3069bcb46b6d603aa90e292da25894c3354fd341fa1bbda3988a82b33a533840d061ef74eecc0de7faccc6302128744e79f39ded32dcf7670d53ea6d37fb7a50","wordId":"13:353"},"morphObj":{"params":{"class":"п","classMask":2,"info":{"isCapital":false,"isUpper":false},"stack":"((<DictionaryAnalyzer>, u'\\u043d\\u043e\\u0432\\u043e\\u0439', 405, 8),)"},"sentenceIndex":[3],"words":["новой"],"wordsIndex":[5]},"rating":25.0,"stats":{"counter":7842.0,"counterAll":7842.0,"isAdjf":1,"isCombo":0,"isComp":0,"isCountry":0,"isEng":0,"isName":0,"isNominal":0,"isNoun":0,"isNum":0,"isPrtf":0,"isSymbol":0,"isUnknown":0,"isVerb":0,"repeat":0.25,"weight":0.04117810765538933,"weightAll":0.04117810765538933}},"оборонный":{"indexObj":{"classMask":2,"counter":166.0,"finded":124,"isExisted":true,"letterId":16,"meta":"{}","server":"_buber3_","table":"wordIndex.ru","uid":32331,"word":"оборонный","wordHash":"a709a9804b20247a9e37f5e95ed22dfe_3e5d12a724f76c4020ef031564fe150c5250cba55ab67365c8c03c70c073458ed482d9c8a4e3f1dde7bac25e722675e222dbfd03bbec25a1aa46af56bf9d8385","wordId":"16:32331"},"morphObj":{"params":{"class":"п","classMask":2,"info":{"isCapital":false,"isUpper":false},"stack":"((<DictionaryAnalyzer>, u'\\u043e\\u0431\\u043e\\u0440\\u043e\\u043d\\u043d\\u043e\\u043c', 12, 6),)"},"sentenceIndex":[1],"words":["оборонном"],"wordsIndex":[13]},"rating":25.0,"stats":{"counter":166.0,"counterAll":166.0,"isAdjf":1,"isCombo":0,"isComp":0,"isCountry":0,"isEng":0,"isName":0,"isNominal":0,"isNoun":0,"isNum":0,"isPrtf":0,"isSymbol":0,"isUnknown":0,"isVerb":0,"repeat":0.25,"weight":0.0008716610393770249,"weightAll":0.0008716610393770249}},"объект":{"indexObj":{"classMask":1,"counter":3497.0,"finded":2063,"isExisted":true,"letterId":16,"meta":"{}","server":"_buber3_","table":"wordIndex.ru","uid":1371,"word":"объект","wordHash":"4ed18b1b7cec89c672acb9516c65ae4e_36482a29c661b3d71f076bdb89469fbcba299fd4a56f25bb15436b238cf96bc63b1a4745579c0dc870949358d121c89b6a97b575f7f6e6cf7d9ba144c0b34609","wordId":"16:1371"},"morphObj":{"params":{"class":"с","classMask":1,"info":{"isCapital":false,"isUpper":false},"stack":"((<DictionaryAnalyzer>, u'\\u043e\\u0431\\u044a\\u0435\\u043a\\u0442\\u0430\\u043c', 33, 8),)"},"sentenceIndex":[3],"words":["объектам"],"wordsIndex":[23]},"rating":25.0,"stats":{"counter":3497.0,"counterAll":3497.0,"isAdjf":0,"isCombo":0,"isComp":0,"isCountry":0,"isEng":0,"isName":0,"isNominal":0,"isNoun":1,"isNum":0,"isPrtf":0,"isSymbol":0,"isUnknown":0,"isVerb":0,"repeat":0.25,"weight":0.018362642498201544,"weightAll":0.018362642498201544}},"оон":{"indexObj":{"classMask":1,"counter":816.0,"finded":440,"isExisted":true,"letterId":16,"meta":"{}","server":"_buber3_","table":"wordIndex.ru","uid":10294,"word":"оон","wordHash":"32cdb25ded280dbb1d52bb4f803d05b8_de3455f7fb319f33e6c58be2b072914089dca487197fa516c1347c684ac428e3b65f5832d60e9c8d5d3ed713e3ed8f1dfc1917d8517eef7177a7ccbe01b4748b","wordId":"16:10294"},"morphObj":{"params":{"class":"с","classMask":1,"info":{"isCapital":false,"isUpper":true},"stack":"((<DictionaryAnalyzer>, u'\\u043e\\u043e\\u043d', 273, 1),)"},"sentenceIndex":[7],"words":["ООН"],"wordsIndex":[15]},"rating":25.0,"stats":{"counter":816.0,"counterAll":816.0,"isAdjf":0,"isCombo":0,"isComp":0,"isCountry":0,"isEng":0,"isName":0,"isNominal":0,"isNoun":1,"isNum":0,"isPrtf":0,"isSymbol":0,"isUnknown":0,"isVerb":0,"repeat":0.25,"weight":0.0042847916152509175,"weightAll":0.0042847916152509175}},"оружие":{"indexObj":{"classMask":1,"counter":1909.0,"finded":917,"isExisted":true,"letterId":16,"meta":"{}","server":"_buber3_","table":"wordIndex.ru","uid":228,"word":"оружие","wordHash":"dfdb6b6ef2450a3800a9a9cb7414b029_c5543de87d54d998a830bca2967c1eecad6ae137ea398d0138e626cb0e19c959b329a883015cc4d688e00f9a4f07be8afb46e6395c326e03bcdd644bf41c837f","wordId":"16:228"},"morphObj":{"params":{"class":"с","classMask":1,"info":{"isCapital":false,"isUpper":false},"stack":"((<DictionaryAnalyzer>, u'\\u043e\\u0440\\u0443\\u0436\\u0438\\u044f', 76, 2),)"},"sentenceIndex":[4],"words":["оружия"],"wordsIndex":[2]},"rating":25.0,"stats":{"counter":1909.0,"counterAll":1909.0,"isAdjf":0,"isCombo":0,"isComp":0,"isCountry":0,"isEng":0,"isName":0,"isNominal":0,"isNoun":1,"isNum":0,"isPrtf":0,"isSymbol":0,"isUnknown":0,"isVerb":0,"repeat":0.25,"weight":0.010024101952835787,"weightAll":0.010024101952835787}},"ответный":{"indexObj":{"classMask":2,"counter":275.0,"finded":179,"isExisted":true,"letterId":16,"meta":"{}","server":"_buber3_","table":"wordIndex.ru","uid":42,"word":"ответный","wordHash":"2ae31a000ebfa3f74f6aedf2b83ff5f8_80d091fa3efc71b507655ffa3bf2a768846f678f9178aafd0e73bef6e33414b6a625472d5e5556e4535babee424ab0de691424eeb80c4ddeb0ed2b4472b88f1f","wordId":"16:42"},"morphObj":{"params":{"class":"п","classMask":2,"info":{"isCapital":false,"isUpper":false},"stack":"((<DictionaryAnalyzer>, u'\\u043e\\u0442\\u0432\\u0435\\u0442\\u043d\\u0443\\u044e', 12, 10),)"},"sentenceIndex":[0],"words":["ответную"],"wordsIndex":[8]},"rating":25.0,"stats":{"counter":275.0,"counterAll":275.0,"isAdjf":1,"isCombo":0,"isComp":0,"isCountry":0,"isEng":0,"isName":0,"isNominal":0,"isNoun":0,"isNum":0,"isPrtf":0,"isSymbol":0,"isUnknown":0,"isVerb":0,"repeat":0.25,"weight":0.001444016782100493,"weightAll":0.001444016782100493}},"понедельник":{"indexObj":{"classMask":1,"counter":300.0,"finded":262,"isExisted":true,"letterId":15,"meta":"{}","server":"_buber3_","table":"wordIndex.ru","uid":14289,"word":"понедельник","wordHash":"dcbd7ce054441da56839f8396721e172_f837b662a55ecb15f8209a8d3caac506f7c12eb65773457a71d64e20b2fc8d7d1ea8f91417b0106b06b0bc392c9f93f3cc08a855ea41d7da546835c79f08f05c","wordId":"15:14289"},"morphObj":{"params":{"class":"с","classMask":1,"info":{"isCapital":false,"isUpper":false},"stack":"((<DictionaryAnalyzer>, u'\\u043f\\u043e\\u043d\\u0435\\u0434\\u0435\\u043b\\u044c\\u043d\\u0438\\u043a', 19, 3),)"},"sentenceIndex":[1],"words":["понедельник"],"wordsIndex":[3]},"rating":25.0,"stats":{"counter":300.0,"counterAll":300.0,"isAdjf":0,"isCombo":0,"isComp":0,"isCountry":0,"isEng":0,"isName":0,"isNominal":0,"isNoun":1,"isNum":0,"isPrtf":0,"isSymbol":0,"isUnknown":0,"isVerb":0,"repeat":0.25,"weight":0.0015752910350187196,"weightAll":0.0015752910350187196}},"поражать":{"indexObj":{"classMask":6,"counter":30.0,"finded":24,"isExisted":true,"letterId":15,"meta":"{}","server":"_buber3_","table":"wordIndex.ru","uid":64078,"word":"поражать","wordHash":"cc2e4f8b20518223570a63e96c1e0dd5_79c318e185bc2d1834fbaffc101601a7b7a8582bd17f86ad90f230c9ad040d91d8294af59e433c9f15485a6a4bcbd86f60fdf5b2536537ce5b8a0020e5822ad8","wordId":"15:64078"},"morphObj":{"params":{"class":"инфинитив","classMask":6,"info":{"isCapital":false,"isUpper":false},"stack":"((<DictionaryAnalyzer>, u'\\u043f\\u043e\\u0440\\u0430\\u0436\\u0430\\u0442\\u044c', 206, 0),)"},"sentenceIndex":[2],"words":["поражать"],"wordsIndex":[14]},"rating":25.0,"stats":{"counter":30.0,"counterAll":30.0,"isAdjf":0,"isCombo":0,"isComp":0,"isCountry":0,"isEng":0,"isName":0,"isNominal":0,"isNoun":0,"isNum":0,"isPrtf":0,"isSymbol":0,"isUnknown":0,"isVerb":1,"repeat":0.25,"weight":0.00015752910350187198,"weightAll":0.00015752910350187198}},"поступить":{"indexObj":{"classMask":6,"counter":109.0,"finded":80,"isExisted":true,"letterId":15,"meta":"{}","server":"_buber3_","table":"wordIndex.ru","uid":17034,"word":"поступить","wordHash":"394bae2fd1917666d0357b685b9f2e49_208f7ed642a6e3113340a65d7ddeb60d62ca74c403779d05c415bc56854fbf8b26535373461faacae5534d3a2ddc5531132ea281ea767534ace9b7af8cc9b117","wordId":"15:17034"},"morphObj":{"params":{"class":"инфинитив","classMask":6,"info":{"isCapital":false,"isUpper":false},"stack":"((<DictionaryAnalyzer>, u'\\u043f\\u043e\\u0441\\u0442\\u0443\\u043f\\u0438\\u0442\\u044c', 862, 0),)"},"sentenceIndex":[4],"words":["поступить"],"wordsIndex":[13]},"rating":25.0,"stats":{"counter":109.0,"counterAll":109.0,"isAdjf":0,"isCombo":0,"isComp":0,"isCountry":0,"isEng":0,"isName":0,"isNominal":0,"isNoun":0,"isNum":0,"isPrtf":0,"isSymbol":0,"isUnknown":0,"isVerb":1,"repeat":0.25,"weight":0.0005723557427234682,"weightAll":0.0005723557427234682}},"потребовать":{"indexObj":{"classMask":5,"counter":439.0,"finded":369,"isExisted":true,"letterId":15,"meta":"{}","server":"_buber3_","table":"wordIndex.ru","uid":5967,"word":"потребовать","wordHash":"3dd865666c59e3335341ef9d0db6be4c_94659f32bd2ed350f8337e9e3942a5c733ba4fd05b120a2023b7af8561354adac132e01be271fa13c933523f9026f24aa64853f65e885e0ac2fbce3f2029bb66","wordId":"15:5967"},"morphObj":{"params":{"class":"г","classMask":5,"info":{"isCapital":false,"isUpper":false},"stack":"((<DictionaryAnalyzer>, u'\\u043f\\u043e\\u0442\\u0440\\u0435\\u0431\\u043e\\u0432\\u0430\\u043b\\u0438', 276, 4),)"},"sentenceIndex":[7],"words":["потребовали"],"wordsIndex":[10]},"rating":25.0,"stats":{"counter":439.0,"counterAll":439.0,"isAdjf":0,"isCombo":0,"isComp":0,"isCountry":0,"isEng":0,"isName":0,"isNominal":0,"isNoun":0,"isNum":0,"isPrtf":0,"isSymbol":0,"isUnknown":0,"isVerb":1,"repeat":0.25,"weight":0.00230517588124406,"weightAll":0.00230517588124406}},"присутствовать":{"indexObj":{"classMask":5,"counter":928.0,"finded":734,"isExisted":true,"letterId":15,"meta":"{}","server":"_buber3_","table":"wordIndex.ru","uid":1786,"word":"присутствовать","wordHash":"60e1ab3144b0804501350d54cfa7cc84_2e9c8c0410fe48fe0c87f2918bf7f1dc6c2c79a7e8f73bda01c30d91fff5b41ab69090e155f5cd1b3f5ebefc3ec306430b80da85e107bb5cf7d01f23d1f1fc3e","wordId":"15:1786"},"morphObj":{"params":{"class":"г","classMask":5,"info":{"isCapital":false,"isUpper":false},"stack":"((<DictionaryAnalyzer>, u'\\u043f\\u0440\\u0438\\u0441\\u0443\\u0442\\u0441\\u0442\\u0432\\u043e\\u0432\\u0430\\u043b', 172, 7),)"},"sentenceIndex":[6],"words":["присутствовал"],"wordsIndex":[2]},"rating":25.0,"stats":{"counter":928.0,"counterAll":928.0,"isAdjf":0,"isCombo":0,"isComp":0,"isCountry":0,"isEng":0,"isName":0,"isNominal":0,"isNoun":0,"isNum":0,"isPrtf":0,"isSymbol":0,"isUnknown":0,"isVerb":1,"repeat":0.25,"weight":0.004872900268324573,"weightAll":0.004872900268324573}},"проведение":{"indexObj":{"classMask":1,"counter":1791.0,"finded":1223,"isExisted":true,"letterId":15,"meta":"{}","server":"_buber3_","table":"wordIndex.ru","uid":5675,"word":"проведение","wordHash":"299510abd2f0f4a948b359c27eeb9172_2bd27293ea04a4c281f0a2dbfc91aa7be820e8ca89b6a2e2de3d237e108cfb1f4cd10f29d3ee5b5541c492cf2305e91180d4af204aa76ad16bb09c9be3e8c940","wordId":"15:5675"},"morphObj":{"params":{"class":"с","classMask":1,"info":{"isCapital":false,"isUpper":false},"stack":"((<DictionaryAnalyzer>, u'\\u043f\\u0440\\u043e\\u0432\\u0435\\u0434\\u0435\\u043d\\u0438\\u0435\\u043c', 76, 8),)"},"sentenceIndex":[7],"words":["проведением"],"wordsIndex":[3]},"rating":25.0,"stats":{"counter":1791.0,"counterAll":1791.0,"isAdjf":0,"isCombo":0,"isComp":0,"isCountry":0,"isEng":0,"isName":0,"isNominal":0,"isNoun":1,"isNum":0,"isPrtf":0,"isSymbol":0,"isUnknown":0,"isVerb":0,"repeat":0.25,"weight":0.009404487479061757,"weightAll":0.009404487479061757}},"провести":{"indexObj":{"classMask":7,"counter":602.0,"finded":408,"isExisted":true,"letterId":15,"meta":"{}","server":"_buber3_","table":"wordIndex.ru","uid":1864,"word":"провести","wordHash":"f19b11ae767e61e3a7ce82dd000bcca7_4a897d471f3dd82a11df09c044d301ba2cf3b4e98af2c4345ce1c873530694f9ca936db856d8c7330bd0fdf8afcfb6b8b05d34da4a5557682c1108923b1068d3","wordId":"15:1864"},"morphObj":{"params":{"class":"причастие","classMask":7,"info":{"isCapital":false,"isUpper":false},"stack":"((<DictionaryAnalyzer>, u'\\u043f\\u0440\\u043e\\u0432\\u0435\\u0434\\u0451\\u043d\\u043d\\u044b\\u0435', 628, 62),)"},"sentenceIndex":[0,7],"words":["проведенные","проведен"],"wordsIndex":[11,19]},"rating":50.0,"stats":{"counter":602.0,"counterAll":1204.0,"isAdjf":0,"isCombo":0,"isComp":0,"isCountry":0,"isEng":0,"isName":0,"isNominal":0,"isNoun":0,"isNum":0,"isPrtf":1,"isSymbol":0,"isUnknown":0,"isVerb":0,"repeat":0.5,"weight":0.0031610840102708976,"weightAll":0.006322168020541795}},"пуск":{"indexObj":{"classMask":1,"counter":216.0,"finded":107,"isExisted":true,"letterId":15,"meta":"{}","server":"_buber3_","table":"wordIndex.ru","uid":21638,"word":"пуск","wordHash":"73404f8b125e0382b9875a60ac4ef051_8384b3d8e47797330ea7dfa4b2daf943544c06d6d56692ff88bc33a872abef91b5b27d2d034016714aae37491fa5d50d7c75d2f6501f7ca2f3688d34b0116b5a","wordId":"15:21638"},"morphObj":{"params":{"class":"с","classMask":1,"info":{"isCapital":false,"isUpper":false},"stack":"((<DictionaryAnalyzer>, u'\\u043f\\u0443\\u0441\\u043a\\u0435', 19, 5),)"},"sentenceIndex":[2,7],"words":["пуске","пуска"],"wordsIndex":[6,4]},"rating":50.0,"stats":{"counter":216.0,"counterAll":432.0,"isAdjf":0,"isCombo":0,"isComp":0,"isCountry":0,"isEng":0,"isName":0,"isNominal":0,"isNoun":1,"isNum":0,"isPrtf":0,"isSymbol":0,"isUnknown":0,"isVerb":0,"repeat":0.5,"weight":0.0011342095452134783,"weightAll":0.0022684190904269565}},"радиус":{"indexObj":{"classMask":1,"counter":329.0,"finded":184,"isExisted":true,"letterId":18,"meta":"{}","server":"_buber3_","table":"wordIndex.ru","uid":20159,"word":"радиус","wordHash":"313f25c12100e7fe2e9ed7df8c357adf_9c97c04e084817ffbcb137c4126059b62a1d4558ce4e1f3b7780dc0fb88f7f640d1d638643c850241e705f508d38a141e1295f0ac51f7e535ae709cddf6cbb39","wordId":"18:20159"},"morphObj":{"params":{"class":"с","classMask":1,"info":{"isCapital":false,"isUpper":false},"stack":"((<DictionaryAnalyzer>, u'\\u0440\\u0430\\u0434\\u0438\\u0443\\u0441\\u043e\\u043c', 33, 4),)"},"sentenceIndex":[3],"words":["радиусом"],"wordsIndex":[8]},"rating":25.0,"stats":{"counter":329.0,"counterAll":329.0,"isAdjf":0,"isCombo":0,"isComp":0,"isCountry":0,"isEng":0,"isName":0,"isNominal":0,"isNoun":1,"isNum":0,"isPrtf":0,"isSymbol":0,"isUnknown":0,"isVerb":0,"repeat":0.25,"weight":0.0017275691684038627,"weightAll":0.0017275691684038627}},"разработка":{"indexObj":{"classMask":1,"counter":2194.0,"finded":1134,"isExisted":true,"letterId":18,"meta":"{}","server":"_buber3_","table":"wordIndex.ru","uid":4182,"word":"разработка","wordHash":"454defa25907fa6b81ce2c5e43d9d11b_a0f153f484a0f095e215b4b53c634e634eeee4d38506e7936e27c3675789bd73cb180257fd3e3d2139ca933800baeb67941f8e8202c85bc8dbda55347ce871e7","wordId":"18:4182"},"morphObj":{"params":{"class":"с","classMask":1,"info":{"isCapital":true,"isUpper":false},"stack":"((<DictionaryAnalyzer>, u'\\u0440\\u0430\\u0437\\u0440\\u0430\\u0431\\u043e\\u0442\\u043a\\u0430', 8, 0),)"},"sentenceIndex":[4],"words":["Разработка"],"wordsIndex":[0]},"rating":25.0,"stats":{"counter":2194.0,"counterAll":2194.0,"isAdjf":0,"isCombo":0,"isComp":0,"isCountry":0,"isEng":0,"isName":0,"isNominal":0,"isNoun":1,"isNum":0,"isPrtf":0,"isSymbol":0,"isUnknown":0,"isVerb":0,"repeat":0.25,"weight":0.01152062843610357,"weightAll":0.01152062843610357}},"ракета":{"indexObj":{"classMask":1,"counter":1277.0,"finded":328,"isExisted":true,"letterId":18,"meta":"{}","server":"_buber3_","table":"wordIndex.ru","uid":7245,"word":"ракета","wordHash":"eb238e934a019fecf5ac6ed5f1b75750_498af4a476733b1ffdcfcc9adeb25dd7f0d00b5b627843e876c3a51caa58054f7be4abeaee268bb6e33fb5173efe6cc99b4cc86525b3080c415e391477ba8f06","wordId":"18:7245"},"morphObj":{"params":{"class":"с","classMask":1,"info":{"isCapital":false,"isUpper":false},"stack":"((<DictionaryAnalyzer>, u'\\u0440\\u0430\\u043a\\u0435\\u0442', 55, 8),)"},"sentenceIndex":[0,2,3,5],"words":["ракет","ракет","ракеты","ракеты"],"wordsIndex":[6,7,7,8]},"rating":100.0,"stats":{"counter":1277.0,"counterAll":5108.0,"isAdjf":0,"isCombo":0,"isComp":0,"isCountry":0,"isEng":0,"isName":0,"isNominal":0,"isNoun":1,"isNum":0,"isPrtf":0,"isSymbol":0,"isUnknown":0,"isVerb":0,"repeat":1.0,"weight":0.006705488839063017,"weightAll":0.026821955356252068}},"ракетный":{"indexObj":{"classMask":2,"counter":581.0,"finded":215,"isExisted":true,"letterId":18,"meta":"{}","server":"_buber3_","table":"wordIndex.ru","uid":7759,"word":"ракетный","wordHash":"906ef6f16ea7234451b33635697a3c48_fa0ba9dff130aa89346e7eda19791852a53a24b7635f739a799bf3a8971c0c26dfbe541fbca84cd63fef9f686c89567ffede4bfd0bba44c5948d0961defa1b86","wordId":"18:7759"},"morphObj":{"params":{"class":"п","classMask":2,"info":{"isCapital":false,"isUpper":false},"stack":"((<DictionaryAnalyzer>, u'\\u0440\\u0430\\u043a\\u0435\\u0442\\u043d\\u044b\\u043c', 12, 5),)"},"sentenceIndex":[3],"words":["ракетным"],"wordsIndex":[22]},"rating":25.0,"stats":{"counter":581.0,"counterAll":581.0,"isAdjf":1,"isCombo":0,"isComp":0,"isCountry":0,"isEng":0,"isName":0,"isNominal":0,"isNoun":0,"isNum":0,"isPrtf":0,"isSymbol":0,"isUnknown":0,"isVerb":0,"repeat":0.25,"weight":0.003050813637819587,"weightAll":0.003050813637819587}},"расстояние":{"indexObj":{"classMask":1,"counter":2464.0,"finded":1701,"isExisted":true,"letterId":18,"meta":"{}","server":"_buber3_","table":"wordIndex.ru","uid":4492,"word":"расстояние","wordHash":"066b4dcdfdb8b336d78c88b2fbb37b6b_830ff419be940c49b615fc85a21d4eba87c2ae0b814a8fa09aaf8aae8e2fc07bc706541e55639cdba61344b5bcbb1f7dbf2e0ab394a8c2c476c3946b8fb21099","wordId":"18:4492"},"morphObj":{"params":{"class":"с","classMask":1,"info":{"isCapital":false,"isUpper":false},"stack":"((<DictionaryAnalyzer>, u'\\u0440\\u0430\\u0441\\u0441\\u0442\\u043e\\u044f\\u043d\\u0438\\u0438', 76, 10),)"},"sentenceIndex":[2],"words":["расстоянии"],"wordsIndex":[17]},"rating":25.0,"stats":{"counter":2464.0,"counterAll":2464.0,"isAdjf":0,"isCombo":0,"isComp":0,"isCountry":0,"isEng":0,"isName":0,"isNominal":0,"isNoun":1,"isNum":0,"isPrtf":0,"isSymbol":0,"isUnknown":0,"isVerb":0,"repeat":0.25,"weight":0.012938390367620418,"weightAll":0.012938390367620418}},"республика":{"indexObj":{"classMask":22,"counter":4452.0,"finded":1903,"isExisted":true,"letterId":18,"meta":"{}","server":"_buber3_","table":"wordIndex.ru","uid":1351,"word":"республика","wordHash":"170c600eca8c0b6deb3cbc3a33c6eec7_08293339173e59c48060fd8a875a9cb950b44fefac6921e9ba188491dceb371020a7ddd964de829ef1a33650e2a71611cb7a68980c229e8451429dee4c0c4003","wordId":"18:1351"},"morphObj":{"params":{"class":"имя","classMask":22,"info":{"isCapital":true,"isUpper":false},"stack":"((<DictionaryAnalyzer>, u'\\u0440\\u0435\\u0441\\u043f\\u0443\\u0431\\u043b\\u0438\\u043a\\u0430', 43, 0),)"},"sentenceIndex":[0,4],"words":["Республика","Республики"],"wordsIndex":[0,9]},"rating":150.0,"stats":{"counter":4452.0,"counterAll":8904.0,"isAdjf":0,"isCombo":0,"isComp":0,"isCountry":0,"isEng":0,"isName":1,"isNominal":0,"isNoun":0,"isNum":0,"isPrtf":0,"isSymbol":0,"isUnknown":0,"isVerb":0,"repeat":0.5,"weight":0.0233773189596778,"weightAll":0.0467546379193556}},"связь":{"indexObj":{"classMask":1,"counter":5328.0,"finded":3304,"isExisted":true,"letterId":17,"meta":"{}","server":"_buber3_","table":"wordIndex.ru","uid":4312,"word":"связь","wordHash":"21d0ecb99f1967c9a05c8deab7cc8c77_b6ab97a1573f71017952e5d7f7c4089b5d956f88d22ce38e8a10a993ce066d44587d59fa077594edcf3285632d89ba836fad5d56d8d877023d831176e1d35550","wordId":"17:4312"},"morphObj":{"params":{"class":"с","classMask":1,"info":{"isCapital":false,"isUpper":false},"stack":"((<DictionaryAnalyzer>, u'\\u0441\\u0432\\u044f\\u0437\\u0438', 544, 6),)"},"sentenceIndex":[7],"words":["связи"],"wordsIndex":[1]},"rating":25.0,"stats":{"counter":5328.0,"counterAll":5328.0,"isAdjf":0,"isCombo":0,"isComp":0,"isCountry":0,"isEng":0,"isName":0,"isNominal":0,"isNoun":1,"isNum":0,"isPrtf":0,"isSymbol":0,"isUnknown":0,"isVerb":0,"repeat":0.25,"weight":0.027977168781932463,"weightAll":0.027977168781932463}},"северный":{"indexObj":{"classMask":22,"counter":3715.0,"finded":1839,"isExisted":true,"letterId":17,"meta":"{}","server":"_buber3_","table":"wordIndex.ru","uid":2751,"word":"северный","wordHash":"384e408999fb4d579152ce76f5ca8802_4a7d9da492712f82be8f9f3f040fd5928706f8a5a991dfe8ba7e40d6c0a9c8a00af7cefd00f70a04654e082f589e9dd6c1fa637eb60ed6ab56c78c95a97ae4f1","wordId":"17:2751"},"morphObj":{"params":{"class":"имя","classMask":22,"info":{"isCapital":true,"isUpper":false},"stack":"((<DictionaryAnalyzer>, u'\\u0441\\u0435\\u0432\\u0435\\u0440\\u043d\\u043e\\u0439', 12, 8),)"},"sentenceIndex":[3],"words":["Северной"],"wordsIndex":[24]},"rating":125.0,"stats":{"counter":3715.0,"counterAll":3715.0,"isAdjf":0,"isCombo":0,"isComp":0,"isCountry":0,"isEng":0,"isName":1,"isNominal":0,"isNoun":0,"isNum":0,"isPrtf":0,"isSymbol":0,"isUnknown":0,"isVerb":0,"repeat":0.25,"weight":0.01950735398364848,"weightAll":0.01950735398364848}},"сеул":{"indexObj":{"classMask":22,"counter":161.0,"finded":103,"isExisted":true,"letterId":17,"meta":"{}","server":"_buber3_","table":"wordIndex.ru","uid":19640,"word":"сеул","wordHash":"11cb1d9dd4f9487d60ad70d20d7876ff_e947f06bf52cfa39e44fdd20cf7766052ba3079122874d4b6ff4862c60d770f33b19f3823c95b7ecbc8b8b3ddd03718e7b115c0cde3d3d4c81b27df91739ac95","wordId":"17:19640"},"morphObj":{"params":{"class":"имя","classMask":22,"info":{"isCapital":true,"isUpper":false},"stack":"((<DictionaryAnalyzer>, u'\\u0441\\u0435\\u0443\\u043b', 32, 0),)"},"sentenceIndex":[2],"words":["Сеул"],"wordsIndex":[3]},"rating":125.0,"stats":{"counter":161.0,"counterAll":161.0,"isAdjf":0,"isCombo":0,"isComp":0,"isCountry":0,"isEng":0,"isName":1,"isNominal":0,"isNoun":0,"isNum":0,"isPrtf":0,"isSymbol":0,"isUnknown":0,"isVerb":0,"repeat":0.25,"weight":0.0008454061887933796,"weightAll":0.0008454061887933796}},"совет":{"indexObj":{"classMask":22,"counter":4837.0,"finded":1989,"isExisted":true,"letterId":17,"meta":"{}","server":"_buber3_","table":"wordIndex.ru","uid":4783,"word":"совет","wordHash":"c821a0084b492fdd465cff5f1ab2bcb1_e6eb44a0041a265882d538842703ea927f5c6dad1b3aee47355d1c36a841a32bb2d54116db803ba4e8b21f9fb4f368f2cd4d1f79e68e31b53296ad360a0ff78e","wordId":"17:4783"},"morphObj":{"params":{"class":"имя","classMask":22,"info":{"isCapital":true,"isUpper":false},"stack":"((<DictionaryAnalyzer>, u'\\u0441\\u043e\\u0432\\u0435\\u0442\\u0430', 33, 1),)"},"sentenceIndex":[7],"words":["Совета"],"wordsIndex":[13]},"rating":125.0,"stats":{"counter":4837.0,"counterAll":4837.0,"isAdjf":0,"isCombo":0,"isComp":0,"isCountry":0,"isEng":0,"isName":1,"isNominal":0,"isNoun":0,"isNum":0,"isPrtf":0,"isSymbol":0,"isUnknown":0,"isVerb":0,"repeat":0.25,"weight":0.02539894245461849,"weightAll":0.02539894245461849}},"созвать":{"indexObj":{"classMask":6,"counter":15.0,"finded":13,"isExisted":true,"letterId":17,"meta":"{}","server":"_buber3_","table":"wordIndex.ru","uid":113057,"word":"созвать","wordHash":"b7e1c5aac82341bc1e1ee0aa4d494e48_c010b164ec1aa37e007cc8d7c1eb862a2733b893a7035d197a13e091f864382107b8eeaaefcbc43964497ebf3b7b0eae60c45a048426895a63ef33ee4c4367f7","wordId":"17:113057"},"morphObj":{"params":{"class":"инфинитив","classMask":6,"info":{"isCapital":false,"isUpper":false},"stack":"((<DictionaryAnalyzer>, u'\\u0441\\u043e\\u0437\\u0432\\u0430\\u0442\\u044c', 851, 0),)"},"sentenceIndex":[7],"words":["созвать"],"wordsIndex":[12]},"rating":25.0,"stats":{"counter":15.0,"counterAll":15.0,"isAdjf":0,"isCombo":0,"isComp":0,"isCountry":0,"isEng":0,"isName":0,"isNominal":0,"isNoun":0,"isNum":0,"isPrtf":0,"isSymbol":0,"isUnknown":0,"isVerb":1,"repeat":0.25,"weight":7.876455175093599e-05,"weightAll":7.876455175093599e-05}},"сообщать":{"indexObj":{"classMask":5,"counter":1902.0,"finded":1661,"isExisted":true,"letterId":17,"meta":"{}","server":"_buber3_","table":"wordIndex.ru","uid":1954,"word":"сообщать","wordHash":"49044442e835fd02adb8c0061842f160_3568d244b5557ea9339e4a027955ca45bc74a7fe56e13513f1809390a8f28f2099018a78a11c67d281322590295a263ae7f2eb7fd9f02cf60495a9e0f85150a0","wordId":"17:1954"},"morphObj":{"params":{"class":"г","classMask":5,"info":{"isCapital":false,"isUpper":false},"stack":"((<DictionaryAnalyzer>, u'\\u0441\\u043e\\u043e\\u0431\\u0449\\u0430\\u0435\\u0442', 206, 5),)"},"sentenceIndex":[1],"words":["сообщает"],"wordsIndex":[6]},"rating":25.0,"stats":{"counter":1902.0,"counterAll":1902.0,"isAdjf":0,"isCombo":0,"isComp":0,"isCountry":0,"isEng":0,"isName":0,"isNominal":0,"isNoun":0,"isNum":0,"isPrtf":0,"isSymbol":0,"isUnknown":0,"isVerb":1,"repeat":0.25,"weight":0.009987345162018683,"weightAll":0.009987345162018683}},"сообщить":{"indexObj":{"classMask":5,"counter":1738.0,"finded":1277,"isExisted":true,"letterId":17,"meta":"{}","server":"_buber3_","table":"wordIndex.ru","uid":4319,"word":"сообщить","wordHash":"ab0b4f774af8f4fb24986932649de327_21d24de13eece6173b1ce62d1a06bee5c8a88978186d23797d52d999ce80c286eac13cd768b71bc50d7495f1ea907042888cd591a80d06d1fe57e0aa56b1a9fa","wordId":"17:4319"},"morphObj":{"params":{"class":"г","classMask":5,"info":{"isCapital":false,"isUpper":false},"stack":"((<DictionaryAnalyzer>, u'\\u0441\\u043e\\u043e\\u0431\\u0449\\u0438\\u043b\\u0430', 741, 2),)"},"sentenceIndex":[5],"words":["сообщила"],"wordsIndex":[3]},"rating":25.0,"stats":{"counter":1738.0,"counterAll":1738.0,"isAdjf":0,"isCombo":0,"isComp":0,"isCountry":0,"isEng":0,"isName":0,"isNominal":0,"isNoun":0,"isNum":0,"isPrtf":0,"isSymbol":0,"isUnknown":0,"isVerb":1,"repeat":0.25,"weight":0.009126186062875116,"weightAll":0.009126186062875116}},"способный":{"indexObj":{"classMask":3,"counter":634.0,"finded":450,"isExisted":true,"letterId":17,"meta":"{}","server":"_buber3_","table":"wordIndex.ru","uid":141,"word":"способный","wordHash":"75a4f374ade7bd595742423f6db7d961_46f54045bdf057b9cf750d838f388096a8a8b9e8e55fff0fe7952d266cd07049140340f068a5aa3cb750ba0211db6dc443eb3eb99bfdebfb16a04473e5244326","wordId":"17:141"},"morphObj":{"params":{"class":"кр_прил","classMask":3,"info":{"isCapital":false,"isUpper":false},"stack":"((<DictionaryAnalyzer>, u'\\u0441\\u043f\\u043e\\u0441\\u043e\\u0431\\u043d\\u0430', 86, 55),)"},"sentenceIndex":[2],"words":["способна"],"wordsIndex":[13]},"rating":25.0,"stats":{"counter":634.0,"counterAll":634.0,"isAdjf":1,"isCombo":0,"isComp":0,"isCountry":0,"isEng":0,"isName":0,"isNominal":0,"isNoun":0,"isNum":0,"isPrtf":0,"isSymbol":0,"isUnknown":0,"isVerb":0,"repeat":0.25,"weight":0.0033291150540062276,"weightAll":0.0033291150540062276}},"средний":{"indexObj":{"classMask":2,"counter":3867.0,"finded":2323,"isExisted":true,"letterId":17,"meta":"{}","server":"_buber3_","table":"wordIndex.ru","uid":2358,"word":"средний","wordHash":"16916c0f4c617d50c0d40f6e50fd4144_89beaa0ea6382c041e2682311d69f41224085e08f53f5b80cf5d10ae04107f193db177f3f5cf3adb24afbc57dd7b77f7cbddf440873b41900ea78e0f98b8d187","wordId":"17:2358"},"morphObj":{"params":{"class":"п","classMask":2,"info":{"isCapital":false,"isUpper":false},"stack":"((<DictionaryAnalyzer>, u'\\u0441\\u0440\\u0435\\u0434\\u043d\\u0435\\u0439', 382, 8),)"},"sentenceIndex":[5],"words":["средней"],"wordsIndex":[9]},"rating":25.0,"stats":{"counter":3867.0,"counterAll":3867.0,"isAdjf":1,"isCombo":0,"isComp":0,"isCountry":0,"isEng":0,"isName":0,"isNominal":0,"isNoun":0,"isNum":0,"isPrtf":0,"isSymbol":0,"isUnknown":0,"isVerb":0,"repeat":0.25,"weight":0.0203055014413913,"weightAll":0.0203055014413913}},"ссылаться":{"indexObj":{"classMask":9,"counter":112.0,"finded":99,"isExisted":true,"letterId":17,"meta":"{}","server":"_buber3_","table":"wordIndex.ru","uid":11421,"word":"ссылаться","wordHash":"ad35b86ac964e4454cb56d3fa2b9dad9_78e20e4717787bcda12ee4bb68c9acf226e1135620d25eb2c6e8d05680c72d6342dba3f669bbdbdecd2b693714da9b37d350f59be8bebdf96ed354630162e4a5","wordId":"17:11421"},"morphObj":{"params":{"class":"деепричастие","classMask":9,"info":{"isCapital":false,"isUpper":false},"stack":"((<DictionaryAnalyzer>, u'\\u0441\\u0441\\u044b\\u043b\\u0430\\u044f\\u0441\\u044c', 224, 67),)"},"sentenceIndex":[1],"words":["ссылаясь"],"wordsIndex":[8]},"rating":25.0,"stats":{"counter":112.0,"counterAll":112.0,"isAdjf":0,"isCombo":0,"isComp":0,"isCountry":0,"isEng":0,"isName":0,"isNominal":0,"isNoun":0,"isNum":0,"isPrtf":1,"isSymbol":0,"isUnknown":0,"isVerb":0,"repeat":0.25,"weight":0.0005881086530736553,"weightAll":0.0005881086530736553}},"сша":{"indexObj":{"classMask":1,"counter":9247.0,"finded":3991,"isExisted":true,"letterId":17,"meta":"{}","server":"_buber3_","table":"wordIndex.ru","uid":62,"word":"сша","wordHash":"a965ed77a49d08ca4329c8ded6bd22e2_ed569dcb6ebfeafd5c83afacde77d058d94bd1d692db9f4082179a78e3d91a333e9a0687d64fa6667ce036356c640930ad90f23d690b88dd094edfa2e319d409","wordId":"17:62"},"morphObj":{"params":{"class":"с","classMask":1,"info":{"isCapital":false,"isUpper":true},"stack":"((<DictionaryAnalyzer>, u'\\u0441\\u0448\\u0430', 1828, 1),)"},"sentenceIndex":[7],"words":["США"],"wordsIndex":[5]},"rating":25.0,"stats":{"counter":9247.0,"counterAll":9247.0,"isAdjf":0,"isCombo":0,"isComp":0,"isCountry":0,"isEng":0,"isName":0,"isNominal":0,"isNoun":1,"isNum":0,"isPrtf":0,"isSymbol":0,"isUnknown":0,"isVerb":0,"repeat":0.25,"weight":0.04855572066939367,"weightAll":0.04855572066939367}},"тот":{"indexObj":{"classMask":1122,"counter":28981.0,"finded":11245,"isExisted":true,"letterId":20,"meta":"{}","server":"_buber3_","table":"wordIndex.ru","uid":151,"word":"тот","wordHash":"ddb1ee3516c1f9e308ce6fc9db8af22a_228c07e9a837be03dd65fd08d9bef64c1adb98ccfcff37583c3a09c772d53e55f31a4e52e249cc052ec5d28cb0d091991b0ee9af5d50438d620411f196bde625","wordId":"20:151"},"morphObj":{"params":{"class":"имя","classMask":1122,"info":{"isCapital":false,"isCountry":true,"isUpper":false},"stack":"((<DictionaryAnalyzer>, u'\\u0442\\u043e\\u0433\\u043e', 2900, 14),)"},"sentenceIndex":[3],"words":["того"],"wordsIndex":[1]},"rating":325.0,"stats":{"counter":28981.0,"counterAll":28981.0,"isAdjf":0,"isCombo":0,"isComp":0,"isCountry":1,"isEng":0,"isName":1,"isNominal":0,"isNoun":0,"isNum":0,"isPrtf":0,"isSymbol":0,"isUnknown":0,"isVerb":0,"repeat":0.25,"weight":0.15217836495292505,"weightAll":0.15217836495292505}},"увеличить":{"indexObj":{"classMask":7,"counter":155.0,"finded":97,"isExisted":true,"letterId":19,"meta":"{}","server":"_buber3_","table":"wordIndex.ru","uid":19846,"word":"увеличить","wordHash":"b05360bda72352b1cad7ccba111cb59f_e0dda8a52bbd2be5d6cf283101a50b60d7f10130af97be174275fa1a122d637f4df68dabcc9f1ceb6a9e36bd62b81d16e35d30a67dff0fafd9c4a34d2b74c668","wordId":"19:19846"},"morphObj":{"params":{"class":"причастие","classMask":7,"info":{"isCapital":false,"isUpper":false},"stack":"((<DictionaryAnalyzer>, u'\\u0443\\u0432\\u0435\\u043b\\u0438\\u0447\\u0435\\u043d\\u043d\\u043e\\u0439', 727, 50),)"},"sentenceIndex":[2],"words":["увеличенной"],"wordsIndex":[25]},"rating":25.0,"stats":{"counter":155.0,"counterAll":155.0,"isAdjf":0,"isCombo":0,"isComp":0,"isCountry":0,"isEng":0,"isName":0,"isNominal":0,"isNoun":0,"isNum":0,"isPrtf":1,"isSymbol":0,"isUnknown":0,"isVerb":0,"repeat":0.25,"weight":0.0008139003680930052,"weightAll":0.0008139003680930052}},"удар":{"indexObj":{"classMask":1,"counter":1252.0,"finded":692,"isExisted":true,"letterId":19,"meta":"{}","server":"_buber3_","table":"wordIndex.ru","uid":49,"word":"удар","wordHash":"60953f05d825294314d9861fc47599e5_3ff2957b4d87f361421ed283397e9c1bf6cc605413878de745d3fb3e243d005de17c32654712cc88dad05da00b2ad4334d8e02b8ecb886333aed3aac5ab1977e","wordId":"19:49"},"morphObj":{"params":{"class":"с","classMask":1,"info":{"isCapital":false,"isUpper":false},"stack":"((<DictionaryAnalyzer>, u'\\u0443\\u0434\\u0430\\u0440\\u044b', 33, 6),)"},"sentenceIndex":[3],"words":["удары"],"wordsIndex":[17]},"rating":25.0,"stats":{"counter":1252.0,"counterAll":1252.0,"isAdjf":0,"isCombo":0,"isComp":0,"isCountry":0,"isEng":0,"isName":0,"isNominal":0,"isNoun":1,"isNum":0,"isPrtf":0,"isSymbol":0,"isUnknown":0,"isVerb":0,"repeat":0.25,"weight":0.00657421458614479,"weightAll":0.00657421458614479}},"уже":{"indexObj":{"classMask":11,"counter":7164.0,"finded":4338,"isExisted":true,"letterId":19,"meta":"{}","server":"_buber3_","table":"wordIndex.ru","uid":2175,"word":"уже","wordHash":"f4833d68882439e2d4753acc2bd1e605_d9c46b846a4328c2c53f161dc7488bb1dd2f389307700343c162a0df4e8ea8b9b29abd0c9294d197b9fc90a413e8b5272eee396ff0cc03c4a1a3e89c96b8182e","wordId":"19:2175"},"morphObj":{"params":{"class":"н","classMask":11,"info":{"isCapital":false,"isUpper":false},"stack":"((<DictionaryAnalyzer>, u'\\u0443\\u0436\\u0435', 3, 0),)"},"sentenceIndex":[4,7],"words":["уже","уже"],"wordsIndex":[14,20]},"rating":50.0,"stats":{"counter":7164.0,"counterAll":14328.0,"isAdjf":0,"isCombo":0,"isComp":0,"isCountry":0,"isEng":0,"isName":0,"isNominal":0,"isNoun":0,"isNum":0,"isPrtf":0,"isSymbol":0,"isUnknown":0,"isVerb":0,"repeat":0.5,"weight":0.03761794991624703,"weightAll":0.07523589983249405}},"упреждающий":{"indexObj":{"classMask":2,"counter":11.0,"finded":11,"isExisted":true,"letterId":19,"meta":"{}","server":"_buber3_","table":"wordIndex.ru","uid":98680,"word":"упреждающий","wordHash":"f33bcc8bd0e236fdf8c908d7f3c5a031_08ec52a68576c73d4108d936d707d3a1598970fadd0e41e74f8252273c845220051c66b51b978b7a3d79ae3855b042e920730c78070e55d3d3d7aed9f2fcd1b3","wordId":"19:98680"},"morphObj":{"params":{"class":"п","classMask":2,"info":{"isCapital":false,"isUpper":false},"stack":"((<DictionaryAnalyzer>, u'\\u0443\\u043f\\u0440\\u0435\\u0436\\u0434\\u0430\\u044e\\u0449\\u0438\\u0435', 100, 20),)"},"sentenceIndex":[3],"words":["упреждающие"],"wordsIndex":[16]},"rating":25.0,"stats":{"counter":11.0,"counterAll":11.0,"isAdjf":1,"isCombo":0,"isComp":0,"isCountry":0,"isEng":0,"isName":0,"isNominal":0,"isNoun":0,"isNum":0,"isPrtf":0,"isSymbol":0,"isUnknown":0,"isVerb":0,"repeat":0.25,"weight":5.776067128401972e-05,"weightAll":5.776067128401972e-05}},"успешный":{"indexObj":{"classMask":2,"counter":1173.0,"finded":933,"isExisted":true,"letterId":19,"meta":"{}","server":"_buber3_","table":"wordIndex.ru","uid":97,"word":"успешный","wordHash":"340b2dff6b1411a8d3f063b8b9c3e364_a9f16a7fdb3332fc0859dab593b5863a51c5890112e26b9fb582f4a839a55513d6f5c653aed7a91d19c45d59c1ccd41080eae128717508f93b32a0b9dc59bce5","wordId":"19:97"},"morphObj":{"params":{"class":"п","classMask":2,"info":{"isCapital":false,"isUpper":false},"stack":"((<DictionaryAnalyzer>, u'\\u0443\\u0441\\u043f\\u0435\\u0448\\u043d\\u043e\\u043c', 86, 6),)"},"sentenceIndex":[5],"words":["успешном"],"wordsIndex":[5]},"rating":25.0,"stats":{"counter":1173.0,"counterAll":1173.0,"isAdjf":1,"isCombo":0,"isComp":0,"isCountry":0,"isEng":0,"isName":0,"isNominal":0,"isNoun":0,"isNum":0,"isPrtf":0,"isSymbol":0,"isUnknown":0,"isVerb":0,"repeat":0.25,"weight":0.006159387946923194,"weightAll":0.006159387946923194}},"февраль":{"indexObj":{"classMask":1,"counter":9277.0,"finded":5448,"isExisted":true,"letterId":22,"meta":"{}","server":"_buber3_","table":"wordIndex.ru","uid":343,"word":"февраль","wordHash":"ede9373d9144fb6c1764bc9bd8e38a60_cd83c8a3724f9f512e044e20916e8ca50d4a17ba320490dc830b94fb7c36eb831659c7cf0b3e8320f78b4dd8a4087e7aed75838f8b613d976a5e57cfa15f6f10","wordId":"22:343"},"morphObj":{"params":{"class":"с","classMask":1,"info":{"isCapital":false,"isUpper":false},"stack":"((<DictionaryAnalyzer>, u'\\u0444\\u0435\\u0432\\u0440\\u0430\\u043b\\u044f', 190, 1),)"},"sentenceIndex":[1,5,7],"words":["февраля","февраля","февраля"],"wordsIndex":[5,1,22]},"rating":75.0,"stats":{"counter":9277.0,"counterAll":27831.0,"isAdjf":0,"isCombo":0,"isComp":0,"isCountry":0,"isEng":0,"isName":0,"isNominal":0,"isNoun":1,"isNum":0,"isPrtf":0,"isSymbol":0,"isUnknown":0,"isVerb":0,"repeat":0.75,"weight":0.04871324977289554,"weightAll":0.14613974931868662}},"финальный":{"indexObj":{"classMask":2,"counter":742.0,"finded":482,"isExisted":true,"letterId":22,"meta":"{}","server":"_buber3_","table":"wordIndex.ru","uid":2132,"word":"финальный","wordHash":"f9fa27692077453f5aaabc436e486a24_145120909b4be5fdb21d88f8451a6a7232931f5bbf68884445d65cce37ad12ac9a0048e245b9b4a9b3d2bd4726c2fc37d5a669f0862aad798ed09e09c9fa17bb","wordId":"22:2132"},"morphObj":{"params":{"class":"п","classMask":2,"info":{"isCapital":false,"isUpper":false},"stack":"((<DictionaryAnalyzer>, u'\\u0444\\u0438\\u043d\\u0430\\u043b\\u044c\\u043d\\u044b\\u0439', 211, 0),)"},"sentenceIndex":[4],"words":["финальный"],"wordsIndex":[5]},"rating":25.0,"stats":{"counter":742.0,"counterAll":742.0,"isAdjf":1,"isCombo":0,"isComp":0,"isCountry":0,"isEng":0,"isName":0,"isNominal":0,"isNoun":0,"isNum":0,"isPrtf":0,"isSymbol":0,"isUnknown":0,"isVerb":0,"repeat":0.25,"weight":0.0038962198266129667,"weightAll":0.0038962198266129667}},"цель":{"indexObj":{"classMask":1,"counter":4135.0,"finded":2429,"isExisted":true,"letterId":24,"meta":"{}","server":"_buber3_","table":"wordIndex.ru","uid":4179,"word":"цель","wordHash":"31a4ed5e788cfd02e6b855d7aaf5ec8f_431fd86296c3b0539fea3d7838b3e5da7b813b1f685ad0e1d1e0364fdd7ce7c4f34deb57c59742ba10cb16064ec200b2fe622fa0aebdcf757218d4a6a3d193ac","wordId":"24:4179"},"morphObj":{"params":{"class":"с","classMask":1,"info":{"isCapital":false,"isUpper":false},"stack":"((<DictionaryAnalyzer>, u'\\u0446\\u0435\\u043b\\u0438', 13, 1),)"},"sentenceIndex":[2],"words":["цели"],"wordsIndex":[15]},"rating":25.0,"stats":{"counter":4135.0,"counterAll":4135.0,"isAdjf":0,"isCombo":0,"isComp":0,"isCountry":0,"isEng":0,"isName":0,"isNominal":0,"isNoun":1,"isNum":0,"isPrtf":0,"isSymbol":0,"isUnknown":0,"isVerb":0,"repeat":0.25,"weight":0.02171276143267469,"weightAll":0.02171276143267469}},"чен":{"indexObj":{"classMask":22,"counter":130.0,"finded":50,"isExisted":true,"letterId":23,"meta":"{}","server":"_buber3_","table":"wordIndex.ru","uid":46936,"word":"чен","wordHash":"075798dbd138316fcdeec8a1f57080e4_27f820668ec0524c131ceede35ef6dc4dd59aececa630c1ea4f1453ef0540a29b686b5a5127596cea488700a977621007a0af05ae546e0e66344b74fc6ec4926","wordId":"23:46936"},"morphObj":{"params":{"class":"имя","classMask":22,"info":{"isCapital":true,"isUpper":false},"stack":"((<DictionaryAnalyzer>, u'\\u0447\\u0435\\u043d', 32, 0),)"},"sentenceIndex":[6],"words":["Чен"],"wordsIndex":[6]},"rating":125.0,"stats":{"counter":130.0,"counterAll":130.0,"isAdjf":0,"isCombo":0,"isComp":0,"isCountry":0,"isEng":0,"isName":1,"isNominal":0,"isNoun":0,"isNum":0,"isPrtf":0,"isSymbol":0,"isUnknown":0,"isVerb":0,"repeat":0.25,"weight":0.0006826261151747785,"weightAll":0.0006826261151747785}},"ын":{"indexObj":{"classMask":22,"counter":21.0,"finded":18,"isExisted":true,"letterId":27,"meta":"{}","server":"_buber3_","table":"wordIndex.ru","uid":60435,"word":"ын","wordHash":"b301d9149378360295b8b0ac99dff949_12d81f1377ca1db5c9f1d3b7635c3d0f4128a34706a5395614fa2b3ad60c9ebdda195d3e2bb16498a337dbf2681b28be5cea8b3fe6fae282ceb80d75f3df9eee","wordId":"27:60435"},"morphObj":{"params":{"class":"имя","classMask":22,"info":{"isCapital":true,"isUpper":false},"stack":""},"sentenceIndex":[6],"words":["Ын"],"wordsIndex":[7]},"rating":125.0,"stats":{"counter":21.0,"counterAll":21.0,"isAdjf":0,"isCombo":0,"isComp":0,"isCountry":0,"isEng":0,"isName":1,"isNominal":0,"isNoun":0,"isNum":0,"isPrtf":0,"isSymbol":0,"isUnknown":0,"isVerb":0,"repeat":0.25,"weight":0.00011027037245131038,"weightAll":0.00011027037245131038}},"экстренно":{"indexObj":{"classMask":11,"counter":16.0,"finded":15,"isExisted":true,"letterId":29,"meta":"{}","server":"_buber3_","table":"wordIndex.ru","uid":76398,"word":"экстренно","wordHash":"a3e212bbd3df130fe74784b7e00dcd87_078617b674c2a53826b5d0a5ee30fd9da45d53bceb82386bc7d6d25d5df2d21673b8186aa222fcb1a25bd4c0906d58a6e1ddbce5142d228299f529337b2dccbf","wordId":"29:76398"},"morphObj":{"params":{"class":"н","classMask":11,"info":{"isCapital":false,"isUpper":false},"stack":"((<DictionaryAnalyzer>, u'\\u044d\\u043a\\u0441\\u0442\\u0440\\u0435\\u043d\\u043d\\u043e', 3, 0),)"},"sentenceIndex":[7],"words":["экстренно"],"wordsIndex":[11]},"rating":25.0,"stats":{"counter":16.0,"counterAll":16.0,"isAdjf":0,"isCombo":0,"isComp":0,"isCountry":0,"isEng":0,"isName":0,"isNominal":0,"isNoun":0,"isNum":0,"isPrtf":0,"isSymbol":0,"isUnknown":0,"isVerb":0,"repeat":0.25,"weight":8.401552186766505e-05,"weightAll":8.401552186766505e-05}},"этап":{"indexObj":{"classMask":1,"counter":2317.0,"finded":1141,"isExisted":true,"letterId":29,"meta":"{}","server":"_buber3_","table":"wordIndex.ru","uid":3282,"word":"этап","wordHash":"d975f87754418ee13fc035a4f602b37a_2fd93fc6c0b57d210ebf5c6f0b1dbbac1a19395086d6a0171c21f10e15a50b0e49aca6ebe4dbfa8794e7d8eb8795951f26b365ea725e00ba8075de234be0eae9","wordId":"29:3282"},"morphObj":{"params":{"class":"с","classMask":1,"info":{"isCapital":false,"isUpper":false},"stack":"((<DictionaryAnalyzer>, u'\\u044d\\u0442\\u0430\\u043f', 33, 0),)"},"sentenceIndex":[4],"words":["этап"],"wordsIndex":[6]},"rating":25.0,"stats":{"counter":2317.0,"counterAll":2317.0,"isAdjf":0,"isCombo":0,"isComp":0,"isCountry":0,"isEng":0,"isName":0,"isNominal":0,"isNoun":1,"isNum":0,"isPrtf":0,"isSymbol":0,"isUnknown":0,"isVerb":0,"repeat":0.25,"weight":0.012166497760461244,"weightAll":0.012166497760461244}},"южнокорейский":{"indexObj":{"classMask":2,"counter":118.0,"finded":79,"isExisted":true,"letterId":32,"meta":"{}","server":"_buber3_","table":"wordIndex.ru","uid":31613,"word":"южнокорейский","wordHash":"08d4cf713a7586f2aec06e6cc8874d8a_2cd4e82db421902cc34501884fa528f2d98be179669e131da68afe19079fd1b9e9855fad7caf6fc00e33b20c3607a3161f4d1ad909accb3621711dbfcbb0438b","wordId":"32:31613"},"morphObj":{"params":{"class":"п","classMask":2,"info":{"isCapital":false,"isUpper":false},"stack":"((<DictionaryAnalyzer>, u'\\u044e\\u0436\\u043d\\u043e\\u043a\\u043e\\u0440\\u0435\\u0439\\u0441\\u043a\\u043e\\u043c', 228, 6),)"},"sentenceIndex":[1],"words":["южнокорейском"],"wordsIndex":[12]},"rating":25.0,"stats":{"counter":118.0,"counterAll":118.0,"isAdjf":1,"isCombo":0,"isComp":0,"isCountry":0,"isEng":0,"isName":0,"isNominal":0,"isNoun":0,"isNum":0,"isPrtf":0,"isSymbol":0,"isUnknown":0,"isVerb":0,"repeat":0.25,"weight":0.0006196144737740298,"weightAll":0.0006196144737740298}},"южный":{"indexObj":{"classMask":22,"counter":3333.0,"finded":1560,"isExisted":true,"letterId":32,"meta":"{}","server":"_buber3_","table":"wordIndex.ru","uid":1899,"word":"южный","wordHash":"ac540b0568d800bad99226534f14dbff_da1e28ce48db1da1ddcd9a3d8f4ca96059a5ba9a7866bd9c333a48831b333353678b8e8a6cecba458f479ad45d58963860cd55f02eb89e9000be45fa5bf660c4","wordId":"32:1899"},"morphObj":{"params":{"class":"имя","classMask":22,"info":{"isCapital":true,"isUpper":false},"stack":"((<DictionaryAnalyzer>, u'\\u044e\\u0436\\u043d\\u0430\\u044f', 12, 7),)"},"sentenceIndex":[7],"words":["Южная"],"wordsIndex":[8]},"rating":125.0,"stats":{"counter":3333.0,"counterAll":3333.0,"isAdjf":0,"isCombo":0,"isComp":0,"isCountry":0,"isEng":0,"isName":1,"isNominal":0,"isNoun":0,"isNum":0,"isPrtf":0,"isSymbol":0,"isUnknown":0,"isVerb":0,"repeat":0.25,"weight":0.017501483399057976,"weightAll":0.017501483399057976}},"ядерный":{"indexObj":{"classMask":2,"counter":637.0,"finded":296,"isExisted":true,"letterId":31,"meta":"{}","server":"_buber3_","table":"wordIndex.ru","uid":3578,"word":"ядерный","wordHash":"b5d3a834a6580dd3537a318f72db7ae2_244bf6dcbca4ba6f0eb9819b162501bf18dd38d6939e566f819de42f6cd8fa041c9cbe28e0eafde769ab98aca376d92006eb5a66cc6d8c324dccc7bc69f3c15f","wordId":"31:3578"},"morphObj":{"params":{"class":"п","classMask":2,"info":{"isCapital":false,"isUpper":false},"stack":"((<DictionaryAnalyzer>, u'\\u044f\\u0434\\u0435\\u0440\\u043d\\u044b\\u043c', 12, 22),)"},"sentenceIndex":[3],"words":["ядерным"],"wordsIndex":[20]},"rating":25.0,"stats":{"counter":637.0,"counterAll":637.0,"isAdjf":1,"isCombo":0,"isComp":0,"isCountry":0,"isEng":0,"isName":0,"isNominal":0,"isNoun":0,"isNum":0,"isPrtf":0,"isSymbol":0,"isUnknown":0,"isVerb":0,"repeat":0.25,"weight":0.0033448679643564147,"weightAll":0.0033448679643564147}},"япония":{"indexObj":{"classMask":1122,"counter":1993.0,"finded":964,"isExisted":true,"letterId":31,"meta":"{}","server":"_buber3_","table":"wordIndex.ru","uid":277,"word":"япония","wordHash":"643082ec6d1ee003b237bc8df6f59339_425466f46b19016500ec03d8b4e184a540dece482be639abc4706478c0a6239553b2b6f7ebe7c6852283607de8e9744b67f9cccb613b6f65261a01710e2f6daf","wordId":"31:277"},"morphObj":{"params":{"class":"имя","classMask":1122,"info":{"isCapital":true,"isCountry":true,"isUpper":false},"stack":"((<DictionaryAnalyzer>, u'\\u044f\\u043f\\u043e\\u043d\\u0438\\u044f', 70, 0),)"},"sentenceIndex":[7],"words":["Япония"],"wordsIndex":[6]},"rating":325.0,"stats":{"counter":1993.0,"counterAll":1993.0,"isAdjf":0,"isCombo":0,"isComp":0,"isCountry":1,"isEng":0,"isName":1,"isNominal":0,"isNoun":0,"isNum":0,"isPrtf":0,"isSymbol":0,"isUnknown":0,"isVerb":0,"repeat":0.25,"weight":0.010465183442641027,"weightAll":0.010465183442641027}},"японский":{"indexObj":{"classMask":22,"counter":619.0,"finded":121,"isExisted":true,"letterId":31,"meta":"{}","server":"_buber3_","table":"wordIndex.ru","uid":16094,"word":"японский","wordHash":"4330b59423058d2f4bbf51e96d2cd2c2_0908555bd7fb2ceb2aa7cf3382a2acddd5406da687250f31aa5181662cf37ccfec0b3bea650ed9bb85e4a0a2b33fc9255b717f0c896108818e19b57fc725372f","wordId":"31:16094"},"morphObj":{"params":{"class":"имя","classMask":22,"info":{"isCapital":true,"isUpper":false},"stack":"((<DictionaryAnalyzer>, u'\\u044f\\u043f\\u043e\\u043d\\u0441\\u043a\\u043e\\u0433\\u043e', 16, 15),)"},"sentenceIndex":[5],"words":["Японского"],"wordsIndex":[13]},"rating":125.0,"stats":{"counter":619.0,"counterAll":619.0,"isAdjf":0,"isCombo":0,"isComp":0,"isCountry":0,"isEng":0,"isName":1,"isNominal":0,"isNoun":0,"isNum":0,"isPrtf":0,"isSymbol":0,"isUnknown":0,"isVerb":0,"repeat":0.25,"weight":0.0032503505022552916,"weightAll":0.0032503505022552916}},"ёнхап":{"indexObj":{"classMask":22,"counter":11.0,"finded":11,"isExisted":true,"letterId":33,"meta":"{}","server":"_buber3_","table":"wordIndex.ru","uid":348989,"word":"ёнхап","wordHash":"df23a6fb5b023147694c6789aea1ddf2_a8830cbda3aba6cd95f0c2170094964c578f9f87f386921bd1ec8d874d533af7d39e8fb1b1855f5ee2d0d865c311c348f826075f9b9d7819c11fd71ac6f76265","wordId":"33:348989"},"morphObj":{"params":{"class":"имя","classMask":22,"info":{"isCapital":true,"isUpper":false},"stack":"((<FakeDictionary>, u'\\u0451\\u043d\\u0445\\u0430\\u043f', 26, 0), (<KnownSuffixAnalyzer>, u'\\u0445\\u0430\\u043f'))"},"sentenceIndex":[1],"words":["Ёнхап"],"wordsIndex":[7]},"rating":125.0,"stats":{"counter":11.0,"counterAll":11.0,"isAdjf":0,"isCombo":0,"isComp":0,"isCountry":0,"isEng":0,"isName":1,"isNominal":0,"isNoun":0,"isNum":0,"isPrtf":0,"isSymbol":0,"isUnknown":0,"isVerb":0,"repeat":0.25,"weight":5.776067128401972e-05,"weightAll":5.776067128401972e-05}}}