{"12":{"indexObj":{"classMask":19,"counter":8375.0,"finded":5064,"isExisted":true,"letterId":60,"meta":"{}","server":"_buber3_","table":"wordIndex.other","uid":14,"word":"12","wordHash":"c20ad4d76fe97759aa27a0c99bff6710_5aadb45520dcd8726b2822a7a78bb53d794f557199d5d4abdedd2c55a4bd6ca73607605c558de3db80c8e86c3196484566163ed1327e82e8b6757d1932113cb8","wordId":"60:14"},"morphObj":{"params":{"class":"наим","classMask":19,"info":{},"stack":""},"sentenceIndex":[3],"words":["12"],"wordsIndex":[11]},"rating":25.0,"stats":{"counter":8375.0,"counterAll":8375.0,"isAdjf":0,"isCombo":0,"isComp":0,"isCountry":0,"isEng":0,"isName":0,"isNominal":1,"isNoun":0,"isNum":0,"isPrtf":0,"isSymbol":0,"isUnknown":0,"isVerb":0,"repeat":0.25,"weight":0.21441921196139174,"weightAll":0.10720686123911931}},"12-ю":{"indexObj":{"classMask":19,"counter":15.0,"finded":15,"isExisted":true,"letterId":60,"meta":"{}","server":"_buber3_","table":"wordIndex.other","uid":5469,"word":"12-ю","wordHash":"091873db1db30de971813b2b7a9188f6_24e0c0c4564098f316acc3c8c114d0aa40264c26823621ea6ae53a5689a2f5ca16b05024e1ee932f6bef1910362b235c123fb86b75babbcdd1e9ed239f161695","wordId":"60:5469"},"morphObj":{"params":{"class":"наим","classMask":19,"info":{},"stack":""},"sentenceIndex":[3],"words":["12-ю"],"wordsIndex":[13]},"rating":25.0,"stats":{"counter":15.0,"counterAll":15.0,"isAdjf":0,"isCombo":0,"isComp":0,"isCountry":0,"isEng":0,"isName":0,"isNominal":1,"isNoun":0,"isNum":0,"isPrtf":0,"isSymbol":0,"isUnknown":0,"isVerb":0,"repeat":0.25,"weight":0.0003840344094830897,"weightAll":0.00019201228878648233}},"2016":{"indexObj":{"classMask":19,"counter":4231.0,"finded":2403,"isExisted":true,"letterId":63,"meta":"{}","server":"_buber3_","table":"wordIndex.other","uid":71,"word":"2016","wordHash":"95192c98732387165bf8e396c0f2dad2_da0ae9104086a1c58f89f82766ac55a02c8ab44277ce39f959ec0e73391bef651c6f9793657396ce47fbd846068465ccbf3056764424bed9be7789bd1101ace7","wordId":"63:71"},"morphObj":{"params":{"class":"наим","classMask":19,"info":{},"stack":""},"sentenceIndex":[3,4],"words":["2016","2016"],"wordsIndex":[3,15]},"rating":50.0,"stats":{"counter":4231.0,"counterAll":8462.0,"isAdjf":0,"isCombo":0,"isComp":0,"isCountry":0,"isEng":0,"isName":0,"isNominal":1,"isNoun":0,"isNum":0,"isPrtf":0,"isSymbol":0,"isUnknown":0,"isVerb":0,"repeat":0.5,"weight":0.10832330576819683,"weightAll":0.1083205325140809}},"армеец":{"indexObj":{"classMask":1,"counter":18.0,"finded":14,"isExisted":true,"letterId":2,"meta":"{}","server":"_buber3_","table":"wordIndex.ru","uid":135081,"word":"армеец","wordHash":"039307edfe740672cf35b7a736dc58bb_2640f68b448388c57b4ceabff8d1b552d168bb84e40e42e817f03df901d56f68703a35898975c339f202ecb02995592725e04b389e5dd8167861369eb8279672","wordId":"2:135081"},"morphObj":{"params":{"class":"с","classMask":1,"info":{"isCapital":false,"isUpper":false},"stack":"((<DictionaryAnalyzer>, u'\\u0430\\u0440\\u043c\\u0435\\u0439\\u0446\\u0435\\u0432', 88, 9),)"},"sentenceIndex":[0,7],"words":["армейцев","армейцев"],"wordsIndex":[7,11]},"rating":50.0,"stats":{"counter":18.0,"counterAll":36.0,"isAdjf":0,"isCombo":0,"isComp":0,"isCountry":0,"isEng":0,"isName":0,"isNominal":0,"isNoun":1,"isNum":0,"isPrtf":0,"isSymbol":0,"isUnknown":0,"isVerb":0,"repeat":0.5,"weight":0.0004608412913797076,"weightAll":0.0004608294930875576}},"бабаев":{"indexObj":{"classMask":22,"counter":12.0,"finded":10,"isExisted":true,"letterId":1,"meta":"{}","server":"_buber3_","table":"wordIndex.ru","uid":2418,"word":"бабаев","wordHash":"c048e4d2b9ee568c21c60ba09e218f3c_805319ccd866c029bf66abceb4b76ed0d7f28484800a92ae78afabeb55646ca6857c729a95e6aaf0280ff9dd09e8ce9e453e64ff1b643740cddd149135d0595e","wordId":"1:2418"},"morphObj":{"params":{"class":"имя","classMask":22,"info":{"isCapital":true,"isUpper":false},"stack":"((<DictionaryAnalyzer>, u'\\u0431\\u0430\\u0431\\u0430\\u0435\\u0432', 36, 0),)"},"sentenceIndex":[0],"words":["Бабаев"],"wordsIndex":[4]},"rating":125.0,"stats":{"counter":12.0,"counterAll":12.0,"isAdjf":0,"isCombo":0,"isComp":0,"isCountry":0,"isEng":0,"isName":1,"isNominal":0,"isNoun":0,"isNum":0,"isPrtf":0,"isSymbol":0,"isUnknown":0,"isVerb":0,"repeat":0.25,"weight":0.0003072275275864717,"weightAll":0.00015360983102918587}},"бомбардир":{"indexObj":{"classMask":1,"counter":439.0,"finded":266,"isExisted":true,"letterId":1,"meta":"{}","server":"_buber3_","table":"wordIndex.ru","uid":23979,"word":"бомбардир","wordHash":"ee7979ddeba49f5e9e2ca49fc26b8424_a21b29f8b9bfbdd39bca962212b11a2157383b5e0353ae200dc2b29415ec68b62ad84c91699e32c5363466bff80a95539f4f0da44060b3747ccc2aba863aac02","wordId":"1:23979"},"morphObj":{"params":{"class":"с","classMask":1,"info":{"isCapital":false,"isUpper":false},"stack":"((<DictionaryAnalyzer>, u'\\u0431\\u043e\\u043c\\u0431\\u0430\\u0440\\u0434\\u0438\\u0440\\u043e\\u0432', 52, 7),)"},"sentenceIndex":[3,4],"words":["бомбардиров","бомбардиром"],"wordsIndex":[9,8]},"rating":50.0,"stats":{"counter":439.0,"counterAll":878.0,"isAdjf":0,"isCombo":0,"isComp":0,"isCountry":0,"isEng":0,"isName":0,"isNominal":0,"isNoun":1,"isNum":0,"isPrtf":0,"isSymbol":0,"isUnknown":0,"isVerb":0,"repeat":0.5,"weight":0.011239407050871758,"weightAll":0.011239119303635433}},"волена":{"indexObj":{"classMask":22,"counter":2.0,"finded":2,"isExisted":true,"letterId":4,"meta":"{}","server":"_buber3_","table":"wordIndex.ru","uid":351393,"word":"волена","wordHash":"bb9afe8360154f8ea4469abcbe0bf046_872ae44a78684907a81919388a988aa4bc71bb8121d7cdd80dfae13bd095c6fa61f9459f4373b75d8ae331ac8333bfb5ec3fedc19088d29e777850405ec9f4ee","wordId":"4:351393"},"morphObj":{"params":{"class":"имя","classMask":22,"info":{"isCapital":true,"isUpper":false},"stack":"((<DictionaryAnalyzer>, u'\\u043b\\u0435\\u043d\\u0430', 35, 0), (<UnknownPrefixAnalyzer>, u'\\u0432\\u043e'))"},"sentenceIndex":[5],"words":["Волена"],"wordsIndex":[12]},"rating":125.0,"stats":{"counter":2.0,"counterAll":2.0,"isAdjf":0,"isCombo":0,"isComp":0,"isCountry":0,"isEng":0,"isName":1,"isNominal":0,"isNoun":0,"isNum":0,"isPrtf":0,"isSymbol":0,"isUnknown":0,"isVerb":0,"repeat":0.25,"weight":5.1204587931078625e-05,"weightAll":2.560163850486431e-05}},"ворот":{"indexObj":{"classMask":1,"counter":676.0,"finded":421,"isExisted":true,"letterId":4,"meta":"{}","server":"_buber3_","table":"wordIndex.ru","uid":5122,"word":"ворот","wordHash":"6244f4c42a21db771ef1499bb360cbe2_a544046ff35ad985185d2829a20814d6dd218cf509c23dfb3d051179e198e684b4c472a998b3c7e3b4c19cdff80f34182e234be41106fe8cb4d94e754a9dd9b7","wordId":"4:5122"},"morphObj":{"params":{"class":"с","classMask":1,"info":{"isCapital":false,"isUpper":false},"stack":"((<DictionaryAnalyzer>, u'\\u0432\\u043e\\u0440\\u043e\\u0442\\u0430', 33, 1),)"},"sentenceIndex":[5],"words":["ворота"],"wordsIndex":[11]},"rating":25.0,"stats":{"counter":676.0,"counterAll":676.0,"isAdjf":0,"isCombo":0,"isComp":0,"isCountry":0,"isEng":0,"isName":0,"isNominal":0,"isNoun":1,"isNum":0,"isPrtf":0,"isSymbol":0,"isUnknown":0,"isVerb":0,"repeat":0.25,"weight":0.017307150720704576,"weightAll":0.008653353814644138}},"выше":{"indexObj":{"classMask":11,"counter":1352.0,"finded":1042,"isExisted":true,"letterId":4,"meta":"{}","server":"_buber3_","table":"wordIndex.ru","uid":893,"word":"выше","wordHash":"f1f96ad214b4ec2ba8b7e1ebea21f54b_7affed40c903d40c21fcc1216f1306dd8ec9ea3ad96865e5519f7179b95b9133e1ce75c46717e739156418c3970677af50b7aed76cf662abedff65418a9393b5","wordId":"4:893"},"morphObj":{"params":{"class":"н","classMask":11,"info":{"isCapital":false,"isUpper":false},"stack":"((<DictionaryAnalyzer>, u'\\u0432\\u044b\\u0448\\u0435', 3, 0),)"},"sentenceIndex":[6],"words":["выше"],"wordsIndex":[9]},"rating":25.0,"stats":{"counter":1352.0,"counterAll":1352.0,"isAdjf":0,"isCombo":0,"isComp":0,"isCountry":0,"isEng":0,"isName":0,"isNominal":0,"isNoun":0,"isNum":0,"isPrtf":0,"isSymbol":0,"isUnknown":0,"isVerb":0,"repeat":0.25,"weight":0.03461430144140915,"weightAll":0.017306707629288275}},"гендиректор":{"indexObj":{"classMask":1,"counter":80.0,"finded":61,"isExisted":true,"letterId":3,"meta":"{}","server":"_buber3_","table":"wordIndex.ru","uid":18013,"word":"гендиректор","wordHash":"a3c9d734a595163600147871d341c5d7_68769406bc119a6e2b48ec761f932f0d75ae452d79d330e12f30b369c1db5010028cf4ca617b6402b7134232b33e1d5c7c158504360b0211310b8b785532b448","wordId":"3:18013"},"morphObj":{"params":{"class":"с","classMask":1,"info":{"isCapital":true,"isUpper":false},"stack":"((<DictionaryAnalyzer>, u'\\u0433\\u0435\\u043d\\u0434\\u0438\\u0440\\u0435\\u043a\\u0442\\u043e\\u0440', 800, 0),)"},"sentenceIndex":[7],"words":["Гендиректор"],"wordsIndex":[0]},"rating":25.0,"stats":{"counter":80.0,"counterAll":80.0,"isAdjf":0,"isCombo":0,"isComp":0,"isCountry":0,"isEng":0,"isName":0,"isNominal":0,"isNoun":1,"isNum":0,"isPrtf":0,"isSymbol":0,"isUnknown":0,"isVerb":0,"repeat":0.25,"weight":0.002048183517243145,"weightAll":0.0010240655401945725}},"генеральный":{"indexObj":{"classMask":2,"counter":975.0,"finded":663,"isExisted":true,"letterId":3,"meta":"{}","server":"_buber3_","table":"wordIndex.ru","uid":12515,"word":"генеральный","wordHash":"e8bb002a3c53a7fa433199088904cd68_7b4e45d846beb1e96ee1e6e00508a6878ceaf59d32dc92eb1113929e8f7c456339a6f1978d8f5751d6e879b5df719d42a25fb1a0047a96a821ccbcade9c3181e","wordId":"3:12515"},"morphObj":{"params":{"class":"п","classMask":2,"info":{"isCapital":true,"isUpper":false},"stack":"((<DictionaryAnalyzer>, u'\\u0433\\u0435\\u043d\\u0435\\u0440\\u0430\\u043b\\u044c\\u043d\\u044b\\u0439', 60, 0),)"},"sentenceIndex":[0],"words":["Генеральный"],"wordsIndex":[0]},"rating":25.0,"stats":{"counter":975.0,"counterAll":975.0,"isAdjf":1,"isCombo":0,"isComp":0,"isCountry":0,"isEng":0,"isName":0,"isNominal":0,"isNoun":0,"isNum":0,"isPrtf":0,"isSymbol":0,"isUnknown":0,"isVerb":0,"repeat":0.25,"weight":0.02496223661640083,"weightAll":0.012480798771121352}},"гол":{"indexObj":{"classMask":1,"counter":1747.0,"finded":779,"isExisted":true,"letterId":3,"meta":"{}","server":"_buber3_","table":"wordIndex.ru","uid":6444,"word":"гол","wordHash":"c70bb1ead2bc49976421b24f53f99aad_9af90616eda2ff3d106738eebea9c9292743ac6fcbdf8408d9037c45e19904bca61581aaa94f789c13c01ce0893978f60506abb629d7002087d1c34b43704e2d","wordId":"3:6444"},"morphObj":{"params":{"class":"с","classMask":1,"info":{"isCapital":false,"isUpper":false},"stack":"((<DictionaryAnalyzer>, u'\\u0433\\u043e\\u043b\\u0430', 33, 1),)"},"sentenceIndex":[5],"words":["гола"],"wordsIndex":[6]},"rating":25.0,"stats":{"counter":1747.0,"counterAll":1747.0,"isAdjf":0,"isCombo":0,"isComp":0,"isCountry":0,"isEng":0,"isName":0,"isNominal":0,"isNoun":1,"isNum":0,"isPrtf":0,"isSymbol":0,"isUnknown":0,"isVerb":0,"repeat":0.25,"weight":0.04472720755779718,"weightAll":0.022363031233998975}},"директор":{"indexObj":{"classMask":1,"counter":3531.0,"finded":2034,"isExisted":true,"letterId":6,"meta":"{}","server":"_buber3_","table":"wordIndex.ru","uid":3434,"word":"директор","wordHash":"dd404608e8959616a0e7e11457c469c4_a87ed48c9dca2c7da76c4a1852e3d1cac2e80c0ea93b3b6faf421eb8cca2a9ac51cb2155edd7001f82f27a26824aa7a42d72d2b2adb9321ebfc25d8980f489cb","wordId":"6:3434"},"morphObj":{"params":{"class":"с","classMask":1,"info":{"isCapital":false,"isUpper":false},"stack":"((<DictionaryAnalyzer>, u'\\u0434\\u0438\\u0440\\u0435\\u043a\\u0442\\u043e\\u0440', 800, 0),)"},"sentenceIndex":[0],"words":["директор"],"wordsIndex":[1]},"rating":25.0,"stats":{"counter":3531.0,"counterAll":3531.0,"isAdjf":0,"isCombo":0,"isComp":0,"isCountry":0,"isEng":0,"isName":0,"isNominal":0,"isNoun":1,"isNum":0,"isPrtf":0,"isSymbol":0,"isUnknown":0,"isVerb":0,"repeat":0.25,"weight":0.09040169999231931,"weightAll":0.04519969278033794}},"енисей":{"indexObj":{"classMask":22,"counter":164.0,"finded":56,"isExisted":true,"letterId":5,"meta":"{}","server":"_buber3_","table":"wordIndex.ru","uid":36023,"word":"енисей","wordHash":"5c4eb64735b484f29f7de53dd9fb48f4_3b970d3109c9b334dbb01fdd626919c215d4a94155ebbdf497bdd0cd4e980dc6ab7f465a6667a74fa8c74b42b8a1f2c687dc1a2abaf6b03f657310a08b392c17","wordId":"5:36023"},"morphObj":{"params":{"class":"имя","classMask":22,"info":{"isCapital":true,"isUpper":false},"stack":"((<DictionaryAnalyzer>, u'\\u0435\\u043d\\u0438\\u0441\\u0435\\u044f', 42, 1),)"},"sentenceIndex":[2],"words":["Енисея"],"wordsIndex":[13]},"rating":125.0,"stats":{"counter":164.0,"counterAll":164.0,"isAdjf":0,"isCombo":0,"isComp":0,"isCountry":0,"isEng":0,"isName":1,"isNominal":0,"isNoun":0,"isNum":0,"isPrtf":0,"isSymbol":0,"isUnknown":0,"isVerb":0,"repeat":0.25,"weight":0.004198776210348447,"weightAll":0.0020993343573988735}},"жамалетдин":{"indexObj":{"classMask":22,"counter":4.0,"finded":2,"isExisted":true,"letterId":8,"meta":"{}","server":"_buber3_","table":"wordIndex.ru","uid":351395,"word":"жамалетдин","wordHash":"042c7b4c55acf0315037b5610d34e7a5_39e6e958319eaa90c27bc4993694dacc1ce2c3f374d18ebe4d833db8c6f0352158dae3753b1a9c42ffe80ca4bc522c067577706089a340e273f3ad69b7f8ffc4","wordId":"8:351395"},"morphObj":{"params":{"class":"имя","classMask":22,"info":{"isCapital":true,"isUpper":false},"stack":"((<DictionaryAnalyzer>, u'\\u0436\\u0430\\u043c\\u0430\\u043b\\u0435\\u0442\\u0434\\u0438\\u043d\\u043e\\u0432', 26, 7),)"},"sentenceIndex":[2,5],"words":["Жамалетдинов","Жамалетдинов"],"wordsIndex":[0,2]},"rating":150.0,"stats":{"counter":4.0,"counterAll":8.0,"isAdjf":0,"isCombo":0,"isComp":0,"isCountry":0,"isEng":0,"isName":1,"isNominal":0,"isNoun":0,"isNum":0,"isPrtf":0,"isSymbol":0,"isUnknown":0,"isVerb":0,"repeat":0.5,"weight":0.00010240917586215725,"weightAll":0.00010240655401945725}},"жамалетдинов":{"indexObj":{"classMask":22,"counter":2.0,"finded":2,"isExisted":true,"letterId":8,"meta":"{}","server":"_buber3_","table":"wordIndex.ru","uid":351396,"word":"жамалетдинов","wordHash":"875a5068389f89a63e755e84655c347f_08736bc4861094cc2e3fb33ef7a617a5b4a9da27ea37d299ca85d49063af874eb5a04285edda336bc1e756fef66f1ec42c087438734a2fbfda67d71fdb2c07be","wordId":"8:351396"},"morphObj":{"params":{"class":"имя","classMask":22,"info":{"isCapital":true,"isUpper":false},"stack":"((<FakeDictionary>, u'\\u0436\\u0430\\u043c\\u0430\\u043b\\u0435\\u0442\\u0434\\u0438\\u043d\\u043e\\u0432\\u044b\\u043c', 36, 4), (<KnownSuffixAnalyzer>, u'\\u043d\\u043e\\u0432\\u044b\\u043c'))"},"sentenceIndex":[0],"words":["Жамалетдиновым"],"wordsIndex":[15]},"rating":125.0,"stats":{"counter":2.0,"counterAll":2.0,"isAdjf":0,"isCombo":0,"isComp":0,"isCountry":0,"isEng":0,"isName":1,"isNominal":0,"isNoun":0,"isNum":0,"isPrtf":0,"isSymbol":0,"isUnknown":0,"isVerb":0,"repeat":0.25,"weight":5.1204587931078625e-05,"weightAll":2.560163850486431e-05}},"забить":{"indexObj":{"classMask":5,"counter":1083.0,"finded":470,"isExisted":true,"letterId":7,"meta":"{}","server":"_buber3_","table":"wordIndex.ru","uid":6405,"word":"забить","wordHash":"59c005ac1e6adbbbdebe752e4be7c7d8_ed5b5aaa8f8653f2f2897d96ff6ae54edd3d339828061a604442280f24e379b2a9a3a9af519e6522afa057ab2e72670cea6ccbdba7b276671f7ab8c15cc3f171","wordId":"7:6405"},"morphObj":{"params":{"class":"г","classMask":5,"info":{"isCapital":false,"isUpper":false},"stack":"((<DictionaryAnalyzer>, u'\\u0437\\u0430\\u0431\\u0438\\u043b', 1286, 1),)"},"sentenceIndex":[5],"words":["забил"],"wordsIndex":[4]},"rating":25.0,"stats":{"counter":1083.0,"counterAll":1083.0,"isAdjf":0,"isCombo":0,"isComp":0,"isCountry":0,"isEng":0,"isName":0,"isNominal":0,"isNoun":0,"isNum":0,"isPrtf":0,"isSymbol":0,"isUnknown":0,"isVerb":1,"repeat":0.25,"weight":0.027727284364679076,"weightAll":0.013863287250384024}},"зарплата":{"indexObj":{"classMask":1,"counter":222.0,"finded":161,"isExisted":true,"letterId":7,"meta":"{}","server":"_buber3_","table":"wordIndex.ru","uid":20439,"word":"зарплата","wordHash":"0eca58cad4ce26bd55a98a09a24e7e0f_705eb0b8c61ac6960d051816ab50070a9b75b9d39d2297555d74a361b8094610bfc86f0c3a609b05b7f7a5a62512ecb8ac2a8729fbb7b633a956fd61226b280c","wordId":"7:20439"},"morphObj":{"params":{"class":"с","classMask":1,"info":{"isCapital":false,"isUpper":false},"stack":"((<DictionaryAnalyzer>, u'\\u0437\\u0430\\u0440\\u043f\\u043b\\u0430\\u0442\\u0430', 55, 0),)"},"sentenceIndex":[6],"words":["зарплата"],"wordsIndex":[6]},"rating":25.0,"stats":{"counter":222.0,"counterAll":222.0,"isAdjf":0,"isCombo":0,"isComp":0,"isCountry":0,"isEng":0,"isName":0,"isNominal":0,"isNoun":1,"isNum":0,"isPrtf":0,"isSymbol":0,"isUnknown":0,"isVerb":0,"repeat":0.25,"weight":0.005683709260349727,"weightAll":0.0028417818740399388}},"игрок":{"indexObj":{"classMask":1,"counter":3474.0,"finded":1238,"isExisted":true,"letterId":10,"meta":"{}","server":"_buber3_","table":"wordIndex.ru","uid":4017,"word":"игрок","wordHash":"7a48536adaa0514cbe5d20cb2d41f6ee_0e5584f188a50c54eb70405b7401ad557af7dd5487843cb0a0f590df1bfa155c02040da5098b853a6abb8dd90f0b2ca625e31b841aba0afbaf384cfed662aadf","wordId":"10:4017"},"morphObj":{"params":{"class":"с","classMask":1,"info":{"isCapital":false,"isUpper":false},"stack":"((<DictionaryAnalyzer>, u'\\u0438\\u0433\\u0440\\u043e\\u043a', 2, 0),)"},"sentenceIndex":[3],"words":["игрок"],"wordsIndex":[5]},"rating":25.0,"stats":{"counter":3474.0,"counterAll":3474.0,"isAdjf":0,"isCombo":0,"isComp":0,"isCountry":0,"isEng":0,"isName":0,"isNominal":0,"isNoun":1,"isNum":0,"isPrtf":0,"isSymbol":0,"isUnknown":0,"isVerb":0,"repeat":0.25,"weight":0.08894236923628357,"weightAll":0.044470046082949306}},"информация":{"indexObj":{"classMask":1,"counter":3096.0,"finded":1862,"isExisted":true,"letterId":10,"meta":"{}","server":"_buber3_","table":"wordIndex.ru","uid":1194,"word":"информация","wordHash":"37921e181c0a1b5ee2e3eddeb2ad8156_e1ab2b86d946d1dc2b77b01f133be275542425082d2c5178f085e47d4f30c0073bcf5d52d1c7f51d48b4a8fff6fed048841bc45b9b91c3ed358196b6980c0332","wordId":"10:1194"},"morphObj":{"params":{"class":"с","classMask":1,"info":{"isCapital":false,"isUpper":false},"stack":"((<DictionaryAnalyzer>, u'\\u0438\\u043d\\u0444\\u043e\\u0440\\u043c\\u0430\\u0446\\u0438\\u044f', 40, 0),)"},"sentenceIndex":[6],"words":["информация"],"wordsIndex":[4]},"rating":25.0,"stats":{"counter":3096.0,"counterAll":3096.0,"isAdjf":0,"isCombo":0,"isComp":0,"isCountry":0,"isEng":0,"isName":0,"isNominal":0,"isNoun":1,"isNum":0,"isPrtf":0,"isSymbol":0,"isUnknown":0,"isVerb":0,"repeat":0.25,"weight":0.07926470211730971,"weightAll":0.03963133640552995}},"кампоамор":{"indexObj":{"classMask":22,"counter":2.0,"finded":2,"isExisted":true,"letterId":12,"meta":"{}","server":"_buber3_","table":"wordIndex.ru","uid":351394,"word":"кампоамор","wordHash":"c449aa5a28b4950221231f26bf1acfcd_0ef6d63c268190440c8b660d1470bfd0b344fb1ed2dc295dd2c487c0e7524684812066c7016d4da0e381e205c496517b8b434f57ae4b7ca396d504be05f2444d","wordId":"12:351394"},"morphObj":{"params":{"class":"имя","classMask":22,"info":{"isCapital":true,"isUpper":false},"stack":"((<DictionaryAnalyzer>, u'\\u0430\\u043c\\u043e\\u0440\\u0435', 26, 5), (<UnknownPrefixAnalyzer>, u'\\u043a\\u0430\\u043c\\u043f\\u043e'))"},"sentenceIndex":[0],"words":["Кампоаморе"],"wordsIndex":[9]},"rating":125.0,"stats":{"counter":2.0,"counterAll":2.0,"isAdjf":0,"isCombo":0,"isComp":0,"isCountry":0,"isEng":0,"isName":1,"isNominal":0,"isNoun":0,"isNum":0,"isPrtf":0,"isSymbol":0,"isUnknown":0,"isVerb":0,"repeat":0.25,"weight":5.1204587931078625e-05,"weightAll":2.560163850486431e-05}},"картахена":{"indexObj":{"classMask":22,"counter":29.0,"finded":19,"isExisted":true,"letterId":12,"meta":"{}","server":"_buber3_","table":"wordIndex.ru","uid":40403,"word":"картахена","wordHash":"93ea465bcc57f4a772063ab0f3e4fdb3_3fa18dad1af36b7bc29c996071db11dd1362dc055f019b4e85ee1b24e2b3df8dd356cf23b45dc2143174d3e8f590051414c010c0e642f716199180fa99cca92a","wordId":"12:40403"},"morphObj":{"params":{"class":"имя","classMask":22,"info":{"isCapital":true,"isUpper":false},"stack":"((<DictionaryAnalyzer>, u'\\u043a\\u0430\\u0440\\u0442\\u0430\\u0445\\u0435\\u043d\\u044b', 35, 1),)"},"sentenceIndex":[7],"words":["Картахены"],"wordsIndex":[20]},"rating":125.0,"stats":{"counter":29.0,"counterAll":29.0,"isAdjf":0,"isCombo":0,"isComp":0,"isCountry":0,"isEng":0,"isName":1,"isNominal":0,"isNoun":0,"isNum":0,"isPrtf":0,"isSymbol":0,"isUnknown":0,"isVerb":0,"repeat":0.25,"weight":0.0007424665250006401,"weightAll":0.0003712237583205325}},"клуб":{"indexObj":{"classMask":1,"counter":6801.0,"finded":2309,"isExisted":true,"letterId":12,"meta":"{}","server":"_buber3_","table":"wordIndex.ru","uid":2426,"word":"клуб","wordHash":"e5b37cf91cf482be4ec945125d63a2bb_0eb296a880d9f04848628294071b58801b50cacbd791d5da44c3cb21735951044238c035cde99fb6b11163ea6511c4b366c1014671b072622f931a4eb0188427","wordId":"12:2426"},"morphObj":{"params":{"class":"с","classMask":1,"info":{"isCapital":false,"isUpper":false},"stack":"((<DictionaryAnalyzer>, u'\\u043a\\u043b\\u0443\\u0431\\u0430', 33, 1),)"},"sentenceIndex":[1],"words":["клуба"],"wordsIndex":[5]},"rating":25.0,"stats":{"counter":6801.0,"counterAll":6801.0,"isAdjf":0,"isCombo":0,"isComp":0,"isCountry":0,"isEng":0,"isName":0,"isNominal":0,"isNoun":1,"isNum":0,"isPrtf":0,"isSymbol":0,"isUnknown":0,"isVerb":0,"repeat":0.25,"weight":0.17412120125963287,"weightAll":0.08705837173579109}},"команда":{"indexObj":{"classMask":1,"counter":8480.0,"finded":2688,"isExisted":true,"letterId":12,"meta":"{}","server":"_buber3_","table":"wordIndex.ru","uid":3248,"word":"команда","wordHash":"3d2671a74091a90811af125b3c5655ba_235dda5504de905dac7425882693db72f703d537890e12cc5a3a9f01c8470cc952717460f0e7d2724adec713729fcf132faf3b230e2243baf91e0b8216be123c","wordId":"12:3248"},"morphObj":{"params":{"class":"с","classMask":1,"info":{"isCapital":false,"isUpper":false},"stack":"((<DictionaryAnalyzer>, u'\\u043a\\u043e\\u043c\\u0430\\u043d\\u0434\\u044b', 55, 1),)"},"sentenceIndex":[2],"words":["команды"],"wordsIndex":[7]},"rating":25.0,"stats":{"counter":8480.0,"counterAll":8480.0,"isAdjf":0,"isCombo":0,"isComp":0,"isCountry":0,"isEng":0,"isName":0,"isNominal":0,"isNoun":1,"isNum":0,"isPrtf":0,"isSymbol":0,"isUnknown":0,"isVerb":0,"repeat":0.25,"weight":0.21710745282777336,"weightAll":0.10855094726062468}},"контракт":{"indexObj":{"classMask":1,"counter":1795.0,"finded":955,"isExisted":true,"letterId":12,"meta":"{}","server":"_buber3_","table":"wordIndex.ru","uid":6426,"word":"контракт","wordHash":"f8782f18fbabfdaeb5ba35c73fb9b5b5_a3c0edc4a5d71b8e2044bf4748907a49c0e312411df988faea5eba0c072c00bf5f25e6c280f6cf3f3829d70b27974662f8fb5e685e6ce87d8f1138b3cf5f3427","wordId":"12:6426"},"morphObj":{"params":{"class":"с","classMask":1,"info":{"isCapital":false,"isUpper":false},"stack":"((<DictionaryAnalyzer>, u'\\u043a\\u043e\\u043d\\u0442\\u0440\\u0430\\u043a\\u0442', 33, 3),)"},"sentenceIndex":[0],"words":["контракт"],"wordsIndex":[11]},"rating":25.0,"stats":{"counter":1795.0,"counterAll":1795.0,"isAdjf":0,"isCombo":0,"isComp":0,"isCountry":0,"isEng":0,"isName":0,"isNominal":0,"isNoun":1,"isNum":0,"isPrtf":0,"isSymbol":0,"isUnknown":0,"isVerb":0,"repeat":0.25,"weight":0.045956117668143066,"weightAll":0.02297747055811572}},"контрольный":{"indexObj":{"classMask":2,"counter":237.0,"finded":157,"isExisted":true,"letterId":12,"meta":"{}","server":"_buber3_","table":"wordIndex.ru","uid":5436,"word":"контрольный","wordHash":"dbf5b30986c3ead85b2bee661450f22e_48ccf244eb39b3debd0ebb1fd18f5d317838f5a44d57b006add4cca75fb9ae67522e13bc619c49f1334c51d1c92ff5bf34c77c89d391d671938dae949591c9c8","wordId":"12:5436"},"morphObj":{"params":{"class":"п","classMask":2,"info":{"isCapital":false,"isUpper":false},"stack":"((<DictionaryAnalyzer>, u'\\u043a\\u043e\\u043d\\u0442\\u0440\\u043e\\u043b\\u044c\\u043d\\u044b\\u0445', 60, 21),)"},"sentenceIndex":[5,7],"words":["контрольных","контрольный"],"wordsIndex":[8,17]},"rating":50.0,"stats":{"counter":237.0,"counterAll":474.0,"isAdjf":1,"isCombo":0,"isComp":0,"isCountry":0,"isEng":0,"isName":0,"isNominal":0,"isNoun":0,"isNum":0,"isPrtf":0,"isSymbol":0,"isUnknown":0,"isVerb":0,"repeat":0.5,"weight":0.006067743669832817,"weightAll":0.006067588325652842}},"кубок":{"indexObj":{"classMask":22,"counter":3484.0,"finded":1120,"isExisted":true,"letterId":12,"meta":"{}","server":"_buber3_","table":"wordIndex.ru","uid":6482,"word":"кубок","wordHash":"48d125d706d526fc816df9eeb4e5aa86_019a0f61f4c020538c31ce184734a34c26e05b87a3aae911bb50a2631ef5d4953532546a7f542b5024e2c178aa763fafbd94321e8deffb54d93c7eb518a5a8ec","wordId":"12:6482"},"morphObj":{"params":{"class":"имя","classMask":22,"info":{"isCapital":true,"isUpper":false},"stack":"((<DictionaryAnalyzer>, u'\\u043a\\u0443\\u0431\\u043a\\u0435', 139, 5),)"},"sentenceIndex":[2],"words":["Кубке"],"wordsIndex":[10]},"rating":125.0,"stats":{"counter":3484.0,"counterAll":3484.0,"isAdjf":0,"isCombo":0,"isComp":0,"isCountry":0,"isEng":0,"isName":1,"isNominal":0,"isNoun":0,"isNum":0,"isPrtf":0,"isSymbol":0,"isUnknown":0,"isVerb":0,"repeat":0.25,"weight":0.08919839217593896,"weightAll":0.04459805427547363}},"лига":{"indexObj":{"classMask":22,"counter":1739.0,"finded":482,"isExisted":true,"letterId":11,"meta":"{}","server":"_buber3_","table":"wordIndex.ru","uid":12809,"word":"лига","wordHash":"2ae3dbbdbee08a304426fa05a12e9069_d1257a21dbbe27c27c243ddd4879e50028a4f160c06622903cc6f778e9d647ceeade9fd00f8b5f545430843b0e55b4e3c2e64c47f7f066b78e8a60e15bfe127e","wordId":"11:12809"},"morphObj":{"params":{"class":"имя","classMask":22,"info":{"isCapital":true,"isUpper":false},"stack":"((<DictionaryAnalyzer>, u'\\u043b\\u0438\\u0433\\u0435', 43, 6),)"},"sentenceIndex":[4],"words":["Лиге"],"wordsIndex":[12]},"rating":125.0,"stats":{"counter":1739.0,"counterAll":1739.0,"isAdjf":0,"isCombo":0,"isComp":0,"isCountry":0,"isEng":0,"isName":1,"isNominal":0,"isNoun":0,"isNum":0,"isPrtf":0,"isSymbol":0,"isUnknown":0,"isVerb":0,"repeat":0.25,"weight":0.04452238920607286,"weightAll":0.02226062467997952}},"лидировать":{"indexObj":{"classMask":5,"counter":70.0,"finded":56,"isExisted":true,"letterId":11,"meta":"{}","server":"_buber3_","table":"wordIndex.ru","uid":43602,"word":"лидировать","wordHash":"9660d9b95bbd1d65d1372bc6704bb0ac_0c174b7095a01c7569030aed20c195dc03ea204acfd17eb49912d9549402a7e4f6c4d1cc219389284bc8a840a2f0ea70adef64e6a3e24d02ca00afe8d3c203da","wordId":"11:43602"},"morphObj":{"params":{"class":"г","classMask":5,"info":{"isCapital":false,"isUpper":false},"stack":"((<DictionaryAnalyzer>, u'\\u043b\\u0438\\u0434\\u0438\\u0440\\u0443\\u0435\\u0442', 172, 5),)"},"sentenceIndex":[3],"words":["лидирует"],"wordsIndex":[6]},"rating":25.0,"stats":{"counter":70.0,"counterAll":70.0,"isAdjf":0,"isCombo":0,"isComp":0,"isCountry":0,"isEng":0,"isName":0,"isNominal":0,"isNoun":0,"isNum":0,"isPrtf":0,"isSymbol":0,"isUnknown":0,"isVerb":1,"repeat":0.25,"weight":0.0017921605775877518,"weightAll":0.0008960573476702509}},"матч":{"indexObj":{"classMask":1,"counter":5965.0,"finded":1633,"isExisted":true,"letterId":14,"meta":"{}","server":"_buber3_","table":"wordIndex.ru","uid":4666,"word":"матч","wordHash":"e668f6d302488fd2a5be0fce907a00be_9e27183cbc068be9cc766db61fd02788ec1218a7eee35c5122aba9d40533fb68d69f7805966c620096dc398a1f9f0143aa1ed233fd107cd63a4e6158579592a8","wordId":"14:4666"},"morphObj":{"params":{"class":"с","classMask":1,"info":{"isCapital":false,"isUpper":false},"stack":"((<DictionaryAnalyzer>, u'\\u043c\\u0430\\u0442\\u0447', 79, 0),)"},"sentenceIndex":[2,7],"words":["матч","матч"],"wordsIndex":[3,18]},"rating":50.0,"stats":{"counter":5965.0,"counterAll":11930.0,"isAdjf":0,"isCombo":0,"isComp":0,"isCountry":0,"isEng":0,"isName":0,"isNominal":0,"isNoun":1,"isNum":0,"isPrtf":0,"isSymbol":0,"isUnknown":0,"isVerb":0,"repeat":0.5,"weight":0.152717683504442,"weightAll":0.15271377368151562}},"молодёжный":{"indexObj":{"classMask":2,"counter":938.0,"finded":657,"isExisted":true,"letterId":14,"meta":"{}","server":"_buber3_","table":"wordIndex.ru","uid":6425,"word":"молодёжный","wordHash":"02b6e9d96fbfb10643c525c6c71c40cc_55567638a039aede1bdbe0db119031b59f8eaefc5ea8f4711c0e548db922a9b47954894401ea42d20765a9478c4ae266ab13a4b937a4f61e21a065d122ef50a1","wordId":"14:6425"},"morphObj":{"params":{"class":"п","classMask":2,"info":{"isCapital":false,"isUpper":false},"stack":"((<DictionaryAnalyzer>, u'\\u043c\\u043e\\u043b\\u043e\\u0434\\u0451\\u0436\\u043d\\u043e\\u043c', 12, 6),)"},"sentenceIndex":[3],"words":["молодежном"],"wordsIndex":[1]},"rating":25.0,"stats":{"counter":938.0,"counterAll":938.0,"isAdjf":1,"isCombo":0,"isComp":0,"isCountry":0,"isEng":0,"isName":0,"isNominal":0,"isNoun":0,"isNum":0,"isPrtf":0,"isSymbol":0,"isUnknown":0,"isVerb":0,"repeat":0.25,"weight":0.024014951739675876,"weightAll":0.012007168458781362}},"мяч":{"indexObj":{"classMask":1,"counter":952.0,"finded":435,"isExisted":true,"letterId":14,"meta":"{}","server":"_buber3_","table":"wordIndex.ru","uid":6414,"word":"мяч","wordHash":"546dba2ab8f5d36b779611e77f6accc4_00347b0ca3f8d90dcb5ea43b016115484c92cb8842a02374b138e7f91c7a83b715d587250ec76e5141d4191772cc4f3ee5ed2b46da25ae59dde216e9626402f1","wordId":"14:6414"},"morphObj":{"params":{"class":"с","classMask":1,"info":{"isCapital":false,"isUpper":false},"stack":"((<DictionaryAnalyzer>, u'\\u043c\\u044f\\u0447\\u0430\\u043c\\u0438', 134, 10),)"},"sentenceIndex":[3,4],"words":["мячами","мячей"],"wordsIndex":[14,23]},"rating":50.0,"stats":{"counter":952.0,"counterAll":1904.0,"isAdjf":0,"isCombo":0,"isComp":0,"isCountry":0,"isEng":0,"isName":0,"isNominal":0,"isNoun":1,"isNum":0,"isPrtf":0,"isSymbol":0,"isUnknown":0,"isVerb":0,"repeat":0.5,"weight":0.024373383855193425,"weightAll":0.024372759856630826}},"нападать":{"indexObj":{"classMask":7,"counter":601.0,"finded":437,"isExisted":true,"letterId":13,"meta":"{}","server":"_buber3_","table":"wordIndex.ru","uid":6485,"word":"нападать","wordHash":"f26cab257c69e5906c3c920012927e0b_2fa093103b76c23fd312825ad2722b0397434f0ebeabe92335db72a7c7c1275f550119481e7c16fc4c578662c26ca61e0d73762d954cd7e37e4f53de9ae787c9","wordId":"13:6485"},"morphObj":{"params":{"class":"причастие","classMask":7,"info":{"isCapital":false,"isUpper":false},"stack":"((<DictionaryAnalyzer>, u'\\u043d\\u0430\\u043f\\u0430\\u0434\\u0430\\u044e\\u0449\\u0438\\u043c', 15, 18),)"},"sentenceIndex":[0],"words":["нападающим"],"wordsIndex":[13]},"rating":25.0,"stats":{"counter":601.0,"counterAll":601.0,"isAdjf":0,"isCombo":0,"isComp":0,"isCountry":0,"isEng":0,"isName":0,"isNominal":0,"isNoun":0,"isNum":0,"isPrtf":1,"isSymbol":0,"isUnknown":0,"isVerb":0,"repeat":0.25,"weight":0.015386978673289127,"weightAll":0.007693292370711725}},"наряду":{"indexObj":{"classMask":11,"counter":791.0,"finded":711,"isExisted":true,"letterId":13,"meta":"{}","server":"_buber3_","table":"wordIndex.ru","uid":4198,"word":"наряду","wordHash":"a7d815ad4cfae1144251fd5cf5e3bc4b_3fa50697c010b5eb637cd5478032b1b4dda8af3c05202ee4d2a0187c3984163d06eaa1d2356bca86b7080782c62827af99055f0e780db607a88fd93d686d8a4b","wordId":"13:4198"},"morphObj":{"params":{"class":"н","classMask":11,"info":{"isCapital":false,"isUpper":false},"stack":"((<DictionaryAnalyzer>, u'\\u043d\\u0430\\u0440\\u044f\\u0434\\u0443', 3, 0),)"},"sentenceIndex":[4],"words":["наряду"],"wordsIndex":[17]},"rating":25.0,"stats":{"counter":791.0,"counterAll":791.0,"isAdjf":0,"isCombo":0,"isComp":0,"isCountry":0,"isEng":0,"isName":0,"isNominal":0,"isNoun":0,"isNum":0,"isPrtf":0,"isSymbol":0,"isUnknown":0,"isVerb":0,"repeat":0.25,"weight":0.020251414526741597,"weightAll":0.010125448028673835}},"один":{"indexObj":{"classMask":2,"counter":39061.0,"finded":14563,"isExisted":true,"letterId":16,"meta":"{}","server":"_buber3_","table":"wordIndex.ru","uid":8,"word":"один","wordHash":"fc114849927fcbde0bde8042c274a17f_448c05269d3ab557aa547bd1ad7f719de9868c8b4b646b3eee9a798cc90cef5de37eafafdc816aee3b556abf4c319d54dff3a7c630324600e3d80a3bdbc99dca","wordId":"16:8"},"morphObj":{"params":{"class":"п","classMask":2,"info":{"isCapital":false,"isUpper":false},"stack":"((<DictionaryAnalyzer>, u'\\u043e\\u0434\\u0438\\u043d', 2198, 0),)"},"sentenceIndex":[2,2],"words":["один","первой"],"wordsIndex":[2,6]},"rating":50.0,"stats":{"counter":39061.0,"counterAll":78122.0,"isAdjf":1,"isCombo":0,"isComp":0,"isCountry":0,"isEng":0,"isName":0,"isNominal":0,"isNoun":0,"isNum":0,"isPrtf":0,"isSymbol":0,"isUnknown":0,"isVerb":0,"repeat":0.5,"weight":1.000051204587931,"weightAll":1.000025601638505}},"официальный":{"indexObj":{"classMask":2,"counter":3231.0,"finded":2491,"isExisted":true,"letterId":16,"meta":"{}","server":"_buber3_","table":"wordIndex.ru","uid":1126,"word":"официальный","wordHash":"d801ec68e8ae6d07add45389ebce1132_2d9e4c67f469a6fa924daa217766559b7de60c7e1d22f348c5ee350151cfe8bda80f216e88989cacb36b514a269a6acdd5dff36e540d579a35337006b02565e8","wordId":"16:1126"},"morphObj":{"params":{"class":"п","classMask":2,"info":{"isCapital":false,"isUpper":false},"stack":"((<DictionaryAnalyzer>, u'\\u043e\\u0444\\u0438\\u0446\\u0438\\u0430\\u043b\\u044c\\u043d\\u044b\\u0439', 1289, 0),)"},"sentenceIndex":[1],"words":["официальный"],"wordsIndex":[3]},"rating":25.0,"stats":{"counter":3231.0,"counterAll":3231.0,"isAdjf":1,"isCombo":0,"isComp":0,"isCountry":0,"isEng":0,"isName":0,"isNominal":0,"isNoun":0,"isNum":0,"isPrtf":0,"isSymbol":0,"isUnknown":0,"isVerb":0,"repeat":0.25,"weight":0.08272101180265752,"weightAll":0.041359447004608293}},"первенстве-201617":{"indexObj":{"classMask":19,"counter":2.0,"finded":2,"isExisted":true,"letterId":15,"meta":"{}","server":"_buber3_","table":"wordIndex.ru","uid":351397,"word":"первенстве-201617","wordHash":"1a6140abfb919715287e73baf863d9f9_e2382541773f0395702d69afbb6d0168ce79da72086159343c25d899dd21702150deb2dc3840f846a51758f4525d283ab5a15940adbe830fc2c2101829798fc0","wordId":"15:351397"},"morphObj":{"params":{"class":"наим","classMask":19,"info":{},"stack":""},"sentenceIndex":[3],"words":["первенстве-201617"],"wordsIndex":[4]},"rating":25.0,"stats":{"counter":2.0,"counterAll":2.0,"isAdjf":0,"isCombo":0,"isComp":0,"isCountry":0,"isEng":0,"isName":0,"isNominal":1,"isNoun":0,"isNum":0,"isPrtf":0,"isSymbol":0,"isUnknown":0,"isVerb":0,"repeat":0.25,"weight":5.1204587931078625e-05,"weightAll":2.560163850486431e-05}},"первенство":{"indexObj":{"classMask":1,"counter":823.0,"finded":500,"isExisted":true,"letterId":15,"meta":"{}","server":"_buber3_","table":"wordIndex.ru","uid":3398,"word":"первенство","wordHash":"406d2acc091425438b32915bada28e7d_434e375b8a2dddd528fc5bc99f8f0958104c30af84756c478628f40e065581781f6e610e97cb7d6fbdf7964f31154959f090655c818a916ad3bec01bb147f53f","wordId":"15:3398"},"morphObj":{"params":{"class":"с","classMask":1,"info":{"isCapital":false,"isUpper":false},"stack":"((<DictionaryAnalyzer>, u'\\u043f\\u0435\\u0440\\u0432\\u0435\\u043d\\u0441\\u0442\\u0432\\u0435', 54, 5),)"},"sentenceIndex":[3],"words":["первенстве"],"wordsIndex":[2]},"rating":25.0,"stats":{"counter":823.0,"counterAll":823.0,"isAdjf":0,"isCombo":0,"isComp":0,"isCountry":0,"isEng":0,"isName":0,"isNominal":0,"isNoun":1,"isNum":0,"isPrtf":0,"isSymbol":0,"isUnknown":0,"isVerb":0,"repeat":0.25,"weight":0.021070687933638855,"weightAll":0.010535074244751664}},"поединок":{"indexObj":{"classMask":1,"counter":731.0,"finded":320,"isExisted":true,"letterId":15,"meta":"{}","server":"_buber3_","table":"wordIndex.ru","uid":17024,"word":"поединок","wordHash":"0feb4b45b3910f3bd14424e22b1d9ca7_b726b86b46f5386438c86b5822eec35cc7898ebe3ddca77809e7488d3bd25df3ce50b7c35c26e326717c2f03895c964f0ce2384d08e6baaba96b9903d7a84f52","wordId":"15:17024"},"morphObj":{"params":{"class":"с","classMask":1,"info":{"isCapital":false,"isUpper":false},"stack":"((<DictionaryAnalyzer>, u'\\u043f\\u043e\\u0435\\u0434\\u0438\\u043d\\u043a\\u0430\\u0445', 139, 11),)"},"sentenceIndex":[5],"words":["поединках"],"wordsIndex":[9]},"rating":25.0,"stats":{"counter":731.0,"counterAll":731.0,"isAdjf":0,"isCombo":0,"isComp":0,"isCountry":0,"isEng":0,"isName":0,"isNominal":0,"isNoun":1,"isNum":0,"isPrtf":0,"isSymbol":0,"isUnknown":0,"isVerb":0,"repeat":0.25,"weight":0.018715276888809237,"weightAll":0.009357398873527906}},"пообщаться":{"indexObj":{"classMask":6,"counter":30.0,"finded":29,"isExisted":true,"letterId":15,"meta":"{}","server":"_buber3_","table":"wordIndex.ru","uid":33336,"word":"пообщаться","wordHash":"bd4f93f19aadca43578d3df8a3d1632a_0f0a4853f251e0c59757670d7f7a3fc70a1ee5a9166cae567f2845a58950d2da588990b5520eaaf2dd137ccafb882a66965d69b08eb6223ca1baac73a52ff0ab","wordId":"15:33336"},"morphObj":{"params":{"class":"инфинитив","classMask":6,"info":{"isCapital":false,"isUpper":false},"stack":"((<DictionaryAnalyzer>, u'\\u043f\\u043e\\u043e\\u0431\\u0449\\u0430\\u0442\\u044c\\u0441\\u044f', 615, 0),)"},"sentenceIndex":[7],"words":["пообщаться"],"wordsIndex":[6]},"rating":25.0,"stats":{"counter":30.0,"counterAll":30.0,"isAdjf":0,"isCombo":0,"isComp":0,"isCountry":0,"isEng":0,"isName":0,"isNominal":0,"isNoun":0,"isNum":0,"isPrtf":0,"isSymbol":0,"isUnknown":0,"isVerb":1,"repeat":0.25,"weight":0.0007680688189661794,"weightAll":0.00038402457757296467}},"посетить":{"indexObj":{"classMask":6,"counter":111.0,"finded":93,"isExisted":true,"letterId":15,"meta":"{}","server":"_buber3_","table":"wordIndex.ru","uid":17276,"word":"посетить","wordHash":"94df56105fbe0154688ec64697c6182a_b5809dac000030cb900965896f90cf8c39eb89d4cfa2c78b8c729c233e2df44694cb3d4504a5c4e9a8ba351f9d45b867fe4dba6857b32ea774064ac161db12cf","wordId":"15:17276"},"morphObj":{"params":{"class":"инфинитив","classMask":6,"info":{"isCapital":false,"isUpper":false},"stack":"((<DictionaryAnalyzer>, u'\\u043f\\u043e\\u0441\\u0435\\u0442\\u0438\\u0442\\u044c', 837, 0),)"},"sentenceIndex":[7],"words":["посетить"],"wordsIndex":[16]},"rating":25.0,"stats":{"counter":111.0,"counterAll":111.0,"isAdjf":0,"isCombo":0,"isComp":0,"isCountry":0,"isEng":0,"isName":0,"isNominal":0,"isNoun":0,"isNum":0,"isPrtf":0,"isSymbol":0,"isUnknown":0,"isVerb":1,"repeat":0.25,"weight":0.0028418546301748637,"weightAll":0.0014208909370199694}},"появиться":{"indexObj":{"classMask":5,"counter":2979.0,"finded":2026,"isExisted":true,"letterId":15,"meta":"{}","server":"_buber3_","table":"wordIndex.ru","uid":91,"word":"появиться","wordHash":"1c4c69b7468e6f6a494dcf02464bf162_1cfb36d3bcada807c1ac785baa9c9be88f688adebdf2e2ac9ee4b5c33e790543dae1c2424f10ecebfd5cf25e73731a78accf59a3824028e75ee80f62cc71a88d","wordId":"15:91"},"morphObj":{"params":{"class":"г","classMask":5,"info":{"isCapital":false,"isUpper":false},"stack":"((<DictionaryAnalyzer>, u'\\u043f\\u043e\\u044f\\u0432\\u0438\\u043b\\u0430\\u0441\\u044c', 456, 2),)"},"sentenceIndex":[6],"words":["появилась"],"wordsIndex":[3]},"rating":25.0,"stats":{"counter":2979.0,"counterAll":2979.0,"isAdjf":0,"isCombo":0,"isComp":0,"isCountry":0,"isEng":0,"isName":0,"isNominal":0,"isNoun":0,"isNum":0,"isPrtf":0,"isSymbol":0,"isUnknown":0,"isVerb":1,"repeat":0.25,"weight":0.07626923372334161,"weightAll":0.03813364055299539}},"представитель":{"indexObj":{"classMask":1,"counter":4405.0,"finded":2861,"isExisted":true,"letterId":15,"meta":"{}","server":"_buber3_","table":"wordIndex.ru","uid":324,"word":"представитель","wordHash":"ba9a93dcd01953ea1ff312a3e9110b36_21288ffc32ea25d49631ebe11f146479b50f3e09bc90bb2f0d854b0085816d23968430d1b5061472643a172b39bf08cd3f646fa7654288d66c02d984f9a39643","wordId":"15:324"},"morphObj":{"params":{"class":"с","classMask":1,"info":{"isCapital":false,"isUpper":false},"stack":"((<DictionaryAnalyzer>, u'\\u043f\\u0440\\u0435\\u0434\\u0441\\u0442\\u0430\\u0432\\u0438\\u0442\\u0435\\u043b\\u044f\\u043c\\u0438', 121, 10),)"},"sentenceIndex":[7],"words":["представителями"],"wordsIndex":[8]},"rating":25.0,"stats":{"counter":4405.0,"counterAll":4405.0,"isAdjf":0,"isCombo":0,"isComp":0,"isCountry":0,"isEng":0,"isName":0,"isNominal":0,"isNoun":1,"isNum":0,"isPrtf":0,"isSymbol":0,"isUnknown":0,"isVerb":0,"repeat":0.25,"weight":0.11277810491820067,"weightAll":0.05638760880696365}},"прибыть":{"indexObj":{"classMask":5,"counter":1090.0,"finded":745,"isExisted":true,"letterId":15,"meta":"{}","server":"_buber3_","table":"wordIndex.ru","uid":1083,"word":"прибыть","wordHash":"a0932ea54f74cbeb6ab262f73ce24902_56f6ad42edd8efd5a91b89e3bdb076e85e00507d73b2a68b9f159ff1f9206a6e25edacfbafb42c9c8f86e0ac065187a6f1b50a246d411bfd859cc15105cbdf39","wordId":"15:1083"},"morphObj":{"params":{"class":"г","classMask":5,"info":{"isCapital":false,"isUpper":false},"stack":"((<DictionaryAnalyzer>, u'\\u043f\\u0440\\u0438\\u0431\\u044b\\u043b', 992, 1),)"},"sentenceIndex":[7],"words":["прибыл"],"wordsIndex":[2]},"rating":25.0,"stats":{"counter":1090.0,"counterAll":1090.0,"isAdjf":0,"isCombo":0,"isComp":0,"isCountry":0,"isEng":0,"isName":0,"isNominal":0,"isNoun":0,"isNum":0,"isPrtf":0,"isSymbol":0,"isUnknown":0,"isVerb":1,"repeat":0.25,"weight":0.02790650042243785,"weightAll":0.013952892985151049}},"провести":{"indexObj":{"classMask":5,"counter":2750.0,"finded":1706,"isExisted":true,"letterId":15,"meta":"{}","server":"_buber3_","table":"wordIndex.ru","uid":1902,"word":"провести","wordHash":"f19b11ae767e61e3a7ce82dd000bcca7_4a897d471f3dd82a11df09c044d301ba2cf3b4e98af2c4345ce1c873530694f9ca936db856d8c7330bd0fdf8afcfb6b8b05d34da4a5557682c1108923b1068d3","wordId":"15:1902"},"morphObj":{"params":{"class":"г","classMask":5,"info":{"isCapital":false,"isUpper":false},"stack":"((<DictionaryAnalyzer>, u'\\u043f\\u0440\\u043e\\u0432\\u0451\\u043b', 628, 1),)"},"sentenceIndex":[2],"words":["провел"],"wordsIndex":[1]},"rating":25.0,"stats":{"counter":2750.0,"counterAll":2750.0,"isAdjf":0,"isCombo":0,"isComp":0,"isCountry":0,"isEng":0,"isName":0,"isNominal":0,"isNoun":0,"isNum":0,"isPrtf":0,"isSymbol":0,"isUnknown":0,"isVerb":1,"repeat":0.25,"weight":0.07040630840523311,"weightAll":0.035202252944188425}},"продлить":{"indexObj":{"classMask":5,"counter":98.0,"finded":74,"isExisted":true,"letterId":15,"meta":"{}","server":"_buber3_","table":"wordIndex.ru","uid":16852,"word":"продлить","wordHash":"834341ed928fb4e0be237a1e520fdf64_517cb2f54ac7af1e442060dadcb5f1c80a824c6917c4d08fe674f91c982522d1bb903b9a3e6c6cd3a7feb227e5d1e69bd1f9a3517b14c9904f86447e537b724f","wordId":"15:16852"},"morphObj":{"params":{"class":"г","classMask":5,"info":{"isCapital":false,"isUpper":false},"stack":"((<DictionaryAnalyzer>, u'\\u043f\\u0440\\u043e\\u0434\\u043b\\u0438\\u043b', 720, 1),)"},"sentenceIndex":[0],"words":["продлил"],"wordsIndex":[10]},"rating":25.0,"stats":{"counter":98.0,"counterAll":98.0,"isAdjf":0,"isCombo":0,"isComp":0,"isCountry":0,"isEng":0,"isName":0,"isNominal":0,"isNoun":0,"isNum":0,"isPrtf":0,"isSymbol":0,"isUnknown":0,"isVerb":1,"repeat":0.25,"weight":0.0025090248086228526,"weightAll":0.0012544802867383513}},"пястый":{"indexObj":{"classMask":22,"counter":6.0,"finded":5,"isExisted":true,"letterId":15,"meta":"{}","server":"_buber3_","table":"wordIndex.ru","uid":289875,"word":"пястый","wordHash":"797e026b68c4383eaf736bbdac504cdf_9f8e646b41365be7c1ed058a1f5a0aa670d938678a137300e04d3246416033f33487c3a978ca40e1027131adec73a4c5731118460f8f549f6f4da42e4742f264","wordId":"15:289875"},"morphObj":{"params":{"class":"имя","classMask":22,"info":{"isCapital":true,"isUpper":false},"stack":"((<FakeDictionary>, u'\\u043f\\u044f\\u0441\\u0442\\u0430', 4, 28), (<KnownSuffixAnalyzer>, u'\\u044f\\u0441\\u0442\\u0430'))"},"sentenceIndex":[5],"words":["Пяста"],"wordsIndex":[16]},"rating":125.0,"stats":{"counter":6.0,"counterAll":6.0,"isAdjf":0,"isCombo":0,"isComp":0,"isCountry":0,"isEng":0,"isName":1,"isNominal":0,"isNoun":0,"isNum":0,"isPrtf":0,"isSymbol":0,"isUnknown":0,"isVerb":0,"repeat":0.25,"weight":0.00015361376379323586,"weightAll":7.680491551459293e-05}},"раз":{"indexObj":{"classMask":1,"counter":5420.0,"finded":3483,"isExisted":true,"letterId":18,"meta":"{}","server":"_buber3_","table":"wordIndex.ru","uid":704,"word":"раз","wordHash":"4171b675eb6d53df6b211f3f3ec9f17a_72c91a0a675681beaa9587a7b450e24f1656618b2d61284f2f5bcfb0dbb105f91bd538c5181fa20c25ac536de182c4a9f7d2a2b2116dee0a124b6584ed11ca58","wordId":"18:704"},"morphObj":{"params":{"class":"с","classMask":1,"info":{"isCapital":false,"isUpper":false},"stack":"((<DictionaryAnalyzer>, u'\\u0440\\u0430\\u0437\\u0430', 2630, 1),)"},"sentenceIndex":[6],"words":["раза"],"wordsIndex":[12]},"rating":25.0,"stats":{"counter":5420.0,"counterAll":5420.0,"isAdjf":0,"isCombo":0,"isComp":0,"isCountry":0,"isEng":0,"isName":0,"isNominal":0,"isNoun":1,"isNum":0,"isPrtf":0,"isSymbol":0,"isUnknown":0,"isVerb":0,"repeat":0.25,"weight":0.13876443329322308,"weightAll":0.06938044034818229}},"ранее":{"indexObj":{"classMask":11,"counter":3161.0,"finded":2526,"isExisted":true,"letterId":18,"meta":"{}","server":"_buber3_","table":"wordIndex.ru","uid":1409,"word":"ранее","wordHash":"7e0aaafce36abaf25bd9fb857dab11a9_1fc89670e029e580e5e5c84ffea3b11394f987d607721a3f689c6b3452ba93b14920c862765329f836e75658ba15da51f4c4a86cc724f09cf763731318027497","wordId":"18:1409"},"morphObj":{"params":{"class":"н","classMask":11,"info":{"isCapital":true,"isUpper":false},"stack":"((<DictionaryAnalyzer>, u'\\u0440\\u0430\\u043d\\u0435\\u0435', 3, 0),)"},"sentenceIndex":[6],"words":["Ранее"],"wordsIndex":[0]},"rating":25.0,"stats":{"counter":3161.0,"counterAll":3161.0,"isAdjf":0,"isCombo":0,"isComp":0,"isCountry":0,"isEng":0,"isName":0,"isNominal":0,"isNoun":0,"isNum":0,"isPrtf":0,"isSymbol":0,"isUnknown":0,"isVerb":0,"repeat":0.25,"weight":0.08092885122506976,"weightAll":0.04046338965693804}},"роман":{"indexObj":{"classMask":22,"counter":1205.0,"finded":380,"isExisted":true,"letterId":18,"meta":"{}","server":"_buber3_","table":"wordIndex.ru","uid":11236,"word":"роман","wordHash":"9f89c37e6b7e36f23d325d9aa1e1a63f_bebf40f343e6765f4aa909c38a089d9ef8e04828f2b7afbc07825f2ff614df2187c03f49273ccf663311ce37ee78f60ff0d889c6a8b0816673742dfe281f4ded","wordId":"18:11236"},"morphObj":{"params":{"class":"имя","classMask":22,"info":{"isCapital":true,"isUpper":false},"stack":"((<DictionaryAnalyzer>, u'\\u0440\\u043e\\u043c\\u0430\\u043d', 26, 0),)"},"sentenceIndex":[0],"words":["Роман"],"wordsIndex":[3]},"rating":125.0,"stats":{"counter":1205.0,"counterAll":1205.0,"isAdjf":0,"isCombo":0,"isComp":0,"isCountry":0,"isEng":0,"isName":1,"isNominal":0,"isNoun":0,"isNum":0,"isPrtf":0,"isSymbol":0,"isUnknown":0,"isVerb":0,"repeat":0.25,"weight":0.03085076422847487,"weightAll":0.015424987199180748}},"россия":{"indexObj":{"classMask":1122,"counter":15748.0,"finded":6536,"isExisted":true,"letterId":18,"meta":"{}","server":"_buber3_","table":"wordIndex.ru","uid":1201,"word":"россия","wordHash":"a0ead327c5cae0ebbd9952f814b83a78_91db348835df9720a8bef326a4dc089f0c50aabb3578c7a31350daa8c5ed83c4746c4023b99f0268bf26856a6ad5a71c8644107631ac66e68ef62b6fea2a6d37","wordId":"18:1201"},"morphObj":{"params":{"class":"имя","classMask":1122,"info":{"isCapital":true,"isCountry":true,"isUpper":false},"stack":"((<DictionaryAnalyzer>, u'\\u0440\\u043e\\u0441\\u0441\\u0438\\u0438', 70, 1),)"},"sentenceIndex":[2],"words":["России"],"wordsIndex":[11]},"rating":325.0,"stats":{"counter":15748.0,"counterAll":15748.0,"isAdjf":0,"isCombo":0,"isComp":0,"isCountry":1,"isEng":0,"isName":1,"isNominal":0,"isNoun":0,"isNum":0,"isPrtf":0,"isSymbol":0,"isUnknown":0,"isVerb":0,"repeat":0.25,"weight":0.4031849253693131,"weightAll":0.2015873015873016}},"сайт":{"indexObj":{"classMask":1,"counter":2227.0,"finded":1309,"isExisted":true,"letterId":17,"meta":"{}","server":"_buber3_","table":"wordIndex.ru","uid":3664,"word":"сайт","wordHash":"cea07bbad3d1725e7fd60825082d7f17_d7f34429c51a7e3e1bd2cea488ee262508df7372dce65480b37e469a3353937c314cae5cf45f61146eabb18f56feba4486195241682acba5afc9125d72399364","wordId":"17:3664"},"morphObj":{"params":{"class":"с","classMask":1,"info":{"isCapital":false,"isUpper":false},"stack":"((<DictionaryAnalyzer>, u'\\u0441\\u0430\\u0439\\u0442', 33, 0),)"},"sentenceIndex":[1],"words":["сайт"],"wordsIndex":[4]},"rating":25.0,"stats":{"counter":2227.0,"counterAll":2227.0,"isAdjf":0,"isCombo":0,"isComp":0,"isCountry":0,"isEng":0,"isName":0,"isNominal":0,"isNoun":1,"isNum":0,"isPrtf":0,"isSymbol":0,"isUnknown":0,"isVerb":0,"repeat":0.25,"weight":0.05701630866125605,"weightAll":0.02850742447516641}},"сбор":{"indexObj":{"classMask":1,"counter":814.0,"finded":584,"isExisted":true,"letterId":17,"meta":"{}","server":"_buber3_","table":"wordIndex.ru","uid":4857,"word":"сбор","wordHash":"ad716db6bb4ec8c53135c7bb51245497_f30b2a3912e5db0d8a96fb733a9a22893351e15ec8d54cec3d21ef694518caf46c57768c0e8320a124392fa23dc256cfa221ff06fa78ba55ff39c8870b979941","wordId":"17:4857"},"morphObj":{"params":{"class":"с","classMask":1,"info":{"isCapital":false,"isUpper":false},"stack":"((<DictionaryAnalyzer>, u'\\u0441\\u0431\\u043e\\u0440\\u0430\\u0445', 33, 11),)"},"sentenceIndex":[0,5,7],"words":["сборах","сборах","сборы"],"wordsIndex":[6,1,4]},"rating":75.0,"stats":{"counter":814.0,"counterAll":2442.0,"isAdjf":0,"isCombo":0,"isComp":0,"isCountry":0,"isEng":0,"isName":0,"isNominal":0,"isNoun":1,"isNum":0,"isPrtf":0,"isSymbol":0,"isUnknown":0,"isVerb":0,"repeat":0.75,"weight":0.020840267287949,"weightAll":0.031259600614439324}},"сезон":{"indexObj":{"classMask":1,"counter":6621.0,"finded":2089,"isExisted":true,"letterId":17,"meta":"{}","server":"_buber3_","table":"wordIndex.ru","uid":1438,"word":"сезон","wordHash":"b990f705bdb55e647646ed7a7b193c84_31fde9cb5fb70d48714c3163565f3e090b13ac7add921aba7b335a0bf87b4bb06c544eb7d31e5ff7c8e5097069e68bbe181727239a6921b09fd4521bc331b7cf","wordId":"17:1438"},"morphObj":{"params":{"class":"с","classMask":1,"info":{"isCapital":false,"isUpper":false},"stack":"((<DictionaryAnalyzer>, u'\\u0441\\u0435\\u0437\\u043e\\u043d\\u0430', 33, 1),)"},"sentenceIndex":[4],"words":["сезона"],"wordsIndex":[14]},"rating":25.0,"stats":{"counter":6621.0,"counterAll":6621.0,"isAdjf":0,"isCombo":0,"isComp":0,"isCountry":0,"isEng":0,"isName":0,"isNominal":0,"isNoun":1,"isNum":0,"isPrtf":0,"isSymbol":0,"isUnknown":0,"isVerb":0,"repeat":0.25,"weight":0.16951278834583577,"weightAll":0.0847542242703533}},"сезона-201617":{"indexObj":{"classMask":19,"counter":4.0,"finded":4,"isExisted":true,"letterId":17,"meta":"{}","server":"_buber3_","table":"wordIndex.ru","uid":349799,"word":"сезона-201617","wordHash":"9d5d6e3a527fbeffa7ba3f4a5c748a30_91fffdbbd49107b7289e9fb23b24efb7b90a32a4ec266fccb3474e5f4f91d1327605ff232318ac64bc4aa464dbbad9d55755894dd0d6c44715d5a3a417ed1bd4","wordId":"17:349799"},"morphObj":{"params":{"class":"наим","classMask":19,"info":{},"stack":""},"sentenceIndex":[4],"words":["сезона-201617"],"wordsIndex":[16]},"rating":25.0,"stats":{"counter":4.0,"counterAll":4.0,"isAdjf":0,"isCombo":0,"isComp":0,"isCountry":0,"isEng":0,"isName":0,"isNominal":1,"isNoun":0,"isNum":0,"isPrtf":0,"isSymbol":0,"isUnknown":0,"isVerb":0,"repeat":0.25,"weight":0.00010240917586215725,"weightAll":5.120327700972862e-05}},"сми":{"indexObj":{"classMask":1,"counter":996.0,"finded":630,"isExisted":true,"letterId":17,"meta":"{}","server":"_buber3_","table":"wordIndex.ru","uid":10029,"word":"сми","wordHash":"90fb16cbf1ad84e2c79b07977482022a_f31cf897a0cd36a81fa72092231588ed06f9fe718a1e6e062b5ba8dd35648f10ccf47d047a23052bd09d708ebffc4dc2f327e187e297eb702a277496bfa22534","wordId":"17:10029"},"morphObj":{"params":{"class":"с","classMask":1,"info":{"isCapital":false,"isUpper":true},"stack":"((<DictionaryAnalyzer>, u'\\u0441\\u043c\\u0438', 442, 0),)"},"sentenceIndex":[6],"words":["СМИ"],"wordsIndex":[2]},"rating":25.0,"stats":{"counter":996.0,"counterAll":996.0,"isAdjf":0,"isCombo":0,"isComp":0,"isCountry":0,"isEng":0,"isName":0,"isNominal":0,"isNoun":1,"isNum":0,"isPrtf":0,"isSymbol":0,"isUnknown":0,"isVerb":0,"repeat":0.25,"weight":0.025499884789677154,"weightAll":0.012749615975422427}},"сообщать":{"indexObj":{"classMask":5,"counter":1903.0,"finded":1661,"isExisted":true,"letterId":17,"meta":"{}","server":"_buber3_","table":"wordIndex.ru","uid":1954,"word":"сообщать","wordHash":"49044442e835fd02adb8c0061842f160_3568d244b5557ea9339e4a027955ca45bc74a7fe56e13513f1809390a8f28f2099018a78a11c67d281322590295a263ae7f2eb7fd9f02cf60495a9e0f85150a0","wordId":"17:1954"},"morphObj":{"params":{"class":"г","classMask":5,"info":{"isCapital":false,"isUpper":false},"stack":"((<DictionaryAnalyzer>, u'\\u0441\\u043e\\u043e\\u0431\\u0449\\u0430\\u0435\\u0442', 206, 5),)"},"sentenceIndex":[1,4],"words":["сообщает","сообщает"],"wordsIndex":[2,1]},"rating":50.0,"stats":{"counter":1903.0,"counterAll":3806.0,"isAdjf":0,"isCombo":0,"isComp":0,"isCountry":0,"isEng":0,"isName":0,"isNominal":0,"isNoun":0,"isNum":0,"isPrtf":0,"isSymbol":0,"isUnknown":0,"isVerb":1,"repeat":0.5,"weight":0.04872116541642131,"weightAll":0.048719918074756785}},"состав":{"indexObj":{"classMask":1,"counter":17270.0,"finded":9247,"isExisted":true,"letterId":17,"meta":"{}","server":"_buber3_","table":"wordIndex.ru","uid":449,"word":"состав","wordHash":"5051457aa742a41618c509dbb8c5ff57_d3ba6026408911028dd0ec4a5dd4d3d9ffe57c9764ec16ed012fb53d36881307c0136e6878098f05102ad687b509ccb123960897878c5edeadd9668ee40bb933","wordId":"17:449"},"morphObj":{"params":{"class":"с","classMask":1,"info":{"isCapital":false,"isUpper":false},"stack":"((<DictionaryAnalyzer>, u'\\u0441\\u043e\\u0441\\u0442\\u0430\\u0432\\u0435', 33, 5),)"},"sentenceIndex":[2],"words":["составе"],"wordsIndex":[5]},"rating":25.0,"stats":{"counter":17270.0,"counterAll":17270.0,"isAdjf":0,"isCombo":0,"isComp":0,"isCountry":0,"isEng":0,"isName":0,"isNominal":0,"isNoun":1,"isNum":0,"isPrtf":0,"isSymbol":0,"isUnknown":0,"isVerb":0,"repeat":0.25,"weight":0.4421516167848639,"weightAll":0.22107014848950332}},"спор":{"indexObj":{"classMask":1,"counter":97.0,"finded":86,"isExisted":true,"letterId":17,"meta":"{}","server":"_buber3_","table":"wordIndex.ru","uid":13473,"word":"спор","wordHash":"9a92e5b64d39d076e6f1de48d543390e_b1fde07720abe93c6fc0e560e58df3503eed6f6e2182b0176a2aa23d0e1d0b4ec07ae9af1b1d746c903b4e99b452819f701b10bae42feff7d3bbddcb5b0fa4a7","wordId":"17:13473"},"morphObj":{"params":{"class":"с","classMask":1,"info":{"isCapital":false,"isUpper":false},"stack":"((<DictionaryAnalyzer>, u'\\u0441\\u043f\\u043e\\u0440\\u0435', 33, 5),)"},"sentenceIndex":[3],"words":["споре"],"wordsIndex":[8]},"rating":25.0,"stats":{"counter":97.0,"counterAll":97.0,"isAdjf":0,"isCombo":0,"isComp":0,"isCountry":0,"isEng":0,"isName":0,"isNominal":0,"isNoun":1,"isNum":0,"isPrtf":0,"isSymbol":0,"isUnknown":0,"isVerb":0,"repeat":0.25,"weight":0.002483422514657313,"weightAll":0.0012416794674859192}},"спорт":{"indexObj":{"classMask":22,"counter":210.0,"finded":104,"isExisted":true,"letterId":17,"meta":"{}","server":"_buber3_","table":"wordIndex.ru","uid":63753,"word":"спорт","wordHash":"c0e1278f1ed860abf51fa94507086b4a_62e07a72a1d28d4943d14155ff8f2c2bc8b639b164f16365440978e3a9e3ab02804a70785669e04d55044d68b5c9e2d75a0978dd4eac8dac6794bbe7d48e7bd8","wordId":"17:63753"},"morphObj":{"params":{"class":"имя","classMask":22,"info":{"isCapital":true,"isUpper":false},"stack":"((<DictionaryAnalyzer>, u'\\u0441\\u043f\\u043e\\u0440\\u0442', 33, 0),)"},"sentenceIndex":[4],"words":["Спорт"],"wordsIndex":[2]},"rating":125.0,"stats":{"counter":210.0,"counterAll":210.0,"isAdjf":0,"isCombo":0,"isComp":0,"isCountry":0,"isEng":0,"isName":1,"isNominal":0,"isNoun":0,"isNum":0,"isPrtf":0,"isSymbol":0,"isUnknown":0,"isVerb":0,"repeat":0.25,"weight":0.005376481732763255,"weightAll":0.002688172043010753}},"спорт-экспресс":{"indexObj":{"classMask":1222,"counter":36.0,"finded":32,"isExisted":true,"letterId":17,"meta":"{}","server":"_buber3_","table":"wordIndex.ru","uid":103273,"word":"спорт-экспресс","wordHash":"a0066ec3c10303400d0866c5f5d69631_d1d15db314b26aad959cc621ffcbacacabd91813ec0dcc76f5c59084a7b8d64cf764a904a92c0bc10682be3169aacbc3777aab1e4aae6e15e936e4e8aff19062","wordId":"17:103273"},"morphObj":{"params":{"class":"имя","classMask":1222,"info":{"comboClassStats":{"с":2},"isCapital":true,"isCombo":true,"isUpper":false},"stack":"<classByLadder>"},"sentenceIndex":[4],"words":["Спорт-Экспресс"],"wordsIndex":[4]},"rating":125.0,"stats":{"counter":36.0,"counterAll":36.0,"isAdjf":0,"isCombo":1,"isComp":0,"isCountry":0,"isEng":0,"isName":1,"isNominal":0,"isNoun":0,"isNum":0,"isPrtf":0,"isSymbol":0,"isUnknown":0,"isVerb":0,"repeat":0.25,"weight":0.0009216825827594152,"weightAll":0.0004608294930875576}},"стать":{"indexObj":{"classMask":5,"counter":19097.0,"finded":8361,"isExisted":true,"letterId":17,"meta":"{}","server":"_buber3_","table":"wordIndex.ru","uid":255,"word":"стать","wordHash":"7ed6435cfedc4d1acf43a438504c57d6_4df0b393b92791968e532f94982ea028ce14c8e3d3714b8ad8945b74e56e8343e5b68f399581da4affe7bbf47b33d5fd71005be16cbacdd5f3616b08800b85b1","wordId":"17:255"},"morphObj":{"params":{"class":"г","classMask":5,"info":{"isCapital":false,"isUpper":false},"stack":"((<DictionaryAnalyzer>, u'\\u0441\\u0442\\u0430\\u043d\\u0435\\u0442', 904, 9),)"},"sentenceIndex":[6],"words":["станет"],"wordsIndex":[8]},"rating":25.0,"stats":{"counter":19097.0,"counterAll":19097.0,"isAdjf":0,"isCombo":0,"isComp":0,"isCountry":0,"isEng":0,"isName":0,"isNominal":0,"isNoun":0,"isNum":0,"isPrtf":0,"isSymbol":0,"isUnknown":0,"isVerb":1,"repeat":0.25,"weight":0.48892700785990423,"weightAll":0.2444572452636969}},"тимур":{"indexObj":{"classMask":22,"counter":134.0,"finded":63,"isExisted":true,"letterId":20,"meta":"{}","server":"_buber3_","table":"wordIndex.ru","uid":12252,"word":"тимур","wordHash":"f63ff732657dd34711da02f0ac35f6a7_79ab26670ad079b8a7b4a7f576645b5a807c0769c20940cecd03d6dcb245a899b3138a54a7c0bfed1b2927c42fc2b0f24290a9227137f410ef7deba9ba024531","wordId":"20:12252"},"morphObj":{"params":{"class":"имя","classMask":22,"info":{"isCapital":true,"isUpper":false},"stack":"((<DictionaryAnalyzer>, u'\\u0442\\u0438\\u043c\\u0443\\u0440\\u043e\\u043c', 26, 4),)"},"sentenceIndex":[0],"words":["Тимуром"],"wordsIndex":[14]},"rating":125.0,"stats":{"counter":134.0,"counterAll":134.0,"isAdjf":0,"isCombo":0,"isComp":0,"isCountry":0,"isEng":0,"isName":1,"isNominal":0,"isNoun":0,"isNum":0,"isPrtf":0,"isSymbol":0,"isUnknown":0,"isVerb":0,"repeat":0.25,"weight":0.003430707391382268,"weightAll":0.0017153097798259089}},"тренерский":{"indexObj":{"classMask":2,"counter":363.0,"finded":230,"isExisted":true,"letterId":20,"meta":"{}","server":"_buber3_","table":"wordIndex.ru","uid":25690,"word":"тренерский","wordHash":"21f15f5e2a982de995a9535c61491516_7b36b17e20699575a7655d4eaaa18876158206be1d88e91930da30315bf1ab0d3de18c1a0806247a5e6faf76dade026776ae2cb8fb2019bacb256177ece2513d","wordId":"20:25690"},"morphObj":{"params":{"class":"п","classMask":2,"info":{"isCapital":false,"isUpper":false},"stack":"((<DictionaryAnalyzer>, u'\\u0442\\u0440\\u0435\\u043d\\u0435\\u0440\\u0441\\u043a\\u043e\\u0433\\u043e', 16, 1),)"},"sentenceIndex":[7],"words":["тренерского"],"wordsIndex":[9]},"rating":25.0,"stats":{"counter":363.0,"counterAll":363.0,"isAdjf":1,"isCombo":0,"isComp":0,"isCountry":0,"isEng":0,"isName":0,"isNominal":0,"isNoun":0,"isNum":0,"isPrtf":0,"isSymbol":0,"isUnknown":0,"isVerb":0,"repeat":0.25,"weight":0.00929363270949077,"weightAll":0.004646697388632872}},"уже":{"indexObj":{"classMask":11,"counter":7163.0,"finded":4338,"isExisted":true,"letterId":19,"meta":"{}","server":"_buber3_","table":"wordIndex.ru","uid":2175,"word":"уже","wordHash":"f4833d68882439e2d4753acc2bd1e605_d9c46b846a4328c2c53f161dc7488bb1dd2f389307700343c162a0df4e8ea8b9b29abd0c9294d197b9fc90a413e8b5272eee396ff0cc03c4a1a3e89c96b8182e","wordId":"19:2175"},"morphObj":{"params":{"class":"н","classMask":11,"info":{"isCapital":false,"isUpper":false},"stack":"((<DictionaryAnalyzer>, u'\\u0443\\u0436\\u0435', 3, 0),)"},"sentenceIndex":[5],"words":["уже"],"wordsIndex":[3]},"rating":25.0,"stats":{"counter":7163.0,"counterAll":7163.0,"isAdjf":0,"isCombo":0,"isComp":0,"isCountry":0,"isEng":0,"isName":0,"isNominal":0,"isNoun":0,"isNum":0,"isPrtf":0,"isSymbol":0,"isUnknown":0,"isVerb":0,"repeat":0.25,"weight":0.18338923167515808,"weightAll":0.09169226830517153}},"футболист":{"indexObj":{"classMask":1,"counter":1766.0,"finded":991,"isExisted":true,"letterId":22,"meta":"{}","server":"_buber3_","table":"wordIndex.ru","uid":6432,"word":"футболист","wordHash":"475d845db63e72d3acad54cf1c591358_b458543d10d19fa3492fdf617d7279056408ee40f98bc62241c359ed4579f5bdb61f40a93c6bbfb99ca4c7ea1427603cd971b35a9410253680bced0f920f0db2","wordId":"22:6432"},"morphObj":{"params":{"class":"с","classMask":1,"info":{"isCapital":false,"isUpper":false},"stack":"((<DictionaryAnalyzer>, u'\\u0444\\u0443\\u0442\\u0431\\u043e\\u043b\\u0438\\u0441\\u0442', 52, 0),)"},"sentenceIndex":[4,6,7],"words":["футболист","футболиста","футболистами"],"wordsIndex":[5,7,13]},"rating":75.0,"stats":{"counter":1766.0,"counterAll":5298.0,"isAdjf":0,"isCombo":0,"isComp":0,"isCountry":0,"isEng":0,"isName":0,"isNominal":0,"isNoun":1,"isNum":0,"isPrtf":0,"isSymbol":0,"isUnknown":0,"isVerb":0,"repeat":0.75,"weight":0.04521365114314243,"weightAll":0.06781874039938555}},"фёдор":{"indexObj":{"classMask":22,"counter":1737.0,"finded":776,"isExisted":true,"letterId":22,"meta":"{}","server":"_buber3_","table":"wordIndex.ru","uid":14184,"word":"фёдор","wordHash":"352e060de1c4b5980fd3118f906cd66b_acb8616047af9228df88bbd2e06f311530fd9ae96768e25a2da3c8748a9d521079163885b63ffda0b73e72894d3595f834c0dc0f6600266af28fce80d8a283b4","wordId":"22:14184"},"morphObj":{"params":{"class":"имя","classMask":22,"info":{"isCapital":true,"isUpper":false},"stack":"((<DictionaryAnalyzer>, u'\\u0444\\u0451\\u0434\\u043e\\u0440\\u043e\\u043c', 1620, 4),)"},"sentenceIndex":[4],"words":["Федором"],"wordsIndex":[19]},"rating":125.0,"stats":{"counter":1737.0,"counterAll":1737.0,"isAdjf":0,"isCombo":0,"isComp":0,"isCountry":0,"isEng":0,"isName":1,"isNominal":0,"isNoun":0,"isNum":0,"isPrtf":0,"isSymbol":0,"isUnknown":0,"isVerb":0,"repeat":0.25,"weight":0.044471184618141785,"weightAll":0.022235023041474653}},"хороший":{"indexObj":{"classMask":2,"counter":5265.0,"finded":2932,"isExisted":true,"letterId":21,"meta":"{}","server":"_buber3_","table":"wordIndex.ru","uid":446,"word":"хороший","wordHash":"315af41c5c267e052ee6d97733073f34_dad21d08e4cc19b63361fce9429239b612674c416539917d63f6344a739c29cdc127ba377302b45df952326c7e7f2bbbbf3eb1c411b802376ed1b94b17100a46","wordId":"21:446"},"morphObj":{"params":{"class":"п","classMask":2,"info":{"isCapital":false,"isUpper":false},"stack":"((<DictionaryAnalyzer>, u'\\u043b\\u0443\\u0447\\u0448\\u0438\\u043c', 2998, 82),)"},"sentenceIndex":[4],"words":["лучшим"],"wordsIndex":[7]},"rating":25.0,"stats":{"counter":5265.0,"counterAll":5265.0,"isAdjf":1,"isCombo":0,"isComp":0,"isCountry":0,"isEng":0,"isName":0,"isNominal":0,"isNoun":0,"isNum":0,"isPrtf":0,"isSymbol":0,"isUnknown":0,"isVerb":0,"repeat":0.25,"weight":0.13479607772856447,"weightAll":0.0673963133640553}},"цска":{"indexObj":{"classMask":1,"counter":236.0,"finded":127,"isExisted":true,"letterId":24,"meta":"{}","server":"_buber3_","table":"wordIndex.ru","uid":26190,"word":"цска","wordHash":"a7d8722085c5042b81930775d590e0a8_6d2495036737960da14da24ec4e7adbbc3c657950556eb6a30c99582e19bbf8e3386c70d0fb39e7df9a945f66490bd09444e4f5c4aa51792df5de6d07d30d87a","wordId":"24:26190"},"morphObj":{"params":{"class":"с","classMask":1,"info":{"isCapital":false,"isUpper":true},"stack":"((<DictionaryAnalyzer>, u'\\u0446\\u0441\\u043a\\u0430', 439, 1),)"},"sentenceIndex":[0,2,4,7],"words":["ЦСКА","ЦСКА","ЦСКА","ЦСКА"],"wordsIndex":[2,8,9,1]},"rating":100.0,"stats":{"counter":236.0,"counterAll":944.0,"isAdjf":0,"isCombo":0,"isComp":0,"isCountry":0,"isEng":0,"isName":0,"isNominal":0,"isNoun":1,"isNum":0,"isPrtf":0,"isSymbol":0,"isUnknown":0,"isVerb":0,"repeat":1.0,"weight":0.006042141375867277,"weightAll":0.012083973374295955}},"чалов":{"indexObj":{"classMask":22,"counter":4.0,"finded":3,"isExisted":true,"letterId":23,"meta":"{}","server":"_buber3_","table":"wordIndex.ru","uid":334673,"word":"чалов","wordHash":"79a17a91e92a7182e6149fc139a33510_f7488805d0859a44b332f5f2dd08316a72a0e95d42ec7767bab71d9d7e5c0d474067246f6570d7ad3f299bfb8b9e9a0c230e8f8b209f8b34b8208aab2d249be7","wordId":"23:334673"},"morphObj":{"params":{"class":"имя","classMask":22,"info":{"isCapital":true,"isUpper":false},"stack":"((<FakeDictionary>, u'\\u0447\\u0430\\u043b\\u043e\\u0432\\u044b\\u043c', 36, 4), (<KnownSuffixAnalyzer>, u'\\u043b\\u043e\\u0432\\u044b\\u043c'))"},"sentenceIndex":[4],"words":["Чаловым"],"wordsIndex":[20]},"rating":125.0,"stats":{"counter":4.0,"counterAll":4.0,"isAdjf":0,"isCombo":0,"isComp":0,"isCountry":0,"isEng":0,"isName":1,"isNominal":0,"isNoun":0,"isNum":0,"isPrtf":0,"isSymbol":0,"isUnknown":0,"isVerb":0,"repeat":0.25,"weight":0.00010240917586215725,"weightAll":5.120327700972862e-05}},"чемпион":{"indexObj":{"classMask":1,"counter":3092.0,"finded":1362,"isExisted":true,"letterId":23,"meta":"{}","server":"_buber3_","table":"wordIndex.ru","uid":3336,"word":"чемпион","wordHash":"1ffb38360415401de901f225bf4b47b4_dc2923ec088f83e433d998c878e9ff58882ae017696be69f1e939004120aa5b134b9ffc9b3f5cbf0fac910788c61246beb5050317889305dc81a4bda4b552147","wordId":"23:3336"},"morphObj":{"params":{"class":"с","classMask":1,"info":{"isCapital":false,"isUpper":false},"stack":"((<DictionaryAnalyzer>, u'\\u0447\\u0435\\u043c\\u043f\\u0438\\u043e\\u043d\\u043e\\u0432', 52, 7),)"},"sentenceIndex":[4],"words":["чемпионов"],"wordsIndex":[13]},"rating":25.0,"stats":{"counter":3092.0,"counterAll":3092.0,"isAdjf":0,"isCombo":0,"isComp":0,"isCountry":0,"isEng":0,"isName":0,"isNominal":0,"isNoun":1,"isNum":0,"isPrtf":0,"isSymbol":0,"isUnknown":0,"isVerb":0,"repeat":0.25,"weight":0.07916229294144755,"weightAll":0.039580133128520226}},"штаб":{"indexObj":{"classMask":1,"counter":1916.0,"finded":1019,"isExisted":true,"letterId":26,"meta":"{}","server":"_buber3_","table":"wordIndex.ru","uid":3190,"word":"штаб","wordHash":"1681a20e95ebc1a12e0a974c4b5f8179_46ac5b5d12d3447223890a164dc819808de7458114d0de47c4043f26fcb558ec0ec9ba0bdcde3af86b7665faec9a48c59787f50485603f8467acd37b9b2b94c3","wordId":"26:3190"},"morphObj":{"params":{"class":"с","classMask":1,"info":{"isCapital":false,"isUpper":false},"stack":"((<DictionaryAnalyzer>, u'\\u0448\\u0442\\u0430\\u0431\\u0430', 503, 1),)"},"sentenceIndex":[7],"words":["штаба"],"wordsIndex":[10]},"rating":25.0,"stats":{"counter":1916.0,"counterAll":1916.0,"isAdjf":0,"isCombo":0,"isComp":0,"isCountry":0,"isEng":0,"isName":0,"isNominal":0,"isNoun":1,"isNum":0,"isPrtf":0,"isSymbol":0,"isUnknown":0,"isVerb":0,"repeat":0.25,"weight":0.049053995237973325,"weightAll":0.02452636968766001}},"экспресс":{"indexObj":{"classMask":22,"counter":74.0,"finded":56,"isExisted":true,"letterId":29,"meta":"{}","server":"_buber3_","table":"wordIndex.ru","uid":28075,"word":"экспресс","wordHash":"39859dde724ffebc6026264c0ed3c8b7_638c3ccf7144ccfba0a9260f77c825f40c336260d8994325868fb4d31c51dd5ed99d1cce593eed068ea6cee4d2bc179ca7b0cec86ef0d5c9b718a8cb57f5dd8a","wordId":"29:28075"},"morphObj":{"params":{"class":"имя","classMask":22,"info":{"isCapital":true,"isUpper":false},"stack":"((<DictionaryAnalyzer>, u'\\u044d\\u043a\\u0441\\u043f\\u0440\\u0435\\u0441\\u0441', 33, 0),)"},"sentenceIndex":[4],"words":["Экспресс"],"wordsIndex":[3]},"rating":125.0,"stats":{"counter":74.0,"counterAll":74.0,"isAdjf":0,"isCombo":0,"isComp":0,"isCountry":0,"isEng":0,"isName":1,"isNominal":0,"isNoun":0,"isNum":0,"isPrtf":0,"isSymbol":0,"isUnknown":0,"isVerb":0,"repeat":0.25,"weight":0.001894569753449909,"weightAll":0.0009472606246799795}},"юношеский":{"indexObj":{"classMask":2,"counter":443.0,"finded":314,"isExisted":true,"letterId":32,"meta":"{}","server":"_buber3_","table":"wordIndex.ru","uid":18256,"word":"юношеский","wordHash":"6cf78e034e415c9d5221f047e3bea55d_3d5d50e692f141c185eda0cc414935b6cae2ca5796db0bd4bc4549bd0aa25924d04f59cfaf8428282394eb873b69f6400fbafabe1108a0ab5f81a2f86a3635d3","wordId":"32:18256"},"morphObj":{"params":{"class":"п","classMask":2,"info":{"isCapital":false,"isUpper":false},"stack":"((<DictionaryAnalyzer>, u'\\u044e\\u043d\\u043e\\u0448\\u0435\\u0441\\u043a\\u043e\\u0439', 16, 8),)"},"sentenceIndex":[4],"words":["юношеской"],"wordsIndex":[11]},"rating":25.0,"stats":{"counter":443.0,"counterAll":443.0,"isAdjf":1,"isCombo":0,"isComp":0,"isCountry":0,"isEng":0,"isName":0,"isNominal":0,"isNoun":0,"isNum":0,"isPrtf":0,"isSymbol":0,"isUnknown":0,"isVerb":0,"repeat":0.25,"weight":0.011341816226733916,"weightAll":0.005670762928827445}},"являться":{"indexObj":{"classMask":5,"counter":15796.0,"finded":7880,"isExisted":true,"letterId":31,"meta":"{}","server":"_buber3_","table":"wordIndex.ru","uid":263,"word":"являться","wordHash":"b70879804d107b1695d137dc5fb0106a_239744a83b7e09bb36181335d55dc2a05bee3f8742ae8329cd46d0b743885f7dcdf1130962fb67fa705439cc2f7bf9f2b5904cbf121d749b0ffa462156e9f041","wordId":"31:263"},"morphObj":{"params":{"class":"г","classMask":5,"info":{"isCapital":false,"isUpper":false},"stack":"((<DictionaryAnalyzer>, u'\\u044f\\u0432\\u043b\\u044f\\u0435\\u0442\\u0441\\u044f', 224, 5),)"},"sentenceIndex":[4],"words":["является"],"wordsIndex":[6]},"rating":25.0,"stats":{"counter":15796.0,"counterAll":15796.0,"isAdjf":0,"isCombo":0,"isComp":0,"isCountry":0,"isEng":0,"isName":0,"isNominal":0,"isNoun":0,"isNum":0,"isPrtf":0,"isSymbol":0,"isUnknown":0,"isVerb":1,"repeat":0.25,"weight":0.404413835479659,"weightAll":0.20220174091141832}}}