{"ru":{"params":{"class":"иняз","classMask":21,"info":{"isCapital":false,"isUpper":false},"stack":""},"sentenceIndex":[9],"words":["ru"],"wordsIndex":[0]},"а":{"params":{"class":"символ","classMask":20,"info":{},"stack":""},"sentenceIndex":[5],"words":["а"],"wordsIndex":[13]},"аиф":{"params":{"class":"неизвестный","classMask":18,"info":{"isCapital":true,"isUpper":false},"stack":""},"sentenceIndex":[8],"words":["АиФ"],"wordsIndex":[0]},"активно":{"params":{"class":"н","classMask":11,"info":{"isCapital":false,"isUpper":false},"stack":"((<DictionaryAnalyzer>, u'\\u0430\\u043a\\u0442\\u0438\\u0432\\u043d\\u043e', 3, 0),)"},"sentenceIndex":[1],"words":["активно"],"wordsIndex":[3]},"арсений":{"params":{"class":"имя","classMask":22,"info":{"isCapital":true,"isUpper":false},"stack":"((<DictionaryAnalyzer>, u'\\u0430\\u0440\\u0441\\u0435\\u043d\\u0438\\u0439', 61, 0),)"},"sentenceIndex":[0],"words":["Арсений"],"wordsIndex":[5]},"бывший":{"params":{"class":"п","classMask":2,"info":{"isCapital":true,"isUpper":false},"stack":"((<DictionaryAnalyzer>, u'\\u0431\\u044b\\u0432\\u0448\\u0438\\u0439', 585, 0),)"},"sentenceIndex":[0,7,10],"words":["Бывший","бывшего","Бывший"],"wordsIndex":[0,6,0]},"быстро":{"params":{"class":"н","classMask":11,"info":{"isCapital":false,"isUpper":false},"stack":"((<DictionaryAnalyzer>, u'\\u0431\\u044b\\u0441\\u0442\\u0440\\u043e', 3, 0),)"},"sentenceIndex":[10],"words":["быстро"],"wordsIndex":[13]},"быть":{"params":{"class":"деепричастие","classMask":9,"info":{"isCapital":false,"isUpper":false},"stack":"((<DictionaryAnalyzer>, u'\\u0431\\u0443\\u0434\\u0443\\u0447\\u0438', 587, 45),)"},"sentenceIndex":[1,3,5,9],"words":["будучи","будет","будет","были"],"wordsIndex":[1,10,18,11]},"в":{"params":{"class":"символ","classMask":20,"info":{},"stack":""},"sentenceIndex":[4,5,5,5],"words":["в","в","в","в"],"wordsIndex":[4,10,14,19]},"вскоре":{"params":{"class":"н","classMask":11,"info":{"isCapital":false,"isUpper":false},"stack":"((<DictionaryAnalyzer>, u'\\u0432\\u0441\\u043a\\u043e\\u0440\\u0435', 3, 0),)"},"sentenceIndex":[2],"words":["вскоре"],"wordsIndex":[4]},"выступать":{"params":{"class":"г","classMask":5,"info":{"isCapital":false,"isUpper":false},"stack":"((<DictionaryAnalyzer>, u'\\u0432\\u044b\\u0441\\u0442\\u0443\\u043f\\u0430\\u043b', 1092, 7),)"},"sentenceIndex":[1],"words":["выступал"],"wordsIndex":[4]},"граница":{"params":{"class":"с","classMask":1,"info":{"isCapital":false,"isUpper":false},"stack":"((<DictionaryAnalyzer>, u'\\u0433\\u0440\\u0430\\u043d\\u0438\\u0446\\u0435', 141, 6),)"},"sentenceIndex":[0,1,4,6,10],"words":["границе","границе","границе","границе","границе"],"wordsIndex":[16,9,11,8,7]},"деньга":{"params":{"class":"с","classMask":1,"info":{"isCapital":false,"isUpper":false},"stack":"((<DictionaryAnalyzer>, u'\\u0434\\u0435\\u043d\\u044c\\u0433\\u0438', 1268, 1),)"},"sentenceIndex":[2,6,10],"words":["деньги","деньги","деньги"],"wordsIndex":[8,3,15]},"десяток":{"params":{"class":"с","classMask":1,"info":{"isCapital":false,"isUpper":false},"stack":"((<DictionaryAnalyzer>, u'\\u0434\\u0435\\u0441\\u044f\\u0442\\u043a\\u043e\\u0432', 139, 7),)"},"sentenceIndex":[5],"words":["десятков"],"wordsIndex":[21]},"десять":{"params":{"class":"числ","classMask":10,"info":{"isCapital":false,"isUpper":false},"stack":"((<DictionaryAnalyzer>, u'\\u0434\\u0435\\u0441\\u044f\\u0442\\u044c', 889, 0),)"},"sentenceIndex":[5],"words":["десять"],"wordsIndex":[11]},"дешёвый":{"params":{"class":"к","classMask":4,"info":{"isCapital":false,"isUpper":false},"stack":"((<DictionaryAnalyzer>, u'\\u0434\\u0435\\u0448\\u0435\\u0432\\u043b\\u0435', 1278, 33),)"},"sentenceIndex":[3],"words":["дешевле"],"wordsIndex":[11]},"дональд":{"params":{"class":"имя","classMask":22,"info":{"isCapital":true,"isUpper":false},"stack":"((<DictionaryAnalyzer>, u'\\u0434\\u043e\\u043d\\u0430\\u043b\\u044c\\u0434', 26, 0),)"},"sentenceIndex":[4],"words":["Дональд"],"wordsIndex":[2]},"другой":{"params":{"class":"п","classMask":2,"info":{"isCapital":false,"isUpper":false},"stack":"((<DictionaryAnalyzer>, u'\\u0434\\u0440\\u0443\\u0433\\u0438\\u0445', 1362, 21),)"},"sentenceIndex":[9],"words":["других"],"wordsIndex":[3]},"единственный":{"params":{"class":"п","classMask":2,"info":{"isCapital":false,"isUpper":false},"stack":"((<DictionaryAnalyzer>, u'\\u0435\\u0434\\u0438\\u043d\\u0441\\u0442\\u0432\\u0435\\u043d\\u043d\\u044b\\u0439', 671, 4),)"},"sentenceIndex":[7],"words":["единственный"],"wordsIndex":[3]},"за":{"params":{"class":"предл","classMask":14,"info":{"isCapital":false,"isUpper":false},"stack":"((<DictionaryAnalyzer>, u'\\u0437\\u0430', 24, 0),)"},"sentenceIndex":[1],"words":["за"],"wordsIndex":[5]},"закончиться":{"params":{"class":"г","classMask":5,"info":{"isCapital":false,"isUpper":false},"stack":"((<DictionaryAnalyzer>, u'\\u0437\\u0430\\u043a\\u043e\\u043d\\u0447\\u0438\\u043b\\u0438\\u0441\\u044c', 804, 4),)"},"sentenceIndex":[6],"words":["закончились"],"wordsIndex":[2]},"заморозить":{"params":{"class":"г","classMask":5,"info":{"isCapital":false,"isUpper":false},"stack":"((<DictionaryAnalyzer>, u'\\u0437\\u0430\\u043c\\u043e\\u0440\\u043e\\u0437\\u0438\\u043b\\u0438', 821, 4),)"},"sentenceIndex":[10],"words":["заморозили"],"wordsIndex":[18]},"и":{"params":{"class":"символ","classMask":20,"info":{},"stack":""},"sentenceIndex":[1,3,9,10],"words":["и","и","и","и"],"wordsIndex":[12,12,9,16]},"инициатива":{"params":{"class":"с","classMask":1,"info":{"isCapital":false,"isUpper":false},"stack":"((<DictionaryAnalyzer>, u'\\u0438\\u043d\\u0438\\u0446\\u0438\\u0430\\u0442\\u0438\\u0432\\u0430\\u0445', 55, 12),)"},"sentenceIndex":[9],"words":["инициативах"],"wordsIndex":[5]},"использовать":{"params":{"class":"инфинитив","classMask":6,"info":{"isCapital":false,"isUpper":false},"stack":"((<DictionaryAnalyzer>, u'\\u0438\\u0441\\u043f\\u043e\\u043b\\u044c\\u0437\\u043e\\u0432\\u0430\\u0442\\u044c', 75, 0),)"},"sentenceIndex":[0],"words":["использовать"],"wordsIndex":[9]},"как":{"params":{"class":"союз","classMask":15,"info":{"isCapital":true,"isUpper":false},"stack":"((<DictionaryAnalyzer>, u'\\u043a\\u0430\\u043a', 1673, 0),)"},"sentenceIndex":[5],"words":["Как"],"wordsIndex":[0]},"киев":{"params":{"class":"имя","classMask":22,"info":{"isCapital":true,"isUpper":false},"stack":"((<DictionaryAnalyzer>, u'\\u043a\\u0438\\u0435\\u0432\\u0430', 32, 1),)"},"sentenceIndex":[2,10],"words":["Киева","Киева"],"wordsIndex":[6,12]},"километр":{"params":{"class":"с","classMask":1,"info":{"isCapital":false,"isUpper":false},"stack":"((<DictionaryAnalyzer>, u'\\u043a\\u0438\\u043b\\u043e\\u043c\\u0435\\u0442\\u0440', 1702, 0),)"},"sentenceIndex":[5],"words":["километр"],"wordsIndex":[7]},"кончиться":{"params":{"class":"г","classMask":5,"info":{"isCapital":false,"isUpper":false},"stack":"((<DictionaryAnalyzer>, u'\\u043a\\u043e\\u043d\\u0447\\u0438\\u043b\\u0438\\u0441\\u044c', 804, 4),)"},"sentenceIndex":[2,10],"words":["кончились","кончились"],"wordsIndex":[7,14]},"который":{"params":{"class":"п","classMask":2,"info":{"isCapital":false,"isUpper":false},"stack":"((<DictionaryAnalyzer>, u'\\u043a\\u043e\\u0442\\u043e\\u0440\\u043e\\u0433\\u043e', 1788, 14),)"},"sentenceIndex":[3,9],"words":["которого","которые"],"wordsIndex":[6,7]},"луганский":{"params":{"class":"имя","classMask":22,"info":{"isCapital":true,"isUpper":false},"stack":"((<DictionaryAnalyzer>, u'\\u043b\\u0443\\u0433\\u0430\\u043d\\u0441\\u043a\\u043e\\u0439', 16, 8),)"},"sentenceIndex":[1],"words":["Луганской"],"wordsIndex":[10]},"мексика":{"params":{"class":"имя","classMask":1122,"info":{"isCapital":true,"isCountry":true,"isUpper":false},"stack":"((<DictionaryAnalyzer>, u'\\u043c\\u0435\\u043a\\u0441\\u0438\\u043a\\u043e\\u0439', 51, 4),)"},"sentenceIndex":[0,4],"words":["Мексикой","Мексикой"],"wordsIndex":[18,13]},"миллион":{"params":{"class":"с","classMask":1,"info":{"isCapital":false,"isUpper":false},"stack":"((<DictionaryAnalyzer>, u'\\u043c\\u0438\\u043b\\u043b\\u0438\\u043e\\u043d\\u043e\\u0432', 1949, 7),)"},"sentenceIndex":[5],"words":["миллионов"],"wordsIndex":[12]},"министр":{"params":{"class":"с","classMask":1,"info":{"isCapital":false,"isUpper":false},"stack":"((<DictionaryAnalyzer>, u'\\u043c\\u0438\\u043d\\u0438\\u0441\\u0442\\u0440', 52, 0),)"},"sentenceIndex":[0],"words":["министр"],"wordsIndex":[2]},"министр-премьер":{"params":{"class":"с","classMask":1201,"info":{"comboClassStats":{"с":2},"isCapital":false,"isCombo":true,"isUpper":false},"stack":"<classByLadder>"},"sentenceIndex":[0],"words":["премьер-министр"],"wordsIndex":[3]},"на":{"params":{"class":"предл","classMask":14,"info":{"isCapital":false,"isUpper":false},"stack":"((<DictionaryAnalyzer>, u'\\u043d\\u0430', 24, 0),)"},"sentenceIndex":[0,1,4,6,6,10],"words":["на","на","на","на","на","на"],"wordsIndex":[15,8,10,4,7,6]},"начать":{"params":{"class":"г","classMask":5,"info":{"isCapital":false,"isUpper":false},"stack":"((<DictionaryAnalyzer>, u'\\u043d\\u0430\\u0447\\u0430\\u043b\\u0438', 1302, 4),)"},"sentenceIndex":[2,4],"words":["начали","начать"],"wordsIndex":[1,7]},"не":{"params":{"class":"част","classMask":16,"info":{"isCapital":false,"isUpper":false},"stack":"((<DictionaryAnalyzer>, u'\\u043d\\u0435', 22, 0),)"},"sentenceIndex":[7,9],"words":["не","не"],"wordsIndex":[2,10]},"несколько":{"params":{"class":"н","classMask":11,"info":{"isCapital":false,"isUpper":false},"stack":"((<DictionaryAnalyzer>, u'\\u043d\\u0435\\u0441\\u043a\\u043e\\u043b\\u044c\\u043a\\u043e', 3, 0),)"},"sentenceIndex":[5],"words":["несколько"],"wordsIndex":[20]},"ниже":{"params":{"class":"предл","classMask":14,"info":{"isCapital":false,"isUpper":false},"stack":"((<DictionaryAnalyzer>, u'\\u043d\\u0438\\u0436\\u0435', 24, 0),)"},"sentenceIndex":[5],"words":["ниже"],"wordsIndex":[23]},"но":{"params":{"class":"союз","classMask":15,"info":{"isCapital":false,"isUpper":false},"stack":"((<DictionaryAnalyzer>, u'\\u043d\\u043e', 20, 0),)"},"sentenceIndex":[2,10],"words":["но","но"],"wordsIndex":[3,10]},"о":{"params":{"class":"символ","classMask":20,"info":{},"stack":""},"sentenceIndex":[9],"words":["о"],"wordsIndex":[2]},"область":{"params":{"class":"с","classMask":1,"info":{"isCapital":false,"isUpper":false},"stack":"((<DictionaryAnalyzer>, u'\\u043e\\u0431\\u043b\\u0430\\u0441\\u0442\\u0438', 2150, 5),)"},"sentenceIndex":[1],"words":["области"],"wordsIndex":[11]},"обойтись":{"params":{"class":"г","classMask":5,"info":{"isCapital":false,"isUpper":false},"stack":"((<DictionaryAnalyzer>, u'\\u043e\\u0431\\u043e\\u0439\\u0434\\u0451\\u0442\\u0441\\u044f', 1481, 9),)"},"sentenceIndex":[5],"words":["обойдется"],"wordsIndex":[9]},"ограждение":{"params":{"class":"с","classMask":1,"info":{"isCapital":false,"isUpper":false},"stack":"((<DictionaryAnalyzer>, u'\\u043e\\u0433\\u0440\\u0430\\u0436\\u0434\\u0435\\u043d\\u0438\\u044f', 76, 2),)"},"sentenceIndex":[1,5],"words":["ограждения","ограждений"],"wordsIndex":[7,8]},"один":{"params":{"class":"п","classMask":2,"info":{"isCapital":false,"isUpper":false},"stack":"((<DictionaryAnalyzer>, u'\\u043e\\u0434\\u0438\\u043d', 2198, 0),)"},"sentenceIndex":[5],"words":["один"],"wordsIndex":[6]},"он":{"params":{"class":"мс","classMask":12,"info":{"isCapital":false,"isUpper":false},"stack":"((<DictionaryAnalyzer>, u'\\u0435\\u0433\\u043e', 2208, 5),)"},"sentenceIndex":[0,3,3,5],"words":["его","его","его","его"],"wordsIndex":[10,3,8,15]},"передавать":{"params":{"class":"г","classMask":5,"info":{"isCapital":false,"isUpper":false},"stack":"((<DictionaryAnalyzer>, u'\\u043f\\u0435\\u0440\\u0435\\u0434\\u0430\\u0451\\u0442', 2308, 5),)"},"sentenceIndex":[0],"words":["передает"],"wordsIndex":[19]},"по":{"params":{"class":"предл","classMask":14,"info":{"isCapital":false,"isUpper":false},"stack":"((<DictionaryAnalyzer>, u'\\u043f\\u043e', 24, 0),)"},"sentenceIndex":[0,3,5],"words":["по","по","по"],"wordsIndex":[12,7,3]},"построить":{"params":{"class":"инфинитив","classMask":6,"info":{"isCapital":false,"isUpper":false},"stack":"((<DictionaryAnalyzer>, u'\\u043f\\u043e\\u0441\\u0442\\u0440\\u043e\\u0438\\u0442\\u044c', 457, 0),)"},"sentenceIndex":[10],"words":["построить"],"wordsIndex":[4]},"предложить":{"params":{"class":"г","classMask":5,"info":{"isCapital":false,"isUpper":false},"stack":"((<DictionaryAnalyzer>, u'\\u043f\\u0440\\u0435\\u0434\\u043b\\u043e\\u0436\\u0438\\u043b', 634, 1),)"},"sentenceIndex":[0,3],"words":["предложил","предложил"],"wordsIndex":[7,1]},"президент":{"params":{"class":"с","classMask":1,"info":{"isCapital":true,"isUpper":false},"stack":"((<DictionaryAnalyzer>, u'\\u043f\\u0440\\u0435\\u0437\\u0438\\u0434\\u0435\\u043d\\u0442', 52, 0),)"},"sentenceIndex":[4],"words":["Президент"],"wordsIndex":[0]},"премьер":{"params":{"class":"с","classMask":1,"info":{"isCapital":false,"isUpper":false},"stack":"((<DictionaryAnalyzer>, u'\\u043f\\u0440\\u0435\\u043c\\u044c\\u0435\\u0440', 52, 0),)"},"sentenceIndex":[0,1,10],"words":["премьер","премьером","премьер"],"wordsIndex":[1,2,1]},"премьера":{"params":{"class":"с","classMask":1,"info":{"isCapital":false,"isUpper":false},"stack":"((<DictionaryAnalyzer>, u'\\u043f\\u0440\\u0435\\u043c\\u044c\\u0435\\u0440\\u0430', 55, 0),)"},"sentenceIndex":[7],"words":["премьера"],"wordsIndex":[8]},"проект":{"params":{"class":"с","classMask":1,"info":{"isCapital":false,"isUpper":false},"stack":"((<DictionaryAnalyzer>, u'\\u043f\\u0440\\u043e\\u0435\\u043a\\u0442', 33, 0),)"},"sentenceIndex":[0,3,5,7,10],"words":["проект","проект","проекте","проект","проект"],"wordsIndex":[11,4,16,5,17]},"раз":{"params":{"class":"с","classMask":1,"info":{"isCapital":false,"isUpper":false},"stack":"((<DictionaryAnalyzer>, u'\\u0440\\u0430\\u0437', 2630, 3),)"},"sentenceIndex":[5],"words":["раз"],"wordsIndex":[22]},"распорядиться":{"params":{"class":"г","classMask":5,"info":{"isCapital":false,"isUpper":false},"stack":"((<DictionaryAnalyzer>, u'\\u0440\\u0430\\u0441\\u043f\\u043e\\u0440\\u044f\\u0434\\u0438\\u043b\\u0441\\u044f', 643, 1),)"},"sentenceIndex":[4],"words":["распорядился"],"wordsIndex":[6]},"рассказать":{"params":{"class":"г","classMask":5,"info":{"isCapital":false,"isUpper":false},"stack":"((<DictionaryAnalyzer>, u'\\u0440\\u0430\\u0441\\u0441\\u043a\\u0430\\u0437\\u0430\\u043b', 638, 1),)"},"sentenceIndex":[5],"words":["рассказал"],"wordsIndex":[1]},"рассказывать":{"params":{"class":"г","classMask":5,"info":{"isCapital":false,"isUpper":false},"stack":"((<DictionaryAnalyzer>, u'\\u0440\\u0430\\u0441\\u0441\\u043a\\u0430\\u0437\\u044b\\u0432\\u0430\\u0435\\u0442', 206, 5),)"},"sentenceIndex":[9],"words":["рассказывает"],"wordsIndex":[1]},"расчёт":{"params":{"class":"с","classMask":1,"info":{"isCapital":false,"isUpper":false},"stack":"((<DictionaryAnalyzer>, u'\\u0440\\u0430\\u0441\\u0447\\u0451\\u0442\\u0430\\u043c', 33, 8),)"},"sentenceIndex":[5],"words":["расчетам"],"wordsIndex":[4]},"реализация":{"params":{"class":"с","classMask":1,"info":{"isCapital":false,"isUpper":false},"stack":"((<DictionaryAnalyzer>, u'\\u0440\\u0435\\u0430\\u043b\\u0438\\u0437\\u0430\\u0446\\u0438\\u044f', 40, 0),)"},"sentenceIndex":[3],"words":["реализация"],"wordsIndex":[5]},"реализовать":{"params":{"class":"кр_причастие","classMask":8,"info":{"isCapital":false,"isUpper":false},"stack":"((<DictionaryAnalyzer>, u'\\u0440\\u0435\\u0430\\u043b\\u0438\\u0437\\u043e\\u0432\\u0430\\u043d\\u044b', 75, 202),)"},"sentenceIndex":[9],"words":["реализованы"],"wordsIndex":[12]},"резонансный":{"params":{"class":"п","classMask":2,"info":{"isCapital":false,"isUpper":false},"stack":"((<DictionaryAnalyzer>, u'\\u0440\\u0435\\u0437\\u043e\\u043d\\u0430\\u043d\\u0441\\u043d\\u044b\\u0439', 34, 0),)"},"sentenceIndex":[7],"words":["резонансный"],"wordsIndex":[4]},"россия":{"params":{"class":"имя","classMask":1122,"info":{"isCapital":true,"isCountry":true,"isUpper":false},"stack":"((<DictionaryAnalyzer>, u'\\u0440\\u043e\\u0441\\u0441\\u0438\\u0438', 70, 1),)"},"sentenceIndex":[1,6,10],"words":["России","Россией","Россией"],"wordsIndex":[13,10,9]},"с":{"params":{"class":"символ","classMask":20,"info":{},"stack":""},"sentenceIndex":[0,4,6,10],"words":["с","с","с","с"],"wordsIndex":[17,12,9,8]},"слово":{"params":{"class":"с","classMask":1,"info":{"isCapital":false,"isUpper":false},"stack":"((<DictionaryAnalyzer>, u'\\u0441\\u043b\\u043e\\u0432\\u0430\\u043c', 54, 8),)"},"sentenceIndex":[3],"words":["словам"],"wordsIndex":[9]},"собираться":{"params":{"class":"г","classMask":5,"info":{"isCapital":false,"isUpper":false},"stack":"((<DictionaryAnalyzer>, u'\\u0441\\u043e\\u0431\\u0438\\u0440\\u0430\\u043b\\u0441\\u044f', 224, 7),)"},"sentenceIndex":[10],"words":["собирался"],"wordsIndex":[3]},"стен":{"params":{"class":"с","classMask":1,"info":{"isCapital":true,"isUpper":false},"stack":"((<DictionaryAnalyzer>, u'\\u0441\\u0442\\u0435\\u043d\\u0443', 33, 2),)"},"sentenceIndex":[2,7,10],"words":["Стену","Стена","стену"],"wordsIndex":[0,0,5]},"стена":{"params":{"class":"с","classMask":1,"info":{"isCapital":false,"isUpper":false},"stack":"((<DictionaryAnalyzer>, u'\\u0441\\u0442\\u0435\\u043d\\u044b', 55, 1),)"},"sentenceIndex":[0,4,6],"words":["стены","стены","стены"],"wordsIndex":[14,9,6]},"стоимость":{"params":{"class":"с","classMask":1,"info":{"isCapital":false,"isUpper":false},"stack":"((<DictionaryAnalyzer>, u'\\u0441\\u0442\\u043e\\u0438\\u043c\\u043e\\u0441\\u0442\\u044c', 13, 0),)"},"sentenceIndex":[5],"words":["стоимость"],"wordsIndex":[17]},"строительство":{"params":{"class":"с","classMask":1,"info":{"isCapital":false,"isUpper":false},"stack":"((<DictionaryAnalyzer>, u'\\u0441\\u0442\\u0440\\u043e\\u0438\\u0442\\u0435\\u043b\\u044c\\u0441\\u0442\\u0432\\u0443', 54, 2),)"},"sentenceIndex":[0,1,4,6],"words":["строительству","строительство","строительство","строительство"],"wordsIndex":[13,6,8,5]},"строить":{"params":{"class":"инфинитив","classMask":6,"info":{"isCapital":false,"isUpper":false},"stack":"((<DictionaryAnalyzer>, u'\\u0441\\u0442\\u0440\\u043e\\u0438\\u0442\\u044c', 427, 0),)"},"sentenceIndex":[2],"words":["строить"],"wordsIndex":[2]},"сша":{"params":{"class":"с","classMask":1,"info":{"isCapital":false,"isUpper":true},"stack":"((<DictionaryAnalyzer>, u'\\u0441\\u0448\\u0430', 1828, 1),)"},"sentenceIndex":[0,3,4,5],"words":["США","США","США","США"],"wordsIndex":[8,2,1,5]},"так":{"params":{"class":"союз","classMask":15,"info":{"isCapital":false,"isUpper":false},"stack":"((<DictionaryAnalyzer>, u'\\u0442\\u0430\\u043a', 20, 0),)"},"sentenceIndex":[9],"words":["так"],"wordsIndex":[8]},"тасс":{"params":{"class":"с","classMask":1,"info":{"isCapital":false,"isUpper":true},"stack":"((<DictionaryAnalyzer>, u'\\u0442\\u0430\\u0441\\u0441', 47, 0),)"},"sentenceIndex":[0],"words":["ТАСС"],"wordsIndex":[20]},"трамп":{"params":{"class":"имя","classMask":22,"info":{"isCapital":true,"isUpper":false},"stack":"((<DictionaryAnalyzer>, u'\\u0442\\u0440\\u0430\\u043c\\u043f', 33, 0),)"},"sentenceIndex":[4],"words":["Трамп"],"wordsIndex":[3]},"у":{"params":{"class":"символ","classMask":20,"info":{},"stack":""},"sentenceIndex":[2,6,10],"words":["у","У","у"],"wordsIndex":[5,0,11]},"украина":{"params":{"class":"имя","classMask":1122,"info":{"isCapital":true,"isCountry":true,"isUpper":false},"stack":"((<DictionaryAnalyzer>, u'\\u0443\\u043a\\u0440\\u0430\\u0438\\u043d\\u044b', 35, 1),)"},"sentenceIndex":[0,6,10],"words":["Украины","Украины","Украины"],"wordsIndex":[4,1,2]},"украинский":{"params":{"class":"п","classMask":2,"info":{"isCapital":false,"isUpper":false},"stack":"((<DictionaryAnalyzer>, u'\\u0443\\u043a\\u0440\\u0430\\u0438\\u043d\\u0441\\u043a\\u043e\\u0433\\u043e', 228, 15),)"},"sentenceIndex":[7],"words":["украинского"],"wordsIndex":[7]},"эпатажный":{"params":{"class":"п","classMask":2,"info":{"isCapital":false,"isUpper":false},"stack":"((<FakeDictionary>, u'\\u044d\\u043f\\u0430\\u0442\\u0430\\u0436\\u043d\\u044b\\u0445', 10, 21), (<KnownSuffixAnalyzer>, u'\\u0430\\u0436\\u043d\\u044b\\u0445'))"},"sentenceIndex":[9],"words":["эпатажных"],"wordsIndex":[4]},"эффективный":{"params":{"class":"к","classMask":4,"info":{"isCapital":false,"isUpper":false},"stack":"((<DictionaryAnalyzer>, u'\\u044d\\u0444\\u0444\\u0435\\u043a\\u0442\\u0438\\u0432\\u043d\\u0435\\u0435', 86, 58),)"},"sentenceIndex":[3],"words":["эффективнее"],"wordsIndex":[13]},"январь":{"params":{"class":"с","classMask":1,"info":{"isCapital":false,"isUpper":false},"stack":"((<DictionaryAnalyzer>, u'\\u044f\\u043d\\u0432\\u0430\\u0440\\u0435', 190, 5),)"},"sentenceIndex":[4],"words":["январе"],"wordsIndex":[5]},"яценюк":{"params":{"class":"имя","classMask":22,"info":{"isCapital":true,"isUpper":false},"stack":"((<DictionaryAnalyzer>, u'\\u043d\\u044e\\u043a', 73, 0), (<UnknownPrefixAnalyzer>, u'\\u044f\\u0446\\u0435'))"},"sentenceIndex":[0,1,3,5,7,9],"words":["Яценюк","Яценюк","Яценюк","Яценюк","Яценюка","Яценюка"],"wordsIndex":[6,0,0,2,1,6]}}