{"000":{"params":{"class":"наим","classMask":19,"info":{},"stack":""},"sentenceIndex":[11],"words":["000"],"wordsIndex":[7]},"1976":{"params":{"class":"наим","classMask":19,"info":{},"stack":""},"sentenceIndex":[2],"words":["1976"],"wordsIndex":[4]},"1978":{"params":{"class":"наим","classMask":19,"info":{},"stack":""},"sentenceIndex":[8],"words":["1978"],"wordsIndex":[1]},"2009":{"params":{"class":"наим","classMask":19,"info":{},"stack":""},"sentenceIndex":[10],"words":["2009"],"wordsIndex":[2]},"30":{"params":{"class":"наим","classMask":19,"info":{},"stack":""},"sentenceIndex":[11],"words":["30"],"wordsIndex":[6]},"500":{"params":{"class":"наим","classMask":19,"info":{},"stack":""},"sentenceIndex":[0,12],"words":["500","500"],"wordsIndex":[17,10]},"9":{"params":{"class":"число","classMask":10,"info":{},"stack":""},"sentenceIndex":[10],"words":["9"],"wordsIndex":[0]},"90":{"params":{"class":"наим","classMask":19,"info":{},"stack":""},"sentenceIndex":[6],"words":["90"],"wordsIndex":[6]},"91":{"params":{"class":"наим","classMask":19,"info":{},"stack":""},"sentenceIndex":[11],"words":["91"],"wordsIndex":[9]},"а":{"params":{"class":"символ","classMask":20,"info":{},"stack":""},"sentenceIndex":[7,12],"words":["а","а"],"wordsIndex":[14,17]},"альпийский":{"params":{"class":"п","classMask":2,"info":{"isCapital":false,"isUpper":false},"stack":"((<DictionaryAnalyzer>, u'\\u0430\\u043b\\u044c\\u043f\\u0438\\u0439\\u0441\\u043a\\u0438\\u0445', 16, 21),)"},"sentenceIndex":[12],"words":["альпийских"],"wordsIndex":[21]},"благодаря":{"params":{"class":"предл","classMask":14,"info":{"isCapital":false,"isUpper":false},"stack":"((<DictionaryAnalyzer>, u'\\u0431\\u043b\\u0430\\u0433\\u043e\\u0434\\u0430\\u0440\\u044f', 24, 0),)"},"sentenceIndex":[6],"words":["благодаря"],"wordsIndex":[2]},"более":{"params":{"class":"н","classMask":11,"info":{"isCapital":false,"isUpper":false},"stack":"((<DictionaryAnalyzer>, u'\\u0431\\u043e\\u043b\\u0435\\u0435', 3, 0),)"},"sentenceIndex":[10],"words":["более"],"wordsIndex":[27]},"больший":{"params":{"class":"п","classMask":2,"info":{"isCapital":false,"isUpper":false},"stack":"((<DictionaryAnalyzer>, u'\\u0431\\u043e\\u043b\\u044c\\u0448\\u0435\\u0439', 506, 11),)"},"sentenceIndex":[11],"words":["большей"],"wordsIndex":[17]},"большой":{"params":{"class":"имя","classMask":22,"info":{"isCapital":true,"isUpper":false},"stack":"((<DictionaryAnalyzer>, u'\\u0431\\u043e\\u043b\\u044c\\u0448\\u043e\\u0439', 507, 8),)"},"sentenceIndex":[11],"words":["Большой"],"wordsIndex":[10]},"будущее":{"params":{"class":"с","classMask":1,"info":{"isCapital":false,"isUpper":false},"stack":"((<DictionaryAnalyzer>, u'\\u0431\\u0443\\u0434\\u0443\\u0449\\u0435\\u043c', 501, 5),)"},"sentenceIndex":[11],"words":["будущем"],"wordsIndex":[1]},"быть":{"params":{"class":"г","classMask":5,"info":{"isCapital":false,"isUpper":false},"stack":"((<DictionaryAnalyzer>, u'\\u0431\\u044b\\u043b', 587, 4),)"},"sentenceIndex":[2,11],"words":["был","будет"],"wordsIndex":[1,4]},"в":{"params":{"class":"символ","classMask":20,"info":{},"stack":""},"sentenceIndex":[0,0,0,2,3,6,8,10,11,11],"words":["в","в","в","в","В","в","В","в","В","в"],"wordsIndex":[7,16,28,3,0,8,0,29,0,13]},"вирджиния":{"params":{"class":"имя","classMask":22,"info":{"isCapital":true,"isUpper":false},"stack":"((<DictionaryAnalyzer>, u'\\u0432\\u0438\\u0440\\u0434\\u0436\\u0438\\u043d\\u0438\\u044f', 63, 0),)"},"sentenceIndex":[6,16],"words":["Вирджиния","Вирджиния"],"wordsIndex":[4,1]},"включая":{"params":{"class":"предл","classMask":14,"info":{"isCapital":false,"isUpper":false},"stack":"((<DictionaryAnalyzer>, u'\\u0432\\u043a\\u043b\\u044e\\u0447\\u0430\\u044f', 24, 0),)"},"sentenceIndex":[11],"words":["включая"],"wordsIndex":[8]},"водопад":{"params":{"class":"с","classMask":1,"info":{"isCapital":true,"isUpper":false},"stack":"((<DictionaryAnalyzer>, u'\\u0432\\u043e\\u0434\\u043e\\u043f\\u0430\\u0434\\u0443', 33, 2),)"},"sentenceIndex":[6,6,16],"words":["водопаду","водопада","Водопад"],"wordsIndex":[3,13,0]},"водораздел":{"params":{"class":"с","classMask":1,"info":{"isCapital":false,"isUpper":false},"stack":"((<DictionaryAnalyzer>, u'\\u0432\\u043e\\u0434\\u043e\\u0440\\u0430\\u0437\\u0434\\u0435\\u043b\\u0430', 33, 1),)"},"sentenceIndex":[11],"words":["водораздела"],"wordsIndex":[19]},"всемирный":{"params":{"class":"имя","classMask":22,"info":{"isCapital":true,"isUpper":false},"stack":"((<DictionaryAnalyzer>, u'\\u0432\\u0441\\u0435\\u043c\\u0438\\u0440\\u043d\\u044b\\u043c', 12, 5),)"},"sentenceIndex":[8],"words":["Всемирным"],"wordsIndex":[5]},"высокий":{"params":{"class":"п","classMask":2,"info":{"isCapital":false,"isUpper":false},"stack":"((<DictionaryAnalyzer>, u'\\u0432\\u044b\\u0441\\u043e\\u043a\\u0438\\u0435', 1086, 20),)"},"sentenceIndex":[13],"words":["высокие"],"wordsIndex":[3]},"высота":{"params":{"class":"с","classMask":1,"info":{"isCapital":false,"isUpper":false},"stack":"((<DictionaryAnalyzer>, u'\\u0432\\u044b\\u0441\\u043e\\u0442\\u043e\\u0439', 55, 4),)"},"sentenceIndex":[6],"words":["высотой"],"wordsIndex":[5]},"выше":{"params":{"class":"н","classMask":11,"info":{"isCapital":false,"isUpper":false},"stack":"((<DictionaryAnalyzer>, u'\\u0432\\u044b\\u0448\\u0435', 3, 0),)"},"sentenceIndex":[6],"words":["выше"],"wordsIndex":[11]},"галерея":{"params":{"class":"с","classMask":1,"info":{"isCapital":true,"isUpper":false},"stack":"((<DictionaryAnalyzer>, u'\\u0433\\u0430\\u043b\\u0435\\u0440\\u0435\\u044f', 233, 0),)"},"sentenceIndex":[14],"words":["Галерея"],"wordsIndex":[0]},"год":{"params":{"class":"с","classMask":1,"info":{"isCapital":false,"isUpper":false},"stack":"((<DictionaryAnalyzer>, u'\\u0433\\u043e\\u0434\\u0443', 1168, 6),)"},"sentenceIndex":[2,8,10],"words":["году","году","года"],"wordsIndex":[5,2,3]},"гора":{"params":{"class":"с","classMask":1,"info":{"isCapital":false,"isUpper":false},"stack":"((<DictionaryAnalyzer>, u'\\u0433\\u043e\\u0440', 55, 8),)"},"sentenceIndex":[0,13],"words":["гор","горы"],"wordsIndex":[31,4]},"гризли":{"params":{"class":"с","classMask":1,"info":{"isCapital":false,"isUpper":false},"stack":"((<DictionaryAnalyzer>, u'\\u0433\\u0440\\u0438\\u0437\\u043b\\u0438', 23, 0),)"},"sentenceIndex":[12],"words":["гризли"],"wordsIndex":[12]},"два":{"params":{"class":"имя","classMask":22,"info":{"isCapital":true,"isUpper":false},"stack":"((<DictionaryAnalyzer>, u'\\u0432\\u0442\\u043e\\u0440\\u043e\\u0439', 1248, 20),)"},"sentenceIndex":[5,6,12],"words":["Второй","два","двух"],"wordsIndex":[9,9,13]},"ден":{"params":{"class":"с","classMask":1,"info":{"isCapital":false,"isUpper":false},"stack":"((<DictionaryAnalyzer>, u'\\u0434\\u0435\\u043d\\u0435', 26, 5),)"},"sentenceIndex":[3,10],"words":["дене","дене"],"wordsIndex":[3,12]},"дехчо":{"params":{"class":"имя","classMask":22,"info":{"isCapital":true,"isUpper":false},"stack":"((<FakeDictionary>, u'\\u0434\\u0435\\u0445\\u0447\\u043e', 23, 0), (<KnownSuffixAnalyzer>, u'\\u0447\\u043e'))"},"sentenceIndex":[10],"words":["Дехчо"],"wordsIndex":[7]},"дешо":{"params":{"class":"имя","classMask":22,"info":{"isCapital":true,"isUpper":false},"stack":"((<FakeDictionary>, u'\\u0434\\u0435\\u0448\\u043e', 25, 0), (<KnownSuffixAnalyzer>, u'\\u0448\\u043e'))"},"sentenceIndex":[11],"words":["Дешо"],"wordsIndex":[15]},"долина":{"params":{"class":"с","classMask":1,"info":{"isCapital":false,"isUpper":false},"stack":"((<DictionaryAnalyzer>, u'\\u0434\\u043e\\u043b\\u0438\\u043d\\u0435', 55, 6),)"},"sentenceIndex":[0],"words":["долине"],"wordsIndex":[8]},"душить":{"params":{"class":"деепричастие","classMask":9,"info":{"isCapital":false,"isUpper":false},"stack":"((<DictionaryAnalyzer>, u'\\u0434\\u0443\\u0448\\u0430', 868, 121),)"},"sentenceIndex":[4],"words":["душа"],"wordsIndex":[4]},"ель":{"params":{"class":"с","classMask":1,"info":{"isCapital":false,"isUpper":false},"stack":"((<DictionaryAnalyzer>, u'\\u0435\\u043b\\u0435\\u0439', 13, 7),)"},"sentenceIndex":[7],"words":["елей"],"wordsIndex":[11]},"законодательство":{"params":{"class":"с","classMask":1,"info":{"isCapital":false,"isUpper":false},"stack":"((<DictionaryAnalyzer>, u'\\u0437\\u0430\\u043a\\u043e\\u043d\\u043e\\u0434\\u0430\\u0442\\u0435\\u043b\\u044c\\u0441\\u0442\\u0432\\u0435', 54, 5),)"},"sentenceIndex":[10],"words":["законодательстве"],"wordsIndex":[20]},"запад":{"params":{"class":"с","classMask":1,"info":{"isCapital":false,"isUpper":false},"stack":"((<DictionaryAnalyzer>, u'\\u0437\\u0430\\u043f\\u0430\\u0434', 32, 0),)"},"sentenceIndex":[0],"words":["запад"],"wordsIndex":[20]},"западный":{"params":{"class":"имя","classMask":22,"info":{"isCapital":true,"isUpper":false},"stack":"((<DictionaryAnalyzer>, u'\\u0437\\u0430\\u043f\\u0430\\u0434\\u043d\\u044b\\u0445', 12, 21),)"},"sentenceIndex":[0,10,13],"words":["Западных","Западных","Западных"],"wordsIndex":[24,14,9]},"западный-северо":{"params":{"class":"имя","classMask":1222,"info":{"comboClassStats":{"н":1,"п":1},"isCapital":true,"isCombo":true,"isUpper":false},"stack":"<classByLadder>"},"sentenceIndex":[0,10,13],"words":["Северо-Западных","Северо-Западных","Северо-Западных"],"wordsIndex":[25,15,10]},"здесь":{"params":{"class":"н","classMask":11,"info":{"isCapital":true,"isUpper":false},"stack":"((<DictionaryAnalyzer>, u'\\u0437\\u0434\\u0435\\u0441\\u044c', 385, 0),)"},"sentenceIndex":[13],"words":["Здесь"],"wordsIndex":[0]},"и":{"params":{"class":"символ","classMask":20,"info":{},"stack":""},"sentenceIndex":[5,7,11,12,13],"words":["и","и","и","и","и"],"wordsIndex":[11,12,16,23,5]},"из":{"params":{"class":"предл","classMask":14,"info":{"isCapital":false,"isUpper":false},"stack":"((<DictionaryAnalyzer>, u'\\u0438\\u0437', 375, 0),)"},"sentenceIndex":[7],"words":["из"],"wordsIndex":[10]},"известный":{"params":{"class":"кр_прил","classMask":3,"info":{"isCapital":false,"isUpper":false},"stack":"((<DictionaryAnalyzer>, u'\\u0438\\u0437\\u0432\\u0435\\u0441\\u0442\\u043d\\u0430', 86, 55),)"},"sentenceIndex":[6],"words":["известна"],"wordsIndex":[1]},"источник":{"params":{"class":"с","classMask":1,"info":{"isCapital":false,"isUpper":false},"stack":"((<DictionaryAnalyzer>, u'\\u0438\\u0441\\u0442\\u043e\\u0447\\u043d\\u0438\\u043a\\u0438', 19, 6),)"},"sentenceIndex":[7],"words":["источники"],"wordsIndex":[6]},"июнь":{"params":{"class":"с","classMask":1,"info":{"isCapital":false,"isUpper":false},"stack":"((<DictionaryAnalyzer>, u'\\u0438\\u044e\\u043d\\u044f', 91, 1),)"},"sentenceIndex":[10],"words":["июня"],"wordsIndex":[1]},"йеллоунайф":{"params":{"class":"имя","classMask":22,"info":{"isCapital":true,"isUpper":false},"stack":"((<FakeDictionary>, u'\\u0439\\u0435\\u043b\\u043b\\u043e\\u0443\\u043d\\u0430\\u0439\\u0444', 33, 0), (<KnownSuffixAnalyzer>, u'\\u0430\\u0439\\u0444'))"},"sentenceIndex":[0],"words":["Йеллоунайф"],"wordsIndex":[27]},"к":{"params":{"class":"символ","classMask":20,"info":{},"stack":""},"sentenceIndex":[12],"words":["к"],"wordsIndex":[1]},"кальций":{"params":{"class":"с","classMask":1,"info":{"isCapital":false,"isUpper":false},"stack":"((<DictionaryAnalyzer>, u'\\u043a\\u0430\\u043b\\u044c\\u0446\\u0438\\u044f', 81, 1),)"},"sentenceIndex":[7],"words":["кальция"],"wordsIndex":[20]},"канада":{"params":{"class":"имя","classMask":1122,"info":{"isCapital":true,"isCountry":true,"isUpper":false},"stack":"((<DictionaryAnalyzer>, u'\\u043a\\u0430\\u043d\\u0430\\u0434\\u044b', 35, 1),)"},"sentenceIndex":[0,10],"words":["Канады","Канады"],"wordsIndex":[5,17]},"канадский":{"params":{"class":"п","classMask":2,"info":{"isCapital":false,"isUpper":false},"stack":"((<DictionaryAnalyzer>, u'\\u043a\\u0430\\u043d\\u0430\\u0434\\u0441\\u043a\\u043e\\u0435', 16, 14),)"},"sentenceIndex":[10],"words":["канадское"],"wordsIndex":[4]},"каньон":{"params":{"class":"с","classMask":1,"info":{"isCapital":false,"isUpper":false},"stack":"((<DictionaryAnalyzer>, u'\\u043a\\u0430\\u043d\\u044c\\u043e\\u043d\\u0430', 33, 1),)"},"sentenceIndex":[5],"words":["каньона"],"wordsIndex":[7]},"карбонат":{"params":{"class":"с","classMask":1,"info":{"isCapital":false,"isUpper":false},"stack":"((<DictionaryAnalyzer>, u'\\u043a\\u0430\\u0440\\u0431\\u043e\\u043d\\u0430\\u0442\\u0430', 33, 1),)"},"sentenceIndex":[7],"words":["карбоната"],"wordsIndex":[19]},"кариб":{"params":{"class":"с","classMask":1,"info":{"isCapital":false,"isUpper":false},"stack":"((<DictionaryAnalyzer>, u'\\u043a\\u0430\\u0440\\u0438\\u0431\\u0443', 52, 2),)"},"sentenceIndex":[12],"words":["карибу"],"wordsIndex":[16]},"километр":{"params":{"class":"с","classMask":1,"info":{"isCapital":false,"isUpper":false},"stack":"((<DictionaryAnalyzer>, u'\\u043a\\u043c', 1702, 12),)"},"sentenceIndex":[0],"words":["км"],"wordsIndex":[18]},"коза":{"params":{"class":"с","classMask":1,"info":{"isCapital":false,"isUpper":false},"stack":"((<DictionaryAnalyzer>, u'\\u043a\\u043e\\u0437', 53, 8),)"},"sentenceIndex":[12],"words":["коз"],"wordsIndex":[24]},"который":{"params":{"class":"п","classMask":2,"info":{"isCapital":false,"isUpper":false},"stack":"((<DictionaryAnalyzer>, u'\\u043a\\u043e\\u0442\\u043e\\u0440\\u043e\\u0435', 1788, 13),)"},"sentenceIndex":[10],"words":["которое"],"wordsIndex":[21]},"крупный":{"params":{"class":"п","classMask":2,"info":{"isCapital":false,"isUpper":false},"stack":"((<DictionaryAnalyzer>, u'\\u043a\\u0440\\u0443\\u043f\\u043d\\u0435\\u0439\\u0448\\u0438\\u0435', 214, 47),)"},"sentenceIndex":[13],"words":["крупнейшие"],"wordsIndex":[6]},"ледник":{"params":{"class":"с","classMask":1,"info":{"isCapital":false,"isUpper":false},"stack":"((<DictionaryAnalyzer>, u'\\u043b\\u0435\\u0434\\u043d\\u0438\\u043a\\u0438', 19, 6),)"},"sentenceIndex":[13],"words":["ледники"],"wordsIndex":[7]},"леса":{"params":{"class":"с","classMask":1,"info":{"isCapital":false,"isUpper":false},"stack":"((<DictionaryAnalyzer>, u'\\u043b\\u0435\\u0441\\u0430', 55, 0),)"},"sentenceIndex":[7],"words":["леса"],"wordsIndex":[9]},"лесной":{"params":{"class":"п","classMask":2,"info":{"isCapital":false,"isUpper":false},"stack":"((<DictionaryAnalyzer>, u'\\u043b\\u0435\\u0441\\u043d\\u043e\\u0433\\u043e', 136, 15),)"},"sentenceIndex":[12],"words":["лесного"],"wordsIndex":[15]},"лиард":{"params":{"class":"имя","classMask":22,"info":{"isCapital":true,"isUpper":false},"stack":"((<DictionaryAnalyzer>, u'\\u043b\\u0438\\u0430\\u0440\\u0434', 33, 0),)"},"sentenceIndex":[0],"words":["Лиард"],"wordsIndex":[15]},"м":{"params":{"class":"символ","classMask":20,"info":{},"stack":""},"sentenceIndex":[6],"words":["м"],"wordsIndex":[7]},"маккензи":{"params":{"class":"имя","classMask":22,"info":{"isCapital":true,"isUpper":false},"stack":"((<DictionaryAnalyzer>, u'\\u043c\\u0430\\u043a\\u043a\\u0435\\u043d\\u0437\\u0438', 1828, 0),)"},"sentenceIndex":[0],"words":["Маккензи"],"wordsIndex":[32]},"медведь":{"params":{"class":"с","classMask":1,"info":{"isCapital":false,"isUpper":false},"stack":"((<DictionaryAnalyzer>, u'\\u043c\\u0435\\u0434\\u0432\\u0435\\u0434\\u0435\\u0439', 121, 7),)"},"sentenceIndex":[12],"words":["медведей"],"wordsIndex":[11]},"место":{"params":{"class":"с","classMask":1,"info":{"isCapital":false,"isUpper":false},"stack":"((<DictionaryAnalyzer>, u'\\u043c\\u0435\\u0441\\u0442\\u043e\\u043c', 54, 4),)"},"sentenceIndex":[12],"words":["местом"],"wordsIndex":[7]},"на":{"params":{"class":"предл","classMask":14,"info":{"isCapital":true,"isUpper":false},"stack":"((<DictionaryAnalyzer>, u'\\u043d\\u0430', 24, 0),)"},"sentenceIndex":[0,7],"words":["на","На"],"wordsIndex":[19,0]},"над":{"params":{"class":"предл","classMask":14,"info":{"isCapital":true,"isUpper":false},"stack":"((<DictionaryAnalyzer>, u'\\u043d\\u0430\\u0434', 375, 0),)"},"sentenceIndex":[5],"words":["Над"],"wordsIndex":[0]},"наследие":{"params":{"class":"с","classMask":1,"info":{"isCapital":false,"isUpper":false},"stack":"((<DictionaryAnalyzer>, u'\\u043d\\u0430\\u0441\\u043b\\u0435\\u0434\\u0438\\u0435\\u043c', 76, 8),)"},"sentenceIndex":[8],"words":["наследием"],"wordsIndex":[6]},"наханни":{"params":{"class":"имя","classMask":22,"info":{"isCapital":true,"isUpper":false},"stack":"((<DictionaryAnalyzer>, u'\\u0430\\u043d\\u043d\\u0438', 50, 0), (<UnknownPrefixAnalyzer>, u'\\u043d\\u0430\\u0445'))"},"sentenceIndex":[0,0,4,5,10,11,11],"words":["Наханни","Наханни","Наханни","Наханни","Наханни","Наханни","Наханни"],"wordsIndex":[2,11,2,3,26,12,22]},"наханни-саут":{"params":{"class":"имя","classMask":1222,"info":{"comboClassStats":{"с":2},"isCapital":true,"isCombo":true,"isUpper":false},"stack":"<classByLadder>"},"sentenceIndex":[0,5,11],"words":["Саут-Наханни","Саут-Наханни","Саут-Наханни"],"wordsIndex":[12,4,23]},"находиться":{"params":{"class":"г","classMask":5,"info":{"isCapital":false,"isUpper":false},"stack":"((<DictionaryAnalyzer>, u'\\u043d\\u0430\\u0445\\u043e\\u0434\\u044f\\u0442\\u0441\\u044f', 411, 6),)"},"sentenceIndex":[7],"words":["находятся"],"wordsIndex":[3]},"национальный":{"params":{"class":"имя","classMask":22,"info":{"isCapital":true,"isUpper":false},"stack":"((<DictionaryAnalyzer>, u'\\u043d\\u0430\\u0446\\u0438\\u043e\\u043d\\u0430\\u043b\\u044c\\u043d\\u044b\\u0439', 60, 0),)"},"sentenceIndex":[0,0,10],"words":["Национальный","национальный","Национального"],"wordsIndex":[0,3,24]},"нация":{"params":{"class":"имя","classMask":22,"info":{"isCapital":true,"isUpper":false},"stack":"((<DictionaryAnalyzer>, u'\\u043d\\u0430\\u0446\\u0438\\u0438', 40, 1),)"},"sentenceIndex":[10],"words":["Нации"],"wordsIndex":[9]},"незначительный":{"params":{"class":"п","classMask":2,"info":{"isCapital":false,"isUpper":false},"stack":"((<DictionaryAnalyzer>, u'\\u043d\\u0435\\u0437\\u043d\\u0430\\u0447\\u0438\\u0442\\u0435\\u043b\\u044c\\u043d\\u044b\\u0435', 216, 20),)"},"sentenceIndex":[7],"words":["незначительные"],"wordsIndex":[16]},"несколько":{"params":{"class":"числ","classMask":10,"info":{"isCapital":false,"isUpper":false},"stack":"((<DictionaryAnalyzer>, u'\\u043d\\u0435\\u0441\\u043a\\u043e\\u043b\\u044c\\u043a\\u0438\\u0445', 2099, 1),)"},"sentenceIndex":[12],"words":["нескольких"],"wordsIndex":[19]},"ниагарский":{"params":{"class":"имя","classMask":22,"info":{"isCapital":true,"isUpper":false},"stack":"((<DictionaryAnalyzer>, u'\\u043d\\u0438\\u0430\\u0433\\u0430\\u0440\\u0441\\u043a\\u043e\\u0433\\u043e', 16, 1),)"},"sentenceIndex":[6],"words":["Ниагарского"],"wordsIndex":[12]},"о":{"params":{"class":"символ","classMask":20,"info":{},"stack":""},"sentenceIndex":[10],"words":["о"],"wordsIndex":[19]},"обитание":{"params":{"class":"с","classMask":1,"info":{"isCapital":false,"isUpper":false},"stack":"((<DictionaryAnalyzer>, u'\\u043e\\u0431\\u0438\\u0442\\u0430\\u043d\\u0438\\u044f', 76, 2),)"},"sentenceIndex":[12],"words":["обитания"],"wordsIndex":[8]},"область":{"params":{"class":"с","classMask":1,"info":{"isCapital":false,"isUpper":false},"stack":"((<DictionaryAnalyzer>, u'\\u043e\\u0431\\u043b\\u0430\\u0441\\u0442\\u044c', 2150, 0),)"},"sentenceIndex":[10,11],"words":["область","области"],"wordsIndex":[23,14]},"объявить":{"params":{"class":"г","classMask":5,"info":{"isCapital":false,"isUpper":false},"stack":"((<DictionaryAnalyzer>, u'\\u043e\\u0431\\u044a\\u044f\\u0432\\u0438\\u043b\\u043e', 647, 3),)"},"sentenceIndex":[10],"words":["объявило"],"wordsIndex":[18]},"овца":{"params":{"class":"с","classMask":1,"info":{"isCapital":false,"isUpper":false},"stack":"((<DictionaryAnalyzer>, u'\\u043e\\u0432\\u0435\\u0446', 2196, 8),)"},"sentenceIndex":[12],"words":["овец"],"wordsIndex":[22]},"один":{"params":{"class":"имя","classMask":22,"info":{"isCapital":true,"isUpper":false},"stack":"((<DictionaryAnalyzer>, u'\\u043f\\u0435\\u0440\\u0432\\u044b\\u0439', 2198, 26),)"},"sentenceIndex":[5,10],"words":["Первый","Первой"],"wordsIndex":[8,8]},"означать":{"params":{"class":"г","classMask":5,"info":{"isCapital":false,"isUpper":false},"stack":"((<DictionaryAnalyzer>, u'\\u043e\\u0437\\u043d\\u0430\\u0447\\u0430\\u0435\\u0442', 206, 5),)"},"sentenceIndex":[4],"words":["означает"],"wordsIndex":[3]},"описание":{"params":{"class":"с","classMask":1,"info":{"isCapital":true,"isUpper":false},"stack":"((<DictionaryAnalyzer>, u'\\u043e\\u043f\\u0438\\u0441\\u0430\\u043d\\u0438\\u0435', 76, 6),)"},"sentenceIndex":[1],"words":["Описание"],"wordsIndex":[0]},"организация":{"params":{"class":"с","classMask":1,"info":{"isCapital":false,"isUpper":false},"stack":"((<DictionaryAnalyzer>, u'\\u043e\\u0440\\u0433\\u0430\\u043d\\u0438\\u0437\\u0430\\u0446\\u0438\\u044f', 40, 0),)"},"sentenceIndex":[10],"words":["организация"],"wordsIndex":[10]},"основать":{"params":{"class":"кр_причастие","classMask":8,"info":{"isCapital":false,"isUpper":false},"stack":"((<DictionaryAnalyzer>, u'\\u043e\\u0441\\u043d\\u043e\\u0432\\u0430\\u043d', 805, 71),)"},"sentenceIndex":[2],"words":["основан"],"wordsIndex":[2]},"от":{"params":{"class":"предл","classMask":14,"info":{"isCapital":false,"isUpper":false},"stack":"((<DictionaryAnalyzer>, u'\\u043e\\u0442', 375, 0),)"},"sentenceIndex":[0],"words":["от"],"wordsIndex":[21]},"отложение":{"params":{"class":"с","classMask":1,"info":{"isCapital":false,"isUpper":false},"stack":"((<DictionaryAnalyzer>, u'\\u043e\\u0442\\u043b\\u043e\\u0436\\u0435\\u043d\\u0438\\u044f', 76, 2),)"},"sentenceIndex":[7],"words":["отложения"],"wordsIndex":[18]},"оценка":{"params":{"class":"с","classMask":1,"info":{"isCapital":false,"isUpper":false},"stack":"((<DictionaryAnalyzer>, u'\\u043e\\u0446\\u0435\\u043d\\u043a\\u0430\\u043c', 8, 9),)"},"sentenceIndex":[12],"words":["оценкам"],"wordsIndex":[5]},"парк":{"params":{"class":"с","classMask":1,"info":{"isCapital":true,"isUpper":false},"stack":"((<DictionaryAnalyzer>, u'\\u043f\\u0430\\u0440\\u043a', 19, 3),)"},"sentenceIndex":[0,0,2,7,8,10,11],"words":["парк","парк","Парк","парка","парк","парка","парка"],"wordsIndex":[1,4,0,2,3,25,3]},"парка":{"params":{"class":"с","classMask":1,"info":{"isCapital":false,"isUpper":false},"stack":"((<DictionaryAnalyzer>, u'\\u043f\\u0430\\u0440\\u043a\\u0443', 8, 3),)"},"sentenceIndex":[12],"words":["парку"],"wordsIndex":[2]},"пасс":{"params":{"class":"имя","classMask":22,"info":{"isCapital":true,"isUpper":false},"stack":"((<DictionaryAnalyzer>, u'\\u043f\\u0430\\u0441\\u0441', 33, 0),)"},"sentenceIndex":[15],"words":["Пасс"],"wordsIndex":[1]},"пасс-хаовардс":{"params":{"class":"имя","classMask":1222,"info":{"comboClassStats":{"с":2},"isCapital":true,"isCombo":true,"isUpper":false},"stack":"<classByLadder>"},"sentenceIndex":[15],"words":["Хаовардс-Пасс"],"wordsIndex":[2]},"перевод":{"params":{"class":"с","classMask":1,"info":{"isCapital":false,"isUpper":false},"stack":"((<DictionaryAnalyzer>, u'\\u043f\\u0435\\u0440\\u0435\\u0432\\u043e\\u0434\\u0435', 33, 5),)"},"sentenceIndex":[3],"words":["переводе"],"wordsIndex":[1]},"площадь":{"params":{"class":"с","classMask":1,"info":{"isCapital":false,"isUpper":false},"stack":"((<DictionaryAnalyzer>, u'\\u043f\\u043b\\u043e\\u0449\\u0430\\u0434\\u044c', 2377, 0),)"},"sentenceIndex":[11],"words":["площадь"],"wordsIndex":[2]},"по":{"params":{"class":"предл","classMask":14,"info":{"isCapital":false,"isUpper":false},"stack":"((<DictionaryAnalyzer>, u'\\u043f\\u043e', 24, 0),)"},"sentenceIndex":[12],"words":["по"],"wordsIndex":[4]},"правительство":{"params":{"class":"с","classMask":1,"info":{"isCapital":false,"isUpper":false},"stack":"((<DictionaryAnalyzer>, u'\\u043f\\u0440\\u0430\\u0432\\u0438\\u0442\\u0435\\u043b\\u044c\\u0441\\u0442\\u0432\\u043e', 54, 0),)"},"sentenceIndex":[10],"words":["правительство"],"wordsIndex":[5]},"представлять":{"params":{"class":"причастие","classMask":7,"info":{"isCapital":false,"isUpper":false},"stack":"((<DictionaryAnalyzer>, u'\\u043f\\u0440\\u0435\\u0434\\u0441\\u0442\\u0430\\u0432\\u043b\\u044f\\u044e\\u0449\\u0430\\u044f', 206, 20),)"},"sentenceIndex":[10],"words":["представляющая"],"wordsIndex":[11]},"приблизительно":{"params":{"class":"н","classMask":11,"info":{"isCapital":false,"isUpper":false},"stack":"((<DictionaryAnalyzer>, u'\\u043f\\u0440\\u0438\\u0431\\u043b\\u0438\\u0437\\u0438\\u0442\\u0435\\u043b\\u044c\\u043d\\u043e', 3, 0),)"},"sentenceIndex":[12],"words":["приблизительно"],"wordsIndex":[9]},"присоединять":{"params":{"class":"причастие","classMask":7,"info":{"isCapital":true,"isUpper":false},"stack":"((<DictionaryAnalyzer>, u'\\u043f\\u0440\\u0438\\u0441\\u043e\\u0435\\u0434\\u0438\\u043d\\u044f\\u0435\\u043c\\u0430\\u044f', 206, 74),)"},"sentenceIndex":[12],"words":["Присоединяемая"],"wordsIndex":[0]},"приток":{"params":{"class":"с","classMask":1,"info":{"isCapital":false,"isUpper":false},"stack":"((<DictionaryAnalyzer>, u'\\u043f\\u0440\\u0438\\u0442\\u043e\\u043a\\u0430', 19, 1),)"},"sentenceIndex":[0],"words":["притока"],"wordsIndex":[13]},"раз":{"params":{"class":"с","classMask":1,"info":{"isCapital":false,"isUpper":false},"stack":"((<DictionaryAnalyzer>, u'\\u0440\\u0430\\u0437\\u0430', 2630, 1),)"},"sentenceIndex":[6,10],"words":["раза","раз"],"wordsIndex":[10,31]},"разновидность":{"params":{"class":"с","classMask":1,"info":{"isCapital":false,"isUpper":false},"stack":"((<DictionaryAnalyzer>, u'\\u0440\\u0430\\u0437\\u043d\\u043e\\u0432\\u0438\\u0434\\u043d\\u043e\\u0441\\u0442\\u0435\\u0439', 13, 7),)"},"sentenceIndex":[12],"words":["разновидностей"],"wordsIndex":[20]},"расположить":{"params":{"class":"причастие","classMask":7,"info":{"isCapital":false,"isUpper":false},"stack":"((<DictionaryAnalyzer>, u'\\u0440\\u0430\\u0441\\u043f\\u043e\\u043b\\u043e\\u0436\\u0435\\u043d\\u043d\\u044b\\u0439', 634, 42),)"},"sentenceIndex":[0,5,13],"words":["расположенный","расположены","расположены"],"wordsIndex":[6,5,1]},"расширение":{"params":{"class":"с","classMask":1,"info":{"isCapital":true,"isUpper":false},"stack":"((<DictionaryAnalyzer>, u'\\u0440\\u0430\\u0441\\u0448\\u0438\\u0440\\u0435\\u043d\\u0438\\u0435', 76, 0),)"},"sentenceIndex":[9],"words":["Расширение"],"wordsIndex":[0]},"река":{"params":{"class":"с","classMask":1,"info":{"isCapital":true,"isUpper":false},"stack":"((<DictionaryAnalyzer>, u'\\u0440\\u0435\\u043a\\u0438', 43, 1),)"},"sentenceIndex":[0,0,5,6,11],"words":["реки","реки","рекой","Река","реки"],"wordsIndex":[9,14,1,0,20]},"с":{"params":{"class":"символ","classMask":20,"info":{},"stack":""},"sentenceIndex":[3,10],"words":["с","с"],"wordsIndex":[2,6]},"самый":{"params":{"class":"п","classMask":2,"info":{"isCapital":false,"isUpper":false},"stack":"((<DictionaryAnalyzer>, u'\\u0441\\u0430\\u043c\\u044b\\u0435', 1245, 19),)"},"sentenceIndex":[13],"words":["самые"],"wordsIndex":[2]},"сантиметр":{"params":{"class":"с","classMask":1,"info":{"isCapital":false,"isUpper":false},"stack":"((<DictionaryAnalyzer>, u'\\u0441\\u043c', 2713, 12),)"},"sentenceIndex":[3],"words":["см"],"wordsIndex":[4]},"саут":{"params":{"class":"имя","classMask":22,"info":{"isCapital":true,"isUpper":false},"stack":"((<DictionaryAnalyzer>, u'\\u0430\\u0443\\u0442', 33, 0), (<UnknownPrefixAnalyzer>, u'\\u0441'))"},"sentenceIndex":[0,5,11],"words":["Саут","Саут","Саут"],"wordsIndex":[10,2,21]},"северо":{"params":{"class":"имя","classMask":22,"info":{"isCapital":true,"isUpper":false},"stack":"((<FakeDictionary>, u'\\u0441\\u0435\\u0432\\u0435\\u0440\\u043e', 3, 0), (<KnownSuffixAnalyzer>, u'\\u0432\\u0435\\u0440\\u043e'))"},"sentenceIndex":[0,10,13],"words":["Северо","Северо","Северо"],"wordsIndex":[23,13,8]},"серный":{"params":{"class":"п","classMask":2,"info":{"isCapital":false,"isUpper":false},"stack":"((<DictionaryAnalyzer>, u'\\u0441\\u0435\\u0440\\u043d\\u044b\\u0435', 12, 20),)"},"sentenceIndex":[7],"words":["серные"],"wordsIndex":[4]},"смешанный":{"params":{"class":"п","classMask":2,"info":{"isCapital":false,"isUpper":false},"stack":"((<DictionaryAnalyzer>, u'\\u0441\\u043c\\u0435\\u0448\\u0430\\u043d\\u043d\\u044b\\u0435', 328, 20),)"},"sentenceIndex":[7],"words":["смешанные"],"wordsIndex":[8]},"составлять":{"params":{"class":"инфинитив","classMask":6,"info":{"isCapital":false,"isUpper":false},"stack":"((<DictionaryAnalyzer>, u'\\u0441\\u043e\\u0441\\u0442\\u0430\\u0432\\u043b\\u044f\\u0442\\u044c', 206, 0),)"},"sentenceIndex":[11],"words":["составлять"],"wordsIndex":[5]},"стадо":{"params":{"class":"с","classMask":1,"info":{"isCapital":false,"isUpper":false},"stack":"((<DictionaryAnalyzer>, u'\\u0441\\u0442\\u0430\\u0434', 54, 7),)"},"sentenceIndex":[12],"words":["стад"],"wordsIndex":[14]},"стать":{"params":{"class":"г","classMask":5,"info":{"isCapital":false,"isUpper":false},"stack":"((<DictionaryAnalyzer>, u'\\u0441\\u0442\\u0430\\u043b', 904, 1),)"},"sentenceIndex":[8],"words":["стал"],"wordsIndex":[4]},"столица":{"params":{"class":"с","classMask":1,"info":{"isCapital":false,"isUpper":false},"stack":"((<DictionaryAnalyzer>, u'\\u0441\\u0442\\u043e\\u043b\\u0438\\u0446\\u044b', 141, 1),)"},"sentenceIndex":[0],"words":["столицы"],"wordsIndex":[22]},"также":{"params":{"class":"союз","classMask":15,"info":{"isCapital":false,"isUpper":false},"stack":"((<DictionaryAnalyzer>, u'\\u0442\\u0430\\u043a\\u0436\\u0435', 20, 0),)"},"sentenceIndex":[7,12],"words":["также","также"],"wordsIndex":[15,18]},"термальный":{"params":{"class":"п","classMask":2,"info":{"isCapital":false,"isUpper":false},"stack":"((<DictionaryAnalyzer>, u'\\u0442\\u0435\\u0440\\u043c\\u0430\\u043b\\u044c\\u043d\\u044b\\u0435', 10, 20),)"},"sentenceIndex":[7],"words":["термальные"],"wordsIndex":[5]},"территория":{"params":{"class":"с","classMask":1,"info":{"isCapital":false,"isUpper":false},"stack":"((<DictionaryAnalyzer>, u'\\u0442\\u0435\\u0440\\u0440\\u0438\\u0442\\u043e\\u0440\\u0438\\u0439', 40, 8),)"},"sentenceIndex":[0,7,10,12,13],"words":["территорий","территории","территорий","территория","территорий"],"wordsIndex":[26,1,16,3,11]},"тополь":{"params":{"class":"с","classMask":1,"info":{"isCapital":false,"isUpper":false},"stack":"((<DictionaryAnalyzer>, u'\\u0442\\u043e\\u043f\\u043e\\u043b\\u0435\\u0439', 1805, 8),)"},"sentenceIndex":[7],"words":["тополей"],"wordsIndex":[13]},"три":{"params":{"class":"имя","classMask":22,"info":{"isCapital":true,"isUpper":false},"stack":"((<DictionaryAnalyzer>, u'\\u0442\\u0440\\u0435\\u0442\\u0438\\u0439', 2907, 7),)"},"sentenceIndex":[5],"words":["Третий"],"wordsIndex":[10]},"тундра":{"params":{"class":"с","classMask":1,"info":{"isCapital":false,"isUpper":false},"stack":"((<DictionaryAnalyzer>, u'\\u0442\\u0443\\u043d\\u0434\\u0440\\u0430', 55, 0),)"},"sentenceIndex":[7],"words":["тундра"],"wordsIndex":[7]},"туф":{"params":{"class":"с","classMask":1,"info":{"isCapital":false,"isUpper":false},"stack":"((<DictionaryAnalyzer>, u'\\u0442\\u0443\\u0444\\u044b', 33, 6),)"},"sentenceIndex":[7],"words":["туфы"],"wordsIndex":[17]},"увеличить":{"params":{"class":"г","classMask":5,"info":{"isCapital":false,"isUpper":false},"stack":"((<DictionaryAnalyzer>, u'\\u0443\\u0432\\u0435\\u043b\\u0438\\u0447\\u0438\\u0442', 727, 9),)"},"sentenceIndex":[10],"words":["увеличит"],"wordsIndex":[22]},"хаовардс":{"params":{"class":"с","classMask":1,"info":{"isCapital":true,"isUpper":false},"stack":"((<FakeDictionary>, u'\\u0445\\u0430\\u043e\\u0432\\u0430\\u0440\\u0434\\u0441', 26, 0), (<KnownSuffixAnalyzer>, u'\\u0434\\u0441'))"},"sentenceIndex":[15],"words":["Хаовардс"],"wordsIndex":[0]},"часть":{"params":{"class":"с","classMask":1,"info":{"isCapital":false,"isUpper":false},"stack":"((<DictionaryAnalyzer>, u'\\u0447\\u0430\\u0441\\u0442\\u0438', 3025, 1),)"},"sentenceIndex":[0,11],"words":["части","части"],"wordsIndex":[30,18]},"чем":{"params":{"class":"союз","classMask":15,"info":{"isCapital":false,"isUpper":false},"stack":"((<DictionaryAnalyzer>, u'\\u0447\\u0435\\u043c', 20, 0),)"},"sentenceIndex":[10],"words":["чем"],"wordsIndex":[28]},"четыре":{"params":{"class":"имя","classMask":22,"info":{"isCapital":true,"isUpper":false},"stack":"((<DictionaryAnalyzer>, u'\\u0447\\u0435\\u0442\\u044b\\u0440\\u0435', 3036, 0),)"},"sentenceIndex":[5,5],"words":["четыре","Четвёртый"],"wordsIndex":[6,12]},"чипевиан":{"params":{"class":"с","classMask":1,"info":{"isCapital":true,"isUpper":false},"stack":"((<FakeDictionary>, u'\\u0447\\u0438\\u043f\\u0435\\u0432\\u0438\\u0430\\u043d', 26, 0), (<KnownSuffixAnalyzer>, u'\\u0432\\u0438\\u0430\\u043d'))"},"sentenceIndex":[4],"words":["Чипевиан"],"wordsIndex":[0]},"шесть":{"params":{"class":"числ","classMask":10,"info":{"isCapital":false,"isUpper":false},"stack":"((<DictionaryAnalyzer>, u'\\u0448\\u0435\\u0441\\u0442\\u044c', 3067, 0),)"},"sentenceIndex":[10],"words":["шесть"],"wordsIndex":[30]},"экосистема":{"params":{"class":"с","classMask":1,"info":{"isCapital":false,"isUpper":false},"stack":"((<DictionaryAnalyzer>, u'\\u044d\\u043a\\u043e\\u0441\\u0438\\u0441\\u0442\\u0435\\u043c\\u044b', 55, 1),)"},"sentenceIndex":[11],"words":["экосистемы"],"wordsIndex":[11]},"южный":{"params":{"class":"п","classMask":2,"info":{"isCapital":false,"isUpper":false},"stack":"((<DictionaryAnalyzer>, u'\\u044e\\u0436\\u043d\\u043e\\u0439', 12, 8),)"},"sentenceIndex":[0],"words":["южной"],"wordsIndex":[29]},"юнеско":{"params":{"class":"с","classMask":1,"info":{"isCapital":false,"isUpper":true},"stack":"((<DictionaryAnalyzer>, u'\\u044e\\u043d\\u0435\\u0441\\u043a\\u043e', 273, 1),)"},"sentenceIndex":[8],"words":["ЮНЕСКО"],"wordsIndex":[7]},"являться":{"params":{"class":"г","classMask":5,"info":{"isCapital":false,"isUpper":false},"stack":"((<DictionaryAnalyzer>, u'\\u044f\\u0432\\u043b\\u044f\\u0435\\u0442\\u0441\\u044f', 224, 5),)"},"sentenceIndex":[12],"words":["является"],"wordsIndex":[6]},"язык":{"params":{"class":"с","classMask":1,"info":{"isCapital":false,"isUpper":false},"stack":"((<DictionaryAnalyzer>, u'\\u044f\\u0437\\u044b\\u043a', 3101, 3),)"},"sentenceIndex":[4],"words":["язык"],"wordsIndex":[1]}}