{"2009":{"params":{"class":"наим","classMask":19,"info":{},"stack":""},"sentenceIndex":[5],"words":["2009"],"wordsIndex":[3]},"2017":{"params":{"class":"наим","classMask":19,"info":{},"stack":""},"sentenceIndex":[7],"words":["2017"],"wordsIndex":[3]},"balenciaga":{"params":{"class":"имя","classMask":22,"info":{"isCapital":true,"isUpper":false},"stack":""},"sentenceIndex":[6],"words":["Balenciaga"],"wordsIndex":[11]},"cleaning":{"params":{"class":"имя","classMask":22,"info":{"isCapital":true,"isUpper":false},"stack":""},"sentenceIndex":[3],"words":["Cleaning"],"wordsIndex":[4]},"couture":{"params":{"class":"иняз","classMask":21,"info":{"isCapital":false,"isUpper":false},"stack":""},"sentenceIndex":[7],"words":["couture"],"wordsIndex":[12]},"dry":{"params":{"class":"имя","classMask":22,"info":{"isCapital":true,"isUpper":false},"stack":""},"sentenceIndex":[3],"words":["Dry"],"wordsIndex":[3]},"haute":{"params":{"class":"иняз","classMask":21,"info":{"isCapital":false,"isUpper":false},"stack":""},"sentenceIndex":[7],"words":["haute"],"wordsIndex":[11]},"instagram":{"params":{"class":"имя","classMask":22,"info":{"isCapital":true,"isUpper":false},"stack":""},"sentenceIndex":[1],"words":["Instagram"],"wordsIndex":[10]},"op":{"params":{"class":"иняз","classMask":21,"info":{"isCapital":false,"isUpper":false},"stack":""},"sentenceIndex":[0],"words":["op"],"wordsIndex":[10]},"pop":{"params":{"class":"иняз","classMask":21,"info":{"isCapital":false,"isUpper":false},"stack":""},"sentenceIndex":[0],"words":["pop"],"wordsIndex":[9]},"pop-op":{"params":{"class":"иняз","classMask":21,"info":{"isCapital":false,"isUpper":false},"stack":""},"sentenceIndex":[0],"words":["pop-op"],"wordsIndex":[11]},"vetements":{"params":{"class":"имя","classMask":22,"info":{"isCapital":true,"isUpper":false},"stack":""},"sentenceIndex":[0,4,7],"words":["Vetements","Vetements","Vetements"],"wordsIndex":[3,0,5]},"а":{"params":{"class":"символ","classMask":20,"info":{},"stack":""},"sentenceIndex":[8],"words":["а"],"wordsIndex":[7]},"анджелес":{"params":{"class":"имя","classMask":22,"info":{"isCapital":true,"isUpper":false},"stack":"((<DictionaryAnalyzer>, u'\\u0430\\u043d\\u0434\\u0436\\u0435\\u043b\\u0435\\u0441\\u0435', 32, 5),)"},"sentenceIndex":[0],"words":["Анджелесе"],"wordsIndex":[7]},"анджелес-лос":{"params":{"class":"имя","classMask":1222,"info":{"comboClassStats":{"неизвестный":1,"с":1},"isCapital":true,"isCombo":true,"isUpper":false},"stack":"<classByLadder>"},"sentenceIndex":[0],"words":["Лос-Анджелесе"],"wordsIndex":[8]},"бездомный":{"params":{"class":"п","classMask":2,"info":{"isCapital":false,"isUpper":false},"stack":"((<DictionaryAnalyzer>, u'\\u0431\\u0435\\u0437\\u0434\\u043e\\u043c\\u043d\\u044b\\u0439', 86, 0),)"},"sentenceIndex":[9],"words":["бездомный"],"wordsIndex":[8]},"бкдеть":{"params":{"class":"кр_причастие","classMask":8,"info":{"isCapital":false,"isUpper":false},"stack":"((<DictionaryAnalyzer>, u'\\u0434\\u0435\\u0442', 651, 71), (<UnknownPrefixAnalyzer>, u'\\u0431\\u043a'))"},"sentenceIndex":[2],"words":["бкдет"],"wordsIndex":[2]},"бренд":{"params":{"class":"с","classMask":1,"info":{"isCapital":false,"isUpper":false},"stack":"((<DictionaryAnalyzer>, u'\\u0431\\u0440\\u0435\\u043d\\u0434', 33, 0),)"},"sentenceIndex":[4],"words":["бренд"],"wordsIndex":[2]},"быть":{"params":{"class":"г","classMask":5,"info":{"isCapital":false,"isUpper":false},"stack":"((<DictionaryAnalyzer>, u'\\u0431\\u0443\\u0434\\u0435\\u0442', 587, 12),)"},"sentenceIndex":[2,9],"words":["будет","были"],"wordsIndex":[8,2]},"в":{"params":{"class":"символ","classMask":20,"info":{},"stack":""},"sentenceIndex":[0,1,1,2,5,6,7,7,8],"words":["в","в","в","в","в","в","В","во","В"],"wordsIndex":[5,3,9,12,2,2,0,6,0]},"время":{"params":{"class":"с","classMask":1,"info":{"isCapital":false,"isUpper":false},"stack":"((<DictionaryAnalyzer>, u'\\u0432\\u0440\\u0435\\u043c\\u044f', 536, 3),)"},"sentenceIndex":[7],"words":["время"],"wordsIndex":[7]},"гвасалия":{"params":{"class":"имя","classMask":22,"info":{"isCapital":true,"isUpper":false},"stack":"((<DictionaryAnalyzer>, u'\\u0430\\u043b\\u0438\\u0435\\u0439', 63, 4), (<UnknownPrefixAnalyzer>, u'\\u0433\\u0432\\u0430\\u0441'))"},"sentenceIndex":[5],"words":["Гвасалией"],"wordsIndex":[9]},"где":{"params":{"class":"н","classMask":11,"info":{"isCapital":true,"isUpper":false},"stack":"((<DictionaryAnalyzer>, u'\\u0433\\u0434\\u0435', 1130, 0),)"},"sentenceIndex":[2,6],"words":["Где","где"],"wordsIndex":[0,12]},"говориться":{"params":{"class":"г","classMask":5,"info":{"isCapital":false,"isUpper":false},"stack":"((<DictionaryAnalyzer>, u'\\u0433\\u043e\\u0432\\u043e\\u0440\\u0438\\u0442\\u0441\\u044f', 312, 5),)"},"sentenceIndex":[1],"words":["говорится"],"wordsIndex":[2]},"год":{"params":{"class":"с","classMask":1,"info":{"isCapital":false,"isUpper":false},"stack":"((<DictionaryAnalyzer>, u'\\u0433\\u043e\\u0434\\u0443', 1168, 6),)"},"sentenceIndex":[5,7],"words":["году","года"],"wordsIndex":[4,4]},"грузинский":{"params":{"class":"п","classMask":2,"info":{"isCapital":false,"isUpper":false},"stack":"((<DictionaryAnalyzer>, u'\\u0433\\u0440\\u0443\\u0437\\u0438\\u043d\\u0441\\u043a\\u043e\\u0433\\u043e', 16, 15),)"},"sentenceIndex":[5],"words":["грузинского"],"wordsIndex":[6]},"демна":{"params":{"class":"имя","classMask":22,"info":{"isCapital":true,"isUpper":false},"stack":"((<DictionaryAnalyzer>, u'\\u0434\\u0435\\u043c\\u043d\\u043e\\u0439', 68, 4),)"},"sentenceIndex":[5],"words":["Демной"],"wordsIndex":[8]},"держаться":{"params":{"class":"г","classMask":5,"info":{"isCapital":false,"isUpper":false},"stack":"((<DictionaryAnalyzer>, u'\\u0434\\u0435\\u0440\\u0436\\u0438\\u0442\\u0441\\u044f', 1274, 5),)"},"sentenceIndex":[2],"words":["держится"],"wordsIndex":[11]},"дизайнер":{"params":{"class":"с","classMask":1,"info":{"isCapital":false,"isUpper":false},"stack":"((<DictionaryAnalyzer>, u'\\u0434\\u0438\\u0437\\u0430\\u0439\\u043d\\u0435\\u0440\\u043e\\u043c', 52, 4),)"},"sentenceIndex":[5],"words":["дизайнером"],"wordsIndex":[5]},"директор":{"params":{"class":"с","classMask":1,"info":{"isCapital":false,"isUpper":false},"stack":"((<DictionaryAnalyzer>, u'\\u0434\\u0438\\u0440\\u0435\\u043a\\u0442\\u043e\\u0440\\u0430', 800, 6),)"},"sentenceIndex":[6],"words":["директора"],"wordsIndex":[16]},"дом":{"params":{"class":"с","classMask":1,"info":{"isCapital":false,"isUpper":false},"stack":"((<DictionaryAnalyzer>, u'\\u0434\\u043e\\u043c', 1314, 4),)"},"sentenceIndex":[0,6],"words":["дом","домом"],"wordsIndex":[2,10]},"занимать":{"params":{"class":"г","classMask":5,"info":{"isCapital":false,"isUpper":false},"stack":"((<DictionaryAnalyzer>, u'\\u0437\\u0430\\u043d\\u0438\\u043c\\u0430\\u0435\\u0442', 206, 5),)"},"sentenceIndex":[6],"words":["занимает"],"wordsIndex":[13]},"и":{"params":{"class":"символ","classMask":20,"info":{},"stack":""},"sentenceIndex":[2,4,9],"words":["и","и","и"],"wordsIndex":[5,7,11]},"известно":{"params":{"class":"предк","classMask":13,"info":{"isCapital":true,"isUpper":false},"stack":"((<DictionaryAnalyzer>, u'\\u0438\\u0437\\u0432\\u0435\\u0441\\u0442\\u043d\\u043e', 242, 0),)"},"sentenceIndex":[3],"words":["Известно"],"wordsIndex":[0]},"именно":{"params":{"class":"част","classMask":16,"info":{"isCapital":false,"isUpper":false},"stack":"((<DictionaryAnalyzer>, u'\\u0438\\u043c\\u0435\\u043d\\u043d\\u043e', 22, 0),)"},"sentenceIndex":[2],"words":["именно"],"wordsIndex":[1]},"клуб":{"params":{"class":"с","classMask":1,"info":{"isCapital":false,"isUpper":false},"stack":"((<DictionaryAnalyzer>, u'\\u043a\\u043b\\u0443\\u0431\\u0430', 33, 1),)"},"sentenceIndex":[9],"words":["клуба"],"wordsIndex":[4]},"коллекция":{"params":{"class":"с","classMask":1,"info":{"isCapital":false,"isUpper":false},"stack":"((<DictionaryAnalyzer>, u'\\u043a\\u043e\\u043b\\u043b\\u0435\\u043a\\u0446\\u0438\\u044e', 40, 3),)"},"sentenceIndex":[7],"words":["коллекцию"],"wordsIndex":[15]},"компания":{"params":{"class":"с","classMask":1,"info":{"isCapital":true,"isUpper":false},"stack":"((<DictionaryAnalyzer>, u'\\u043a\\u043e\\u043c\\u043f\\u0430\\u043d\\u0438\\u044f', 40, 0),)"},"sentenceIndex":[5],"words":["Компания"],"wordsIndex":[0]},"конец":{"params":{"class":"с","classMask":1,"info":{"isCapital":false,"isUpper":false},"stack":"((<DictionaryAnalyzer>, u'\\u043a\\u043e\\u043d\\u0446\\u0435', 277, 5),)"},"sentenceIndex":[7],"words":["конце"],"wordsIndex":[1]},"который":{"params":{"class":"п","classMask":2,"info":{"isCapital":false,"isUpper":false},"stack":"((<DictionaryAnalyzer>, u'\\u043a\\u043e\\u0442\\u043e\\u0440\\u044b\\u043c', 1788, 21),)"},"sentenceIndex":[4],"words":["которым"],"wordsIndex":[4]},"креативный":{"params":{"class":"п","classMask":2,"info":{"isCapital":false,"isUpper":false},"stack":"((<DictionaryAnalyzer>, u'\\u043a\\u0440\\u0435\\u0430\\u0442\\u0438\\u0432\\u043d\\u043e\\u0433\\u043e', 12, 1),)"},"sentenceIndex":[6],"words":["креативного"],"wordsIndex":[15]},"кроме":{"params":{"class":"предл","classMask":14,"info":{"isCapital":true,"isUpper":false},"stack":"((<DictionaryAnalyzer>, u'\\u043a\\u0440\\u043e\\u043c\\u0435', 24, 0),)"},"sentenceIndex":[6],"words":["Кроме"],"wordsIndex":[0]},"лос":{"params":{"class":"имя","classMask":22,"info":{"isCapital":true,"isUpper":false},"stack":""},"sentenceIndex":[0],"words":["Лос"],"wordsIndex":[6]},"магазин":{"params":{"class":"с","classMask":1,"info":{"isCapital":false,"isUpper":false},"stack":"((<DictionaryAnalyzer>, u'\\u043c\\u0430\\u0433\\u0430\\u0437\\u0438\\u043d', 33, 3),)"},"sentenceIndex":[0,2],"words":["магазин","магазин"],"wordsIndex":[12,4]},"марка":{"params":{"class":"с","classMask":1,"info":{"isCapital":false,"isUpper":false},"stack":"((<DictionaryAnalyzer>, u'\\u043c\\u0430\\u0440\\u043a\\u0438', 8, 1),)"},"sentenceIndex":[1],"words":["марки"],"wordsIndex":[8]},"мода":{"params":{"class":"с","classMask":1,"info":{"isCapital":false,"isUpper":false},"stack":"((<DictionaryAnalyzer>, u'\\u043c\\u043e\\u0434\\u044b', 55, 1),)"},"sentenceIndex":[7],"words":["моды"],"wordsIndex":[10]},"модель":{"params":{"class":"с","classMask":1,"info":{"isCapital":false,"isUpper":false},"stack":"((<DictionaryAnalyzer>, u'\\u043c\\u043e\\u0434\\u0435\\u043b\\u0438', 13, 1),)"},"sentenceIndex":[8],"words":["модели"],"wordsIndex":[6]},"модный":{"params":{"class":"п","classMask":2,"info":{"isCapital":false,"isUpper":false},"stack":"((<DictionaryAnalyzer>, u'\\u043c\\u043e\\u0434\\u043d\\u044b\\u0439', 214, 0),)"},"sentenceIndex":[0,6],"words":["модный","модным"],"wordsIndex":[1,9]},"на":{"params":{"class":"предл","classMask":14,"info":{"isCapital":false,"isUpper":false},"stack":"((<DictionaryAnalyzer>, u'\\u043d\\u0430', 24, 0),)"},"sentenceIndex":[1],"words":["на"],"wordsIndex":[6]},"название":{"params":{"class":"с","classMask":1,"info":{"isCapital":false,"isUpper":false},"stack":"((<DictionaryAnalyzer>, u'\\u043d\\u0430\\u0437\\u0432\\u0430\\u043d\\u0438\\u0435', 76, 0),)"},"sentenceIndex":[3],"words":["название"],"wordsIndex":[2]},"не":{"params":{"class":"част","classMask":16,"info":{"isCapital":false,"isUpper":false},"stack":"((<DictionaryAnalyzer>, u'\\u043d\\u0435', 22, 0),)"},"sentenceIndex":[8],"words":["не"],"wordsIndex":[4]},"неделя":{"params":{"class":"имя","classMask":22,"info":{"isCapital":true,"isUpper":false},"stack":"((<DictionaryAnalyzer>, u'\\u043d\\u0435\\u0434\\u0435\\u043b\\u0438', 335, 1),)"},"sentenceIndex":[7],"words":["Недели"],"wordsIndex":[9]},"о":{"params":{"class":"предл","classMask":14,"info":{"isCapital":true,"isUpper":false},"stack":"((<DictionaryAnalyzer>, u'\\u043e\\u0431', 2133, 1),)"},"sentenceIndex":[1],"words":["Об"],"wordsIndex":[0]},"обувь":{"params":{"class":"с","classMask":1,"info":{"isCapital":false,"isUpper":false},"stack":"((<DictionaryAnalyzer>, u'\\u043e\\u0431\\u0443\\u0432\\u044c', 13, 0),)"},"sentenceIndex":[4],"words":["обувь"],"wordsIndex":[8]},"обычный":{"params":{"class":"п","classMask":2,"info":{"isCapital":false,"isUpper":false},"stack":"((<DictionaryAnalyzer>, u'\\u043e\\u0431\\u044b\\u0447\\u043d\\u044b\\u0435', 86, 20),)"},"sentenceIndex":[8],"words":["обычные"],"wordsIndex":[8]},"одежда":{"params":{"class":"с","classMask":1,"info":{"isCapital":false,"isUpper":false},"stack":"((<DictionaryAnalyzer>, u'\\u043e\\u0434\\u0435\\u0436\\u0434\\u0430', 55, 0),)"},"sentenceIndex":[4,7],"words":["одежда","одежды"],"wordsIndex":[6,16]},"он":{"params":{"class":"мс","classMask":12,"info":{"isCapital":false,"isUpper":false},"stack":"((<DictionaryAnalyzer>, u'\\u043e\\u043d', 2208, 0),)"},"sentenceIndex":[6],"words":["он"],"wordsIndex":[5]},"они":{"params":{"class":"мс","classMask":12,"info":{"isCapital":false,"isUpper":false},"stack":"((<DictionaryAnalyzer>, u'\\u043d\\u0438\\u0445', 2210, 2),)"},"sentenceIndex":[9],"words":["них"],"wordsIndex":[1]},"опубликовать":{"params":{"class":"причастие","classMask":7,"info":{"isCapital":false,"isUpper":false},"stack":"((<DictionaryAnalyzer>, u'\\u043e\\u043f\\u0443\\u0431\\u043b\\u0438\\u043a\\u043e\\u0432\\u0430\\u043d\\u043d\\u043e\\u043c', 276, 48),)"},"sentenceIndex":[1],"words":["опубликованном"],"wordsIndex":[5]},"осенний":{"params":{"class":"п","classMask":2,"info":{"isCapital":false,"isUpper":false},"stack":"((<DictionaryAnalyzer>, u'\\u043e\\u0441\\u0435\\u043d\\u043d\\u044e\\u044e', 382, 10),)"},"sentenceIndex":[7],"words":["осеннюю"],"wordsIndex":[14]},"основать":{"params":{"class":"кр_причастие","classMask":8,"info":{"isCapital":false,"isUpper":false},"stack":"((<DictionaryAnalyzer>, u'\\u043e\\u0441\\u043d\\u043e\\u0432\\u0430\\u043d\\u0430', 805, 72),)"},"sentenceIndex":[5],"words":["основана"],"wordsIndex":[1]},"открыть":{"params":{"class":"г","classMask":5,"info":{"isCapital":false,"isUpper":false},"stack":"((<DictionaryAnalyzer>, u'\\u043e\\u0442\\u043a\\u0440\\u043e\\u0435\\u0442', 777, 9),)"},"sentenceIndex":[0],"words":["откроет"],"wordsIndex":[4]},"офисный":{"params":{"class":"п","classMask":2,"info":{"isCapital":false,"isUpper":false},"stack":"((<DictionaryAnalyzer>, u'\\u043e\\u0444\\u0438\\u0441\\u043d\\u044b\\u0435', 10, 20),)"},"sentenceIndex":[9],"words":["офисные"],"wordsIndex":[9]},"охранник":{"params":{"class":"с","classMask":1,"info":{"isCapital":false,"isUpper":false},"stack":"((<DictionaryAnalyzer>, u'\\u043e\\u0445\\u0440\\u0430\\u043d\\u043d\\u0438\\u043a', 2, 0),)"},"sentenceIndex":[9],"words":["охранник"],"wordsIndex":[3]},"панк":{"params":{"class":"с","classMask":1,"info":{"isCapital":false,"isUpper":false},"stack":"((<DictionaryAnalyzer>, u'\\u043f\\u0430\\u043d\\u043a\\u0438', 2, 6),)"},"sentenceIndex":[9],"words":["панки"],"wordsIndex":[13]},"парижский":{"params":{"class":"п","classMask":2,"info":{"isCapital":false,"isUpper":false},"stack":"((<DictionaryAnalyzer>, u'\\u043f\\u0430\\u0440\\u0438\\u0436\\u0441\\u043a\\u043e\\u0439', 16, 9),)"},"sentenceIndex":[7],"words":["парижской"],"wordsIndex":[8]},"под":{"params":{"class":"предл","classMask":14,"info":{"isCapital":false,"isUpper":false},"stack":"((<DictionaryAnalyzer>, u'\\u043f\\u043e\\u0434', 375, 0),)"},"sentenceIndex":[4],"words":["под"],"wordsIndex":[3]},"пожилой":{"params":{"class":"п","classMask":2,"info":{"isCapital":false,"isUpper":false},"stack":"((<DictionaryAnalyzer>, u'\\u043f\\u043e\\u0436\\u0438\\u043b\\u043e\\u0439', 136, 0),)"},"sentenceIndex":[9],"words":["пожилой"],"wordsIndex":[5]},"пока":{"params":{"class":"н","classMask":11,"info":{"isCapital":false,"isUpper":false},"stack":"((<DictionaryAnalyzer>, u'\\u043f\\u043e\\u043a\\u0430', 3, 0),)"},"sentenceIndex":[2],"words":["пока"],"wordsIndex":[10]},"показ":{"params":{"class":"с","classMask":1,"info":{"isCapital":false,"isUpper":false},"stack":"((<DictionaryAnalyzer>, u'\\u043f\\u043e\\u043a\\u0430\\u0437\\u0435', 33, 5),)"},"sentenceIndex":[8],"words":["показе"],"wordsIndex":[1]},"пост":{"params":{"class":"с","classMask":1,"info":{"isCapital":false,"isUpper":false},"stack":"((<DictionaryAnalyzer>, u'\\u043f\\u043e\\u0441\\u0442', 111, 3),)"},"sentenceIndex":[6],"words":["пост"],"wordsIndex":[14]},"представить":{"params":{"class":"г","classMask":5,"info":{"isCapital":false,"isUpper":false},"stack":"((<DictionaryAnalyzer>, u'\\u043f\\u0440\\u0435\\u0434\\u0441\\u0442\\u0430\\u0432\\u0438\\u043b', 753, 1),)"},"sentenceIndex":[7],"words":["представил"],"wordsIndex":[13]},"принять":{"params":{"class":"г","classMask":5,"info":{"isCapital":false,"isUpper":false},"stack":"((<DictionaryAnalyzer>, u'\\u043f\\u0440\\u0438\\u043d\\u044f\\u043b\\u0438', 897, 4),)"},"sentenceIndex":[8],"words":["приняли"],"wordsIndex":[2]},"продаваться":{"params":{"class":"инфинитив","classMask":6,"info":{"isCapital":false,"isUpper":false},"stack":"((<DictionaryAnalyzer>, u'\\u043f\\u0440\\u043e\\u0434\\u0430\\u0432\\u0430\\u0442\\u044c\\u0441\\u044f', 646, 0),)"},"sentenceIndex":[2,4],"words":["продаваться","продается"],"wordsIndex":[9,5]},"происхождение":{"params":{"class":"с","classMask":1,"info":{"isCapital":false,"isUpper":false},"stack":"((<DictionaryAnalyzer>, u'\\u043f\\u0440\\u043e\\u0438\\u0441\\u0445\\u043e\\u0436\\u0434\\u0435\\u043d\\u0438\\u044f', 76, 2),)"},"sentenceIndex":[5],"words":["происхождения"],"wordsIndex":[7]},"профессиональный":{"params":{"class":"п","classMask":2,"info":{"isCapital":false,"isUpper":false},"stack":"((<DictionaryAnalyzer>, u'\\u043f\\u0440\\u043e\\u0444\\u0435\\u0441\\u0441\\u0438\\u043e\\u043d\\u0430\\u043b\\u044c\\u043d\\u044b\\u0435', 216, 24),)"},"sentenceIndex":[8],"words":["профессиональные"],"wordsIndex":[5]},"работа":{"params":{"class":"с","classMask":1,"info":{"isCapital":false,"isUpper":false},"stack":"((<DictionaryAnalyzer>, u'\\u0440\\u0430\\u0431\\u043e\\u0442\\u044b', 55, 1),)"},"sentenceIndex":[6],"words":["работы"],"wordsIndex":[1]},"расположить":{"params":{"class":"кр_причастие","classMask":8,"info":{"isCapital":false,"isUpper":false},"stack":"((<DictionaryAnalyzer>, u'\\u0440\\u0430\\u0441\\u043f\\u043e\\u043b\\u043e\\u0436\\u0435\\u043d', 634, 71),)"},"sentenceIndex":[2],"words":["расположен"],"wordsIndex":[3]},"рэпер":{"params":{"class":"с","classMask":1,"info":{"isCapital":false,"isUpper":false},"stack":"((<DictionaryAnalyzer>, u'\\u0440\\u044d\\u043f\\u0435\\u0440', 52, 0),)"},"sentenceIndex":[9],"words":["рэпер"],"wordsIndex":[7]},"с":{"params":{"class":"символ","classMask":20,"info":{},"stack":""},"sentenceIndex":[6],"words":["с"],"wordsIndex":[8]},"секрет":{"params":{"class":"с","classMask":1,"info":{"isCapital":false,"isUpper":false},"stack":"((<DictionaryAnalyzer>, u'\\u0441\\u0435\\u043a\\u0440\\u0435\\u0442\\u0435', 33, 5),)"},"sentenceIndex":[2],"words":["секрете"],"wordsIndex":[13]},"собственный":{"params":{"class":"п","classMask":2,"info":{"isCapital":false,"isUpper":false},"stack":"((<DictionaryAnalyzer>, u'\\u0441\\u043e\\u0431\\u0441\\u0442\\u0432\\u0435\\u043d\\u043d\\u043e\\u0439', 262, 8),)"},"sentenceIndex":[6],"words":["собственной"],"wordsIndex":[3]},"сообщение":{"params":{"class":"с","classMask":1,"info":{"isCapital":false,"isUpper":false},"stack":"((<DictionaryAnalyzer>, u'\\u0441\\u043e\\u043e\\u0431\\u0449\\u0435\\u043d\\u0438\\u0438', 76, 10),)"},"sentenceIndex":[1],"words":["сообщении"],"wordsIndex":[4]},"сотрудник":{"params":{"class":"с","classMask":1,"info":{"isCapital":false,"isUpper":false},"stack":"((<DictionaryAnalyzer>, u'\\u0441\\u043e\\u0442\\u0440\\u0443\\u0434\\u043d\\u0438\\u043a\\u0438', 2, 6),)"},"sentenceIndex":[9],"words":["сотрудники"],"wordsIndex":[10]},"сотрудничать":{"params":{"class":"г","classMask":5,"info":{"isCapital":false,"isUpper":false},"stack":"((<DictionaryAnalyzer>, u'\\u0441\\u043e\\u0442\\u0440\\u0443\\u0434\\u043d\\u0438\\u0447\\u0430\\u0435\\u0442', 15, 5),)"},"sentenceIndex":[6],"words":["сотрудничает"],"wordsIndex":[7]},"среди":{"params":{"class":"предл","classMask":14,"info":{"isCapital":true,"isUpper":false},"stack":"((<DictionaryAnalyzer>, u'\\u0441\\u0440\\u0435\\u0434\\u0438', 24, 0),)"},"sentenceIndex":[9],"words":["Среди"],"wordsIndex":[0]},"страница":{"params":{"class":"с","classMask":1,"info":{"isCapital":false,"isUpper":false},"stack":"((<DictionaryAnalyzer>, u'\\u0441\\u0442\\u0440\\u0430\\u043d\\u0438\\u0446\\u0435', 2837, 6),)"},"sentenceIndex":[1],"words":["странице"],"wordsIndex":[7]},"также":{"params":{"class":"союз","classMask":15,"info":{"isCapital":false,"isUpper":false},"stack":"((<DictionaryAnalyzer>, u'\\u0442\\u0430\\u043a\\u0436\\u0435', 20, 0),)"},"sentenceIndex":[6],"words":["также"],"wordsIndex":[6]},"там":{"params":{"class":"н","classMask":11,"info":{"isCapital":false,"isUpper":false},"stack":"((<DictionaryAnalyzer>, u'\\u0442\\u0430\\u043c', 1553, 0),)"},"sentenceIndex":[2],"words":["там"],"wordsIndex":[7]},"только":{"params":{"class":"част","classMask":16,"info":{"isCapital":false,"isUpper":false},"stack":"((<DictionaryAnalyzer>, u'\\u0442\\u043e\\u043b\\u044c\\u043a\\u043e', 2892, 0),)"},"sentenceIndex":[3],"words":["только"],"wordsIndex":[1]},"турист":{"params":{"class":"с","classMask":1,"info":{"isCapital":false,"isUpper":false},"stack":"((<DictionaryAnalyzer>, u'\\u0442\\u0443\\u0440\\u0438\\u0441\\u0442', 52, 0),)"},"sentenceIndex":[9],"words":["турист"],"wordsIndex":[6]},"участие":{"params":{"class":"с","classMask":1,"info":{"isCapital":false,"isUpper":false},"stack":"((<DictionaryAnalyzer>, u'\\u0443\\u0447\\u0430\\u0441\\u0442\\u0438\\u0435', 76, 6),)"},"sentenceIndex":[8],"words":["участие"],"wordsIndex":[3]},"фирма":{"params":{"class":"с","classMask":1,"info":{"isCapital":false,"isUpper":false},"stack":"((<DictionaryAnalyzer>, u'\\u0444\\u0438\\u0440\\u043c\\u0435', 55, 2),)"},"sentenceIndex":[6],"words":["фирме"],"wordsIndex":[4]},"французский":{"params":{"class":"п","classMask":2,"info":{"isCapital":true,"isUpper":false},"stack":"((<DictionaryAnalyzer>, u'\\u0444\\u0440\\u0430\\u043d\\u0446\\u0443\\u0437\\u0441\\u043a\\u0438\\u0439', 16, 0),)"},"sentenceIndex":[0,4],"words":["Французский","французский"],"wordsIndex":[0,1]},"человек":{"params":{"class":"с","classMask":1,"info":{"isCapital":false,"isUpper":false},"stack":"((<DictionaryAnalyzer>, u'\\u043b\\u044e\\u0434\\u0438', 488, 6),)"},"sentenceIndex":[8],"words":["люди"],"wordsIndex":[9]},"что":{"params":{"class":"союз","classMask":15,"info":{"isCapital":false,"isUpper":false},"stack":"((<DictionaryAnalyzer>, u'\\u0447\\u0442\\u043e', 3046, 0),)"},"sentenceIndex":[2],"words":["что"],"wordsIndex":[6]},"это":{"params":{"class":"мс","classMask":12,"info":{"isCapital":false,"isUpper":false},"stack":"((<DictionaryAnalyzer>, u'\\u044d\\u0442\\u043e\\u043c', 3098, 5),)"},"sentenceIndex":[1],"words":["этом"],"wordsIndex":[1]},"юный":{"params":{"class":"п","classMask":2,"info":{"isCapital":false,"isUpper":false},"stack":"((<DictionaryAnalyzer>, u'\\u044e\\u043d\\u044b\\u0435', 4, 20),)"},"sentenceIndex":[9],"words":["юные"],"wordsIndex":[12]},"январь":{"params":{"class":"с","classMask":1,"info":{"isCapital":false,"isUpper":false},"stack":"((<DictionaryAnalyzer>, u'\\u044f\\u043d\\u0432\\u0430\\u0440\\u044f', 190, 1),)"},"sentenceIndex":[7],"words":["января"],"wordsIndex":[2]}}