{"2013":{"params":{"class":"наим","classMask":19,"info":{},"stack":""},"sentenceIndex":[4],"words":["2013"],"wordsIndex":[9]},"2013-го":{"params":{"class":"наим","classMask":19,"info":{},"stack":""},"sentenceIndex":[4],"words":["2013-го"],"wordsIndex":[11]},"2017":{"params":{"class":"наим","classMask":19,"info":{},"stack":""},"sentenceIndex":[2],"words":["2017"],"wordsIndex":[14]},"31":{"params":{"class":"наим","classMask":19,"info":{},"stack":""},"sentenceIndex":[2],"words":["31"],"wordsIndex":[12]},"9":{"params":{"class":"число","classMask":10,"info":{},"stack":""},"sentenceIndex":[1],"words":["9"],"wordsIndex":[7]},"anymore":{"params":{"class":"имя","classMask":22,"info":{"isCapital":true,"isUpper":false},"stack":""},"sentenceIndex":[0],"words":["Anymore"],"wordsIndex":[8]},"eye":{"params":{"class":"имя","classMask":22,"info":{"isCapital":true,"isUpper":false},"stack":""},"sentenceIndex":[2],"words":["Eye"],"wordsIndex":[7]},"goldfrapp":{"params":{"class":"имя","classMask":22,"info":{"isCapital":true,"isUpper":false},"stack":""},"sentenceIndex":[0],"words":["Goldfrapp"],"wordsIndex":[3]},"nowness":{"params":{"class":"иняз","classMask":21,"info":{"isCapital":false,"isUpper":true},"stack":""},"sentenceIndex":[1],"words":["NOWNESS"],"wordsIndex":[4]},"of":{"params":{"class":"иняз","classMask":21,"info":{"isCapital":false,"isUpper":false},"stack":""},"sentenceIndex":[4],"words":["of"],"wordsIndex":[4]},"silver":{"params":{"class":"имя","classMask":22,"info":{"isCapital":true,"isUpper":false},"stack":""},"sentenceIndex":[2],"words":["Silver"],"wordsIndex":[6]},"tales":{"params":{"class":"имя","classMask":22,"info":{"isCapital":true,"isUpper":false},"stack":""},"sentenceIndex":[4],"words":["Tales"],"wordsIndex":[3]},"us":{"params":{"class":"имя","classMask":22,"info":{"isCapital":true,"isUpper":false},"stack":""},"sentenceIndex":[4],"words":["Us"],"wordsIndex":[5]},"альбом":{"params":{"class":"с","classMask":1,"info":{"isCapital":false,"isUpper":false},"stack":"((<DictionaryAnalyzer>, u'\\u0430\\u043b\\u044c\\u0431\\u043e\\u043c', 33, 3),)"},"sentenceIndex":[2],"words":["альбом"],"wordsIndex":[5]},"в":{"params":{"class":"символ","classMask":20,"info":{},"stack":""},"sentenceIndex":[1,2,4],"words":["в","в","в"],"wordsIndex":[5,2,7]},"войти":{"params":{"class":"г","classMask":5,"info":{"isCapital":false,"isUpper":false},"stack":"((<DictionaryAnalyzer>, u'\\u0432\\u043e\\u0439\\u0434\\u0451\\u0442', 771, 9),)"},"sentenceIndex":[2],"words":["войдет"],"wordsIndex":[1]},"выйти":{"params":{"class":"г","classMask":5,"info":{"isCapital":false,"isUpper":false},"stack":"((<DictionaryAnalyzer>, u'\\u0432\\u044b\\u0448\\u0435\\u043b', 1027, 1),)"},"sentenceIndex":[4],"words":["вышел"],"wordsIndex":[6]},"выпустить":{"params":{"class":"г","classMask":5,"info":{"isCapital":false,"isUpper":false},"stack":"((<DictionaryAnalyzer>, u'\\u0432\\u044b\\u043f\\u0443\\u0441\\u0442\\u0438\\u043b', 927, 1),)"},"sentenceIndex":[0],"words":["выпустил"],"wordsIndex":[4]},"го":{"params":{"class":"с","classMask":1,"info":{"isCapital":false,"isUpper":false},"stack":"((<DictionaryAnalyzer>, u'\\u0433\\u043e', 23, 0),)"},"sentenceIndex":[4],"words":["го"],"wordsIndex":[10]},"год":{"params":{"class":"с","classMask":1,"info":{"isCapital":false,"isUpper":false},"stack":"((<DictionaryAnalyzer>, u'\\u0433\\u043e\\u0434\\u0430', 1168, 1),)"},"sentenceIndex":[2,3],"words":["года","года"],"wordsIndex":[15,6]},"диск":{"params":{"class":"с","classMask":1,"info":{"isCapital":false,"isUpper":false},"stack":"((<DictionaryAnalyzer>, u'\\u0434\\u0438\\u0441\\u043a', 19, 3),)"},"sentenceIndex":[4],"words":["диск"],"wordsIndex":[2]},"дуэт":{"params":{"class":"с","classMask":1,"info":{"isCapital":false,"isUpper":false},"stack":"((<DictionaryAnalyzer>, u'\\u0434\\u0443\\u044d\\u0442', 33, 0),)"},"sentenceIndex":[0],"words":["дуэт"],"wordsIndex":[2]},"за":{"params":{"class":"предл","classMask":14,"info":{"isCapital":false,"isUpper":false},"stack":"((<DictionaryAnalyzer>, u'\\u0437\\u0430', 24, 0),)"},"sentenceIndex":[3],"words":["за"],"wordsIndex":[4]},"клип":{"params":{"class":"с","classMask":1,"info":{"isCapital":false,"isUpper":false},"stack":"((<DictionaryAnalyzer>, u'\\u043a\\u043b\\u0438\\u043f', 33, 0),)"},"sentenceIndex":[0],"words":["клип"],"wordsIndex":[5]},"коллектив":{"params":{"class":"с","classMask":1,"info":{"isCapital":false,"isUpper":false},"stack":"((<DictionaryAnalyzer>, u'\\u043a\\u043e\\u043b\\u043b\\u0435\\u043a\\u0442\\u0438\\u0432\\u0430', 33, 1),)"},"sentenceIndex":[3],"words":["коллектива"],"wordsIndex":[3]},"композиция":{"params":{"class":"с","classMask":1,"info":{"isCapital":false,"isUpper":false},"stack":"((<DictionaryAnalyzer>, u'\\u043a\\u043e\\u043c\\u043f\\u043e\\u0437\\u0438\\u0446\\u0438\\u044e', 40, 3),)"},"sentenceIndex":[0],"words":["композицию"],"wordsIndex":[7]},"который":{"params":{"class":"п","classMask":2,"info":{"isCapital":false,"isUpper":false},"stack":"((<DictionaryAnalyzer>, u'\\u043a\\u043e\\u0442\\u043e\\u0440\\u043e\\u0433\\u043e', 1788, 14),)"},"sentenceIndex":[2],"words":["которого"],"wordsIndex":[9]},"лондонский":{"params":{"class":"п","classMask":2,"info":{"isCapital":true,"isUpper":false},"stack":"((<DictionaryAnalyzer>, u'\\u043b\\u043e\\u043d\\u0434\\u043e\\u043d\\u0441\\u043a\\u0438\\u0439', 16, 0),)"},"sentenceIndex":[0],"words":["Лондонский"],"wordsIndex":[0]},"март":{"params":{"class":"с","classMask":1,"info":{"isCapital":false,"isUpper":false},"stack":"((<DictionaryAnalyzer>, u'\\u043c\\u0430\\u0440\\u0442\\u0430', 33, 1),)"},"sentenceIndex":[2],"words":["марта"],"wordsIndex":[13]},"на":{"params":{"class":"предл","classMask":14,"info":{"isCapital":false,"isUpper":false},"stack":"((<DictionaryAnalyzer>, u'\\u043d\\u0430', 24, 0),)"},"sentenceIndex":[0,1,2],"words":["на","на","на"],"wordsIndex":[6,2,11]},"назначить":{"params":{"class":"кр_причастие","classMask":8,"info":{"isCapital":false,"isUpper":false},"stack":"((<DictionaryAnalyzer>, u'\\u043d\\u0430\\u0437\\u043d\\u0430\\u0447\\u0435\\u043d', 727, 71),)"},"sentenceIndex":[2],"words":["назначен"],"wordsIndex":[10]},"один":{"params":{"class":"п","classMask":2,"info":{"isCapital":false,"isUpper":false},"stack":"((<DictionaryAnalyzer>, u'\\u043f\\u0435\\u0440\\u0432\\u0430\\u044f', 2198, 33),)"},"sentenceIndex":[3],"words":["первая"],"wordsIndex":[1]},"они":{"params":{"class":"мс","classMask":12,"info":{"isCapital":true,"isUpper":false},"stack":"((<DictionaryAnalyzer>, u'\\u0438\\u0445', 2210, 1),)"},"sentenceIndex":[4],"words":["Их"],"wordsIndex":[0]},"пластинка":{"params":{"class":"с","classMask":1,"info":{"isCapital":false,"isUpper":false},"stack":"((<DictionaryAnalyzer>, u'\\u043f\\u043b\\u0430\\u0441\\u0442\\u0438\\u043d\\u043a\\u0430', 8, 0),)"},"sentenceIndex":[3],"words":["пластинка"],"wordsIndex":[2]},"портал":{"params":{"class":"с","classMask":1,"info":{"isCapital":false,"isUpper":false},"stack":"((<DictionaryAnalyzer>, u'\\u043f\\u043e\\u0440\\u0442\\u0430\\u043b\\u0435', 33, 5),)"},"sentenceIndex":[1],"words":["портале"],"wordsIndex":[3]},"последний":{"params":{"class":"п","classMask":2,"info":{"isCapital":false,"isUpper":false},"stack":"((<DictionaryAnalyzer>, u'\\u043f\\u043e\\u0441\\u043b\\u0435\\u0434\\u043d\\u0438\\u0439', 382, 0),)"},"sentenceIndex":[4],"words":["последний"],"wordsIndex":[1]},"появиться":{"params":{"class":"г","classMask":5,"info":{"isCapital":false,"isUpper":false},"stack":"((<DictionaryAnalyzer>, u'\\u043f\\u043e\\u044f\\u0432\\u0438\\u043b\\u0441\\u044f', 456, 1),)"},"sentenceIndex":[1],"words":["появился"],"wordsIndex":[1]},"релиз":{"params":{"class":"с","classMask":1,"info":{"isCapital":false,"isUpper":false},"stack":"((<DictionaryAnalyzer>, u'\\u0440\\u0435\\u043b\\u0438\\u0437', 33, 0),)"},"sentenceIndex":[2],"words":["релиз"],"wordsIndex":[8]},"ролик":{"params":{"class":"с","classMask":1,"info":{"isCapital":true,"isUpper":false},"stack":"((<DictionaryAnalyzer>, u'\\u0440\\u043e\\u043b\\u0438\\u043a', 19, 0),)"},"sentenceIndex":[1],"words":["Ролик"],"wordsIndex":[0]},"семь":{"params":{"class":"п","classMask":2,"info":{"isCapital":false,"isUpper":false},"stack":"((<DictionaryAnalyzer>, u'\\u0441\\u0435\\u0434\\u044c\\u043c\\u043e\\u0439', 2749, 18),)"},"sentenceIndex":[2],"words":["седьмой"],"wordsIndex":[3]},"сентябрь":{"params":{"class":"с","classMask":1,"info":{"isCapital":false,"isUpper":false},"stack":"((<DictionaryAnalyzer>, u'\\u0441\\u0435\\u043d\\u0442\\u044f\\u0431\\u0440\\u0435', 190, 5),)"},"sentenceIndex":[4],"words":["сентябре"],"wordsIndex":[8]},"студийный":{"params":{"class":"п","classMask":2,"info":{"isCapital":false,"isUpper":false},"stack":"((<DictionaryAnalyzer>, u'\\u0441\\u0442\\u0443\\u0434\\u0438\\u0439\\u043d\\u044b\\u0439', 96, 4),)"},"sentenceIndex":[2],"words":["студийный"],"wordsIndex":[4]},"трек":{"params":{"class":"с","classMask":1,"info":{"isCapital":true,"isUpper":false},"stack":"((<DictionaryAnalyzer>, u'\\u0442\\u0440\\u0435\\u043a', 19, 0),)"},"sentenceIndex":[2],"words":["Трек"],"wordsIndex":[0]},"февраль":{"params":{"class":"с","classMask":1,"info":{"isCapital":false,"isUpper":false},"stack":"((<DictionaryAnalyzer>, u'\\u0444\\u0435\\u0432\\u0440\\u0430\\u043b\\u044f', 190, 1),)"},"sentenceIndex":[1],"words":["февраля"],"wordsIndex":[8]},"четверг":{"params":{"class":"с","classMask":1,"info":{"isCapital":false,"isUpper":false},"stack":"((<DictionaryAnalyzer>, u'\\u0447\\u0435\\u0442\\u0432\\u0435\\u0440\\u0433', 19, 3),)"},"sentenceIndex":[1],"words":["четверг"],"wordsIndex":[6]},"четыре":{"params":{"class":"числ","classMask":10,"info":{"isCapital":false,"isUpper":false},"stack":"((<DictionaryAnalyzer>, u'\\u0447\\u0435\\u0442\\u044b\\u0440\\u0435', 3036, 0),)"},"sentenceIndex":[3],"words":["четыре"],"wordsIndex":[5]},"электронный":{"params":{"class":"п","classMask":2,"info":{"isCapital":false,"isUpper":false},"stack":"((<DictionaryAnalyzer>, u'\\u044d\\u043b\\u0435\\u043a\\u0442\\u0440\\u043e\\u043d\\u043d\\u044b\\u0439', 34, 0),)"},"sentenceIndex":[0],"words":["электронный"],"wordsIndex":[1]},"это":{"params":{"class":"част","classMask":16,"info":{"isCapital":true,"isUpper":false},"stack":"((<DictionaryAnalyzer>, u'\\u044d\\u0442\\u043e', 22, 0),)"},"sentenceIndex":[3],"words":["Это"],"wordsIndex":[0]}}