{"2013":{"indexObj":{"classMask":19,"counter":4791.0,"finded":2462,"isExisted":true,"letterId":63,"meta":"{}","server":"_buber3_","table":"wordIndex.other","uid":74,"word":"2013","wordHash":"8038da89e49ac5eabb489cfc6cea9fc1_3a1a552f3ad49b6faae93a23ac6c201270a54bfb07909dbc80a7903d59b446d19f9b27fb32ae290522b0dc6f783ab812295780a448664d87fafecdcf3f3639a4","wordId":"63:74"},"morphObj":{"params":{"class":"наим","classMask":19,"info":{},"stack":""},"sentenceIndex":[4],"words":["2013"],"wordsIndex":[9]},"rating":50.0,"stats":{"counter":4791.0,"counterAll":4791.0,"isAdjf":0,"isCombo":0,"isComp":0,"isCountry":0,"isEng":0,"isName":0,"isNominal":1,"isNoun":0,"isNum":0,"isPrtf":0,"isSymbol":0,"isUnknown":0,"isVerb":0,"repeat":0.5,"weight":0.02515726572919839,"weightAll":0.012578566815267561}},"2013-го":{"indexObj":{"classMask":19,"counter":17.0,"finded":15,"isExisted":true,"letterId":63,"meta":"{}","server":"_buber3_","table":"wordIndex.other","uid":2739,"word":"2013-го","wordHash":"4613d29c308bede0400564d063cd4c1e_d40216b1a4df74baa0906ad0e2819b03c50c3be90431f61df325dcb1ac874cc2d4f16cb33fe53dd079da51148cf7ce73a908905dd1f7a9030b993b793f15e6e1","wordId":"63:2739"},"morphObj":{"params":{"class":"наим","classMask":19,"info":{},"stack":""},"sentenceIndex":[4],"words":["2013-го"],"wordsIndex":[11]},"rating":50.0,"stats":{"counter":17.0,"counterAll":17.0,"isAdjf":0,"isCombo":0,"isComp":0,"isCountry":0,"isEng":0,"isName":0,"isNominal":1,"isNoun":0,"isNum":0,"isPrtf":0,"isSymbol":0,"isUnknown":0,"isVerb":0,"repeat":0.5,"weight":8.926602325117359e-05,"weightAll":4.4632777261437804e-05}},"2017":{"indexObj":{"classMask":19,"counter":1148.0,"finded":821,"isExisted":true,"letterId":63,"meta":"{}","server":"_buber3_","table":"wordIndex.other","uid":70,"word":"2017","wordHash":"8d8818c8e140c64c743113f563cf750f_0ec10cef3b424a1ad5a2e84a950a552dffe991bd536696381ecae76828c591fb092fd408008bf76849d400d793e9905ec4e396b11783ebf58f5000d5a136ff13","wordId":"63:70"},"morphObj":{"params":{"class":"наим","classMask":19,"info":{},"stack":""},"sentenceIndex":[2],"words":["2017"],"wordsIndex":[14]},"rating":50.0,"stats":{"counter":1148.0,"counterAll":1148.0,"isAdjf":0,"isCombo":0,"isComp":0,"isCountry":0,"isEng":0,"isName":0,"isNominal":1,"isNoun":0,"isNum":0,"isPrtf":0,"isSymbol":0,"isUnknown":0,"isVerb":0,"repeat":0.5,"weight":0.00602808204072631,"weightAll":0.003014025193890035}},"31":{"indexObj":{"classMask":19,"counter":3491.0,"finded":2579,"isExisted":true,"letterId":62,"meta":"{}","server":"_buber3_","table":"wordIndex.other","uid":91,"word":"31","wordHash":"c16a5320fa475530d9583c34fd356ef5_5305f867c631e8335813a103a4942a93037c3d3b1982eab342fb495047dcc79e13299ab65b5f4a34400f15af384eda2ed7144671e83996334c0669fc8377a130","wordId":"62:91"},"morphObj":{"params":{"class":"наим","classMask":19,"info":{},"stack":""},"sentenceIndex":[2],"words":["31"],"wordsIndex":[12]},"rating":50.0,"stats":{"counter":3491.0,"counterAll":3491.0,"isAdjf":0,"isCombo":0,"isComp":0,"isCountry":0,"isEng":0,"isName":0,"isNominal":1,"isNoun":0,"isNum":0,"isPrtf":0,"isSymbol":0,"isUnknown":0,"isVerb":0,"repeat":0.5,"weight":0.018331040421755707,"weightAll":0.009165472083510552}},"anymore":{"indexObj":{"classMask":22,"counter":7.0,"finded":7,"isExisted":true,"letterId":34,"meta":"{}","server":"_buber3_","table":"wordIndex.en","uid":22626,"word":"anymore","wordHash":"5277fd7422f2a1f9d2b3246685afe1d6_62fd35a13047d93582dfe83799e5192e9886a92e229644cdc1fdcd5f02260682cf2bfaf7fdb5f636cac4cd3e670f2d4c7b78be98061923e45bcdc4afddd45fe0","wordId":"34:22626"},"morphObj":{"params":{"class":"имя","classMask":22,"info":{"isCapital":true,"isUpper":false},"stack":""},"sentenceIndex":[0],"words":["Anymore"],"wordsIndex":[8]},"rating":150.0,"stats":{"counter":7.0,"counterAll":7.0,"isAdjf":0,"isCombo":0,"isComp":0,"isCountry":0,"isEng":0,"isName":1,"isNominal":0,"isNoun":0,"isNum":0,"isPrtf":0,"isSymbol":0,"isUnknown":0,"isVerb":0,"repeat":0.5,"weight":3.675659780930677e-05,"weightAll":1.8378202401768508e-05}},"eye":{"indexObj":{"classMask":22,"counter":63.0,"finded":35,"isExisted":true,"letterId":37,"meta":"{}","server":"_buber3_","table":"wordIndex.en","uid":2045,"word":"eye","wordHash":"f19bd0844e53369373385609e28dbf84_46990b0a47692c4daffcc387cecdc0973a787a860a1ae118a3b84850391ff26488c5587451d3016b4fb9bc648b09ed084ed6e14ec4c4b79a44fc9e1e5a9f20fe","wordId":"37:2045"},"morphObj":{"params":{"class":"имя","classMask":22,"info":{"isCapital":true,"isUpper":false},"stack":""},"sentenceIndex":[2],"words":["Eye"],"wordsIndex":[7]},"rating":150.0,"stats":{"counter":63.0,"counterAll":63.0,"isAdjf":0,"isCombo":0,"isComp":0,"isCountry":0,"isEng":0,"isName":1,"isNominal":0,"isNoun":0,"isNum":0,"isPrtf":0,"isSymbol":0,"isUnknown":0,"isVerb":0,"repeat":0.5,"weight":0.0003308093802837609,"weightAll":0.00016540382161591658}},"goldfrapp":{"indexObj":{"classMask":22,"counter":2.0,"finded":2,"isExisted":true,"letterId":39,"meta":"{}","server":"_buber3_","table":"wordIndex.en","uid":112588,"word":"goldfrapp","wordHash":"89f01832b6d1e98a11497685c2d3ea38_918a25bd6e44049ac69b401d1f7838129622a6f466b7c93c9406ac40f2b03fd5da4fcba750a49c28ada337747ac1d9c30744fcfe8299f78e7b52431630fdc618","wordId":"39:112588"},"morphObj":{"params":{"class":"имя","classMask":22,"info":{"isCapital":true,"isUpper":false},"stack":""},"sentenceIndex":[0],"words":["Goldfrapp"],"wordsIndex":[3]},"rating":150.0,"stats":{"counter":2.0,"counterAll":2.0,"isAdjf":0,"isCombo":0,"isComp":0,"isCountry":0,"isEng":0,"isName":1,"isNominal":0,"isNoun":0,"isNum":0,"isPrtf":0,"isSymbol":0,"isUnknown":0,"isVerb":0,"repeat":0.5,"weight":1.0501885088373362e-05,"weightAll":5.250914971933859e-06}},"nowness":{"indexObj":{"classMask":21,"counter":2.0,"finded":2,"isExisted":true,"letterId":48,"meta":"{}","server":"_buber3_","table":"wordIndex.en","uid":112587,"word":"nowness","wordHash":"f78f0011a987ba05c7ebeff98540de3e_d4bdbeedc97edc513270cd2209789e53a1e38314aec9931a1f6534cc93531a3aa799024af67e19fec1bb246af3acf6503dabadc25f75ba69ce0917a6df06b790","wordId":"48:112587"},"morphObj":{"params":{"class":"иняз","classMask":21,"info":{"isCapital":false,"isUpper":true},"stack":""},"sentenceIndex":[1],"words":["NOWNESS"],"wordsIndex":[4]},"rating":50.0,"stats":{"counter":2.0,"counterAll":2.0,"isAdjf":0,"isCombo":0,"isComp":0,"isCountry":0,"isEng":1,"isName":0,"isNominal":0,"isNoun":0,"isNum":0,"isPrtf":0,"isSymbol":0,"isUnknown":0,"isVerb":0,"repeat":0.5,"weight":1.0501885088373362e-05,"weightAll":5.250914971933859e-06}},"of":{"indexObj":{"classMask":21,"counter":5091.0,"finded":1808,"isExisted":true,"letterId":47,"meta":"{}","server":"_buber3_","table":"wordIndex.en","uid":71,"word":"of","wordHash":"8bf8854bebe108183caeb845c7676ae4_0bd58612e25579c03d5a44aa1730640c5f97b218d9c6e484d887e5cd043a57c332e8106660c27d4cf994fe7fb15bd7f1355c662091a8dbf9820cb7ad3d87441e","wordId":"47:71"},"morphObj":{"params":{"class":"иняз","classMask":21,"info":{"isCapital":false,"isUpper":false},"stack":""},"sentenceIndex":[4],"words":["of"],"wordsIndex":[4]},"rating":50.0,"stats":{"counter":5091.0,"counterAll":5091.0,"isAdjf":0,"isCombo":0,"isComp":0,"isCountry":0,"isEng":1,"isName":0,"isNominal":0,"isNoun":0,"isNum":0,"isPrtf":0,"isSymbol":0,"isUnknown":0,"isVerb":0,"repeat":0.5,"weight":0.026732548492454395,"weightAll":0.01336620406105764}},"silver":{"indexObj":{"classMask":22,"counter":46.0,"finded":28,"isExisted":true,"letterId":51,"meta":"{}","server":"_buber3_","table":"wordIndex.en","uid":6898,"word":"silver","wordHash":"97f014516561ef487ec368d6158eb3f4_560029eef61cc09d7a8e7c2281af4f8a21ec2bd68965a8bff585da903497e5d6e54edee40721df293f29eefd83a35c2b7ac73c3067111cc04950c202a5edd130","wordId":"51:6898"},"morphObj":{"params":{"class":"имя","classMask":22,"info":{"isCapital":true,"isUpper":false},"stack":""},"sentenceIndex":[2],"words":["Silver"],"wordsIndex":[6]},"rating":150.0,"stats":{"counter":46.0,"counterAll":46.0,"isAdjf":0,"isCombo":0,"isComp":0,"isCountry":0,"isEng":0,"isName":1,"isNominal":0,"isNoun":0,"isNum":0,"isPrtf":0,"isSymbol":0,"isUnknown":0,"isVerb":0,"repeat":0.5,"weight":0.00024154335703258735,"weightAll":0.00012077104435447876}},"tales":{"indexObj":{"classMask":22,"counter":80.0,"finded":38,"isExisted":true,"letterId":54,"meta":"{}","server":"_buber3_","table":"wordIndex.en","uid":8524,"word":"tales","wordHash":"bd044d038bfb5ed8716ac949623ac89e_4caa8d93e32be77bebde0a848a723fd4da10fbc3efd2307ef5c87a2868ddbb7833120b23fcd1166f7acb08a9eb8af0b3b608a21ed574ad15567bb11631fca405","wordId":"54:8524"},"morphObj":{"params":{"class":"имя","classMask":22,"info":{"isCapital":true,"isUpper":false},"stack":""},"sentenceIndex":[4],"words":["Tales"],"wordsIndex":[3]},"rating":150.0,"stats":{"counter":80.0,"counterAll":80.0,"isAdjf":0,"isCombo":0,"isComp":0,"isCountry":0,"isEng":0,"isName":1,"isNominal":0,"isNoun":0,"isNum":0,"isPrtf":0,"isSymbol":0,"isUnknown":0,"isVerb":0,"repeat":0.5,"weight":0.00042007540353493453,"weightAll":0.00021003659887735437}},"us":{"indexObj":{"classMask":22,"counter":57.0,"finded":36,"isExisted":true,"letterId":53,"meta":"{}","server":"_buber3_","table":"wordIndex.en","uid":10139,"word":"us","wordHash":"0b3b97fa66886c5688ee4ae80ec0c3c2_2ce4459020619b5d56e2fbe4854800f43a18fb4cd2ffe979be29637e0653ade1c88c2d3daf16c207457be50d780f634641ebac1dacac2c4196b70490f085ce30","wordId":"53:10139"},"morphObj":{"params":{"class":"имя","classMask":22,"info":{"isCapital":true,"isUpper":false},"stack":""},"sentenceIndex":[4],"words":["Us"],"wordsIndex":[5]},"rating":150.0,"stats":{"counter":57.0,"counterAll":57.0,"isAdjf":0,"isCombo":0,"isComp":0,"isCountry":0,"isEng":0,"isName":1,"isNominal":0,"isNoun":0,"isNum":0,"isPrtf":0,"isSymbol":0,"isUnknown":0,"isVerb":0,"repeat":0.5,"weight":0.00029930372501864083,"weightAll":0.000149651076700115}},"альбом":{"indexObj":{"classMask":1,"counter":6068.0,"finded":1189,"isExisted":true,"letterId":2,"meta":"{}","server":"_buber3_","table":"wordIndex.ru","uid":2355,"word":"альбом","wordHash":"be8862f1852e636f43bce516cebb3d15_f5295e638293c0e4660895ff9a6f314f43931196be868a8af702dcbde65e2c259d34efcae076f278512897e5d0f98892033714e3938776a83489866fa43e8f60","wordId":"2:2355"},"morphObj":{"params":{"class":"с","classMask":1,"info":{"isCapital":false,"isUpper":false},"stack":"((<DictionaryAnalyzer>, u'\\u0430\\u043b\\u044c\\u0431\\u043e\\u043c', 33, 3),)"},"sentenceIndex":[2],"words":["альбом"],"wordsIndex":[5]},"rating":50.0,"stats":{"counter":6068.0,"counterAll":6068.0,"isAdjf":0,"isCombo":0,"isComp":0,"isCountry":0,"isEng":0,"isName":0,"isNominal":0,"isNoun":1,"isNum":0,"isPrtf":0,"isSymbol":0,"isUnknown":0,"isVerb":0,"repeat":0.5,"weight":0.031862719358124784,"weightAll":0.01593127602484733}},"войти":{"indexObj":{"classMask":5,"counter":2811.0,"finded":1967,"isExisted":true,"letterId":4,"meta":"{}","server":"_buber3_","table":"wordIndex.ru","uid":2214,"word":"войти","wordHash":"da9c0cd0bed7d1cccd8ba93b8b3f7819_ca65fb5c7cdd4f0bffeb5dc8000a910a5688c930f3b522d69b5f984d739d205a8fdaab637c19342a72e473b65104bc9abc3fd2a5d0aadb74259322e01e4a2c19","wordId":"4:2214"},"morphObj":{"params":{"class":"г","classMask":5,"info":{"isCapital":false,"isUpper":false},"stack":"((<DictionaryAnalyzer>, u'\\u0432\\u043e\\u0439\\u0434\\u0451\\u0442', 771, 9),)"},"sentenceIndex":[2],"words":["войдет"],"wordsIndex":[1]},"rating":50.0,"stats":{"counter":2811.0,"counterAll":2811.0,"isAdjf":0,"isCombo":0,"isComp":0,"isCountry":0,"isEng":0,"isName":0,"isNominal":0,"isNoun":0,"isNum":0,"isPrtf":0,"isSymbol":0,"isUnknown":0,"isVerb":1,"repeat":0.5,"weight":0.014760399491708761,"weightAll":0.007380160993053039}},"выйти":{"indexObj":{"classMask":5,"counter":4065.0,"finded":2574,"isExisted":true,"letterId":4,"meta":"{}","server":"_buber3_","table":"wordIndex.ru","uid":972,"word":"выйти","wordHash":"38a4315f55cbef94b573cb206a118561_1b7adc624a14caaf31d64081ca155667369ef0f9c58f418c9592470e052ee92b4b86a355d62d14d5641e55cc8b9be17844ab0077729a1e9716dccfee46f2ce99","wordId":"4:972"},"morphObj":{"params":{"class":"г","classMask":5,"info":{"isCapital":false,"isUpper":false},"stack":"((<DictionaryAnalyzer>, u'\\u0432\\u044b\\u0448\\u0435\\u043b', 1027, 1),)"},"sentenceIndex":[4],"words":["вышел"],"wordsIndex":[6]},"rating":50.0,"stats":{"counter":4065.0,"counterAll":4065.0,"isAdjf":0,"isCombo":0,"isComp":0,"isCountry":0,"isEng":0,"isName":0,"isNominal":0,"isNoun":0,"isNum":0,"isPrtf":0,"isSymbol":0,"isUnknown":0,"isVerb":1,"repeat":0.5,"weight":0.02134508144211886,"weightAll":0.01067248468045557}},"выпустить":{"indexObj":{"classMask":5,"counter":1090.0,"finded":591,"isExisted":true,"letterId":4,"meta":"{}","server":"_buber3_","table":"wordIndex.ru","uid":2101,"word":"выпустить","wordHash":"d8d88233377af5ead140bd070846fa76_afef34a9ec6aeb81fa64c8dd51dde77aafdbf857204d45ac1ed73bd6e0fc7d01d99b0c811399b94fe9d7e966e38db5d1d40082fcf8e69fbe3a24a05ef0145822","wordId":"4:2101"},"morphObj":{"params":{"class":"г","classMask":5,"info":{"isCapital":false,"isUpper":false},"stack":"((<DictionaryAnalyzer>, u'\\u0432\\u044b\\u043f\\u0443\\u0441\\u0442\\u0438\\u043b', 927, 1),)"},"sentenceIndex":[0],"words":["выпустил"],"wordsIndex":[4]},"rating":50.0,"stats":{"counter":1090.0,"counterAll":1090.0,"isAdjf":0,"isCombo":0,"isComp":0,"isCountry":0,"isEng":0,"isName":0,"isNominal":0,"isNoun":0,"isNum":0,"isPrtf":0,"isSymbol":0,"isUnknown":0,"isVerb":1,"repeat":0.5,"weight":0.005723527373163483,"weightAll":0.0028617486597039533}},"го":{"indexObj":{"classMask":1,"counter":5891.0,"finded":2596,"isExisted":true,"letterId":3,"meta":"{}","server":"_buber3_","table":"wordIndex.ru","uid":2791,"word":"го","wordHash":"b0524fcd16f5992ce5fa5777f9be89c1_6af463187acc826192c09181b52bc5275ae5ec9ea1905a493752285c88084df7ee76f6e61704516bd4caed273e2f5e56127de663af5f2e78eeb1bd7cbda04307","wordId":"3:2791"},"morphObj":{"params":{"class":"с","classMask":1,"info":{"isCapital":false,"isUpper":false},"stack":"((<DictionaryAnalyzer>, u'\\u0433\\u043e', 23, 0),)"},"sentenceIndex":[4],"words":["го"],"wordsIndex":[10]},"rating":50.0,"stats":{"counter":5891.0,"counterAll":5891.0,"isAdjf":0,"isCombo":0,"isComp":0,"isCountry":0,"isEng":0,"isName":0,"isNominal":0,"isNoun":1,"isNum":0,"isPrtf":0,"isSymbol":0,"isUnknown":0,"isVerb":0,"repeat":0.5,"weight":0.03093330252780374,"weightAll":0.015466570049831183}},"год":{"indexObj":{"classMask":1,"counter":190444.0,"finded":27736,"isExisted":true,"letterId":3,"meta":"{}","server":"_buber3_","table":"wordIndex.ru","uid":41,"word":"год","wordHash":"6270693d76d15c0b806abbb0929ca8a8_74cd8d3b64ee6f979b467bb39ea5e63d26f2645e0d0da7c4b1cc0ef5676678b91f80fb1d385e43bc555371b2b4a6f20c3b13daacb271dc75a41fb88c2102a24a","wordId":"3:41"},"morphObj":{"params":{"class":"с","classMask":1,"info":{"isCapital":false,"isUpper":false},"stack":"((<DictionaryAnalyzer>, u'\\u0433\\u043e\\u0434\\u0430', 1168, 1),)"},"sentenceIndex":[2,3],"words":["года","года"],"wordsIndex":[15,6]},"rating":100.0,"stats":{"counter":190444.0,"counterAll":380888.0,"isAdjf":0,"isCombo":0,"isComp":0,"isCountry":0,"isEng":0,"isName":0,"isNominal":0,"isNoun":1,"isNum":0,"isPrtf":0,"isSymbol":0,"isUnknown":0,"isVerb":0,"repeat":1.0,"weight":1.0000105018850884,"weightAll":1.000005250914972}},"диск":{"indexObj":{"classMask":1,"counter":1198.0,"finded":541,"isExisted":true,"letterId":6,"meta":"{}","server":"_buber3_","table":"wordIndex.ru","uid":1798,"word":"диск","wordHash":"987c145304b4f19f01dc3174ec5c8f62_59acd07c3432eca39092ef82d63eaa33b9bfdc6a89e69ad952b221fbb0cf91a718a0acc01ea4efcad91ed10a08a7eac13db1214d7c314a15e114f52813e8fc5f","wordId":"6:1798"},"morphObj":{"params":{"class":"с","classMask":1,"info":{"isCapital":false,"isUpper":false},"stack":"((<DictionaryAnalyzer>, u'\\u0434\\u0438\\u0441\\u043a', 19, 3),)"},"sentenceIndex":[4],"words":["диск"],"wordsIndex":[2]},"rating":50.0,"stats":{"counter":1198.0,"counterAll":1198.0,"isAdjf":0,"isCombo":0,"isComp":0,"isCountry":0,"isEng":0,"isName":0,"isNominal":0,"isNoun":1,"isNum":0,"isPrtf":0,"isSymbol":0,"isUnknown":0,"isVerb":0,"repeat":0.5,"weight":0.006290629167935644,"weightAll":0.003145298068188382}},"дуэт":{"indexObj":{"classMask":1,"counter":387.0,"finded":242,"isExisted":true,"letterId":6,"meta":"{}","server":"_buber3_","table":"wordIndex.ru","uid":1560,"word":"дуэт","wordHash":"62ee7a9d2d697c35e1537ce9c24ac097_2c1b84dbe0765d777290c9476faf1f3cf1fc085d545450dacdd87fb53be36d4a5374b1d2fe935114eea789c133aabc5890351fac2251582381df71b3905fe7d1","wordId":"6:1560"},"morphObj":{"params":{"class":"с","classMask":1,"info":{"isCapital":false,"isUpper":false},"stack":"((<DictionaryAnalyzer>, u'\\u0434\\u0443\\u044d\\u0442', 33, 0),)"},"sentenceIndex":[0],"words":["дуэт"],"wordsIndex":[2]},"rating":50.0,"stats":{"counter":387.0,"counterAll":387.0,"isAdjf":0,"isCombo":0,"isComp":0,"isCountry":0,"isEng":0,"isName":0,"isNominal":0,"isNoun":1,"isNum":0,"isPrtf":0,"isSymbol":0,"isUnknown":0,"isVerb":0,"repeat":0.5,"weight":0.0020321147646002458,"weightAll":0.0010160520470692018}},"клип":{"indexObj":{"classMask":1,"counter":527.0,"finded":255,"isExisted":true,"letterId":12,"meta":"{}","server":"_buber3_","table":"wordIndex.ru","uid":4968,"word":"клип","wordHash":"45a96acd730a991238989725396bc391_00590793635b7024b843cbe599a2870862a30d201cb7d1d63d2c60276e972f63a58e5946885b60ba800cbd671e4ec6626af87fe3aa0276a93f6839fc5977ef85","wordId":"12:4968"},"morphObj":{"params":{"class":"с","classMask":1,"info":{"isCapital":false,"isUpper":false},"stack":"((<DictionaryAnalyzer>, u'\\u043a\\u043b\\u0438\\u043f', 33, 0),)"},"sentenceIndex":[0],"words":["клип"],"wordsIndex":[5]},"rating":50.0,"stats":{"counter":527.0,"counterAll":527.0,"isAdjf":0,"isCombo":0,"isComp":0,"isCountry":0,"isEng":0,"isName":0,"isNominal":0,"isNoun":1,"isNum":0,"isPrtf":0,"isSymbol":0,"isUnknown":0,"isVerb":0,"repeat":0.5,"weight":0.0027672467207863812,"weightAll":0.001383616095104572}},"коллектив":{"indexObj":{"classMask":1,"counter":1154.0,"finded":671,"isExisted":true,"letterId":12,"meta":"{}","server":"_buber3_","table":"wordIndex.ru","uid":6041,"word":"коллектив","wordHash":"dc7f928a945488693f4702392a10b117_c4e4ce0fd77544ee8eb95b672aedd2c90b7f8e515ddc512cd76dcd5b69797ebb61bad10a6a8e55410619cc3c1ab79f3cf5faca8f083052e8743898bf0c343ed7","wordId":"12:6041"},"morphObj":{"params":{"class":"с","classMask":1,"info":{"isCapital":false,"isUpper":false},"stack":"((<DictionaryAnalyzer>, u'\\u043a\\u043e\\u043b\\u043b\\u0435\\u043a\\u0442\\u0438\\u0432\\u0430', 33, 1),)"},"sentenceIndex":[3],"words":["коллектива"],"wordsIndex":[3]},"rating":50.0,"stats":{"counter":1154.0,"counterAll":1154.0,"isAdjf":0,"isCombo":0,"isComp":0,"isCountry":0,"isEng":0,"isName":0,"isNominal":0,"isNoun":1,"isNum":0,"isPrtf":0,"isSymbol":0,"isUnknown":0,"isVerb":0,"repeat":0.5,"weight":0.00605958769599143,"weightAll":0.003029777938805837}},"композиция":{"indexObj":{"classMask":1,"counter":2063.0,"finded":1159,"isExisted":true,"letterId":12,"meta":"{}","server":"_buber3_","table":"wordIndex.ru","uid":1753,"word":"композиция","wordHash":"742404ac0038f4d5dbc08255bc9bc4ca_62ee2a741f98b067b9520b18bddbe9ebbadb3a320472cac2c2c830f55ae0df5f501f55d007f497c55bba56330a4fb1abbcdfcf1920ed98be89f45daad991a0dd","wordId":"12:1753"},"morphObj":{"params":{"class":"с","classMask":1,"info":{"isCapital":false,"isUpper":false},"stack":"((<DictionaryAnalyzer>, u'\\u043a\\u043e\\u043c\\u043f\\u043e\\u0437\\u0438\\u0446\\u0438\\u044e', 40, 3),)"},"sentenceIndex":[0],"words":["композицию"],"wordsIndex":[7]},"rating":50.0,"stats":{"counter":2063.0,"counterAll":2063.0,"isAdjf":0,"isCombo":0,"isComp":0,"isCountry":0,"isEng":0,"isName":0,"isNominal":0,"isNoun":1,"isNum":0,"isPrtf":0,"isSymbol":0,"isUnknown":0,"isVerb":0,"repeat":0.5,"weight":0.010832694468657124,"weightAll":0.005416318793549776}},"который":{"indexObj":{"classMask":2,"counter":53575.0,"finded":16478,"isExisted":true,"letterId":12,"meta":"{}","server":"_buber3_","table":"wordIndex.ru","uid":216,"word":"который","wordHash":"c8a6d7a44bed6f557c875c08d3ec33a2_673df5f323ec5325eb4198cb05733701dfd46b4370f1b154f7f5e8ad35656c6b045df10392d21ebe661e15d917d78513459c704d920a61be2d439615881cbb80","wordId":"12:216"},"morphObj":{"params":{"class":"п","classMask":2,"info":{"isCapital":false,"isUpper":false},"stack":"((<DictionaryAnalyzer>, u'\\u043a\\u043e\\u0442\\u043e\\u0440\\u043e\\u0433\\u043e', 1788, 14),)"},"sentenceIndex":[2],"words":["которого"],"wordsIndex":[9]},"rating":50.0,"stats":{"counter":53575.0,"counterAll":53575.0,"isAdjf":1,"isCombo":0,"isComp":0,"isCountry":0,"isEng":0,"isName":0,"isNominal":0,"isNoun":0,"isNum":0,"isPrtf":0,"isSymbol":0,"isUnknown":0,"isVerb":0,"repeat":0.5,"weight":0.28131924680480147,"weightAll":0.14065888481067826}},"лондонский":{"indexObj":{"classMask":2,"counter":219.0,"finded":187,"isExisted":true,"letterId":11,"meta":"{}","server":"_buber3_","table":"wordIndex.ru","uid":3219,"word":"лондонский","wordHash":"621896783770f31991140e4da06150a7_89b97a7ded94bcf50f1c3c5061e1648517983c4cbdd6cc87a5fedb8b75ca137aa43c152025b58ebd9049aae19038a2e783dd300a4a97bd7063a822fa49057935","wordId":"11:3219"},"morphObj":{"params":{"class":"п","classMask":2,"info":{"isCapital":true,"isUpper":false},"stack":"((<DictionaryAnalyzer>, u'\\u043b\\u043e\\u043d\\u0434\\u043e\\u043d\\u0441\\u043a\\u0438\\u0439', 16, 0),)"},"sentenceIndex":[0],"words":["Лондонский"],"wordsIndex":[0]},"rating":50.0,"stats":{"counter":219.0,"counterAll":219.0,"isAdjf":1,"isCombo":0,"isComp":0,"isCountry":0,"isEng":0,"isName":0,"isNominal":0,"isNoun":0,"isNum":0,"isPrtf":0,"isSymbol":0,"isUnknown":0,"isVerb":0,"repeat":0.5,"weight":0.0011499564171768833,"weightAll":0.0005749751894267576}},"март":{"indexObj":{"classMask":1,"counter":7827.0,"finded":4412,"isExisted":true,"letterId":14,"meta":"{}","server":"_buber3_","table":"wordIndex.ru","uid":2076,"word":"март","wordHash":"608b6770d43da109283ab6ec63449a63_36d354cf6c003f4479701b575704ad6a3af9877b0ca6efe4101b4135de8eaff6e83339a63f9a67fed3c6ec48ffd267222ba667d2182fab6ce3727b72e764bcbf","wordId":"14:2076"},"morphObj":{"params":{"class":"с","classMask":1,"info":{"isCapital":false,"isUpper":false},"stack":"((<DictionaryAnalyzer>, u'\\u043c\\u0430\\u0440\\u0442\\u0430', 33, 1),)"},"sentenceIndex":[2],"words":["марта"],"wordsIndex":[13]},"rating":50.0,"stats":{"counter":7827.0,"counterAll":7827.0,"isAdjf":0,"isCombo":0,"isComp":0,"isCountry":0,"isEng":0,"isName":0,"isNominal":0,"isNoun":1,"isNum":0,"isPrtf":0,"isSymbol":0,"isUnknown":0,"isVerb":0,"repeat":0.5,"weight":0.04109912729334916,"weightAll":0.020549455742663158}},"назначить":{"indexObj":{"classMask":8,"counter":2834.0,"finded":1556,"isExisted":true,"letterId":13,"meta":"{}","server":"_buber3_","table":"wordIndex.ru","uid":6888,"word":"назначить","wordHash":"0ad8581ccdcbdc9b45de3da84078e26a_e16d37600847270f689394ca50d7e2b07c373c5a92781f28d9592e3532ae349fd44be646a28eeff41d016f3f4cc541dc4d300f4d670e2cff375db6caf6215773","wordId":"13:6888"},"morphObj":{"params":{"class":"кр_причастие","classMask":8,"info":{"isCapital":false,"isUpper":false},"stack":"((<DictionaryAnalyzer>, u'\\u043d\\u0430\\u0437\\u043d\\u0430\\u0447\\u0435\\u043d', 727, 71),)"},"sentenceIndex":[2],"words":["назначен"],"wordsIndex":[10]},"rating":50.0,"stats":{"counter":2834.0,"counterAll":2834.0,"isAdjf":0,"isCombo":0,"isComp":0,"isCountry":0,"isEng":0,"isName":0,"isNominal":0,"isNoun":0,"isNum":0,"isPrtf":1,"isSymbol":0,"isUnknown":0,"isVerb":0,"repeat":0.5,"weight":0.014881171170225055,"weightAll":0.007440546515230279}},"один":{"indexObj":{"classMask":2,"counter":39060.0,"finded":14563,"isExisted":true,"letterId":16,"meta":"{}","server":"_buber3_","table":"wordIndex.ru","uid":8,"word":"один","wordHash":"fc114849927fcbde0bde8042c274a17f_448c05269d3ab557aa547bd1ad7f719de9868c8b4b646b3eee9a798cc90cef5de37eafafdc816aee3b556abf4c319d54dff3a7c630324600e3d80a3bdbc99dca","wordId":"16:8"},"morphObj":{"params":{"class":"п","classMask":2,"info":{"isCapital":false,"isUpper":false},"stack":"((<DictionaryAnalyzer>, u'\\u043f\\u0435\\u0440\\u0432\\u0430\\u044f', 2198, 33),)"},"sentenceIndex":[3],"words":["первая"],"wordsIndex":[1]},"rating":50.0,"stats":{"counter":39060.0,"counterAll":39060.0,"isAdjf":1,"isCombo":0,"isComp":0,"isCountry":0,"isEng":0,"isName":0,"isNominal":0,"isNoun":0,"isNum":0,"isPrtf":0,"isSymbol":0,"isUnknown":0,"isVerb":0,"repeat":0.5,"weight":0.20510181577593178,"weightAll":0.10255036940186828}},"пластинка":{"indexObj":{"classMask":1,"counter":536.0,"finded":315,"isExisted":true,"letterId":15,"meta":"{}","server":"_buber3_","table":"wordIndex.ru","uid":5611,"word":"пластинка","wordHash":"12d239c1b40dc6b7a7d297ae9b721ea7_76fb9f7803f0be771aaff2aeaccd7b44142ec63f38b6cc18e3f75ae31b9d00881890e7831fcbb5fe4c6c9521daeb713c72dd247c292e867b5744ab9edfcb5fc7","wordId":"15:5611"},"morphObj":{"params":{"class":"с","classMask":1,"info":{"isCapital":false,"isUpper":false},"stack":"((<DictionaryAnalyzer>, u'\\u043f\\u043b\\u0430\\u0441\\u0442\\u0438\\u043d\\u043a\\u0430', 8, 0),)"},"sentenceIndex":[3],"words":["пластинка"],"wordsIndex":[2]},"rating":50.0,"stats":{"counter":536.0,"counterAll":536.0,"isAdjf":0,"isCombo":0,"isComp":0,"isCountry":0,"isEng":0,"isName":0,"isNominal":0,"isNoun":1,"isNum":0,"isPrtf":0,"isSymbol":0,"isUnknown":0,"isVerb":0,"repeat":0.5,"weight":0.0028145052036840615,"weightAll":0.0014072452124782742}},"портал":{"indexObj":{"classMask":1,"counter":440.0,"finded":305,"isExisted":true,"letterId":15,"meta":"{}","server":"_buber3_","table":"wordIndex.ru","uid":8273,"word":"портал","wordHash":"50c20f7d02a4bddbb4db536216f9cc3f_827353052284bff5af6fcf1fe933ab5a4e7266950837fff4d2b6dcc824ee0cd6441877f63fc054089386b44fdc7258eacfa5224acd54cfc03570659386c3c16f","wordId":"15:8273"},"morphObj":{"params":{"class":"с","classMask":1,"info":{"isCapital":false,"isUpper":false},"stack":"((<DictionaryAnalyzer>, u'\\u043f\\u043e\\u0440\\u0442\\u0430\\u043b\\u0435', 33, 5),)"},"sentenceIndex":[1],"words":["портале"],"wordsIndex":[3]},"rating":50.0,"stats":{"counter":440.0,"counterAll":440.0,"isAdjf":0,"isCombo":0,"isComp":0,"isCountry":0,"isEng":0,"isName":0,"isNominal":0,"isNoun":1,"isNum":0,"isPrtf":0,"isSymbol":0,"isUnknown":0,"isVerb":0,"repeat":0.5,"weight":0.0023104147194421398,"weightAll":0.001155201293825449}},"последний":{"indexObj":{"classMask":2,"counter":6502.0,"finded":4297,"isExisted":true,"letterId":15,"meta":"{}","server":"_buber3_","table":"wordIndex.ru","uid":1342,"word":"последний","wordHash":"3cfc404495b69f10149f1063e22f704f_6414beba83a4a03f31bcb4e015e2e2d7c6e2c7da37bc4d9d95da04b48300ed2cbc8f1b374adba3a3d7eaf85ae753fb6fa25e4ada94df4f449c5f459cd633ae59","wordId":"15:1342"},"morphObj":{"params":{"class":"п","classMask":2,"info":{"isCapital":false,"isUpper":false},"stack":"((<DictionaryAnalyzer>, u'\\u043f\\u043e\\u0441\\u043b\\u0435\\u0434\\u043d\\u0438\\u0439', 382, 0),)"},"sentenceIndex":[4],"words":["последний"],"wordsIndex":[1]},"rating":50.0,"stats":{"counter":6502.0,"counterAll":6502.0,"isAdjf":1,"isCombo":0,"isComp":0,"isCountry":0,"isEng":0,"isName":0,"isNominal":0,"isNoun":0,"isNum":0,"isPrtf":0,"isSymbol":0,"isUnknown":0,"isVerb":0,"repeat":0.5,"weight":0.034141628422301805,"weightAll":0.01707072457375698}},"появиться":{"indexObj":{"classMask":5,"counter":2979.0,"finded":2026,"isExisted":true,"letterId":15,"meta":"{}","server":"_buber3_","table":"wordIndex.ru","uid":91,"word":"появиться","wordHash":"1c4c69b7468e6f6a494dcf02464bf162_1cfb36d3bcada807c1ac785baa9c9be88f688adebdf2e2ac9ee4b5c33e790543dae1c2424f10ecebfd5cf25e73731a78accf59a3824028e75ee80f62cc71a88d","wordId":"15:91"},"morphObj":{"params":{"class":"г","classMask":5,"info":{"isCapital":false,"isUpper":false},"stack":"((<DictionaryAnalyzer>, u'\\u043f\\u043e\\u044f\\u0432\\u0438\\u043b\\u0441\\u044f', 456, 1),)"},"sentenceIndex":[1],"words":["появился"],"wordsIndex":[1]},"rating":50.0,"stats":{"counter":2979.0,"counterAll":2979.0,"isAdjf":0,"isCombo":0,"isComp":0,"isCountry":0,"isEng":0,"isName":0,"isNominal":0,"isNoun":0,"isNum":0,"isPrtf":0,"isSymbol":0,"isUnknown":0,"isVerb":1,"repeat":0.5,"weight":0.015642557839132123,"weightAll":0.007821237850695485}},"релиз":{"indexObj":{"classMask":1,"counter":624.0,"finded":399,"isExisted":true,"letterId":18,"meta":"{}","server":"_buber3_","table":"wordIndex.ru","uid":2592,"word":"релиз","wordHash":"c5a9bd83b77bba969df13c3cf95c4a2c_95c4e5c1c101c85328cd50b8078b1b7a8510f035c9985a3efe90ee0dd94a8165b719a039a42d995dffed0ddd8a2745d8628955683dfe8127b97e8f23f05c2b75","wordId":"18:2592"},"morphObj":{"params":{"class":"с","classMask":1,"info":{"isCapital":false,"isUpper":false},"stack":"((<DictionaryAnalyzer>, u'\\u0440\\u0435\\u043b\\u0438\\u0437', 33, 0),)"},"sentenceIndex":[2],"words":["релиз"],"wordsIndex":[8]},"rating":50.0,"stats":{"counter":624.0,"counterAll":624.0,"isAdjf":0,"isCombo":0,"isComp":0,"isCountry":0,"isEng":0,"isName":0,"isNominal":0,"isNoun":1,"isNum":0,"isPrtf":0,"isSymbol":0,"isUnknown":0,"isVerb":0,"repeat":0.5,"weight":0.0032765881475724894,"weightAll":0.0016382854712433642}},"ролик":{"indexObj":{"classMask":1,"counter":278.0,"finded":201,"isExisted":true,"letterId":18,"meta":"{}","server":"_buber3_","table":"wordIndex.ru","uid":16742,"word":"ролик","wordHash":"326c2ca836666357b285d57d78560c85_9beca0c41715f1f3e6b73200c7c78ef9158ef43fe21ce47b6b7790eec1f353dd7f6eb794ac2a8574f2c90fabb1dba8824fe393a6b70f98c05858c5e86f513e89","wordId":"18:16742"},"morphObj":{"params":{"class":"с","classMask":1,"info":{"isCapital":true,"isUpper":false},"stack":"((<DictionaryAnalyzer>, u'\\u0440\\u043e\\u043b\\u0438\\u043a', 19, 0),)"},"sentenceIndex":[1],"words":["Ролик"],"wordsIndex":[0]},"rating":50.0,"stats":{"counter":278.0,"counterAll":278.0,"isAdjf":0,"isCombo":0,"isComp":0,"isCountry":0,"isEng":0,"isName":0,"isNominal":0,"isNoun":1,"isNum":0,"isPrtf":0,"isSymbol":0,"isUnknown":0,"isVerb":0,"repeat":0.5,"weight":0.0014597620272838974,"weightAll":0.0007298771810988065}},"семь":{"indexObj":{"classMask":2,"counter":401.0,"finded":314,"isExisted":true,"letterId":17,"meta":"{}","server":"_buber3_","table":"wordIndex.ru","uid":3268,"word":"семь","wordHash":"0c27fa9560cccf1f305c300c80ecd184_a1d1ac7dbb77cdc48e8cc9dc30657c4719d64e540ebb438d0a751ed55cc926413a04af6cca0e45b307107bacf9ef6c5e77209dcff7e3061693492f8d749f33f0","wordId":"17:3268"},"morphObj":{"params":{"class":"п","classMask":2,"info":{"isCapital":false,"isUpper":false},"stack":"((<DictionaryAnalyzer>, u'\\u0441\\u0435\\u0434\\u044c\\u043c\\u043e\\u0439', 2749, 18),)"},"sentenceIndex":[2],"words":["седьмой"],"wordsIndex":[3]},"rating":50.0,"stats":{"counter":401.0,"counterAll":401.0,"isAdjf":1,"isCombo":0,"isComp":0,"isCountry":0,"isEng":0,"isName":0,"isNominal":0,"isNoun":0,"isNum":0,"isPrtf":0,"isSymbol":0,"isUnknown":0,"isVerb":0,"repeat":0.5,"weight":0.0021056279602188594,"weightAll":0.0010528084518727388}},"сентябрь":{"indexObj":{"classMask":1,"counter":8189.0,"finded":4434,"isExisted":true,"letterId":17,"meta":"{}","server":"_buber3_","table":"wordIndex.ru","uid":1464,"word":"сентябрь","wordHash":"f4c2260da1de12237920aa1b7c6fcce2_2fa6c1163c3714bc6ae73c1c9470c2470b7d01aeb9a28f6885ffdf30ac3f154ea4c40edae20892ea0ec10001127906e348eb1d0d3bdfa1b6c3c67a638393bdc8","wordId":"17:1464"},"morphObj":{"params":{"class":"с","classMask":1,"info":{"isCapital":false,"isUpper":false},"stack":"((<DictionaryAnalyzer>, u'\\u0441\\u0435\\u043d\\u0442\\u044f\\u0431\\u0440\\u0435', 190, 5),)"},"sentenceIndex":[4],"words":["сентябре"],"wordsIndex":[8]},"rating":50.0,"stats":{"counter":8189.0,"counterAll":8189.0,"isAdjf":0,"isCombo":0,"isComp":0,"isCountry":0,"isEng":0,"isName":0,"isNominal":0,"isNoun":1,"isNum":0,"isPrtf":0,"isSymbol":0,"isUnknown":0,"isVerb":0,"repeat":0.5,"weight":0.04299996849434474,"weightAll":0.02149987135258319}},"студийный":{"indexObj":{"classMask":2,"counter":651.0,"finded":508,"isExisted":true,"letterId":17,"meta":"{}","server":"_buber3_","table":"wordIndex.ru","uid":6023,"word":"студийный","wordHash":"784ba85877d16cec03d9fa587ab16dfc_33fb9819ffcd8f1242376eaafe78579e818b1379ab993bf9e6fe0954e00d51710e4ec1b5e42b272fb6e99e25e07756bfda50163957460deb37090959f9ca1ab5","wordId":"17:6023"},"morphObj":{"params":{"class":"п","classMask":2,"info":{"isCapital":false,"isUpper":false},"stack":"((<DictionaryAnalyzer>, u'\\u0441\\u0442\\u0443\\u0434\\u0438\\u0439\\u043d\\u044b\\u0439', 96, 4),)"},"sentenceIndex":[2],"words":["студийный"],"wordsIndex":[4]},"rating":50.0,"stats":{"counter":651.0,"counterAll":651.0,"isAdjf":1,"isCombo":0,"isComp":0,"isCountry":0,"isEng":0,"isName":0,"isNominal":0,"isNoun":0,"isNum":0,"isPrtf":0,"isSymbol":0,"isUnknown":0,"isVerb":0,"repeat":0.5,"weight":0.00341836359626553,"weightAll":0.0017091728233644713}},"трек":{"indexObj":{"classMask":1,"counter":648.0,"finded":359,"isExisted":true,"letterId":20,"meta":"{}","server":"_buber3_","table":"wordIndex.ru","uid":7842,"word":"трек","wordHash":"50494d3a4a02cbfbe504678a57656e5c_edf6e2babb196a842458d0d9084ed36f1442272935fa40bc5cb97af15e79ef901285347f6cf8450ccb8561fb53e21a6110827d26877fb2466fdf04365dbfc315","wordId":"20:7842"},"morphObj":{"params":{"class":"с","classMask":1,"info":{"isCapital":true,"isUpper":false},"stack":"((<DictionaryAnalyzer>, u'\\u0442\\u0440\\u0435\\u043a', 19, 0),)"},"sentenceIndex":[2],"words":["Трек"],"wordsIndex":[0]},"rating":50.0,"stats":{"counter":648.0,"counterAll":648.0,"isAdjf":0,"isCombo":0,"isComp":0,"isCountry":0,"isEng":0,"isName":0,"isNominal":0,"isNoun":1,"isNum":0,"isPrtf":0,"isSymbol":0,"isUnknown":0,"isVerb":0,"repeat":0.5,"weight":0.0034026107686329697,"weightAll":0.0017012964509065705}},"февраль":{"indexObj":{"classMask":1,"counter":9275.0,"finded":5448,"isExisted":true,"letterId":22,"meta":"{}","server":"_buber3_","table":"wordIndex.ru","uid":343,"word":"февраль","wordHash":"ede9373d9144fb6c1764bc9bd8e38a60_cd83c8a3724f9f512e044e20916e8ca50d4a17ba320490dc830b94fb7c36eb831659c7cf0b3e8320f78b4dd8a4087e7aed75838f8b613d976a5e57cfa15f6f10","wordId":"22:343"},"morphObj":{"params":{"class":"с","classMask":1,"info":{"isCapital":false,"isUpper":false},"stack":"((<DictionaryAnalyzer>, u'\\u0444\\u0435\\u0432\\u0440\\u0430\\u043b\\u044f', 190, 1),)"},"sentenceIndex":[1],"words":["февраля"],"wordsIndex":[8]},"rating":50.0,"stats":{"counter":9275.0,"counterAll":9275.0,"isAdjf":0,"isCombo":0,"isComp":0,"isCountry":0,"isEng":0,"isName":0,"isNominal":0,"isNoun":1,"isNum":0,"isPrtf":0,"isSymbol":0,"isUnknown":0,"isVerb":0,"repeat":0.5,"weight":0.04870249209733147,"weightAll":0.024351118182343274}},"четверг":{"indexObj":{"classMask":1,"counter":234.0,"finded":205,"isExisted":true,"letterId":23,"meta":"{}","server":"_buber3_","table":"wordIndex.ru","uid":11745,"word":"четверг","wordHash":"890cdb3faea46ffe951c000fa91aede4_7424c7c51f20c42612e4a3a7a277ff3d2a65e0dd2267fdd191e9e6f773ee3431a05210099f5c004bf07cec1b3d14b6d25c5bbeaf4e326ee5a872291c869c7738","wordId":"23:11745"},"morphObj":{"params":{"class":"с","classMask":1,"info":{"isCapital":false,"isUpper":false},"stack":"((<DictionaryAnalyzer>, u'\\u0447\\u0435\\u0442\\u0432\\u0435\\u0440\\u0433', 19, 3),)"},"sentenceIndex":[1],"words":["четверг"],"wordsIndex":[6]},"rating":50.0,"stats":{"counter":234.0,"counterAll":234.0,"isAdjf":0,"isCombo":0,"isComp":0,"isCountry":0,"isEng":0,"isName":0,"isNominal":0,"isNoun":1,"isNum":0,"isPrtf":0,"isSymbol":0,"isUnknown":0,"isVerb":0,"repeat":0.5,"weight":0.0012287205553396835,"weightAll":0.0006143570517162615}},"четыре":{"indexObj":{"classMask":10,"counter":3723.0,"finded":2472,"isExisted":true,"letterId":23,"meta":"{}","server":"_buber3_","table":"wordIndex.ru","uid":2484,"word":"четыре","wordHash":"4134bd836e5a097eb126f5f543eb9a2f_719ea295d0709b0856d8a044a61178c04735abb49933b8970e011cdd5e54aabb82810d737ebf4bab502fbed3f2ef91714f9b66c5f9af875ed72f3211e085423e","wordId":"23:2484"},"morphObj":{"params":{"class":"числ","classMask":10,"info":{"isCapital":false,"isUpper":false},"stack":"((<DictionaryAnalyzer>, u'\\u0447\\u0435\\u0442\\u044b\\u0440\\u0435', 3036, 0),)"},"sentenceIndex":[3],"words":["четыре"],"wordsIndex":[5]},"rating":50.0,"stats":{"counter":3723.0,"counterAll":3723.0,"isAdjf":0,"isCombo":0,"isComp":0,"isCountry":0,"isEng":0,"isName":0,"isNominal":0,"isNoun":0,"isNum":0,"isPrtf":0,"isSymbol":0,"isUnknown":0,"isVerb":0,"repeat":0.5,"weight":0.019549259092007016,"weightAll":0.00977457822025488}},"электронный":{"indexObj":{"classMask":2,"counter":1422.0,"finded":779,"isExisted":true,"letterId":29,"meta":"{}","server":"_buber3_","table":"wordIndex.ru","uid":4145,"word":"электронный","wordHash":"3194c31320d9f8bb0c370ac2076bf01c_8369515185114ebcfaef7f84f694ea1a62d20ddf66a50d12ed962ec2d6fe4e4f8ccf9d84255230934b518a248afcafa8de591a5f784b01f30e6cf428bba9ca01","wordId":"29:4145"},"morphObj":{"params":{"class":"п","classMask":2,"info":{"isCapital":false,"isUpper":false},"stack":"((<DictionaryAnalyzer>, u'\\u044d\\u043b\\u0435\\u043a\\u0442\\u0440\\u043e\\u043d\\u043d\\u044b\\u0439', 34, 0),)"},"sentenceIndex":[0],"words":["электронный"],"wordsIndex":[1]},"rating":50.0,"stats":{"counter":1422.0,"counterAll":1422.0,"isAdjf":1,"isCombo":0,"isComp":0,"isCountry":0,"isEng":0,"isName":0,"isNominal":0,"isNoun":0,"isNum":0,"isPrtf":0,"isSymbol":0,"isUnknown":0,"isVerb":0,"repeat":0.5,"weight":0.007466840297833461,"weightAll":0.003733400545044974}}}