{"kia":{"indexObj":{"classMask":22,"counter":16.0,"finded":8,"isExisted":true,"letterId":43,"meta":"{}","server":"_buber3_","table":"wordIndex.en","uid":47170,"word":"kia","wordHash":"ab99f8f1c87bb63eee8ddc8688ce329f_be37c5e529fecd5ebb9ac23d882146f46903ed002d94246af59fd8a6f919275e3b8181be48ef25a701cf73a23c57ec6cceb3afcfd23b13fd72b01aeebc49ea86","wordId":"43:47170"},"morphObj":{"params":{"class":"имя","classMask":22,"info":{"isCapital":true,"isUpper":false},"stack":""},"sentenceIndex":[3],"words":["Kia"],"wordsIndex":[3]},"rating":150.0,"stats":{"counter":16.0,"counterAll":16.0,"isAdjf":0,"isCombo":0,"isComp":0,"isCountry":0,"isEng":0,"isName":1,"isNominal":0,"isNoun":0,"isNum":0,"isPrtf":0,"isSymbol":0,"isUnknown":0,"isVerb":0,"repeat":0.5,"weight":0.0008547465142368716,"weightAll":0.0008547465142368716}},"mersedes":{"indexObj":{"classMask":22,"counter":2.0,"finded":2,"isExisted":true,"letterId":45,"meta":"{}","server":"_buber3_","table":"wordIndex.en","uid":113157,"word":"mersedes","wordHash":"83d9128b7871190b13fdf29559e537f3_04e2099575c3cb0b526a3e0032e999fd8811ced7f8b9886413dddedd4c544b3a2a0576eee1661a74f01f2aa40f561b489fbdadcff86ab0b81c5816c117c23948","wordId":"45:113157"},"morphObj":{"params":{"class":"имя","classMask":22,"info":{"isCapital":true,"isUpper":false},"stack":""},"sentenceIndex":[0],"words":["Mersedes"],"wordsIndex":[4]},"rating":150.0,"stats":{"counter":2.0,"counterAll":2.0,"isAdjf":0,"isCombo":0,"isComp":0,"isCountry":0,"isEng":0,"isName":1,"isNominal":0,"isNoun":0,"isNum":0,"isPrtf":0,"isSymbol":0,"isUnknown":0,"isVerb":0,"repeat":0.5,"weight":0.00010684331427960895,"weightAll":0.00010684331427960895}},"автомобиль":{"indexObj":{"classMask":1,"counter":2238.0,"finded":754,"isExisted":true,"letterId":2,"meta":"{}","server":"_buber3_","table":"wordIndex.ru","uid":5505,"word":"автомобиль","wordHash":"0720a5f020dc0452d7ea3a2804db1594_f85bdbb7fdf0266941f4d3358ae0e01905019e45d3226d5f4adcac5e9173486ec330bf26e252c6a0aa5c1da69b9070ea7ace80166bd27163f9c5d839594f0e92","wordId":"2:5505"},"morphObj":{"params":{"class":"с","classMask":1,"info":{"isCapital":false,"isUpper":false},"stack":"((<DictionaryAnalyzer>, u'\\u0430\\u0432\\u0442\\u043e\\u043c\\u043e\\u0431\\u0438\\u043b\\u044c', 91, 0),)"},"sentenceIndex":[0],"words":["автомобиль"],"wordsIndex":[3]},"rating":50.0,"stats":{"counter":2238.0,"counterAll":2238.0,"isAdjf":0,"isCombo":0,"isComp":0,"isCountry":0,"isEng":0,"isName":0,"isNominal":0,"isNoun":1,"isNum":0,"isPrtf":0,"isSymbol":0,"isUnknown":0,"isVerb":0,"repeat":0.5,"weight":0.11955766867888241,"weightAll":0.11955766867888241}},"армения":{"indexObj":{"classMask":1122,"counter":726.0,"finded":290,"isExisted":true,"letterId":2,"meta":"{}","server":"_buber3_","table":"wordIndex.ru","uid":6134,"word":"армения","wordHash":"148ab71fe5ae879952b5b4c4cdb82d6b_fcaa33329aaed62377995fdc898ac6d091cd6fb7df2f891ee8065be87c0cb8d726960e654c1d4891d293976388b792fdccf0877b1d381ddd72419bb78098166e","wordId":"2:6134"},"morphObj":{"params":{"class":"имя","classMask":1122,"info":{"isCapital":true,"isCountry":true,"isUpper":false},"stack":"((<DictionaryAnalyzer>, u'\\u0430\\u0440\\u043c\\u0435\\u043d\\u0438\\u0438', 70, 1),)"},"sentenceIndex":[0],"words":["Армении"],"wordsIndex":[2]},"rating":350.0,"stats":{"counter":726.0,"counterAll":726.0,"isAdjf":0,"isCombo":0,"isComp":0,"isCountry":1,"isEng":0,"isName":1,"isNominal":0,"isNoun":0,"isNum":0,"isPrtf":0,"isSymbol":0,"isUnknown":0,"isVerb":0,"repeat":0.5,"weight":0.03878412308349805,"weightAll":0.03878412308349805}},"аэропорт":{"indexObj":{"classMask":1,"counter":1393.0,"finded":475,"isExisted":true,"letterId":2,"meta":"{}","server":"_buber3_","table":"wordIndex.ru","uid":11255,"word":"аэропорт","wordHash":"3d195aec1271fc1e35d51619193888fd_558b088808b6ae9a1ffbb17b3195f1a693c86a5d865ff595499ea52d360bf50c5f197d50f5028e5d6568b02d0bcd94eccc9aca78d9624beeb76faadeaf3b4dd7","wordId":"2:11255"},"morphObj":{"params":{"class":"с","classMask":1,"info":{"isCapital":false,"isUpper":false},"stack":"((<DictionaryAnalyzer>, u'\\u0430\\u044d\\u0440\\u043e\\u043f\\u043e\\u0440\\u0442\\u0430', 111, 1),)"},"sentenceIndex":[0,3],"words":["аэропорта","аэропорта"],"wordsIndex":[10,11]},"rating":100.0,"stats":{"counter":1393.0,"counterAll":2786.0,"isAdjf":0,"isCombo":0,"isComp":0,"isCountry":0,"isEng":0,"isName":0,"isNominal":0,"isNoun":1,"isNum":0,"isPrtf":0,"isSymbol":0,"isUnknown":0,"isVerb":0,"repeat":1.0,"weight":0.07441636839574764,"weightAll":0.14883273679149528}},"виноватый":{"indexObj":{"classMask":3,"counter":44.0,"finded":42,"isExisted":true,"letterId":4,"meta":"{}","server":"_buber3_","table":"wordIndex.ru","uid":7134,"word":"виноватый","wordHash":"4bcdddf42e5dc63e1e88e1cbdd137eb4_c65b7af4b456bbe1dd121b1dac7e4d6831b6890a34b35fc54c8cb50bbf3e0cc99ff55fc5e16509c8b0759c32f0634f3b503d9117191e1e7fb53c1a17a957030b","wordId":"4:7134"},"morphObj":{"params":{"class":"кр_прил","classMask":3,"info":{"isCapital":false,"isUpper":false},"stack":"((<DictionaryAnalyzer>, u'\\u0432\\u0438\\u043d\\u043e\\u0432\\u0430\\u0442', 238, 54),)"},"sentenceIndex":[2],"words":["виноват"],"wordsIndex":[6]},"rating":50.0,"stats":{"counter":44.0,"counterAll":44.0,"isAdjf":1,"isCombo":0,"isComp":0,"isCountry":0,"isEng":0,"isName":0,"isNominal":0,"isNoun":0,"isNum":0,"isPrtf":0,"isSymbol":0,"isUnknown":0,"isVerb":0,"repeat":0.5,"weight":0.002350552914151397,"weightAll":0.002350552914151397}},"водитель":{"indexObj":{"classMask":1,"counter":494.0,"finded":287,"isExisted":true,"letterId":4,"meta":"{}","server":"_buber3_","table":"wordIndex.ru","uid":12581,"word":"водитель","wordHash":"5be9d814e2b3174c046f3b4d138f9c0b_c0a65f40a05d1f2b3c9f73a747aa70246f231ea202a7186192dd8945ccd1d4c317fb44209955310c0fda3d1d2bb36cb172a3f3904ef8145578113f551f7daeec","wordId":"4:12581"},"morphObj":{"params":{"class":"с","classMask":1,"info":{"isCapital":false,"isUpper":false},"stack":"((<DictionaryAnalyzer>, u'\\u0432\\u043e\\u0434\\u0438\\u0442\\u0435\\u043b\\u044c', 121, 0),)"},"sentenceIndex":[2],"words":["водитель"],"wordsIndex":[1]},"rating":50.0,"stats":{"counter":494.0,"counterAll":494.0,"isAdjf":0,"isCombo":0,"isComp":0,"isCountry":0,"isEng":0,"isName":0,"isNominal":0,"isNoun":1,"isNum":0,"isPrtf":0,"isSymbol":0,"isUnknown":0,"isVerb":0,"repeat":0.5,"weight":0.02639029862706341,"weightAll":0.02639029862706341}},"выезд":{"indexObj":{"classMask":1,"counter":176.0,"finded":147,"isExisted":true,"letterId":4,"meta":"{}","server":"_buber3_","table":"wordIndex.ru","uid":10504,"word":"выезд","wordHash":"b0531f6c723930a7ed6bf4508a5bc42c_cdea75510dcfd0cabe4bdcf1b01cbaa8e686bb40c5597d5389654e151fcac47430bbbca18fa1442b937a7e8615b8bc792b4865b993c2ab421b7048aa84d49752","wordId":"4:10504"},"morphObj":{"params":{"class":"с","classMask":1,"info":{"isCapital":false,"isUpper":false},"stack":"((<DictionaryAnalyzer>, u'\\u0432\\u044b\\u0435\\u0437\\u0434\\u0435', 33, 5),)"},"sentenceIndex":[3],"words":["выезде"],"wordsIndex":[5]},"rating":50.0,"stats":{"counter":176.0,"counterAll":176.0,"isAdjf":0,"isCombo":0,"isComp":0,"isCountry":0,"isEng":0,"isName":0,"isNominal":0,"isNoun":1,"isNum":0,"isPrtf":0,"isSymbol":0,"isUnknown":0,"isVerb":0,"repeat":0.5,"weight":0.009402211656605588,"weightAll":0.009402211656605588}},"дпс":{"indexObj":{"classMask":18,"counter":77.0,"finded":52,"isExisted":true,"letterId":6,"meta":"{}","server":"_buber3_","table":"wordIndex.ru","uid":4764,"word":"дпс","wordHash":"e0829c2458a2d92303ea18a7782a62eb_6585fd4ce2efc16b08978c99b205ea42a30b4e0267a407a81df52a1ea21ecb2f3398fe375c422b32d3c3636808d4e4a3ee9876c7e3a465f28512d54eee97f986","wordId":"6:4764"},"morphObj":{"params":{"class":"неизвестный","classMask":18,"info":{"isCapital":false,"isUpper":true},"stack":""},"sentenceIndex":[2,4],"words":["ДПС","ДПС"],"wordsIndex":[11,4]},"rating":100.0,"stats":{"counter":77.0,"counterAll":154.0,"isAdjf":0,"isCombo":0,"isComp":0,"isCountry":0,"isEng":0,"isName":0,"isNominal":0,"isNoun":0,"isNum":0,"isPrtf":0,"isSymbol":0,"isUnknown":1,"isVerb":0,"repeat":1.0,"weight":0.004113467599764944,"weightAll":0.008226935199529889}},"дтп":{"indexObj":{"classMask":1,"counter":128.0,"finded":80,"isExisted":true,"letterId":6,"meta":"{}","server":"_buber3_","table":"wordIndex.ru","uid":25081,"word":"дтп","wordHash":"e9d1f6ae26975cbcb0ee85c33922eab1_ff2cd1f89d46e9b43b3a11bdc4249bc69c0dbeb07ec2a3632ecbfe99b78242ee1217863c81f447af16567c68e59aec9dcc42995bc6e391521eb5b5a868fd9871","wordId":"6:25081"},"morphObj":{"params":{"class":"с","classMask":1,"info":{"isCapital":false,"isUpper":true},"stack":"((<DictionaryAnalyzer>, u'\\u0434\\u0442\\u043f', 1513, 0),)"},"sentenceIndex":[0,2],"words":["ДТП","ДТП"],"wordsIndex":[7,8]},"rating":100.0,"stats":{"counter":128.0,"counterAll":256.0,"isAdjf":0,"isCombo":0,"isComp":0,"isCountry":0,"isEng":0,"isName":0,"isNominal":0,"isNoun":1,"isNum":0,"isPrtf":0,"isSymbol":0,"isUnknown":0,"isVerb":0,"repeat":1.0,"weight":0.006837972113894973,"weightAll":0.013675944227789946}},"думать":{"indexObj":{"classMask":5,"counter":428.0,"finded":320,"isExisted":true,"letterId":6,"meta":"{}","server":"_buber3_","table":"wordIndex.ru","uid":7133,"word":"думать","wordHash":"78490bf1e2591aacaf1f4565102a2013_6119de4111ae88b372d204c2ba71912ee7e5527cce4b1793a6794a20609833cd6b9221bd6561db02d9a64be063cc830cc9389c8878e6c873d5bd98a0748c1b27","wordId":"6:7133"},"morphObj":{"params":{"class":"г","classMask":5,"info":{"isCapital":false,"isUpper":false},"stack":"((<DictionaryAnalyzer>, u'\\u0434\\u0443\\u043c\\u0430\\u044e', 15, 1),)"},"sentenceIndex":[2],"words":["думаю"],"wordsIndex":[13]},"rating":50.0,"stats":{"counter":428.0,"counterAll":428.0,"isAdjf":0,"isCombo":0,"isComp":0,"isCountry":0,"isEng":0,"isName":0,"isNominal":0,"isNoun":0,"isNum":0,"isPrtf":0,"isSymbol":0,"isUnknown":0,"isVerb":1,"repeat":0.5,"weight":0.022864469255836316,"weightAll":0.022864469255836316}},"информация":{"indexObj":{"classMask":1,"counter":3096.0,"finded":1862,"isExisted":true,"letterId":10,"meta":"{}","server":"_buber3_","table":"wordIndex.ru","uid":1194,"word":"информация","wordHash":"37921e181c0a1b5ee2e3eddeb2ad8156_e1ab2b86d946d1dc2b77b01f133be275542425082d2c5178f085e47d4f30c0073bcf5d52d1c7f51d48b4a8fff6fed048841bc45b9b91c3ed358196b6980c0332","wordId":"10:1194"},"morphObj":{"params":{"class":"с","classMask":1,"info":{"isCapital":false,"isUpper":false},"stack":"((<DictionaryAnalyzer>, u'\\u0438\\u043d\\u0444\\u043e\\u0440\\u043c\\u0430\\u0446\\u0438\\u0438', 40, 1),)"},"sentenceIndex":[1],"words":["информации"],"wordsIndex":[2]},"rating":50.0,"stats":{"counter":3096.0,"counterAll":3096.0,"isAdjf":0,"isCombo":0,"isComp":0,"isCountry":0,"isEng":0,"isName":0,"isNominal":0,"isNoun":1,"isNum":0,"isPrtf":0,"isSymbol":0,"isUnknown":0,"isVerb":0,"repeat":0.5,"weight":0.16539345050483467,"weightAll":0.16539345050483467}},"левон":{"indexObj":{"classMask":22,"counter":127.0,"finded":22,"isExisted":true,"letterId":11,"meta":"{}","server":"_buber3_","table":"wordIndex.ru","uid":38215,"word":"левон","wordHash":"c30faaabbe239794a20b6000c097dc79_39e7b0e4f18b629420f2bf6542040c78246668fa6b4faba1b2e83e093dc5fc4d6c450263187d9ec13fff0fc76bc3a94e3bc748e2920641c1f748aa480f90d348","wordId":"11:38215"},"morphObj":{"params":{"class":"имя","classMask":22,"info":{"isCapital":true,"isUpper":false},"stack":"((<DictionaryAnalyzer>, u'\\u043b\\u0435\\u0432\\u043e\\u043d', 26, 0),)"},"sentenceIndex":[2],"words":["Левон"],"wordsIndex":[23]},"rating":150.0,"stats":{"counter":127.0,"counterAll":127.0,"isAdjf":0,"isCombo":0,"isComp":0,"isCountry":0,"isEng":0,"isName":1,"isNominal":0,"isNoun":0,"isNum":0,"isPrtf":0,"isSymbol":0,"isUnknown":0,"isVerb":0,"repeat":0.5,"weight":0.006784550456755169,"weightAll":0.006784550456755169}},"машина":{"indexObj":{"classMask":1,"counter":2455.0,"finded":979,"isExisted":true,"letterId":14,"meta":"{}","server":"_buber3_","table":"wordIndex.ru","uid":3698,"word":"машина","wordHash":"0b15ec353653f8e06fd7220dad58db78_a0e39d67947946debb5f77897de7228f08b2b6f7bad9fb6ecebbd444af5a3663f7a1690d421281879b9f341b3b2a61a8922fee35c7c09eec850ef664b7aa3b51","wordId":"14:3698"},"morphObj":{"params":{"class":"с","classMask":1,"info":{"isCapital":true,"isUpper":false},"stack":"((<DictionaryAnalyzer>, u'\\u043c\\u0430\\u0448\\u0438\\u043d\\u0430', 55, 0),)"},"sentenceIndex":[3],"words":["Машина"],"wordsIndex":[0]},"rating":50.0,"stats":{"counter":2455.0,"counterAll":2455.0,"isAdjf":0,"isCombo":0,"isComp":0,"isCountry":0,"isEng":0,"isName":0,"isNominal":0,"isNoun":1,"isNum":0,"isPrtf":0,"isSymbol":0,"isUnknown":0,"isVerb":0,"repeat":0.5,"weight":0.13115016827822,"weightAll":0.13115016827822}},"место":{"indexObj":{"classMask":1,"counter":13679.0,"finded":6718,"isExisted":true,"letterId":14,"meta":"{}","server":"_buber3_","table":"wordIndex.ru","uid":654,"word":"место","wordHash":"aca916f26cff313df3ead65cbd46e8ee_a7955643e4e1c4486f5c1a955c6940de866ce6ad3c56c4c237cad55451b56658883275819d997275b72658ed1477cd133b6068efd1050558914bd2251dc16200","wordId":"14:654"},"morphObj":{"params":{"class":"с","classMask":1,"info":{"isCapital":false,"isUpper":false},"stack":"((<DictionaryAnalyzer>, u'\\u043c\\u0435\\u0441\\u0442\\u0435', 54, 5),)"},"sentenceIndex":[4],"words":["месте"],"wordsIndex":[1]},"rating":50.0,"stats":{"counter":13679.0,"counterAll":13679.0,"isAdjf":0,"isCombo":0,"isComp":0,"isCountry":0,"isEng":0,"isName":0,"isNominal":0,"isNoun":1,"isNum":0,"isPrtf":0,"isSymbol":0,"isUnknown":0,"isVerb":0,"repeat":0.5,"weight":0.7307548480153855,"weightAll":0.7307548480153855}},"наш":{"indexObj":{"classMask":2,"counter":2692.0,"finded":1580,"isExisted":true,"letterId":13,"meta":"{}","server":"_buber3_","table":"wordIndex.ru","uid":583,"word":"наш","wordHash":"bd53d67e45521a2fc6d946083466888e_63b859eed1bb8f8cedc9fc74cc6b18bfe5d673e0cb155330df8b0bcab14d14a298cc2c7ced8a61f5d6c7976d719bed96b7b3307a89bc8070b4f898f170a7a1d3","wordId":"13:583"},"morphObj":{"params":{"class":"п","classMask":2,"info":{"isCapital":true,"isUpper":false},"stack":"((<DictionaryAnalyzer>, u'\\u043d\\u0430\\u0448', 2047, 0),)"},"sentenceIndex":[2],"words":["Наш"],"wordsIndex":[0]},"rating":50.0,"stats":{"counter":2692.0,"counterAll":2692.0,"isAdjf":1,"isCombo":0,"isComp":0,"isCountry":0,"isEng":0,"isName":0,"isNominal":0,"isNoun":0,"isNum":0,"isPrtf":0,"isSymbol":0,"isUnknown":0,"isVerb":0,"repeat":0.5,"weight":0.14381110102035366,"weightAll":0.14381110102035366}},"новость":{"indexObj":{"classMask":22,"counter":535.0,"finded":457,"isExisted":true,"letterId":13,"meta":"{}","server":"_buber3_","table":"wordIndex.ru","uid":2347,"word":"новость","wordHash":"47a859411d262369db0f72292ab910c5_fca4db5b034288b265ef659b4919aa0d241b5e5c0c3246f8596454a649049a5def80ce37f3a31a0e2173fa8c5550bbe28f7a61f18ca9f90a163ffddbd601263d","wordId":"13:2347"},"morphObj":{"params":{"class":"имя","classMask":22,"info":{"isCapital":true,"isUpper":false},"stack":"((<DictionaryAnalyzer>, u'\\u043d\\u043e\\u0432\\u043e\\u0441\\u0442\\u0438', 13, 1),)"},"sentenceIndex":[2],"words":["Новости"],"wordsIndex":[17]},"rating":150.0,"stats":{"counter":535.0,"counterAll":535.0,"isAdjf":0,"isCombo":0,"isComp":0,"isCountry":0,"isEng":0,"isName":1,"isNominal":0,"isNoun":0,"isNum":0,"isPrtf":0,"isSymbol":0,"isUnknown":0,"isVerb":0,"repeat":0.5,"weight":0.028580586569795396,"weightAll":0.028580586569795396}},"передавать":{"indexObj":{"classMask":5,"counter":895.0,"finded":839,"isExisted":true,"letterId":15,"meta":"{}","server":"_buber3_","table":"wordIndex.ru","uid":1418,"word":"передавать","wordHash":"005d8f31d3b66a3cc8619d99116ab615_03692d02f8c283149db7d3deb0e1e9bb1a8d318adf9a22ca87eb4523dcf1486fc23be96a04eb6e4c3b245bf0c10f5059d1499533b5b0e236b1c46f4bbc6f8166","wordId":"15:1418"},"morphObj":{"params":{"class":"г","classMask":5,"info":{"isCapital":false,"isUpper":false},"stack":"((<DictionaryAnalyzer>, u'\\u043f\\u0435\\u0440\\u0435\\u0434\\u0430\\u0451\\u0442', 2308, 5),)"},"sentenceIndex":[0],"words":["передает"],"wordsIndex":[12]},"rating":50.0,"stats":{"counter":895.0,"counterAll":895.0,"isAdjf":0,"isCombo":0,"isComp":0,"isCountry":0,"isEng":0,"isName":0,"isNominal":0,"isNoun":0,"isNum":0,"isPrtf":0,"isSymbol":0,"isUnknown":0,"isVerb":1,"repeat":0.5,"weight":0.04781238314012501,"weightAll":0.04781238314012501}},"платный":{"indexObj":{"classMask":2,"counter":131.0,"finded":104,"isExisted":true,"letterId":15,"meta":"{}","server":"_buber3_","table":"wordIndex.ru","uid":1659,"word":"платный","wordHash":"4c72b0bba17fc21451994003cdc2c681_66d7543af1c4e031cf9be9b8f08e649e6582acc87b67d36fd539103547799486ed0c0add64f8ea0b0b5f74e8c9f8ef67348e91cc74d16ffa04b13aa959722684","wordId":"15:1659"},"morphObj":{"params":{"class":"п","classMask":2,"info":{"isCapital":false,"isUpper":false},"stack":"((<DictionaryAnalyzer>, u'\\u043f\\u043b\\u0430\\u0442\\u043d\\u0443\\u044e', 12, 10),)"},"sentenceIndex":[3],"words":["платную"],"wordsIndex":[7]},"rating":50.0,"stats":{"counter":131.0,"counterAll":131.0,"isAdjf":1,"isCombo":0,"isComp":0,"isCountry":0,"isEng":0,"isName":0,"isNominal":0,"isNoun":0,"isNum":0,"isPrtf":0,"isSymbol":0,"isUnknown":0,"isVerb":0,"repeat":0.5,"weight":0.006998237085314387,"weightAll":0.006998237085314387}},"попасть":{"indexObj":{"classMask":5,"counter":1481.0,"finded":1115,"isExisted":true,"letterId":15,"meta":"{}","server":"_buber3_","table":"wordIndex.ru","uid":3048,"word":"попасть","wordHash":"7242166ef061872ed0de31749ef87436_b4330c8d27e91e24db4222694ec5ad173d741a980073b828bb8d0d27376d83469f0fe14f97170d63dfe5993cdeaa6a62f49b2d09bd2ba990147ad405a7d0d053","wordId":"15:3048"},"morphObj":{"params":{"class":"г","classMask":5,"info":{"isCapital":false,"isUpper":false},"stack":"((<DictionaryAnalyzer>, u'\\u043f\\u043e\\u043f\\u0430\\u043b', 913, 1),)"},"sentenceIndex":[0],"words":["попал"],"wordsIndex":[5]},"rating":50.0,"stats":{"counter":1481.0,"counterAll":1481.0,"isAdjf":0,"isCombo":0,"isComp":0,"isCountry":0,"isEng":0,"isName":0,"isNominal":0,"isNoun":0,"isNum":0,"isPrtf":0,"isSymbol":0,"isUnknown":0,"isVerb":1,"repeat":0.5,"weight":0.07911747422405042,"weightAll":0.07911747422405042}},"посольство":{"indexObj":{"classMask":1,"counter":760.0,"finded":315,"isExisted":true,"letterId":15,"meta":"{}","server":"_buber3_","table":"wordIndex.ru","uid":9526,"word":"посольство","wordHash":"bc374d53986102b928bb2d779f131284_cb9e1dd1eefcf3ad794799ed69ebf731204bf5ae311d6aaf8e97d38e1126ab74b9428dc47c955f301429aa46c917bdbe0540d6f8ad8c9c3aa7dd103642e9ace8","wordId":"15:9526"},"morphObj":{"params":{"class":"с","classMask":1,"info":{"isCapital":false,"isUpper":false},"stack":"((<DictionaryAnalyzer>, u'\\u043f\\u043e\\u0441\\u043e\\u043b\\u044c\\u0441\\u0442\\u0432\\u0443', 54, 2),)"},"sentenceIndex":[0,2],"words":["посольству","посольства"],"wordsIndex":[1,22]},"rating":100.0,"stats":{"counter":760.0,"counterAll":1520.0,"isAdjf":0,"isCombo":0,"isComp":0,"isCountry":0,"isEng":0,"isName":0,"isNominal":0,"isNoun":1,"isNum":0,"isPrtf":0,"isSymbol":0,"isUnknown":0,"isVerb":0,"repeat":1.0,"weight":0.0406004594262514,"weightAll":0.0812009188525028}},"пострадать":{"indexObj":{"classMask":5,"counter":433.0,"finded":338,"isExisted":true,"letterId":15,"meta":"{}","server":"_buber3_","table":"wordIndex.ru","uid":5827,"word":"пострадать","wordHash":"d7452040e62695329ecc339e765058cf_1a70a165dd03da7a50bf001b92038ca3f70221bd49fdbe11f438c3d3553e926932bb6e08fbc0659a97c8de72c81c688198f9202b3d91b7384bbc24252b06d5ef","wordId":"15:5827"},"morphObj":{"params":{"class":"г","classMask":5,"info":{"isCapital":false,"isUpper":false},"stack":"((<DictionaryAnalyzer>, u'\\u043f\\u043e\\u0441\\u0442\\u0440\\u0430\\u0434\\u0430\\u043b', 715, 1),)"},"sentenceIndex":[1],"words":["пострадал"],"wordsIndex":[5]},"rating":50.0,"stats":{"counter":433.0,"counterAll":433.0,"isAdjf":0,"isCombo":0,"isComp":0,"isCountry":0,"isEng":0,"isName":0,"isNominal":0,"isNoun":0,"isNum":0,"isPrtf":0,"isSymbol":0,"isUnknown":0,"isVerb":1,"repeat":0.5,"weight":0.023131577541535338,"weightAll":0.023131577541535338}},"предварительный":{"indexObj":{"classMask":2,"counter":671.0,"finded":527,"isExisted":true,"letterId":15,"meta":"{}","server":"_buber3_","table":"wordIndex.ru","uid":7621,"word":"предварительный","wordHash":"45ab7c70a409b1a73d4657a74175950b_6fa4dfcf1f0448d29c0c7ff5026f046d07b73582c7fa0722e71ee181a23d8346bd8f88e67152e47cd0c8b4b3a115e9eabd193d1f925b93f889f12b88ac7c395d","wordId":"15:7621"},"morphObj":{"params":{"class":"п","classMask":2,"info":{"isCapital":false,"isUpper":false},"stack":"((<DictionaryAnalyzer>, u'\\u043f\\u0440\\u0435\\u0434\\u0432\\u0430\\u0440\\u0438\\u0442\\u0435\\u043b\\u044c\\u043d\\u043e\\u0439', 60, 8),)"},"sentenceIndex":[1],"words":["предварительной"],"wordsIndex":[1]},"rating":50.0,"stats":{"counter":671.0,"counterAll":671.0,"isAdjf":1,"isCombo":0,"isComp":0,"isCountry":0,"isEng":0,"isName":0,"isNominal":0,"isNoun":0,"isNum":0,"isPrtf":0,"isSymbol":0,"isUnknown":0,"isVerb":0,"repeat":0.5,"weight":0.0358459319408088,"weightAll":0.0358459319408088}},"пресс":{"indexObj":{"classMask":1,"counter":1201.0,"finded":937,"isExisted":true,"letterId":15,"meta":"{}","server":"_buber3_","table":"wordIndex.ru","uid":4070,"word":"пресс","wordHash":"1acc0f598bb46b4cf9ef4c01d7c6efc4_edd9ecd75562388f58b669c560294c04fc61742e7f76c6f3ed1e9feb567871f95d77079c18257924b3280033854a07404b1d86bdff63ae38f3ea7e47ad95022b","wordId":"15:4070"},"morphObj":{"params":{"class":"с","classMask":1,"info":{"isCapital":false,"isUpper":false},"stack":"((<DictionaryAnalyzer>, u'\\u043f\\u0440\\u0435\\u0441\\u0441', 33, 0),)"},"sentenceIndex":[2],"words":["пресс"],"wordsIndex":[19]},"rating":50.0,"stats":{"counter":1201.0,"counterAll":1201.0,"isAdjf":0,"isCombo":0,"isComp":0,"isCountry":0,"isEng":0,"isName":0,"isNominal":0,"isNoun":1,"isNum":0,"isPrtf":0,"isSymbol":0,"isUnknown":0,"isVerb":0,"repeat":0.5,"weight":0.06415941022490518,"weightAll":0.06415941022490518}},"пресс-секретарь":{"indexObj":{"classMask":1201,"counter":159.0,"finded":134,"isExisted":true,"letterId":15,"meta":"{}","server":"_buber3_","table":"wordIndex.ru","uid":79200,"word":"пресс-секретарь","wordHash":"b09d418c6eada9e270c2f0269d9b2f78_e71b5968d604963ca2b44289e82cb7245ece59a85f646e71b7dd111da967c1f8b92adc7d4183f55c81a030102044f4258d01e4d05b53e38270216b2a96b30dec","wordId":"15:79200"},"morphObj":{"params":{"class":"с","classMask":1201,"info":{"comboClassStats":{"с":2},"isCapital":false,"isCombo":true,"isUpper":false},"stack":"<classByLadder>"},"sentenceIndex":[2],"words":["пресс-секретарь"],"wordsIndex":[21]},"rating":50.0,"stats":{"counter":159.0,"counterAll":159.0,"isAdjf":0,"isCombo":1,"isComp":0,"isCountry":0,"isEng":0,"isName":0,"isNominal":0,"isNoun":1,"isNum":0,"isPrtf":0,"isSymbol":0,"isUnknown":0,"isVerb":0,"repeat":0.5,"weight":0.008494043485228912,"weightAll":0.008494043485228912}},"приводить":{"indexObj":{"classMask":5,"counter":1169.0,"finded":881,"isExisted":true,"letterId":15,"meta":"{}","server":"_buber3_","table":"wordIndex.ru","uid":5686,"word":"приводить","wordHash":"149f14f29b3485242ef8e9bc80162937_0e2ef48415e16ad8c857fd1fcb795413094191cbe0c35a30fb38394d61368213de2c5acedcec19491bd0d3f519f8ced2c52c385a52a9452c4efb56c1d5c12f87","wordId":"15:5686"},"morphObj":{"params":{"class":"г","classMask":5,"info":{"isCapital":false,"isUpper":false},"stack":"((<DictionaryAnalyzer>, u'\\u043f\\u0440\\u0438\\u0432\\u043e\\u0434\\u0438\\u0442', 410, 5),)"},"sentenceIndex":[2],"words":["приводит"],"wordsIndex":[15]},"rating":50.0,"stats":{"counter":1169.0,"counterAll":1169.0,"isAdjf":0,"isCombo":0,"isComp":0,"isCountry":0,"isEng":0,"isName":0,"isNominal":0,"isNoun":0,"isNum":0,"isPrtf":0,"isSymbol":0,"isUnknown":0,"isVerb":1,"repeat":0.5,"weight":0.062449917196431434,"weightAll":0.062449917196431434}},"принадлежащий":{"indexObj":{"classMask":2,"counter":382.0,"finded":355,"isExisted":true,"letterId":15,"meta":"{}","server":"_buber3_","table":"wordIndex.ru","uid":5543,"word":"принадлежащий","wordHash":"621493945d0f448f8d0beca8dffcf775_f8d779e5c139fb237a7e56535e1ae54275fcbf7ece9de20292e059df76e7a08573d2de8d182c61d1789eb3a39dcb064d1ae4930fcb7ed81f5507584789f91712","wordId":"15:5543"},"morphObj":{"params":{"class":"п","classMask":2,"info":{"isCapital":true,"isUpper":false},"stack":"((<DictionaryAnalyzer>, u'\\u043f\\u0440\\u0438\\u043d\\u0430\\u0434\\u043b\\u0435\\u0436\\u0430\\u0449\\u0438\\u0439', 100, 0),)"},"sentenceIndex":[0],"words":["Принадлежащий"],"wordsIndex":[0]},"rating":50.0,"stats":{"counter":382.0,"counterAll":382.0,"isAdjf":1,"isCombo":0,"isComp":0,"isCountry":0,"isEng":0,"isName":0,"isNominal":0,"isNoun":0,"isNum":0,"isPrtf":0,"isSymbol":0,"isUnknown":0,"isVerb":0,"repeat":0.5,"weight":0.02040707302740531,"weightAll":0.02040707302740531}},"работать":{"indexObj":{"classMask":5,"counter":7809.0,"finded":4787,"isExisted":true,"letterId":18,"meta":"{}","server":"_buber3_","table":"wordIndex.ru","uid":2551,"word":"работать","wordHash":"c099a6cf068e07acba2a6c7758640768_1956c95477518a8cf6a65620af3b017919f4361b87144a7f05e350a04988da8851b80764cb61b583eca2dbf45d0669d58e3fcfeb03475e48c4722e3b5ad27e9b","wordId":"18:2551"},"morphObj":{"params":{"class":"г","classMask":5,"info":{"isCapital":false,"isUpper":false},"stack":"((<DictionaryAnalyzer>, u'\\u0440\\u0430\\u0431\\u043e\\u0442\\u0430\\u044e\\u0442', 15, 6),)"},"sentenceIndex":[4],"words":["работают"],"wordsIndex":[2]},"rating":50.0,"stats":{"counter":7809.0,"counterAll":7809.0,"isAdjf":0,"isCombo":0,"isComp":0,"isCountry":0,"isEng":0,"isName":0,"isNominal":0,"isNoun":0,"isNum":0,"isPrtf":0,"isSymbol":0,"isUnknown":0,"isVerb":1,"repeat":0.5,"weight":0.4171697206047332,"weightAll":0.4171697206047332}},"разобраться":{"indexObj":{"classMask":5,"counter":14.0,"finded":14,"isExisted":true,"letterId":18,"meta":"{}","server":"_buber3_","table":"wordIndex.ru","uid":98354,"word":"разобраться","wordHash":"c5354ad08cd296e1a7f76eaf5ac3bade_2f00b29d3d1fdf62d871dcbefc28f272c1751985810e926dd2f05af6b556ad90aee293a3daf57975043e2ecba44a1cb7f6af2498e7bb577a4d05f6a9ffe21fd7","wordId":"18:98354"},"morphObj":{"params":{"class":"г","classMask":5,"info":{"isCapital":false,"isUpper":false},"stack":"((<DictionaryAnalyzer>, u'\\u0440\\u0430\\u0437\\u0431\\u0435\\u0440\\u0443\\u0442\\u0441\\u044f', 768, 10),)"},"sentenceIndex":[2],"words":["разберутся"],"wordsIndex":[14]},"rating":50.0,"stats":{"counter":14.0,"counterAll":14.0,"isAdjf":0,"isCombo":0,"isComp":0,"isCountry":0,"isEng":0,"isName":0,"isNominal":0,"isNoun":0,"isNum":0,"isPrtf":0,"isSymbol":0,"isUnknown":0,"isVerb":1,"repeat":0.5,"weight":0.0007479031999572627,"weightAll":0.0007479031999572627}},"район":{"indexObj":{"classMask":1,"counter":18721.0,"finded":9076,"isExisted":true,"letterId":18,"meta":"{}","server":"_buber3_","table":"wordIndex.ru","uid":366,"word":"район","wordHash":"66f872ee0c56fb3dc21a01e1cb8724f1_82d3ee7e40774153611185ecf57ebbceea02e270a56096b275668b34ee5182e1772aa7d03685d36a0f964c038798ea5781dfffeebf1fc3116ec6ff2515c0ac3e","wordId":"18:366"},"morphObj":{"params":{"class":"с","classMask":1,"info":{"isCapital":false,"isUpper":false},"stack":"((<DictionaryAnalyzer>, u'\\u0440\\u0430\\u0439\\u043e\\u043d\\u0435', 33, 5),)"},"sentenceIndex":[0],"words":["районе"],"wordsIndex":[9]},"rating":50.0,"stats":{"counter":18721.0,"counterAll":18721.0,"isAdjf":0,"isCombo":0,"isComp":0,"isCountry":0,"isEng":0,"isName":0,"isNominal":0,"isNoun":1,"isNum":0,"isPrtf":0,"isSymbol":0,"isUnknown":0,"isVerb":0,"repeat":0.5,"weight":1.0001068433142797,"weightAll":1.0001068433142797}},"рен":{"indexObj":{"classMask":1,"counter":72.0,"finded":56,"isExisted":true,"letterId":18,"meta":"{}","server":"_buber3_","table":"wordIndex.ru","uid":15612,"word":"рен","wordHash":"87fcc8334bc79b1c05a24cdd465d4f49_04670e7fa9f6bd2a7d341346640bcfa04e0925e09fdf3a66873dcb99d40151bdef9cffad5ee01515c9375e106ecff6d001f97f38ad18158efd54d1e999f6655b","wordId":"18:15612"},"morphObj":{"params":{"class":"с","classMask":1,"info":{"isCapital":false,"isUpper":true},"stack":"((<DictionaryAnalyzer>, u'\\u0440\\u0435\\u043d', 33, 0),)"},"sentenceIndex":[0],"words":["РЕН"],"wordsIndex":[14]},"rating":50.0,"stats":{"counter":72.0,"counterAll":72.0,"isAdjf":0,"isCombo":0,"isComp":0,"isCountry":0,"isEng":0,"isName":0,"isNominal":0,"isNoun":1,"isNum":0,"isPrtf":0,"isSymbol":0,"isUnknown":0,"isVerb":0,"repeat":0.5,"weight":0.0038463593140659223,"weightAll":0.0038463593140659223}},"риа":{"indexObj":{"classMask":1,"counter":466.0,"finded":452,"isExisted":true,"letterId":18,"meta":"{}","server":"_buber3_","table":"wordIndex.ru","uid":47884,"word":"риа","wordHash":"3c5d3e6337be0d8d1616de1ec1e72831_bf4bc923f6e541c25bd90a0be0346bf75a9fe906dc58202b257a41af7042c14e94c05782c395f3f0b51a2a1b2aa0a30f98f5417d78cdb7953a30c75d3d08201c","wordId":"18:47884"},"morphObj":{"params":{"class":"с","classMask":1,"info":{"isCapital":false,"isUpper":true},"stack":"((<DictionaryAnalyzer>, u'\\u0440\\u0438\\u0430', 148, 0),)"},"sentenceIndex":[2],"words":["РИА"],"wordsIndex":[16]},"rating":50.0,"stats":{"counter":466.0,"counterAll":466.0,"isAdjf":0,"isCombo":0,"isComp":0,"isCountry":0,"isEng":0,"isName":0,"isNominal":0,"isNoun":1,"isNum":0,"isPrtf":0,"isSymbol":0,"isUnknown":0,"isVerb":0,"repeat":0.5,"weight":0.024894492227148887,"weightAll":0.024894492227148887}},"секретарь":{"indexObj":{"classMask":1,"counter":1469.0,"finded":937,"isExisted":true,"letterId":17,"meta":"{}","server":"_buber3_","table":"wordIndex.ru","uid":13884,"word":"секретарь","wordHash":"553042dbbf77932aa7df40d1aa4ca0dc_b8653d9a3cfb3cc33dec733667dfaf0145bc60c6e3793b531c0a9b34e300f43e9505faba6290c025a632ec2dbbbbdf15b93aad5437fc94a2bc074d4fc1040574","wordId":"17:13884"},"morphObj":{"params":{"class":"с","classMask":1,"info":{"isCapital":false,"isUpper":false},"stack":"((<DictionaryAnalyzer>, u'\\u0441\\u0435\\u043a\\u0440\\u0435\\u0442\\u0430\\u0440\\u044c', 354, 0),)"},"sentenceIndex":[2],"words":["секретарь"],"wordsIndex":[20]},"rating":50.0,"stats":{"counter":1469.0,"counterAll":1469.0,"isAdjf":0,"isCombo":0,"isComp":0,"isCountry":0,"isEng":0,"isName":0,"isNominal":0,"isNoun":1,"isNum":0,"isPrtf":0,"isSymbol":0,"isUnknown":0,"isVerb":0,"repeat":0.5,"weight":0.07847641433837278,"weightAll":0.07847641433837278}},"слово":{"indexObj":{"classMask":1,"counter":5453.0,"finded":3155,"isExisted":true,"letterId":17,"meta":"{}","server":"_buber3_","table":"wordIndex.ru","uid":125,"word":"слово","wordHash":"4a61f7bb50c173ed273c39a64cee8606_717f0a450ae4219ac63203338ef9b6eb3c5967d0c3b0a381a33741871bf28520d82807b92e405961f15e57800a1fc347e47e912579fcb90407e7a2cb0e9630e6","wordId":"17:125"},"morphObj":{"params":{"class":"с","classMask":1,"info":{"isCapital":false,"isUpper":false},"stack":"((<DictionaryAnalyzer>, u'\\u0441\\u043b\\u043e\\u0432\\u0430', 54, 1),)"},"sentenceIndex":[2],"words":["слова"],"wordsIndex":[18]},"rating":50.0,"stats":{"counter":5453.0,"counterAll":5453.0,"isAdjf":0,"isCombo":0,"isComp":0,"isCountry":0,"isEng":0,"isName":0,"isNominal":0,"isNoun":1,"isNum":0,"isPrtf":0,"isSymbol":0,"isUnknown":0,"isVerb":0,"repeat":0.5,"weight":0.2913082963833538,"weightAll":0.2913082963833538}},"сообщить":{"indexObj":{"classMask":5,"counter":1738.0,"finded":1277,"isExisted":true,"letterId":17,"meta":"{}","server":"_buber3_","table":"wordIndex.ru","uid":4319,"word":"сообщить","wordHash":"ab0b4f774af8f4fb24986932649de327_21d24de13eece6173b1ce62d1a06bee5c8a88978186d23797d52d999ce80c286eac13cd768b71bc50d7495f1ea907042888cd591a80d06d1fe57e0aa56b1a9fa","wordId":"17:4319"},"morphObj":{"params":{"class":"г","classMask":5,"info":{"isCapital":false,"isUpper":false},"stack":"((<DictionaryAnalyzer>, u'\\u0441\\u043e\\u043e\\u0431\\u0449\\u0438\\u043b', 741, 1),)"},"sentenceIndex":[2],"words":["сообщил"],"wordsIndex":[2]},"rating":50.0,"stats":{"counter":1738.0,"counterAll":1738.0,"isAdjf":0,"isCombo":0,"isComp":0,"isCountry":0,"isEng":0,"isName":0,"isNominal":0,"isNoun":0,"isNum":0,"isPrtf":0,"isSymbol":0,"isUnknown":0,"isVerb":1,"repeat":0.5,"weight":0.09284684010898019,"weightAll":0.09284684010898019}},"сотрудник":{"indexObj":{"classMask":1,"counter":2215.0,"finded":1444,"isExisted":true,"letterId":17,"meta":"{}","server":"_buber3_","table":"wordIndex.ru","uid":1431,"word":"сотрудник","wordHash":"6718722c4dabc1c24d33df2d00a111c9_993e7a6d48ee6a723df73ce103059ec7a29dccc777fbf65ff3e95fd936336b7fc2c34e99d4b851e168d0db0cb5a4c00cee66c652fe6cdff52f61c1953d97b929","wordId":"17:1431"},"morphObj":{"params":{"class":"с","classMask":1,"info":{"isCapital":false,"isUpper":false},"stack":"((<DictionaryAnalyzer>, u'\\u0441\\u043e\\u0442\\u0440\\u0443\\u0434\\u043d\\u0438\\u043a\\u0438', 2, 6),)"},"sentenceIndex":[2,4],"words":["сотрудники","сотрудники"],"wordsIndex":[10,3]},"rating":100.0,"stats":{"counter":2215.0,"counterAll":4430.0,"isAdjf":0,"isCombo":0,"isComp":0,"isCountry":0,"isEng":0,"isName":0,"isNominal":0,"isNoun":1,"isNum":0,"isPrtf":0,"isSymbol":0,"isUnknown":0,"isVerb":0,"repeat":1.0,"weight":0.11832897056466692,"weightAll":0.23665794112933383}},"столкнуться":{"indexObj":{"classMask":5,"counter":263.0,"finded":228,"isExisted":true,"letterId":17,"meta":"{}","server":"_buber3_","table":"wordIndex.ru","uid":3278,"word":"столкнуться","wordHash":"d8bc80240e95da6262493807e5324997_edd2b915537ae7f3b192f64b10e74eb6f14f3d6299faf9871de74ae3a08db1546e42395a507136379fed080147e8896eb4ef9fe0d92502d29c16dbff7bf23a2b","wordId":"17:3278"},"morphObj":{"params":{"class":"г","classMask":5,"info":{"isCapital":false,"isUpper":false},"stack":"((<DictionaryAnalyzer>, u'\\u0441\\u0442\\u043e\\u043b\\u043a\\u043d\\u0443\\u043b\\u0441\\u044f', 504, 1),)"},"sentenceIndex":[3],"words":["столкнулся"],"wordsIndex":[1]},"rating":50.0,"stats":{"counter":263.0,"counterAll":263.0,"isAdjf":0,"isCombo":0,"isComp":0,"isCountry":0,"isEng":0,"isName":0,"isNominal":0,"isNoun":0,"isNum":0,"isPrtf":0,"isSymbol":0,"isUnknown":0,"isVerb":1,"repeat":0.5,"weight":0.014049895827768577,"weightAll":0.014049895827768577}},"сторона":{"indexObj":{"classMask":1,"counter":6608.0,"finded":3588,"isExisted":true,"letterId":17,"meta":"{}","server":"_buber3_","table":"wordIndex.ru","uid":1862,"word":"сторона","wordHash":"47d9b3e0bb46b86c6eb23af887797b9b_09a575a311ccf78e95609649183cd69e8f5b61065a1b8abd1d7239a3dbc252c48b63297fdf0617db74b923c38ff1ca31f1d8a150570eae46a7f3cd09fb94a9cb","wordId":"17:1862"},"morphObj":{"params":{"class":"с","classMask":1,"info":{"isCapital":false,"isUpper":false},"stack":"((<DictionaryAnalyzer>, u'\\u0441\\u0442\\u043e\\u0440\\u043e\\u043d\\u044b', 55, 1),)"},"sentenceIndex":[3],"words":["стороны"],"wordsIndex":[10]},"rating":50.0,"stats":{"counter":6608.0,"counterAll":6608.0,"isAdjf":0,"isCombo":0,"isComp":0,"isCountry":0,"isEng":0,"isName":0,"isNominal":0,"isNoun":1,"isNum":0,"isPrtf":0,"isSymbol":0,"isUnknown":0,"isVerb":0,"repeat":0.5,"weight":0.353010310379828,"weightAll":0.353010310379828}},"тв":{"indexObj":{"classMask":1,"counter":477.0,"finded":245,"isExisted":true,"letterId":20,"meta":"{}","server":"_buber3_","table":"wordIndex.ru","uid":1707,"word":"тв","wordHash":"231b0ee05c5fb4ca89ec266a099e3e71_642ed67877007730bfe8d404845bebd74d8e80a83666209d678ca67b4af4b6912a42a75ca3ec5e7ab0168a6eb05ef4a496ae76de4d3e7bf188e9cc02b2ebdebb","wordId":"20:1707"},"morphObj":{"params":{"class":"с","classMask":1,"info":{"isCapital":false,"isUpper":true},"stack":"((<DictionaryAnalyzer>, u'\\u0442\\u0432', 148, 0),)"},"sentenceIndex":[0],"words":["ТВ"],"wordsIndex":[15]},"rating":50.0,"stats":{"counter":477.0,"counterAll":477.0,"isAdjf":0,"isCombo":0,"isComp":0,"isCountry":0,"isEng":0,"isName":0,"isNominal":0,"isNoun":1,"isNum":0,"isPrtf":0,"isSymbol":0,"isUnknown":0,"isVerb":0,"repeat":0.5,"weight":0.025482130455686737,"weightAll":0.025482130455686737}},"телеканал":{"indexObj":{"classMask":1,"counter":946.0,"finded":591,"isExisted":true,"letterId":20,"meta":"{}","server":"_buber3_","table":"wordIndex.ru","uid":1703,"word":"телеканал","wordHash":"cde4b26bd191062dd0f3025a3bd70df9_dc13cad4f04737d9090f68ed7432b35344761a964a9984df1a2b636d2c752e54b06c81bb7924ea7fa88378f1ad17367a1e539a98ba743c881e8fc6022a1e10fa","wordId":"20:1703"},"morphObj":{"params":{"class":"с","classMask":1,"info":{"isCapital":false,"isUpper":false},"stack":"((<DictionaryAnalyzer>, u'\\u0442\\u0435\\u043b\\u0435\\u043a\\u0430\\u043d\\u0430\\u043b', 33, 0),)"},"sentenceIndex":[0],"words":["телеканал"],"wordsIndex":[13]},"rating":50.0,"stats":{"counter":946.0,"counterAll":946.0,"isAdjf":0,"isCombo":0,"isComp":0,"isCountry":0,"isEng":0,"isName":0,"isNominal":0,"isNoun":1,"isNum":0,"isPrtf":0,"isSymbol":0,"isUnknown":0,"isVerb":0,"repeat":0.5,"weight":0.050536887654255035,"weightAll":0.050536887654255035}},"торгомян":{"indexObj":{"classMask":22,"counter":2.0,"finded":2,"isExisted":true,"letterId":20,"meta":"{}","server":"_buber3_","table":"wordIndex.ru","uid":350627,"word":"торгомян","wordHash":"94f0ccc44dcf72e34834029bf481dd22_143dfe80c325ac599e342d089a53b63b17031b197f052896d3e117b3bc2dc068a87e3ff54a63e0cc9e06eb57d800038dda73da9a269244a2f5a22c8be43ca0e3","wordId":"20:350627"},"morphObj":{"params":{"class":"имя","classMask":22,"info":{"isCapital":true,"isUpper":false},"stack":"((<FakeDictionary>, u'\\u0442\\u043e\\u0440\\u0433\\u043e\\u043c\\u044f\\u043d', 28, 0), (<KnownSuffixAnalyzer>, u'\\u043c\\u044f\\u043d'))"},"sentenceIndex":[2],"words":["Торгомян"],"wordsIndex":[24]},"rating":150.0,"stats":{"counter":2.0,"counterAll":2.0,"isAdjf":0,"isCombo":0,"isComp":0,"isCountry":0,"isEng":0,"isName":1,"isNominal":0,"isNoun":0,"isNum":0,"isPrtf":0,"isSymbol":0,"isUnknown":0,"isVerb":0,"repeat":0.5,"weight":0.00010684331427960895,"weightAll":0.00010684331427960895}},"трасса":{"indexObj":{"classMask":1,"counter":648.0,"finded":374,"isExisted":true,"letterId":20,"meta":"{}","server":"_buber3_","table":"wordIndex.ru","uid":10398,"word":"трасса","wordHash":"a5dffb015391c69fc1ece1162b832c20_0377b42ad0e9e36b0f684425cdbbeccc193ea9a5300f60c6b62c7b6e5e15d01829b70ab471f3e33c7b37202144a56170d15c177f71134b7ccb083b12db8eb1ba","wordId":"20:10398"},"morphObj":{"params":{"class":"с","classMask":1,"info":{"isCapital":false,"isUpper":false},"stack":"((<DictionaryAnalyzer>, u'\\u0442\\u0440\\u0430\\u0441\\u0441\\u0443', 55, 3),)"},"sentenceIndex":[3],"words":["трассу"],"wordsIndex":[8]},"rating":50.0,"stats":{"counter":648.0,"counterAll":648.0,"isAdjf":0,"isCombo":0,"isComp":0,"isCountry":0,"isEng":0,"isName":0,"isNominal":0,"isNoun":1,"isNum":0,"isPrtf":0,"isSymbol":0,"isUnknown":0,"isVerb":0,"repeat":0.5,"weight":0.0346172338265933,"weightAll":0.0346172338265933}},"шереметьево":{"indexObj":{"classMask":22,"counter":54.0,"finded":32,"isExisted":true,"letterId":26,"meta":"{}","server":"_buber3_","table":"wordIndex.ru","uid":38719,"word":"шереметьево","wordHash":"a452ba61d3eb73ed3f9c3a0f94b1e9cb_75aada3a281fc508ffc58908df30ab6604cc9474a9c44a96c12a5b1d88c5e2ed3c2a182606cb760840ad139a327b0edba9757a6c5b5d07099c229ad51ec2948f","wordId":"26:38719"},"morphObj":{"params":{"class":"имя","classMask":22,"info":{"isCapital":true,"isUpper":false},"stack":"((<DictionaryAnalyzer>, u'\\u0448\\u0435\\u0440\\u0435\\u043c\\u0435\\u0442\\u044c\\u0435\\u0432\\u043e', 56, 0),)"},"sentenceIndex":[0],"words":["Шереметьево"],"wordsIndex":[11]},"rating":150.0,"stats":{"counter":54.0,"counterAll":54.0,"isAdjf":0,"isCombo":0,"isComp":0,"isCountry":0,"isEng":0,"isName":1,"isNominal":0,"isNoun":0,"isNum":0,"isPrtf":0,"isSymbol":0,"isUnknown":0,"isVerb":0,"repeat":0.5,"weight":0.002884769485549442,"weightAll":0.002884769485549442}}}