{"2011":{"params":{"class":"наим","classMask":19,"info":{},"stack":""},"sentenceIndex":[6],"words":["2011"],"wordsIndex":[6]},"493":{"params":{"class":"наим","classMask":19,"info":{},"stack":""},"sentenceIndex":[6],"words":["493"],"wordsIndex":[3]},"6":{"params":{"class":"число","classMask":10,"info":{},"stack":""},"sentenceIndex":[6],"words":["6"],"wordsIndex":[2]},"9":{"params":{"class":"число","classMask":10,"info":{},"stack":""},"sentenceIndex":[7],"words":["9"],"wordsIndex":[2]},"92":{"params":{"class":"наим","classMask":19,"info":{},"stack":""},"sentenceIndex":[7],"words":["92"],"wordsIndex":[3]},"malveira":{"params":{"class":"иняз","classMask":21,"info":{"isCapital":true,"isUpper":false},"stack":""},"sentenceIndex":[1],"words":["Malveira"],"wordsIndex":[0]},"агломерация":{"params":{"class":"с","classMask":1,"info":{"isCapital":false,"isUpper":false},"stack":"((<DictionaryAnalyzer>, u'\\u0430\\u0433\\u043b\\u043e\\u043c\\u0435\\u0440\\u0430\\u0446\\u0438\\u0438', 40, 1),)"},"sentenceIndex":[3],"words":["агломерации"],"wordsIndex":[5]},"административный":{"params":{"class":"п","classMask":2,"info":{"isCapital":false,"isUpper":false},"stack":"((<DictionaryAnalyzer>, u'\\u0430\\u0434\\u043c\\u0438\\u043d\\u0438\\u0441\\u0442\\u0440\\u0430\\u0442\\u0438\\u0432\\u043d\\u043e\\u043c\\u0443', 34, 2),)"},"sentenceIndex":[4],"words":["административному"],"wordsIndex":[2]},"большой":{"params":{"class":"имя","classMask":22,"info":{"isCapital":true,"isUpper":false},"stack":"((<DictionaryAnalyzer>, u'\\u0431\\u043e\\u043b\\u044c\\u0448\\u043e\\u0439', 507, 8),)"},"sentenceIndex":[3,5],"words":["Большой","Большой"],"wordsIndex":[6,6]},"в":{"params":{"class":"символ","classMask":20,"info":{},"stack":""},"sentenceIndex":[1,1,3,4,5,5],"words":["в","в","в","в","в","в"],"wordsIndex":[3,6,1,5,1,10]},"входить":{"params":{"class":"г","classMask":5,"info":{"isCapital":true,"isUpper":false},"stack":"((<DictionaryAnalyzer>, u'\\u0432\\u0445\\u043e\\u0434\\u0438\\u0442', 473, 5),)"},"sentenceIndex":[1,4,5,5],"words":["входит","входил","Входит","входит"],"wordsIndex":[5,4,0,9]},"год":{"params":{"class":"с","classMask":1,"info":{"isCapital":false,"isUpper":false},"stack":"((<DictionaryAnalyzer>, u'\\u0433\\u043e\\u0434', 1168, 3),)"},"sentenceIndex":[6],"words":["год"],"wordsIndex":[7]},"городской":{"params":{"class":"п","classMask":2,"info":{"isCapital":false,"isUpper":false},"stack":"((<DictionaryAnalyzer>, u'\\u0433\\u043e\\u0440\\u043e\\u0434\\u0441\\u043a\\u043e\\u0439', 575, 0),)"},"sentenceIndex":[3],"words":["городской"],"wordsIndex":[4]},"деление":{"params":{"class":"с","classMask":1,"info":{"isCapital":false,"isUpper":false},"stack":"((<DictionaryAnalyzer>, u'\\u0434\\u0435\\u043b\\u0435\\u043d\\u0438\\u044e', 76, 4),)"},"sentenceIndex":[4],"words":["делению"],"wordsIndex":[3]},"занимать":{"params":{"class":"г","classMask":5,"info":{"isCapital":true,"isUpper":false},"stack":"((<DictionaryAnalyzer>, u'\\u0437\\u0430\\u043d\\u0438\\u043c\\u0430\\u0435\\u0442', 206, 5),)"},"sentenceIndex":[7],"words":["Занимает"],"wordsIndex":[0]},"который":{"params":{"class":"п","classMask":2,"info":{"isCapital":false,"isUpper":false},"stack":"((<DictionaryAnalyzer>, u'\\u043a\\u043e\\u0442\\u043e\\u0440\\u044b\\u0439', 1788, 0),)"},"sentenceIndex":[5],"words":["который"],"wordsIndex":[8]},"крупный":{"params":{"class":"п","classMask":2,"info":{"isCapital":false,"isUpper":false},"stack":"((<DictionaryAnalyzer>, u'\\u043a\\u0440\\u0443\\u043f\\u043d\\u043e\\u0439', 214, 8),)"},"sentenceIndex":[3],"words":["крупной"],"wordsIndex":[3]},"лиссабон":{"params":{"class":"имя","classMask":22,"info":{"isCapital":true,"isUpper":false},"stack":"((<DictionaryAnalyzer>, u'\\u043b\\u0438\\u0441\\u0441\\u0430\\u0431\\u043e\\u043d', 32, 0),)"},"sentenceIndex":[1,3,5],"words":["Лиссабон","Лиссабон","Лиссабон"],"wordsIndex":[8,7,7]},"лиссабонский":{"params":{"class":"имя","classMask":22,"info":{"isCapital":true,"isUpper":false},"stack":"((<DictionaryAnalyzer>, u'\\u043b\\u0438\\u0441\\u0441\\u0430\\u0431\\u043e\\u043d\\u0441\\u043a\\u0438\\u0439', 16, 0),)"},"sentenceIndex":[5],"words":["Лиссабонский"],"wordsIndex":[11]},"малвейра":{"params":{"class":"с","classMask":1,"info":{"isCapital":true,"isUpper":false},"stack":"((<FakeDictionary>, u'\\u043c\\u0430\\u043b\\u0432\\u0435\\u0439\\u0440\\u0430', 35, 0), (<KnownSuffixAnalyzer>, u'\\u0435\\u0439\\u0440\\u0430'))"},"sentenceIndex":[0],"words":["Малвейра"],"wordsIndex":[0]},"мафра":{"params":{"class":"имя","classMask":22,"info":{"isCapital":true,"isUpper":false},"stack":"((<DictionaryAnalyzer>, u'\\u0444\\u0440\\u0430', 261, 0), (<UnknownPrefixAnalyzer>, u'\\u043c\\u0430'))"},"sentenceIndex":[2],"words":["Мафра"],"wordsIndex":[4]},"муниципалитет":{"params":{"class":"с","classMask":1,"info":{"isCapital":false,"isUpper":false},"stack":"((<DictionaryAnalyzer>, u'\\u043c\\u0443\\u043d\\u0438\\u0446\\u0438\\u043f\\u0430\\u043b\\u0438\\u0442\\u0435\\u0442\\u0430', 33, 1),)"},"sentenceIndex":[2],"words":["муниципалитета"],"wordsIndex":[3]},"на":{"params":{"class":"предл","classMask":14,"info":{"isCapital":false,"isUpper":false},"stack":"((<DictionaryAnalyzer>, u'\\u043d\\u0430', 24, 0),)"},"sentenceIndex":[6],"words":["на"],"wordsIndex":[5]},"население":{"params":{"class":"с","classMask":1,"info":{"isCapital":true,"isUpper":false},"stack":"((<DictionaryAnalyzer>, u'\\u043d\\u0430\\u0441\\u0435\\u043b\\u0435\\u043d\\u0438\\u0435', 76, 0),)"},"sentenceIndex":[6],"words":["Население"],"wordsIndex":[0]},"находиться":{"params":{"class":"г","classMask":5,"info":{"isCapital":true,"isUpper":false},"stack":"((<DictionaryAnalyzer>, u'\\u043d\\u0430\\u0445\\u043e\\u0434\\u0438\\u0442\\u0441\\u044f', 411, 5),)"},"sentenceIndex":[3],"words":["Находится"],"wordsIndex":[0]},"округ":{"params":{"class":"н","classMask":11,"info":{"isCapital":false,"isUpper":false},"stack":"((<DictionaryAnalyzer>, u'\\u043e\\u043a\\u0440\\u0443\\u0433', 3, 0),)"},"sentenceIndex":[1],"words":["округ"],"wordsIndex":[7]},"площадь":{"params":{"class":"с","classMask":1,"info":{"isCapital":false,"isUpper":false},"stack":"((<DictionaryAnalyzer>, u'\\u043f\\u043b\\u043e\\u0449\\u0430\\u0434\\u044c', 2377, 0),)"},"sentenceIndex":[7],"words":["площадь"],"wordsIndex":[1]},"по":{"params":{"class":"предл","classMask":14,"info":{"isCapital":true,"isUpper":false},"stack":"((<DictionaryAnalyzer>, u'\\u043f\\u043e', 24, 0),)"},"sentenceIndex":[4],"words":["По"],"wordsIndex":[0]},"порт":{"params":{"class":"с","classMask":1,"info":{"isCapital":false,"isUpper":false},"stack":"((<DictionaryAnalyzer>, u'\\u043f\\u043e\\u0440\\u0442', 111, 0),)"},"sentenceIndex":[0],"words":["порт"],"wordsIndex":[1]},"португалия":{"params":{"class":"имя","classMask":1122,"info":{"isCapital":true,"isCountry":true,"isUpper":false},"stack":"((<DictionaryAnalyzer>, u'\\u043f\\u043e\\u0440\\u0442\\u0443\\u0433\\u0430\\u043b\\u0438\\u0438', 70, 5),)"},"sentenceIndex":[1],"words":["Португалии"],"wordsIndex":[4]},"провинция":{"params":{"class":"с","classMask":1,"info":{"isCapital":false,"isUpper":false},"stack":"((<DictionaryAnalyzer>, u'\\u043f\\u0440\\u043e\\u0432\\u0438\\u043d\\u0446\\u0438\\u044e', 40, 3),)"},"sentenceIndex":[4],"words":["провинцию"],"wordsIndex":[6]},"район":{"params":{"class":"с","classMask":1,"info":{"isCapital":false,"isUpper":false},"stack":"((<DictionaryAnalyzer>, u'\\u0440\\u0430\\u0439\\u043e\\u043d', 33, 0),)"},"sentenceIndex":[1],"words":["район"],"wordsIndex":[1]},"регион":{"params":{"class":"с","classMask":1,"info":{"isCapital":false,"isUpper":false},"stack":"((<DictionaryAnalyzer>, u'\\u0440\\u0435\\u0433\\u0438\\u043e\\u043d', 33, 0),)"},"sentenceIndex":[5],"words":["регион"],"wordsIndex":[12]},"состав":{"params":{"class":"с","classMask":1,"info":{"isCapital":false,"isUpper":false},"stack":"((<DictionaryAnalyzer>, u'\\u0441\\u043e\\u0441\\u0442\\u0430\\u0432\\u0435', 33, 5),)"},"sentenceIndex":[3],"words":["составе"],"wordsIndex":[2]},"составлять":{"params":{"class":"г","classMask":5,"info":{"isCapital":false,"isUpper":false},"stack":"((<DictionaryAnalyzer>, u'\\u0441\\u043e\\u0441\\u0442\\u0430\\u0432\\u043b\\u044f\\u0435\\u0442', 206, 5),)"},"sentenceIndex":[6],"words":["составляет"],"wordsIndex":[1]},"составной":{"params":{"class":"п","classMask":2,"info":{"isCapital":false,"isUpper":false},"stack":"((<DictionaryAnalyzer>, u'\\u0441\\u043e\\u0441\\u0442\\u0430\\u0432\\u043d\\u043e\\u0439', 136, 11),)"},"sentenceIndex":[2],"words":["составной"],"wordsIndex":[1]},"старое":{"params":{"class":"с","classMask":1,"info":{"isCapital":false,"isUpper":false},"stack":"((<DictionaryAnalyzer>, u'\\u0441\\u0442\\u0430\\u0440\\u043e\\u043c\\u0443', 972, 2),)"},"sentenceIndex":[4],"words":["старому"],"wordsIndex":[1]},"статистический":{"params":{"class":"п","classMask":2,"info":{"isCapital":false,"isUpper":false},"stack":"((<DictionaryAnalyzer>, u'\\u0441\\u0442\\u0430\\u0442\\u0438\\u0441\\u0442\\u0438\\u0447\\u0435\\u0441\\u043a\\u0438\\u0439', 16, 0),)"},"sentenceIndex":[5],"words":["статистический"],"wordsIndex":[3]},"статистический-экономико":{"params":{"class":"с","classMask":1201,"info":{"comboClassStats":{"п":1,"с":1},"isCapital":false,"isCombo":true,"isUpper":false},"stack":"<classByLadder>"},"sentenceIndex":[5],"words":["экономико-статистический"],"wordsIndex":[4]},"субрегион":{"params":{"class":"с","classMask":1,"info":{"isCapital":false,"isUpper":false},"stack":"((<DictionaryAnalyzer>, u'\\u0441\\u0443\\u0431\\u0440\\u0435\\u0433\\u0438\\u043e\\u043d', 33, 0),)"},"sentenceIndex":[5],"words":["субрегион"],"wordsIndex":[5]},"фрегезия":{"params":{"class":"с","classMask":1,"info":{"isCapital":false,"isUpper":false},"stack":"((<FakeDictionary>, u'\\u0444\\u0440\\u0435\\u0433\\u0435\\u0437\\u0438\\u044f', 40, 0), (<KnownSuffixAnalyzer>, u'\\u0433\\u0435\\u0437\\u0438\\u044f'))"},"sentenceIndex":[1],"words":["фрегезия"],"wordsIndex":[2]},"частью":{"params":{"class":"н","classMask":11,"info":{"isCapital":false,"isUpper":false},"stack":"((<DictionaryAnalyzer>, u'\\u0447\\u0430\\u0441\\u0442\\u044c\\u044e', 3, 0),)"},"sentenceIndex":[2],"words":["частью"],"wordsIndex":[2]},"человек":{"params":{"class":"с","classMask":1,"info":{"isCapital":false,"isUpper":false},"stack":"((<DictionaryAnalyzer>, u'\\u0447\\u0435\\u043b\\u043e\\u0432\\u0435\\u043a', 488, 0),)"},"sentenceIndex":[6],"words":["человек"],"wordsIndex":[4]},"экономико":{"params":{"class":"с","classMask":1,"info":{"isCapital":false,"isUpper":false},"stack":"((<FakeDictionary>, u'\\u043d\\u043e\\u043c\\u0438\\u043a\\u043e', 25, 0), (<KnownSuffixAnalyzer>, u'\\u043c\\u0438\\u043a\\u043e'), (<KnownPrefixAnalyzer>, u'\\u044d\\u043a\\u043e'))"},"sentenceIndex":[5],"words":["экономико"],"wordsIndex":[2]},"эштремадур":{"params":{"class":"имя","classMask":22,"info":{"isCapital":true,"isUpper":false},"stack":"((<FakeDictionary>, u'\\u044d\\u0448\\u0442\\u0440\\u0435\\u043c\\u0430\\u0434\\u0443\\u0440\\u0430', 26, 1), (<KnownSuffixAnalyzer>, u'\\u0430\\u0434\\u0443\\u0440\\u0430'))"},"sentenceIndex":[4],"words":["Эштремадура"],"wordsIndex":[7]},"являться":{"params":{"class":"г","classMask":5,"info":{"isCapital":true,"isUpper":false},"stack":"((<DictionaryAnalyzer>, u'\\u044f\\u0432\\u043b\\u044f\\u0435\\u0442\\u0441\\u044f', 224, 5),)"},"sentenceIndex":[2],"words":["Является"],"wordsIndex":[0]}}