{"0":{"params":{"class":"число","classMask":10,"info":{},"stack":""},"sentenceIndex":[3,3],"words":["0","0"],"wordsIndex":[3,8]},"1":{"params":{"class":"число","classMask":10,"info":{},"stack":""},"sentenceIndex":[2,3,9,9],"words":["1","1","1","1"],"wordsIndex":[5,7,18,30]},"14":{"params":{"class":"наим","classMask":19,"info":{},"stack":""},"sentenceIndex":[1],"words":["14"],"wordsIndex":[4]},"2":{"params":{"class":"число","classMask":10,"info":{},"stack":""},"sentenceIndex":[4,4,9,11],"words":["2","2","2","2"],"wordsIndex":[4,5,33,11]},"2011":{"params":{"class":"наим","classMask":19,"info":{},"stack":""},"sentenceIndex":[8],"words":["2011"],"wordsIndex":[9]},"2012":{"params":{"class":"наим","classMask":19,"info":{},"stack":""},"sentenceIndex":[8],"words":["2012"],"wordsIndex":[22]},"2014":{"params":{"class":"наим","classMask":19,"info":{},"stack":""},"sentenceIndex":[10],"words":["2014"],"wordsIndex":[11]},"2014-м":{"params":{"class":"наим","classMask":19,"info":{},"stack":""},"sentenceIndex":[10],"words":["2014-м"],"wordsIndex":[13]},"2015":{"params":{"class":"наим","classMask":19,"info":{},"stack":""},"sentenceIndex":[9,10],"words":["2015","2015"],"wordsIndex":[24,1]},"2015-м":{"params":{"class":"наим","classMask":19,"info":{},"stack":""},"sentenceIndex":[9],"words":["2015-м"],"wordsIndex":[26]},"2016":{"params":{"class":"наим","classMask":19,"info":{},"stack":""},"sentenceIndex":[0,9],"words":["2016","2016"],"wordsIndex":[3,14]},"2017":{"params":{"class":"наим","classMask":19,"info":{},"stack":""},"sentenceIndex":[11],"words":["2017"],"wordsIndex":[7]},"4":{"params":{"class":"число","classMask":10,"info":{},"stack":""},"sentenceIndex":[5],"words":["4"],"wordsIndex":[14]},"5":{"params":{"class":"число","classMask":10,"info":{},"stack":""},"sentenceIndex":[2,3,11],"words":["5","5","5"],"wordsIndex":[6,4,12]},"57":{"params":{"class":"наим","classMask":19,"info":{},"stack":""},"sentenceIndex":[9],"words":["57"],"wordsIndex":[34]},"6":{"params":{"class":"число","classMask":10,"info":{},"stack":""},"sentenceIndex":[9,10,10],"words":["6","6","6"],"wordsIndex":[19,15,16]},"7":{"params":{"class":"число","classMask":10,"info":{},"stack":""},"sentenceIndex":[5],"words":["7"],"wordsIndex":[15]},"70":{"params":{"class":"наим","classMask":19,"info":{},"stack":""},"sentenceIndex":[9],"words":["70"],"wordsIndex":[29]},"9":{"params":{"class":"число","classMask":10,"info":{},"stack":""},"sentenceIndex":[10,10],"words":["9","9"],"wordsIndex":[7,8]},"reuters":{"params":{"class":"имя","classMask":22,"info":{"isCapital":true,"isUpper":false},"stack":""},"sentenceIndex":[1],"words":["Reuters"],"wordsIndex":[14]},"агентство":{"params":{"class":"с","classMask":1,"info":{"isCapital":false,"isUpper":false},"stack":"((<DictionaryAnalyzer>, u'\\u0430\\u0433\\u0435\\u043d\\u0442\\u0441\\u0442\\u0432\\u0430', 54, 1),)"},"sentenceIndex":[3,8],"words":["агентства","агентство"],"wordsIndex":[1,25]},"бюджет":{"params":{"class":"с","classMask":1,"info":{"isCapital":false,"isUpper":false},"stack":"((<DictionaryAnalyzer>, u'\\u0431\\u044e\\u0434\\u0436\\u0435\\u0442\\u0430', 33, 1),)"},"sentenceIndex":[9],"words":["бюджета"],"wordsIndex":[11]},"в":{"params":{"class":"символ","classMask":20,"info":{},"stack":""},"sentenceIndex":[0,1,5,5,8,8,8,9,9,9,10,10,11],"words":["в","во","в","в","В","в","в","В","в","в","В","в","в"],"wordsIndex":[2,2,6,17,0,8,11,0,13,17,0,10,6]},"ввп":{"params":{"class":"с","classMask":1,"info":{"isCapital":false,"isUpper":true},"stack":"((<DictionaryAnalyzer>, u'\\u0432\\u0432\\u043f', 269, 0),)"},"sentenceIndex":[5,10,11],"words":["ВВП","ВВП","ВВП"],"wordsIndex":[11,3,4]},"владимир":{"params":{"class":"имя","classMask":22,"info":{"isCapital":true,"isUpper":false},"stack":"((<DictionaryAnalyzer>, u'\\u0432\\u043b\\u0430\\u0434\\u0438\\u043c\\u0438\\u0440', 26, 0),)"},"sentenceIndex":[1],"words":["Владимир"],"wordsIndex":[11]},"возобновить":{"params":{"class":"г","classMask":5,"info":{"isCapital":false,"isUpper":false},"stack":"((<DictionaryAnalyzer>, u'\\u0432\\u043e\\u0437\\u043e\\u0431\\u043d\\u043e\\u0432\\u0438\\u043b\\u0430', 455, 2),)"},"sentenceIndex":[0],"words":["возобновила"],"wordsIndex":[5]},"вставать":{"params":{"class":"инфинитив","classMask":6,"info":{"isCapital":false,"isUpper":false},"stack":"((<DictionaryAnalyzer>, u'\\u0432\\u0441\\u0442\\u0430\\u0432\\u0430\\u0442\\u044c', 903, 0),)"},"sentenceIndex":[6],"words":["вставать"],"wordsIndex":[3]},"вторник":{"params":{"class":"с","classMask":1,"info":{"isCapital":false,"isUpper":false},"stack":"((<DictionaryAnalyzer>, u'\\u0432\\u0442\\u043e\\u0440\\u043d\\u0438\\u043a', 19, 3),)"},"sentenceIndex":[1],"words":["вторник"],"wordsIndex":[3]},"выйти":{"params":{"class":"г","classMask":5,"info":{"isCapital":false,"isUpper":false},"stack":"((<DictionaryAnalyzer>, u'\\u0432\\u044b\\u0448\\u043b\\u0438', 1027, 4),)"},"sentenceIndex":[4],"words":["вышли"],"wordsIndex":[2]},"выражение":{"params":{"class":"с","classMask":1,"info":{"isCapital":false,"isUpper":false},"stack":"((<DictionaryAnalyzer>, u'\\u0432\\u044b\\u0440\\u0430\\u0436\\u0435\\u043d\\u0438\\u0438', 76, 10),)"},"sentenceIndex":[5],"words":["выражении"],"wordsIndex":[19]},"вырасти":{"params":{"class":"г","classMask":5,"info":{"isCapital":false,"isUpper":false},"stack":"((<DictionaryAnalyzer>, u'\\u0432\\u044b\\u0440\\u043e\\u0441', 1074, 1),)"},"sentenceIndex":[9,11],"words":["вырос","вырастет"],"wordsIndex":[16,9]},"год":{"params":{"class":"с","classMask":1,"info":{"isCapital":false,"isUpper":false},"stack":"((<DictionaryAnalyzer>, u'\\u0433\\u043e\\u0434\\u0443', 1168, 6),)"},"sentenceIndex":[0,0,5,8,8,9,10,11],"words":["году","лет","года","году","года","году","году","году"],"wordsIndex":[4,9,10,10,23,15,2,8]},"годовой":{"params":{"class":"п","classMask":2,"info":{"isCapital":false,"isUpper":false},"stack":"((<DictionaryAnalyzer>, u'\\u0433\\u043e\\u0434\\u043e\\u0432\\u043e\\u043c', 136, 6),)"},"sentenceIndex":[5],"words":["годовом"],"wordsIndex":[18]},"государственный":{"params":{"class":"имя","classMask":22,"info":{"isCapital":true,"isUpper":false},"stack":"((<DictionaryAnalyzer>, u'\\u0433\\u043e\\u0441\\u0443\\u0434\\u0430\\u0440\\u0441\\u0442\\u0432\\u0435\\u043d\\u043d\\u043e\\u0439', 262, 8),)"},"sentenceIndex":[5,9,9],"words":["Государственной","Государственная","государственного"],"wordsIndex":[2,3,10]},"гривна":{"params":{"class":"с","classMask":1,"info":{"isCapital":false,"isUpper":false},"stack":"((<DictionaryAnalyzer>, u'\\u0433\\u0440\\u0438\\u0432\\u0435\\u043d', 1212, 8),)"},"sentenceIndex":[9],"words":["гривен"],"wordsIndex":[32]},"гройсман":{"params":{"class":"имя","classMask":22,"info":{"isCapital":true,"isUpper":false},"stack":"((<FakeDictionary>, u'\\u0433\\u0440\\u043e\\u0439\\u0441\\u043c\\u0430\\u043d', 28, 0), (<KnownSuffixAnalyzer>, u'\\u0439\\u0441\\u043c\\u0430\\u043d'))"},"sentenceIndex":[1,4,7],"words":["Гройсман","Гройсман","Гройсман"],"wordsIndex":[12,8,12]},"данные":{"params":{"class":"с","classMask":1,"info":{"isCapital":false,"isUpper":false},"stack":"((<DictionaryAnalyzer>, u'\\u0434\\u0430\\u043d\\u043d\\u044b\\u043c', 151, 2),)"},"sentenceIndex":[5],"words":["данным"],"wordsIndex":[1]},"два":{"params":{"class":"числ","classMask":10,"info":{"isCapital":false,"isUpper":false},"stack":"((<DictionaryAnalyzer>, u'\\u0434\\u0432\\u0443\\u0445', 1248, 1),)"},"sentenceIndex":[0],"words":["двух"],"wordsIndex":[8]},"дефицит":{"params":{"class":"с","classMask":1,"info":{"isCapital":false,"isUpper":false},"stack":"((<DictionaryAnalyzer>, u'\\u0434\\u0435\\u0444\\u0438\\u0446\\u0438\\u0442', 33, 0),)"},"sentenceIndex":[9],"words":["дефицит"],"wordsIndex":[9]},"доллар":{"params":{"class":"с","classMask":1,"info":{"isCapital":false,"isUpper":false},"stack":"((<DictionaryAnalyzer>, u'\\u0434\\u043e\\u043b\\u043b\\u0430\\u0440\\u043e\\u0432', 1313, 7),)"},"sentenceIndex":[9],"words":["долларов"],"wordsIndex":[36]},"европа":{"params":{"class":"имя","classMask":22,"info":{"isCapital":true,"isUpper":false},"stack":"((<DictionaryAnalyzer>, u'\\u0435\\u0432\\u0440\\u043e\\u043f\\u044b', 35, 1),)"},"sentenceIndex":[8],"words":["Европы"],"wordsIndex":[19]},"есть":{"params":{"class":"межд","classMask":17,"info":{"isCapital":false,"isUpper":false},"stack":"((<DictionaryAnalyzer>, u'\\u0435\\u0441\\u0442\\u044c', 21, 0),)"},"sentenceIndex":[7],"words":["есть"],"wordsIndex":[6]},"заседание":{"params":{"class":"с","classMask":1,"info":{"isCapital":false,"isUpper":false},"stack":"((<DictionaryAnalyzer>, u'\\u0437\\u0430\\u0441\\u0435\\u0434\\u0430\\u043d\\u0438\\u0438', 76, 10),)"},"sentenceIndex":[4],"words":["заседании"],"wordsIndex":[10]},"затрата":{"params":{"class":"с","classMask":1,"info":{"isCapital":false,"isUpper":false},"stack":"((<DictionaryAnalyzer>, u'\\u0437\\u0430\\u0442\\u0440\\u0430\\u0442', 55, 8),)"},"sentenceIndex":[8],"words":["затрат"],"wordsIndex":[14]},"значительно":{"params":{"class":"н","classMask":11,"info":{"isCapital":false,"isUpper":false},"stack":"((<DictionaryAnalyzer>, u'\\u0437\\u043d\\u0430\\u0447\\u0438\\u0442\\u0435\\u043b\\u044c\\u043d\\u043e', 3, 0),)"},"sentenceIndex":[5],"words":["значительно"],"wordsIndex":[20]},"и":{"params":{"class":"символ","classMask":20,"info":{},"stack":""},"sentenceIndex":[9],"words":["и"],"wordsIndex":[27]},"известный":{"params":{"class":"п","classMask":2,"info":{"isCapital":true,"isUpper":false},"stack":"((<DictionaryAnalyzer>, u'\\u0438\\u0437\\u0432\\u0435\\u0441\\u0442\\u043d\\u044b\\u0435', 86, 20),)"},"sentenceIndex":[3],"words":["Известные"],"wordsIndex":[0]},"или":{"params":{"class":"союз","classMask":15,"info":{"isCapital":false,"isUpper":false},"stack":"((<DictionaryAnalyzer>, u'\\u0438\\u043b\\u0438', 20, 0),)"},"sentenceIndex":[3],"words":["или"],"wordsIndex":[6]},"к":{"params":{"class":"символ","classMask":20,"info":{},"stack":""},"sentenceIndex":[8],"words":["к"],"wordsIndex":[17]},"казначейский":{"params":{"class":"п","classMask":2,"info":{"isCapital":false,"isUpper":false},"stack":"((<DictionaryAnalyzer>, u'\\u043a\\u0430\\u0437\\u043d\\u0430\\u0447\\u0435\\u0439\\u0441\\u043a\\u0430\\u044f', 16, 7),)"},"sentenceIndex":[9],"words":["казначейская"],"wordsIndex":[4]},"квартал":{"params":{"class":"с","classMask":1,"info":{"isCapital":false,"isUpper":false},"stack":"((<DictionaryAnalyzer>, u'\\u043a\\u0432\\u0430\\u0440\\u0442\\u0430\\u043b\\u0435', 33, 5),)"},"sentenceIndex":[5,7],"words":["квартале","квартал"],"wordsIndex":[8,1]},"колено":{"params":{"class":"с","classMask":1,"info":{"isCapital":false,"isUpper":false},"stack":"((<DictionaryAnalyzer>, u'\\u043a\\u043e\\u043b\\u0435\\u043d', 1754, 9),)"},"sentenceIndex":[6],"words":["колен"],"wordsIndex":[5]},"конец":{"params":{"class":"с","classMask":1,"info":{"isCapital":false,"isUpper":false},"stack":"((<DictionaryAnalyzer>, u'\\u043a\\u043e\\u043d\\u0446\\u0435', 277, 5),)"},"sentenceIndex":[9],"words":["конце"],"wordsIndex":[1]},"м":{"params":{"class":"символ","classMask":20,"info":{},"stack":""},"sentenceIndex":[9,10],"words":["м","м"],"wordsIndex":[25,12]},"масштабный":{"params":{"class":"п","classMask":2,"info":{"isCapital":false,"isUpper":false},"stack":"((<DictionaryAnalyzer>, u'\\u043c\\u0430\\u0441\\u0448\\u0442\\u0430\\u0431\\u043d\\u044b\\u0445', 12, 21),)"},"sentenceIndex":[8],"words":["масштабных"],"wordsIndex":[13]},"миллиард":{"params":{"class":"с","classMask":1,"info":{"isCapital":false,"isUpper":false},"stack":"((<DictionaryAnalyzer>, u'\\u043c\\u0438\\u043b\\u043b\\u0438\\u0430\\u0440\\u0434\\u0430', 1947, 1),)"},"sentenceIndex":[9,9],"words":["миллиарда","миллиарда"],"wordsIndex":[31,35]},"министр":{"params":{"class":"с","classMask":1,"info":{"isCapital":false,"isUpper":false},"stack":"((<DictionaryAnalyzer>, u'\\u043c\\u0438\\u043d\\u0438\\u0441\\u0442\\u0440', 52, 0),)"},"sentenceIndex":[1],"words":["министр"],"wordsIndex":[8]},"министр-премьер":{"params":{"class":"с","classMask":1201,"info":{"comboClassStats":{"с":2},"isCapital":false,"isCombo":true,"isUpper":false},"stack":"<classByLadder>"},"sentenceIndex":[1],"words":["премьер-министр"],"wordsIndex":[9]},"мы":{"params":{"class":"мс","classMask":12,"info":{"isCapital":true,"isUpper":false},"stack":"((<DictionaryAnalyzer>, u'\\u043d\\u0430\\u043c', 1990, 2),)"},"sentenceIndex":[2,4,7,7],"words":["Нам","мы","нам","нас"],"wordsIndex":[0,1,2,5]},"на":{"params":{"class":"предл","classMask":14,"info":{"isCapital":false,"isUpper":false},"stack":"((<DictionaryAnalyzer>, u'\\u043d\\u0430', 24, 0),)"},"sentenceIndex":[4,4,5,8,10,10,11],"words":["на","на","на","на","на","на","на"],"wordsIndex":[3,9,13,15,6,14,10]},"нацбанк":{"params":{"class":"имя","classMask":22,"info":{"isCapital":true,"isUpper":false},"stack":"((<DictionaryAnalyzer>, u'\\u043d\\u0430\\u0446\\u0431\\u0430\\u043d\\u043a\\u0430', 19, 1),)"},"sentenceIndex":[11],"words":["Нацбанка"],"wordsIndex":[2]},"начало":{"params":{"class":"с","classMask":1,"info":{"isCapital":false,"isUpper":false},"stack":"((<DictionaryAnalyzer>, u'\\u043d\\u0430\\u0447\\u0430\\u043b\\u0430', 54, 1),)"},"sentenceIndex":[6],"words":["начала"],"wordsIndex":[2]},"небольшой":{"params":{"class":"п","classMask":2,"info":{"isCapital":false,"isUpper":false},"stack":"((<DictionaryAnalyzer>, u'\\u043d\\u0435\\u0431\\u043e\\u043b\\u044c\\u0448\\u043e\\u0439', 2050, 0),)"},"sentenceIndex":[2],"words":["небольшой"],"wordsIndex":[2]},"но":{"params":{"class":"союз","classMask":15,"info":{"isCapital":true,"isUpper":false},"stack":"((<DictionaryAnalyzer>, u'\\u043d\\u043e', 20, 0),)"},"sentenceIndex":[4],"words":["Но"],"wordsIndex":[0]},"о":{"params":{"class":"предл","classMask":14,"info":{"isCapital":true,"isUpper":false},"stack":"((<DictionaryAnalyzer>, u'\\u043e\\u0431', 2133, 1),)"},"sentenceIndex":[1],"words":["Об"],"wordsIndex":[0]},"около":{"params":{"class":"предл","classMask":14,"info":{"isCapital":false,"isUpper":false},"stack":"((<DictionaryAnalyzer>, u'\\u043e\\u043a\\u043e\\u043b\\u043e', 24, 0),)"},"sentenceIndex":[2],"words":["около"],"wordsIndex":[4]},"отмечать":{"params":{"class":"г","classMask":5,"info":{"isCapital":false,"isUpper":false},"stack":"((<DictionaryAnalyzer>, u'\\u043e\\u0442\\u043c\\u0435\\u0447\\u0430\\u0435\\u0442', 206, 5),)"},"sentenceIndex":[8],"words":["отмечает"],"wordsIndex":[24]},"период":{"params":{"class":"с","classMask":1,"info":{"isCapital":false,"isUpper":false},"stack":"((<DictionaryAnalyzer>, u'\\u043f\\u0435\\u0440\\u0438\\u043e\\u0434', 33, 3),)"},"sentenceIndex":[8],"words":["период"],"wordsIndex":[12]},"по":{"params":{"class":"предл","classMask":14,"info":{"isCapital":true,"isUpper":false},"stack":"((<DictionaryAnalyzer>, u'\\u043f\\u043e', 24, 0),)"},"sentenceIndex":[5,8,9,11],"words":["По","по","по","По"],"wordsIndex":[0,20,21,0]},"подготовка":{"params":{"class":"с","classMask":1,"info":{"isCapital":false,"isUpper":false},"stack":"((<DictionaryAnalyzer>, u'\\u043f\\u043e\\u0434\\u0433\\u043e\\u0442\\u043e\\u0432\\u043a\\u0443', 8, 3),)"},"sentenceIndex":[8],"words":["подготовку"],"wordsIndex":[16]},"подобный":{"params":{"class":"п","classMask":2,"info":{"isCapital":false,"isUpper":false},"stack":"((<DictionaryAnalyzer>, u'\\u043f\\u043e\\u0434\\u043e\\u0431\\u043d\\u044b\\u043c\\u0438', 2408, 25),)"},"sentenceIndex":[8],"words":["подобными"],"wordsIndex":[3]},"показать":{"params":{"class":"г","classMask":5,"info":{"isCapital":false,"isUpper":false},"stack":"((<DictionaryAnalyzer>, u'\\u043f\\u043e\\u043a\\u0430\\u0437\\u0430\\u043b', 638, 1),)"},"sentenceIndex":[7],"words":["показал"],"wordsIndex":[3]},"после":{"params":{"class":"предл","classMask":14,"info":{"isCapital":false,"isUpper":false},"stack":"((<DictionaryAnalyzer>, u'\\u043f\\u043e\\u0441\\u043b\\u0435', 24, 0),)"},"sentenceIndex":[0],"words":["после"],"wordsIndex":[7]},"последний":{"params":{"class":"п","classMask":2,"info":{"isCapital":false,"isUpper":false},"stack":"((<DictionaryAnalyzer>, u'\\u043f\\u043e\\u0441\\u043b\\u0435\\u0434\\u043d\\u0438\\u0439', 382, 0),)"},"sentenceIndex":[8],"words":["последний"],"wordsIndex":[1]},"потенциал":{"params":{"class":"с","classMask":1,"info":{"isCapital":false,"isUpper":false},"stack":"((<DictionaryAnalyzer>, u'\\u043f\\u043e\\u0442\\u0435\\u043d\\u0446\\u0438\\u0430\\u043b', 33, 0),)"},"sentenceIndex":[7],"words":["потенциал"],"wordsIndex":[7]},"правительство":{"params":{"class":"с","classMask":1,"info":{"isCapital":false,"isUpper":false},"stack":"((<DictionaryAnalyzer>, u'\\u043f\\u0440\\u0430\\u0432\\u0438\\u0442\\u0435\\u043b\\u044c\\u0441\\u0442\\u0432\\u0430', 54, 1),)"},"sentenceIndex":[4],"words":["правительства"],"wordsIndex":[11]},"превысить":{"params":{"class":"деепричастие","classMask":9,"info":{"isCapital":false,"isUpper":false},"stack":"((<DictionaryAnalyzer>, u'\\u043f\\u0440\\u0435\\u0432\\u044b\\u0441\\u0438\\u0432', 549, 69),)"},"sentenceIndex":[5],"words":["превысив"],"wordsIndex":[21]},"премьер":{"params":{"class":"с","classMask":1,"info":{"isCapital":false,"isUpper":false},"stack":"((<DictionaryAnalyzer>, u'\\u043f\\u0440\\u0435\\u043c\\u044c\\u0435\\u0440', 52, 0),)"},"sentenceIndex":[1],"words":["премьер"],"wordsIndex":[7]},"прогноз":{"params":{"class":"с","classMask":1,"info":{"isCapital":false,"isUpper":false},"stack":"((<DictionaryAnalyzer>, u'\\u043f\\u0440\\u043e\\u0433\\u043d\\u043e\\u0437\\u044b', 33, 6),)"},"sentenceIndex":[5,11],"words":["прогнозы","прогнозу"],"wordsIndex":[22,1]},"прогнозировать":{"params":{"class":"г","classMask":5,"info":{"isCapital":false,"isUpper":false},"stack":"((<DictionaryAnalyzer>, u'\\u043f\\u0440\\u043e\\u0433\\u043d\\u043e\\u0437\\u0438\\u0440\\u043e\\u0432\\u0430\\u043b\\u0438', 168, 10),)"},"sentenceIndex":[3],"words":["прогнозировали"],"wordsIndex":[2]},"пророчить":{"params":{"class":"г","classMask":5,"info":{"isCapital":false,"isUpper":false},"stack":"((<DictionaryAnalyzer>, u'\\u043f\\u0440\\u043e\\u0440\\u043e\\u0447\\u0438\\u043b\\u0438', 568, 10),)"},"sentenceIndex":[2],"words":["пророчили"],"wordsIndex":[1]},"процент":{"params":{"class":"с","classMask":1,"info":{"isCapital":false,"isUpper":false},"stack":"((<DictionaryAnalyzer>, u'\\u043f\\u0440\\u043e\\u0446\\u0435\\u043d\\u0442\\u0430', 33, 1),)"},"sentenceIndex":[2,3,3,4,5,10,10,11],"words":["процента","процента","процент","процента","процента","процента","процента","процента"],"wordsIndex":[7,5,9,6,16,9,17,13]},"прошлое":{"params":{"class":"с","classMask":1,"info":{"isCapital":false,"isUpper":false},"stack":"((<DictionaryAnalyzer>, u'\\u043f\\u0440\\u043e\\u0448\\u043b\\u043e\\u0433\\u043e', 972, 1),)"},"sentenceIndex":[5],"words":["прошлого"],"wordsIndex":[9]},"раз":{"params":{"class":"с","classMask":1,"info":{"isCapital":false,"isUpper":false},"stack":"((<DictionaryAnalyzer>, u'\\u0440\\u0430\\u0437', 2630, 3),)"},"sentenceIndex":[8,9],"words":["раз","раза"],"wordsIndex":[2,20]},"рецессия":{"params":{"class":"с","classMask":1,"info":{"isCapital":false,"isUpper":false},"stack":"((<DictionaryAnalyzer>, u'\\u0440\\u0435\\u0446\\u0435\\u0441\\u0441\\u0438\\u0438', 40, 1),)"},"sentenceIndex":[0],"words":["рецессии"],"wordsIndex":[10]},"рослый":{"params":{"class":"кр_прил","classMask":3,"info":{"isCapital":false,"isUpper":false},"stack":"((<DictionaryAnalyzer>, u'\\u0440\\u043e\\u0441\\u043b\\u0430', 4, 28),)"},"sentenceIndex":[8],"words":["росла"],"wordsIndex":[7]},"рост":{"params":{"class":"с","classMask":1,"info":{"isCapital":false,"isUpper":false},"stack":"((<DictionaryAnalyzer>, u'\\u0440\\u043e\\u0441\\u0442', 1175, 0),)"},"sentenceIndex":[0,2,7],"words":["рост","рост","рост"],"wordsIndex":[6,3,10]},"с":{"params":{"class":"символ","classMask":20,"info":{},"stack":""},"sentenceIndex":[6,9],"words":["с","с"],"wordsIndex":[4,23]},"сказать":{"params":{"class":"г","classMask":5,"info":{"isCapital":false,"isUpper":false},"stack":"((<DictionaryAnalyzer>, u'\\u0441\\u043a\\u0430\\u0437\\u0430\\u043b', 638, 1),)"},"sentenceIndex":[4,7],"words":["сказал","сказал"],"wordsIndex":[7,11]},"служба":{"params":{"class":"с","classMask":1,"info":{"isCapital":false,"isUpper":false},"stack":"((<DictionaryAnalyzer>, u'\\u0441\\u043b\\u0443\\u0436\\u0431\\u044b', 55, 1),)"},"sentenceIndex":[5,9],"words":["службы","служба"],"wordsIndex":[3,5]},"сообщать":{"params":{"class":"г","classMask":5,"info":{"isCapital":false,"isUpper":false},"stack":"((<DictionaryAnalyzer>, u'\\u0441\\u043e\\u043e\\u0431\\u0449\\u0430\\u0435\\u0442', 206, 5),)"},"sentenceIndex":[1],"words":["сообщает"],"wordsIndex":[13]},"сообщить":{"params":{"class":"г","classMask":5,"info":{"isCapital":false,"isUpper":false},"stack":"((<DictionaryAnalyzer>, u'\\u0441\\u043e\\u043e\\u0431\\u0449\\u0438\\u043b', 741, 1),)"},"sentenceIndex":[1,9],"words":["сообщил","сообщила"],"wordsIndex":[6,7]},"составить":{"params":{"class":"г","classMask":5,"info":{"isCapital":false,"isUpper":false},"stack":"((<DictionaryAnalyzer>, u'\\u0441\\u043e\\u0441\\u0442\\u0430\\u0432\\u0438\\u043b', 753, 1),)"},"sentenceIndex":[9],"words":["составил"],"wordsIndex":[28]},"сравнение":{"params":{"class":"с","classMask":1,"info":{"isCapital":false,"isUpper":false},"stack":"((<DictionaryAnalyzer>, u'\\u0441\\u0440\\u0430\\u0432\\u043d\\u0435\\u043d\\u0438\\u044e', 76, 4),)"},"sentenceIndex":[9],"words":["сравнению"],"wordsIndex":[22]},"статистика":{"params":{"class":"с","classMask":1,"info":{"isCapital":false,"isUpper":false},"stack":"((<DictionaryAnalyzer>, u'\\u0441\\u0442\\u0430\\u0442\\u0438\\u0441\\u0442\\u0438\\u043a\\u0438', 43, 1),)"},"sentenceIndex":[5],"words":["статистики"],"wordsIndex":[4]},"страна":{"params":{"class":"с","classMask":1,"info":{"isCapital":false,"isUpper":false},"stack":"((<DictionaryAnalyzer>, u'\\u0441\\u0442\\u0440\\u0430\\u043d\\u044b', 55, 1),)"},"sentenceIndex":[1,8,9,11],"words":["страны","страны","страны","страны"],"wordsIndex":[10,6,12,5]},"существенно":{"params":{"class":"н","classMask":11,"info":{"isCapital":false,"isUpper":false},"stack":"((<DictionaryAnalyzer>, u'\\u0441\\u0443\\u0449\\u0435\\u0441\\u0442\\u0432\\u0435\\u043d\\u043d\\u043e', 3, 0),)"},"sentenceIndex":[7],"words":["существенно"],"wordsIndex":[8]},"темп":{"params":{"class":"с","classMask":1,"info":{"isCapital":false,"isUpper":false},"stack":"((<DictionaryAnalyzer>, u'\\u0442\\u0435\\u043c\\u043f\\u0430\\u043c\\u0438', 33, 10),)"},"sentenceIndex":[8],"words":["темпами"],"wordsIndex":[4]},"у":{"params":{"class":"символ","classMask":20,"info":{},"stack":""},"sentenceIndex":[7],"words":["у"],"wordsIndex":[4]},"увеличить":{"params":{"class":"инфинитив","classMask":6,"info":{"isCapital":false,"isUpper":false},"stack":"((<DictionaryAnalyzer>, u'\\u0443\\u0432\\u0435\\u043b\\u0438\\u0447\\u0438\\u0442\\u044c', 727, 0),)"},"sentenceIndex":[7],"words":["увеличить"],"wordsIndex":[9]},"увеличиться":{"params":{"class":"г","classMask":5,"info":{"isCapital":false,"isUpper":false},"stack":"((<DictionaryAnalyzer>, u'\\u0443\\u0432\\u0435\\u043b\\u0438\\u0447\\u0438\\u043b\\u0441\\u044f', 728, 1),)"},"sentenceIndex":[5],"words":["увеличился"],"wordsIndex":[12]},"украина":{"params":{"class":"имя","classMask":1122,"info":{"isCapital":true,"isCountry":true,"isUpper":false},"stack":"((<DictionaryAnalyzer>, u'\\u0443\\u043a\\u0440\\u0430\\u0438\\u043d\\u044b', 35, 1),)"},"sentenceIndex":[0,5,9,10,11],"words":["Украины","Украины","Украины","Украины","Украины"],"wordsIndex":[1,5,6,4,3]},"украинский":{"params":{"class":"п","classMask":2,"info":{"isCapital":true,"isUpper":false},"stack":"((<DictionaryAnalyzer>, u'\\u0443\\u043a\\u0440\\u0430\\u0438\\u043d\\u0441\\u043a\\u0430\\u044f', 228, 7),)"},"sentenceIndex":[6],"words":["Украинская"],"wordsIndex":[0]},"уменьшиться":{"params":{"class":"г","classMask":5,"info":{"isCapital":false,"isUpper":false},"stack":"((<DictionaryAnalyzer>, u'\\u0443\\u043c\\u0435\\u043d\\u044c\\u0448\\u0438\\u043b\\u0441\\u044f', 952, 1),)"},"sentenceIndex":[10],"words":["уменьшился"],"wordsIndex":[5]},"февраль":{"params":{"class":"с","classMask":1,"info":{"isCapital":false,"isUpper":false},"stack":"((<DictionaryAnalyzer>, u'\\u0444\\u0435\\u0432\\u0440\\u0430\\u043b\\u044f', 190, 1),)"},"sentenceIndex":[1],"words":["февраля"],"wordsIndex":[5]},"футбол":{"params":{"class":"с","classMask":1,"info":{"isCapital":false,"isUpper":false},"stack":"((<DictionaryAnalyzer>, u'\\u0444\\u0443\\u0442\\u0431\\u043e\\u043b\\u0443', 33, 2),)"},"sentenceIndex":[8],"words":["футболу"],"wordsIndex":[21]},"чемпионат":{"params":{"class":"с","classMask":1,"info":{"isCapital":false,"isUpper":false},"stack":"((<DictionaryAnalyzer>, u'\\u0447\\u0435\\u043c\\u043f\\u0438\\u043e\\u043d\\u0430\\u0442\\u0443', 33, 2),)"},"sentenceIndex":[8],"words":["чемпионату"],"wordsIndex":[18]},"четыре":{"params":{"class":"п","classMask":2,"info":{"isCapital":false,"isUpper":false},"stack":"((<DictionaryAnalyzer>, u'\\u0447\\u0435\\u0442\\u0432\\u0451\\u0440\\u0442\\u043e\\u043c', 3036, 13),)"},"sentenceIndex":[5,7],"words":["четвертом","четвертый"],"wordsIndex":[7,0]},"что":{"params":{"class":"союз","classMask":15,"info":{"isCapital":false,"isUpper":false},"stack":"((<DictionaryAnalyzer>, u'\\u0447\\u0442\\u043e', 3046, 0),)"},"sentenceIndex":[9],"words":["что"],"wordsIndex":[8]},"экономика":{"params":{"class":"с","classMask":1,"info":{"isCapital":true,"isUpper":false},"stack":"((<DictionaryAnalyzer>, u'\\u044d\\u043a\\u043e\\u043d\\u043e\\u043c\\u0438\\u043a\\u0430', 43, 0),)"},"sentenceIndex":[0,6,8],"words":["Экономика","экономика","экономика"],"wordsIndex":[0,1,5]},"это":{"params":{"class":"мс","classMask":12,"info":{"isCapital":false,"isUpper":false},"stack":"((<DictionaryAnalyzer>, u'\\u044d\\u0442\\u043e\\u043c', 3098, 5),)"},"sentenceIndex":[1],"words":["этом"],"wordsIndex":[1]},"январь":{"params":{"class":"с","classMask":1,"info":{"isCapital":false,"isUpper":false},"stack":"((<DictionaryAnalyzer>, u'\\u044f\\u043d\\u0432\\u0430\\u0440\\u044f', 190, 1),)"},"sentenceIndex":[9],"words":["января"],"wordsIndex":[2]}}