{"264":{"indexObj":{"classMask":19,"counter":72.0,"finded":68,"isExisted":true,"letterId":63,"meta":"{}","server":"_buber3_","table":"wordIndex.other","uid":1152,"word":"264","wordHash":"d6baf65e0b240ce177cf70da146c8dc8_c7ea65d73098d32c12fb17c04f07e9ff696959b24a33751d17c7d9868f1a4020c3b3bae8b594be50cf561f58ec6be7a0afd7d9578526fd25926602b351209cd0","wordId":"63:1152"},"morphObj":{"params":{"class":"наим","classMask":19,"info":{},"stack":""},"sentenceIndex":[3],"words":["264"],"wordsIndex":[18]},"rating":25.0,"stats":{"counter":72.0,"counterAll":72.0,"isAdjf":0,"isCombo":0,"isComp":0,"isCountry":0,"isEng":0,"isName":0,"isNominal":1,"isNoun":0,"isNum":0,"isPrtf":0,"isSymbol":0,"isUnknown":0,"isVerb":0,"repeat":0.25,"weight":0.003445800430725054,"weightAll":0.0019402301328518689}},"360":{"indexObj":{"classMask":19,"counter":300.0,"finded":236,"isExisted":true,"letterId":62,"meta":"{}","server":"_buber3_","table":"wordIndex.other","uid":262,"word":"360","wordHash":"e7b24b112a44fdd9ee93bdf998c6ca0e_4ab93edabdd30c8209b13cefa76b66d3e9ed0f12d7aee88c289098ff08c2919f355d4e3a154f4dff5343a30b01a97ba5fa2d5f2d083c3e5878d301037aa2c6fc","wordId":"62:262"},"morphObj":{"params":{"class":"наим","classMask":19,"info":{},"stack":""},"sentenceIndex":[1],"words":["360"],"wordsIndex":[22]},"rating":25.0,"stats":{"counter":300.0,"counterAll":300.0,"isAdjf":0,"isCombo":0,"isComp":0,"isCountry":0,"isEng":0,"isName":0,"isNominal":1,"isNoun":0,"isNum":0,"isPrtf":0,"isSymbol":0,"isUnknown":0,"isVerb":0,"repeat":0.25,"weight":0.014357501794687724,"weightAll":0.00808429222021612}},"toyota":{"indexObj":{"classMask":22,"counter":155.0,"finded":50,"isExisted":true,"letterId":54,"meta":"{}","server":"_buber3_","table":"wordIndex.en","uid":2642,"word":"toyota","wordHash":"5166fd3fee463b7c9992293e84f098f0_d244cd5867524ca4138d81f21d2dd8ec8e799a55033d06d6d9409c05687a218238b33eaadabf3b76d1748659351a6cb0e77faa11a64634f33929fac66402060a","wordId":"54:2642"},"morphObj":{"params":{"class":"имя","classMask":22,"info":{"isCapital":true,"isUpper":false},"stack":""},"sentenceIndex":[0,5],"words":["Toyota","Toyota"],"wordsIndex":[2,7]},"rating":150.0,"stats":{"counter":155.0,"counterAll":310.0,"isAdjf":0,"isCombo":0,"isComp":0,"isCountry":0,"isEng":0,"isName":1,"isNominal":0,"isNoun":0,"isNum":0,"isPrtf":0,"isSymbol":0,"isUnknown":0,"isVerb":0,"repeat":0.5,"weight":0.007418042593921991,"weightAll":0.008353768627556657}},"авария":{"indexObj":{"classMask":1,"counter":458.0,"finded":277,"isExisted":true,"letterId":2,"meta":"{}","server":"_buber3_","table":"wordIndex.ru","uid":3257,"word":"авария","wordHash":"e6c67b54fe47695c4f0a5a53c7aad57f_e4bf7f66dffcce61387282c96e90429e7e613d2bab70f4afef4beaa166597a919d6360e1c57fec2b65cbf2763d8072c3803e90de83024d918b1251743a90648a","wordId":"2:3257"},"morphObj":{"params":{"class":"с","classMask":1,"info":{"isCapital":false,"isUpper":false},"stack":"((<DictionaryAnalyzer>, u'\\u0430\\u0432\\u0430\\u0440\\u0438\\u0438', 40, 1),)"},"sentenceIndex":[0,3,5],"words":["аварии","аварии","аварии"],"wordsIndex":[5,7,14]},"rating":75.0,"stats":{"counter":458.0,"counterAll":1374.0,"isAdjf":0,"isCombo":0,"isComp":0,"isCountry":0,"isEng":0,"isName":0,"isNominal":0,"isNoun":1,"isNum":0,"isPrtf":0,"isSymbol":0,"isUnknown":0,"isVerb":0,"repeat":0.75,"weight":0.02191911940655659,"weightAll":0.03702605836858983}},"автомобиль":{"indexObj":{"classMask":1,"counter":2239.0,"finded":754,"isExisted":true,"letterId":2,"meta":"{}","server":"_buber3_","table":"wordIndex.ru","uid":5505,"word":"автомобиль","wordHash":"0720a5f020dc0452d7ea3a2804db1594_f85bdbb7fdf0266941f4d3358ae0e01905019e45d3226d5f4adcac5e9173486ec330bf26e252c6a0aa5c1da69b9070ea7ace80166bd27163f9c5d839594f0e92","wordId":"2:5505"},"morphObj":{"params":{"class":"с","classMask":1,"info":{"isCapital":false,"isUpper":false},"stack":"((<DictionaryAnalyzer>, u'\\u0430\\u0432\\u0442\\u043e\\u043c\\u043e\\u0431\\u0438\\u043b\\u044f', 91, 1),)"},"sentenceIndex":[0,5],"words":["автомобиля","автомобиля"],"wordsIndex":[1,6]},"rating":50.0,"stats":{"counter":2239.0,"counterAll":4478.0,"isAdjf":0,"isCombo":0,"isComp":0,"isCountry":0,"isEng":0,"isName":0,"isNominal":0,"isNoun":1,"isNum":0,"isPrtf":0,"isSymbol":0,"isUnknown":0,"isVerb":0,"repeat":0.5,"weight":0.10715482172768605,"weightAll":0.12067153520709262}},"александр":{"indexObj":{"classMask":22,"counter":7261.0,"finded":2856,"isExisted":true,"letterId":2,"meta":"{}","server":"_buber3_","table":"wordIndex.ru","uid":2208,"word":"александр","wordHash":"ead5436b9d4e9c4dcc9cecf97121d97f_4d802d7371604708cfc702226ed778ea67e988fa88d579cd8eaacdbb4de61f4e82c09300c293319a13429f1c72c7c5e52c47c3f54b6d7811ad4b10372ada0943","wordId":"2:2208"},"morphObj":{"params":{"class":"имя","classMask":22,"info":{"isCapital":true,"isUpper":false},"stack":"((<DictionaryAnalyzer>, u'\\u0430\\u043b\\u0435\\u043a\\u0441\\u0430\\u043d\\u0434\\u0440\\u0430', 26, 1),)"},"sentenceIndex":[1],"words":["Александра"],"wordsIndex":[18]},"rating":125.0,"stats":{"counter":7261.0,"counterAll":7261.0,"isAdjf":0,"isCombo":0,"isComp":0,"isCountry":0,"isEng":0,"isName":1,"isNominal":0,"isNoun":0,"isNum":0,"isPrtf":0,"isSymbol":0,"isUnknown":0,"isVerb":0,"repeat":0.25,"weight":0.34749940177075855,"weightAll":0.19566681936996416}},"апрель":{"indexObj":{"classMask":1,"counter":7640.0,"finded":4360,"isExisted":true,"letterId":2,"meta":"{}","server":"_buber3_","table":"wordIndex.ru","uid":1212,"word":"апрель","wordHash":"752b70b198a614af9971e475d1e38c98_1a01f562b12349d4d312112b97a668b4ffcd66c3f22c51b5e7eb25086871f99b4eadf2f46ec85b1e073e55ce052723c79080630e8efe65b31444c63737436b93","wordId":"2:1212"},"morphObj":{"params":{"class":"с","classMask":1,"info":{"isCapital":false,"isUpper":false},"stack":"((<DictionaryAnalyzer>, u'\\u0430\\u043f\\u0440\\u0435\\u043b\\u044f', 91, 1),)"},"sentenceIndex":[0],"words":["апреля"],"wordsIndex":[20]},"rating":25.0,"stats":{"counter":7640.0,"counterAll":7640.0,"isAdjf":0,"isCombo":0,"isComp":0,"isCountry":0,"isEng":0,"isName":0,"isNominal":0,"isNoun":1,"isNum":0,"isPrtf":0,"isSymbol":0,"isUnknown":0,"isVerb":0,"repeat":0.25,"weight":0.3656377123713807,"weightAll":0.20587997520817053}},"более":{"indexObj":{"classMask":11,"counter":11616.0,"finded":6121,"isExisted":true,"letterId":1,"meta":"{}","server":"_buber3_","table":"wordIndex.ru","uid":561,"word":"более","wordHash":"9919bcf8d0d8e64a7537311526a42aa7_c6fce576ec302921b198cf760dbed4269a5c07e115fe76c6fc8e0de7cc11c269a4a55db61256786a216e856099b77a8654281448996afb363420d535673fc853","wordId":"1:561"},"morphObj":{"params":{"class":"н","classMask":11,"info":{"isCapital":false,"isUpper":false},"stack":"((<DictionaryAnalyzer>, u'\\u0431\\u043e\\u043b\\u0435\\u0435', 3, 0),)"},"sentenceIndex":[3],"words":["более"],"wordsIndex":[35]},"rating":25.0,"stats":{"counter":11616.0,"counterAll":11616.0,"isAdjf":0,"isCombo":0,"isComp":0,"isCountry":0,"isEng":0,"isName":0,"isNominal":0,"isNoun":0,"isNum":0,"isPrtf":0,"isSymbol":0,"isUnknown":0,"isVerb":0,"repeat":0.25,"weight":0.5559224694903087,"weightAll":0.31302379476676817}},"варшавский":{"indexObj":{"classMask":22,"counter":339.0,"finded":174,"isExisted":true,"letterId":4,"meta":"{}","server":"_buber3_","table":"wordIndex.ru","uid":1302,"word":"варшавский","wordHash":"e9e5a204252b0682a0e1eb306fb99eb4_293af088c21509b60f06e10e11a27b651a937984fd210302ccf76f0fffc14b5715c270f7182f29e45e8eea7de6fb356d243b42f4c046514629ea2214fc74ce07","wordId":"4:1302"},"morphObj":{"params":{"class":"имя","classMask":22,"info":{"isCapital":true,"isUpper":false},"stack":"((<DictionaryAnalyzer>, u'\\u0432\\u0430\\u0440\\u0448\\u0430\\u0432\\u0441\\u043a\\u043e\\u0433\\u043e', 16, 1),)"},"sentenceIndex":[4],"words":["Варшавского"],"wordsIndex":[7]},"rating":125.0,"stats":{"counter":339.0,"counterAll":339.0,"isAdjf":0,"isCombo":0,"isComp":0,"isCountry":0,"isEng":0,"isName":1,"isNominal":0,"isNoun":0,"isNum":0,"isPrtf":0,"isSymbol":0,"isUnknown":0,"isVerb":0,"repeat":0.25,"weight":0.01622397702799713,"weightAll":0.009135250208844215}},"взять":{"indexObj":{"classMask":5,"counter":1029.0,"finded":719,"isExisted":true,"letterId":4,"meta":"{}","server":"_buber3_","table":"wordIndex.ru","uid":4165,"word":"взять","wordHash":"9add1a0f170e1525fbe4dcead4db1097_13863a28ec2e07413464e68a6b7797ca53ed84f2b005be1d098c62eda88729b3e6b6acf296d008e13c55fd6e0b6f48f62a0f925e5ebf23889d1cbefbb4f0ec4e","wordId":"4:4165"},"morphObj":{"params":{"class":"г","classMask":5,"info":{"isCapital":false,"isUpper":false},"stack":"((<DictionaryAnalyzer>, u'\\u0432\\u0437\\u044f\\u043b\\u0438', 782, 4),)"},"sentenceIndex":[0],"words":["взяли"],"wordsIndex":[12]},"rating":25.0,"stats":{"counter":1029.0,"counterAll":1029.0,"isAdjf":0,"isCombo":0,"isComp":0,"isCountry":0,"isEng":0,"isName":0,"isNominal":0,"isNoun":0,"isNum":0,"isPrtf":0,"isSymbol":0,"isUnknown":0,"isVerb":1,"repeat":0.25,"weight":0.04924623115577889,"weightAll":0.027729122315341293}},"виновник":{"indexObj":{"classMask":1,"counter":63.0,"finded":57,"isExisted":true,"letterId":4,"meta":"{}","server":"_buber3_","table":"wordIndex.ru","uid":11170,"word":"виновник","wordHash":"357d0b31ce801f1fc9ae2dd461423b2f_f6180d2c0beee10b1844dadcffe6489182f8103067883b444debda78a45be93d0959626920a93a189c294344b9f903c7c417ac875b45bc459fc577066522b202","wordId":"4:11170"},"morphObj":{"params":{"class":"с","classMask":1,"info":{"isCapital":false,"isUpper":false},"stack":"((<DictionaryAnalyzer>, u'\\u0432\\u0438\\u043d\\u043e\\u0432\\u043d\\u0438\\u043a\\u0430', 2, 1),)"},"sentenceIndex":[0],"words":["виновника"],"wordsIndex":[4]},"rating":25.0,"stats":{"counter":63.0,"counterAll":63.0,"isAdjf":0,"isCombo":0,"isComp":0,"isCountry":0,"isEng":0,"isName":0,"isNominal":0,"isNoun":1,"isNum":0,"isPrtf":0,"isSymbol":0,"isUnknown":0,"isVerb":0,"repeat":0.25,"weight":0.003015075376884422,"weightAll":0.0016977013662453852}},"внедорожник":{"indexObj":{"classMask":1,"counter":78.0,"finded":43,"isExisted":true,"letterId":4,"meta":"{}","server":"_buber3_","table":"wordIndex.ru","uid":121138,"word":"внедорожник","wordHash":"1f77365f31831c2d03099a8aa4641e3e_3b61b00002b28753492ea3ecb0bb395804d99d0001812de350936101e57bcefc8f18e9bea2b15907e19c4d908f35ac1846d86eda319a21098214f86d541a550f","wordId":"4:121138"},"morphObj":{"params":{"class":"с","classMask":1,"info":{"isCapital":false,"isUpper":false},"stack":"((<DictionaryAnalyzer>, u'\\u0432\\u043d\\u0435\\u0434\\u043e\\u0440\\u043e\\u0436\\u043d\\u0438\\u043a\\u0430', 19, 1),)"},"sentenceIndex":[5],"words":["внедорожника"],"wordsIndex":[9]},"rating":25.0,"stats":{"counter":78.0,"counterAll":78.0,"isAdjf":0,"isCombo":0,"isComp":0,"isCountry":0,"isEng":0,"isName":0,"isNominal":0,"isNoun":1,"isNum":0,"isPrtf":0,"isSymbol":0,"isUnknown":0,"isVerb":0,"repeat":0.25,"weight":0.0037329504666188083,"weightAll":0.002101915977256191}},"водитель":{"indexObj":{"classMask":1,"counter":494.0,"finded":287,"isExisted":true,"letterId":4,"meta":"{}","server":"_buber3_","table":"wordIndex.ru","uid":12581,"word":"водитель","wordHash":"5be9d814e2b3174c046f3b4d138f9c0b_c0a65f40a05d1f2b3c9f73a747aa70246f231ea202a7186192dd8945ccd1d4c317fb44209955310c0fda3d1d2bb36cb172a3f3904ef8145578113f551f7daeec","wordId":"4:12581"},"morphObj":{"params":{"class":"с","classMask":1,"info":{"isCapital":true,"isUpper":false},"stack":"((<DictionaryAnalyzer>, u'\\u0432\\u043e\\u0434\\u0438\\u0442\\u0435\\u043b\\u044f', 121, 1),)"},"sentenceIndex":[0],"words":["Водителя"],"wordsIndex":[0]},"rating":25.0,"stats":{"counter":494.0,"counterAll":494.0,"isAdjf":0,"isCombo":0,"isComp":0,"isCountry":0,"isEng":0,"isName":0,"isNominal":0,"isNoun":1,"isNum":0,"isPrtf":0,"isSymbol":0,"isUnknown":0,"isVerb":0,"repeat":0.25,"weight":0.02364201962191912,"weightAll":0.013312134522622544}},"возбудить":{"indexObj":{"classMask":8,"counter":154.0,"finded":132,"isExisted":true,"letterId":4,"meta":"{}","server":"_buber3_","table":"wordIndex.ru","uid":10326,"word":"возбудить","wordHash":"86266a42ebd380cb4212c6ef20a36780_cd200cdf00e5ba27148774093c6e7020958aefff0381c40251d7049a5fbdc011ac304484552d697b222bd0ac67de7a763d170eeae5c634bc19807cc8d1f17829","wordId":"4:10326"},"morphObj":{"params":{"class":"кр_причастие","classMask":8,"info":{"isCapital":false,"isUpper":false},"stack":"((<DictionaryAnalyzer>, u'\\u0432\\u043e\\u0437\\u0431\\u0443\\u0436\\u0434\\u0435\\u043d\\u043e', 835, 73),)"},"sentenceIndex":[3],"words":["возбуждено"],"wordsIndex":[11]},"rating":25.0,"stats":{"counter":154.0,"counterAll":154.0,"isAdjf":0,"isCombo":0,"isComp":0,"isCountry":0,"isEng":0,"isName":0,"isNominal":0,"isNoun":0,"isNum":0,"isPrtf":1,"isSymbol":0,"isUnknown":0,"isVerb":0,"repeat":0.25,"weight":0.007370184254606365,"weightAll":0.004149936673044275}},"возможный":{"indexObj":{"classMask":2,"counter":1093.0,"finded":838,"isExisted":true,"letterId":4,"meta":"{}","server":"_buber3_","table":"wordIndex.ru","uid":766,"word":"возможный","wordHash":"c9d63ab31c40b660ff3380280ebdcbe6_5706337205a7cb480cb14d8d39aecd4a302ff45156121371a18d18184a4db39946762791a95a0eb937eda5dfb36611b301e59b35f797c4b37cc9b14b8a46daa1","wordId":"4:766"},"morphObj":{"params":{"class":"п","classMask":2,"info":{"isCapital":false,"isUpper":false},"stack":"((<DictionaryAnalyzer>, u'\\u0432\\u043e\\u0437\\u043c\\u043e\\u0436\\u043d\\u043e\\u0433\\u043e', 86, 15),)"},"sentenceIndex":[0],"words":["возможного"],"wordsIndex":[3]},"rating":25.0,"stats":{"counter":1093.0,"counterAll":1093.0,"isAdjf":1,"isCombo":0,"isComp":0,"isCountry":0,"isEng":0,"isName":0,"isNominal":0,"isNoun":0,"isNum":0,"isPrtf":0,"isSymbol":0,"isUnknown":0,"isVerb":0,"repeat":0.25,"weight":0.052309164871978946,"weightAll":0.02945377132232073}},"вынести":{"indexObj":{"classMask":5,"counter":140.0,"finded":120,"isExisted":true,"letterId":4,"meta":"{}","server":"_buber3_","table":"wordIndex.ru","uid":5365,"word":"вынести","wordHash":"a11f97a47b165469dd4626d31074442f_cc0f2e8b3304418570f69563b7911b2038ccc9d3cf959e162b52f9421d52d905b501cae70dc9974820a5bc4bcf4993c5d7e06d7e262c52dc458389fd2eb6a732","wordId":"4:5365"},"morphObj":{"params":{"class":"г","classMask":5,"info":{"isCapital":false,"isUpper":false},"stack":"((<DictionaryAnalyzer>, u'\\u0432\\u044b\\u043d\\u0435\\u0441', 994, 1),)"},"sentenceIndex":[2],"words":["вынес"],"wordsIndex":[7]},"rating":25.0,"stats":{"counter":140.0,"counterAll":140.0,"isAdjf":0,"isCombo":0,"isComp":0,"isCountry":0,"isEng":0,"isName":0,"isNominal":0,"isNoun":0,"isNum":0,"isPrtf":0,"isSymbol":0,"isUnknown":0,"isVerb":1,"repeat":0.25,"weight":0.006700167504187605,"weightAll":0.0037726697027675228}},"главка":{"indexObj":{"classMask":1,"counter":74.0,"finded":58,"isExisted":true,"letterId":3,"meta":"{}","server":"_buber3_","table":"wordIndex.ru","uid":43137,"word":"главка","wordHash":"8b80c96b17a494dd8655aac51e6c61f3_eaa64530338bba8489ffccdabdb10d4d7f5723dccde141f82f3731361d116e77e642722f6563b2890115c7a3ec1e912f53357df9af0ae82dfdde823e77b705f7","wordId":"3:43137"},"morphObj":{"params":{"class":"с","classMask":1,"info":{"isCapital":false,"isUpper":false},"stack":"((<DictionaryAnalyzer>, u'\\u0433\\u043b\\u0430\\u0432\\u043a\\u0430', 8, 0),)"},"sentenceIndex":[1],"words":["главка"],"wordsIndex":[16]},"rating":25.0,"stats":{"counter":74.0,"counterAll":74.0,"isAdjf":0,"isCombo":0,"isComp":0,"isCountry":0,"isEng":0,"isName":0,"isNominal":0,"isNoun":1,"isNum":0,"isPrtf":0,"isSymbol":0,"isUnknown":0,"isVerb":0,"repeat":0.25,"weight":0.0035415171093563054,"weightAll":0.001994125414319976}},"гсу":{"indexObj":{"classMask":18,"counter":12.0,"finded":9,"isExisted":true,"letterId":3,"meta":"{}","server":"_buber3_","table":"wordIndex.ru","uid":37795,"word":"гсу","wordHash":"fdad16e8c0e6d1350ffe4631c335bec0_c1d6c7e261e11e057c8429802d74e0b1713707eb46e0e07e6954f87fed7f0212fecb585e280f1800812c1521af82d87f89d761d9900acf87d40a65e8180dc3e3","wordId":"3:37795"},"morphObj":{"params":{"class":"неизвестный","classMask":18,"info":{"isCapital":false,"isUpper":true},"stack":""},"sentenceIndex":[2],"words":["ГСУ"],"wordsIndex":[14]},"rating":25.0,"stats":{"counter":12.0,"counterAll":12.0,"isAdjf":0,"isCombo":0,"isComp":0,"isCountry":0,"isEng":0,"isName":0,"isNominal":0,"isNoun":0,"isNum":0,"isPrtf":0,"isSymbol":0,"isUnknown":1,"isVerb":0,"repeat":0.25,"weight":0.000574300071787509,"weightAll":0.0003233716888086448}},"два":{"indexObj":{"classMask":10,"counter":14083.0,"finded":6757,"isExisted":true,"letterId":6,"meta":"{}","server":"_buber3_","table":"wordIndex.ru","uid":694,"word":"два","wordHash":"c2c854ecd422455e737419840be146aa_e6377211b3197f2710989df0cd249354767d2a504b89a5c79935b6eee43495ab089be6030e4ba91416accd412671895a0848e3d4fdff94af8f65d102585b1b5f","wordId":"6:694"},"morphObj":{"params":{"class":"числ","classMask":10,"info":{"isCapital":false,"isUpper":false},"stack":"((<DictionaryAnalyzer>, u'\\u0434\\u0432\\u0443\\u0445', 1248, 1),)"},"sentenceIndex":[3,5],"words":["двух","двух"],"wordsIndex":[33,3]},"rating":50.0,"stats":{"counter":14083.0,"counterAll":28166.0,"isAdjf":0,"isCombo":0,"isComp":0,"isCountry":0,"isEng":0,"isName":0,"isNominal":0,"isNoun":0,"isNum":0,"isPrtf":0,"isSymbol":0,"isUnknown":0,"isVerb":0,"repeat":0.5,"weight":0.6739889925819574,"weightAll":0.7590072489153574}},"движение":{"indexObj":{"classMask":1,"counter":3594.0,"finded":1848,"isExisted":true,"letterId":6,"meta":"{}","server":"_buber3_","table":"wordIndex.ru","uid":4,"word":"движение","wordHash":"945016057f79fde8f861d76d2d53398a_ee9df9886cc6599cc17b81d53d0636d2bdd7498aa5115732ed7fb573de4083a428edfbb21e23fc05de160160eadbcb3fa54fe5e1e89fd71d095d825933742fbe","wordId":"6:4"},"morphObj":{"params":{"class":"с","classMask":1,"info":{"isCapital":false,"isUpper":false},"stack":"((<DictionaryAnalyzer>, u'\\u0434\\u0432\\u0438\\u0436\\u0435\\u043d\\u0438\\u044f', 76, 2),)"},"sentenceIndex":[3],"words":["движения"],"wordsIndex":[24]},"rating":25.0,"stats":{"counter":3594.0,"counterAll":3594.0,"isAdjf":0,"isCombo":0,"isComp":0,"isCountry":0,"isEng":0,"isName":0,"isNominal":0,"isNoun":1,"isNum":0,"isPrtf":0,"isSymbol":0,"isUnknown":0,"isVerb":0,"repeat":0.25,"weight":0.17200287150035895,"weightAll":0.09684982079818912}},"девять":{"indexObj":{"classMask":10,"counter":554.0,"finded":475,"isExisted":true,"letterId":6,"meta":"{}","server":"_buber3_","table":"wordIndex.ru","uid":5814,"word":"девять","wordHash":"c9cd9fd94f09514357c742870768cfcb_916f5a1d85fb1944504d5fcbde176304bedadc30936b5cf7656e48925ab12176fc188c58b9d8cf7fc70556a46378c56082f73aaa733d0579e4770dc912eefbdb","wordId":"6:5814"},"morphObj":{"params":{"class":"числ","classMask":10,"info":{"isCapital":false,"isUpper":false},"stack":"((<DictionaryAnalyzer>, u'\\u0434\\u0435\\u0432\\u044f\\u0442\\u044c', 889, 0),)"},"sentenceIndex":[5],"words":["девять"],"wordsIndex":[18]},"rating":25.0,"stats":{"counter":554.0,"counterAll":554.0,"isAdjf":0,"isCombo":0,"isComp":0,"isCountry":0,"isEng":0,"isName":0,"isNominal":0,"isNoun":0,"isNum":0,"isPrtf":0,"isSymbol":0,"isUnknown":0,"isVerb":0,"repeat":0.25,"weight":0.026513519980856666,"weightAll":0.014928992966665769}},"дело":{"indexObj":{"classMask":1,"counter":5792.0,"finded":3144,"isExisted":true,"letterId":6,"meta":"{}","server":"_buber3_","table":"wordIndex.ru","uid":163,"word":"дело","wordHash":"4efcc19e6530a37f411dc4ad17556c11_afda13c8e4c8266829c6e6c25ec2d8c55ddbc114d151697eba520ac420a4d2dfe633cef304f365b8c2dc354990d40b35ad179ab3c98185b8d0fa457f9890c8f6","wordId":"6:163"},"morphObj":{"params":{"class":"с","classMask":1,"info":{"isCapital":false,"isUpper":false},"stack":"((<DictionaryAnalyzer>, u'\\u0434\\u0435\\u043b\\u043e', 1266, 0),)"},"sentenceIndex":[3],"words":["дело"],"wordsIndex":[13]},"rating":25.0,"stats":{"counter":5792.0,"counterAll":5792.0,"isAdjf":0,"isCombo":0,"isComp":0,"isCountry":0,"isEng":0,"isName":0,"isNominal":0,"isNoun":1,"isNum":0,"isPrtf":0,"isSymbol":0,"isUnknown":0,"isVerb":0,"repeat":0.25,"weight":0.2771955013161043,"weightAll":0.15608073513163923}},"деревня":{"indexObj":{"classMask":1,"counter":8804.0,"finded":2906,"isExisted":true,"letterId":6,"meta":"{}","server":"_buber3_","table":"wordIndex.ru","uid":1395,"word":"деревня","wordHash":"9b4e671baa864852e3e2fee0dd12a4e8_4f1a592daf27df68bc6d0180674e314ee4b779efb63d3cc41978ebd9f15a28664bfc2c3055486059660e1e247ca070953045f4cc9fc31d410bf3e87fcd9f65d2","wordId":"6:1395"},"morphObj":{"params":{"class":"с","classMask":1,"info":{"isCapital":false,"isUpper":false},"stack":"((<DictionaryAnalyzer>, u'\\u0434\\u0435\\u0440\\u0435\\u0432\\u043d\\u0438', 1269, 1),)"},"sentenceIndex":[4],"words":["деревни"],"wordsIndex":[11]},"rating":25.0,"stats":{"counter":8804.0,"counterAll":8804.0,"isAdjf":0,"isCombo":0,"isComp":0,"isCountry":0,"isEng":0,"isName":0,"isNominal":0,"isNoun":1,"isNum":0,"isPrtf":0,"isSymbol":0,"isUnknown":0,"isVerb":0,"repeat":0.25,"weight":0.4213448193347691,"weightAll":0.23724702902260908}},"дорожный":{"indexObj":{"classMask":2,"counter":360.0,"finded":229,"isExisted":true,"letterId":6,"meta":"{}","server":"_buber3_","table":"wordIndex.ru","uid":12551,"word":"дорожный","wordHash":"9f35c03155c23e0c11be975698469647_6ede092340ecccf1867a0d33a62d3617ad85a5956d6b3d8d0df885bbbe95edc50651f226498e9894ba6705df8f7eafc2dc0fc8b0e5dfd00ff998b3f5be86c6e2","wordId":"6:12551"},"morphObj":{"params":{"class":"п","classMask":2,"info":{"isCapital":false,"isUpper":false},"stack":"((<DictionaryAnalyzer>, u'\\u0434\\u043e\\u0440\\u043e\\u0436\\u043d\\u043e\\u0433\\u043e', 12, 15),)"},"sentenceIndex":[3],"words":["дорожного"],"wordsIndex":[23]},"rating":25.0,"stats":{"counter":360.0,"counterAll":360.0,"isAdjf":1,"isCombo":0,"isComp":0,"isCountry":0,"isEng":0,"isName":0,"isNominal":0,"isNoun":0,"isNum":0,"isPrtf":0,"isSymbol":0,"isUnknown":0,"isVerb":0,"repeat":0.25,"weight":0.01722900215362527,"weightAll":0.009701150664259344}},"дтп":{"indexObj":{"classMask":1,"counter":127.0,"finded":80,"isExisted":true,"letterId":6,"meta":"{}","server":"_buber3_","table":"wordIndex.ru","uid":25081,"word":"дтп","wordHash":"e9d1f6ae26975cbcb0ee85c33922eab1_ff2cd1f89d46e9b43b3a11bdc4249bc69c0dbeb07ec2a3632ecbfe99b78242ee1217863c81f447af16567c68e59aec9dcc42995bc6e391521eb5b5a868fd9871","wordId":"6:25081"},"morphObj":{"params":{"class":"с","classMask":1,"info":{"isCapital":false,"isUpper":true},"stack":"((<DictionaryAnalyzer>, u'\\u0434\\u0442\\u043f', 1513, 0),)"},"sentenceIndex":[4],"words":["ДТП"],"wordsIndex":[0]},"rating":25.0,"stats":{"counter":127.0,"counterAll":127.0,"isAdjf":0,"isCombo":0,"isComp":0,"isCountry":0,"isEng":0,"isName":0,"isNominal":0,"isNoun":1,"isNum":0,"isPrtf":0,"isSymbol":0,"isUnknown":0,"isVerb":0,"repeat":0.25,"weight":0.00607800909308447,"weightAll":0.003422350373224824}},"загореться":{"indexObj":{"classMask":5,"counter":52.0,"finded":46,"isExisted":true,"letterId":7,"meta":"{}","server":"_buber3_","table":"wordIndex.ru","uid":36927,"word":"загореться","wordHash":"73408c6ad4938a04932a5523704729ea_a3159f7d559825ff989e306710ed79c64453ef9995c446ef700b9af078606a378a82d69506135056ef0257cacad3ea06eaaefa9bb3dd014304fc3bc0f89eb52d","wordId":"7:36927"},"morphObj":{"params":{"class":"г","classMask":5,"info":{"isCapital":false,"isUpper":false},"stack":"((<DictionaryAnalyzer>, u'\\u0437\\u0430\\u0433\\u043e\\u0440\\u0435\\u043b\\u0441\\u044f', 840, 1),)"},"sentenceIndex":[5],"words":["загорелся"],"wordsIndex":[16]},"rating":25.0,"stats":{"counter":52.0,"counterAll":52.0,"isAdjf":0,"isCombo":0,"isComp":0,"isCountry":0,"isEng":0,"isName":0,"isNominal":0,"isNoun":0,"isNum":0,"isPrtf":0,"isSymbol":0,"isUnknown":0,"isVerb":1,"repeat":0.25,"weight":0.002488633644412539,"weightAll":0.0014012773181707942}},"информация":{"indexObj":{"classMask":1,"counter":3096.0,"finded":1862,"isExisted":true,"letterId":10,"meta":"{}","server":"_buber3_","table":"wordIndex.ru","uid":1194,"word":"информация","wordHash":"37921e181c0a1b5ee2e3eddeb2ad8156_e1ab2b86d946d1dc2b77b01f133be275542425082d2c5178f085e47d4f30c0073bcf5d52d1c7f51d48b4a8fff6fed048841bc45b9b91c3ed358196b6980c0332","wordId":"10:1194"},"morphObj":{"params":{"class":"с","classMask":1,"info":{"isCapital":false,"isUpper":false},"stack":"((<DictionaryAnalyzer>, u'\\u0438\\u043d\\u0444\\u043e\\u0440\\u043c\\u0430\\u0446\\u0438\\u0438', 40, 1),)"},"sentenceIndex":[1],"words":["информации"],"wordsIndex":[11]},"rating":25.0,"stats":{"counter":3096.0,"counterAll":3096.0,"isAdjf":0,"isCombo":0,"isComp":0,"isCountry":0,"isEng":0,"isName":0,"isNominal":0,"isNoun":1,"isNum":0,"isPrtf":0,"isSymbol":0,"isUnknown":0,"isVerb":0,"repeat":0.25,"weight":0.14816941852117732,"weightAll":0.08342989571263036}},"князев":{"indexObj":{"classMask":22,"counter":34.0,"finded":14,"isExisted":true,"letterId":12,"meta":"{}","server":"_buber3_","table":"wordIndex.ru","uid":76228,"word":"князев","wordHash":"83a47e2e05da75869ac86d975dee43b1_ee91f9347667cd7ea1b6f11ad57e396c72c60b1a28b9ebb97d040b896a770dd7cf9d482d6f8129117decf644cf0451b1dea02ab7fae4ea1b489a7ecf69305357","wordId":"12:76228"},"morphObj":{"params":{"class":"имя","classMask":22,"info":{"isCapital":true,"isUpper":false},"stack":"((<DictionaryAnalyzer>, u'\\u043a\\u043d\\u044f\\u0437\\u0435\\u0432\\u0430', 36, 1),)"},"sentenceIndex":[1,2],"words":["Князева","Князева"],"wordsIndex":[19,2]},"rating":150.0,"stats":{"counter":34.0,"counterAll":68.0,"isAdjf":0,"isCombo":0,"isComp":0,"isCountry":0,"isEng":0,"isName":1,"isNominal":0,"isNoun":0,"isNum":0,"isPrtf":0,"isSymbol":0,"isUnknown":0,"isVerb":0,"repeat":0.5,"weight":0.0016271835367312755,"weightAll":0.001832439569915654}},"коротыгино":{"indexObj":{"classMask":22,"counter":3.0,"finded":3,"isExisted":true,"letterId":12,"meta":"{}","server":"_buber3_","table":"wordIndex.ru","uid":347885,"word":"коротыгино","wordHash":"beb89629181fd10af522b1317df5a62f_bc0539f44cf74fffe92d2f941e32c605b6b63696c8d5f422374cfae37ae13d766bd385f4f8cfff450080c36306f8eff9d866437455efb13bfbcb17dcafeadc13","wordId":"12:347885"},"morphObj":{"params":{"class":"имя","classMask":22,"info":{"isCapital":true,"isUpper":false},"stack":"((<FakeDictionary>, u'\\u043a\\u043e\\u0440\\u043e\\u0442\\u044b\\u0433\\u0438\\u043d\\u043e', 56, 0), (<KnownSuffixAnalyzer>, u'\\u044b\\u0433\\u0438\\u043d\\u043e'))"},"sentenceIndex":[4],"words":["Коротыгино"],"wordsIndex":[12]},"rating":125.0,"stats":{"counter":3.0,"counterAll":3.0,"isAdjf":0,"isCombo":0,"isComp":0,"isCountry":0,"isEng":0,"isName":1,"isNominal":0,"isNoun":0,"isNum":0,"isPrtf":0,"isSymbol":0,"isUnknown":0,"isVerb":0,"repeat":0.25,"weight":0.00014357501794687725,"weightAll":8.08429222021612e-05}},"легковой":{"indexObj":{"classMask":2,"counter":134.0,"finded":70,"isExisted":true,"letterId":11,"meta":"{}","server":"_buber3_","table":"wordIndex.ru","uid":12547,"word":"легковой","wordHash":"80dd3619ca35e3fc581cc02c1fdbd1fc_f2a0939310c91fb9cb59f4c6a3b503481f7b8fcbf0bbd0d297aef0f9d72bef69df345a56a09271a928d9c452f46486a163eac50582a6ba86b379254d6c25a746","wordId":"11:12547"},"morphObj":{"params":{"class":"п","classMask":2,"info":{"isCapital":false,"isUpper":false},"stack":"((<DictionaryAnalyzer>, u'\\u043b\\u0435\\u0433\\u043a\\u043e\\u0432\\u043e\\u0433\\u043e', 136, 1),)"},"sentenceIndex":[5],"words":["легкового"],"wordsIndex":[5]},"rating":25.0,"stats":{"counter":134.0,"counterAll":134.0,"isAdjf":1,"isCombo":0,"isComp":0,"isCountry":0,"isEng":0,"isName":0,"isNominal":0,"isNoun":0,"isNum":0,"isPrtf":0,"isSymbol":0,"isUnknown":0,"isVerb":0,"repeat":0.25,"weight":0.00641301746829385,"weightAll":0.0036109838583632003}},"лицо":{"indexObj":{"classMask":1,"counter":3021.0,"finded":1779,"isExisted":true,"letterId":11,"meta":"{}","server":"_buber3_","table":"wordIndex.ru","uid":763,"word":"лицо","wordHash":"5a992f070e4859c6b96b984750cd5ff2_7e8d707b4e32a5fa73ac73725cef0dd699ef486fce8261f546688480d7d57bfa605094ebef66ec7f387523f67c5a18c7c07ad8d0bbf35487f2f2318ee9bfefbc","wordId":"11:763"},"morphObj":{"params":{"class":"с","classMask":1,"info":{"isCapital":false,"isUpper":false},"stack":"((<DictionaryAnalyzer>, u'\\u043b\\u0438\\u0446', 492, 9),)"},"sentenceIndex":[3],"words":["лиц"],"wordsIndex":[36]},"rating":25.0,"stats":{"counter":3021.0,"counterAll":3021.0,"isAdjf":0,"isCombo":0,"isComp":0,"isCountry":0,"isEng":0,"isName":0,"isNominal":0,"isNoun":1,"isNum":0,"isPrtf":0,"isSymbol":0,"isUnknown":0,"isVerb":0,"repeat":0.25,"weight":0.14458004307250538,"weightAll":0.08140882265757633}},"машина":{"indexObj":{"classMask":1,"counter":2455.0,"finded":979,"isExisted":true,"letterId":14,"meta":"{}","server":"_buber3_","table":"wordIndex.ru","uid":3698,"word":"машина","wordHash":"0b15ec353653f8e06fd7220dad58db78_a0e39d67947946debb5f77897de7228f08b2b6f7bad9fb6ecebbd444af5a3663f7a1690d421281879b9f341b3b2a61a8922fee35c7c09eec850ef664b7aa3b51","wordId":"14:3698"},"morphObj":{"params":{"class":"с","classMask":1,"info":{"isCapital":false,"isUpper":false},"stack":"((<DictionaryAnalyzer>, u'\\u043c\\u0430\\u0448\\u0438\\u043d', 55, 8),)"},"sentenceIndex":[5],"words":["машин"],"wordsIndex":[4]},"rating":25.0,"stats":{"counter":2455.0,"counterAll":2455.0,"isAdjf":0,"isCombo":0,"isComp":0,"isCountry":0,"isEng":0,"isName":0,"isNominal":0,"isNoun":1,"isNum":0,"isPrtf":0,"isSymbol":0,"isUnknown":0,"isVerb":0,"repeat":0.25,"weight":0.11749222301986122,"weightAll":0.06615645800210192}},"мвд":{"indexObj":{"classMask":1,"counter":568.0,"finded":317,"isExisted":true,"letterId":14,"meta":"{}","server":"_buber3_","table":"wordIndex.ru","uid":11263,"word":"мвд","wordHash":"e2e54635489776d28181389c66ba76d1_62efb987acfd743fe5e0d31040edf8507733ecd522a95bfc5e1745a28c52aec9adf57abd7dc4addf17c51b0a85a2883974d19608784f26b6ae6e5f8f564dacbb","wordId":"14:11263"},"morphObj":{"params":{"class":"с","classMask":1,"info":{"isCapital":false,"isUpper":true},"stack":"((<DictionaryAnalyzer>, u'\\u043c\\u0432\\u0434', 1202, 1),)"},"sentenceIndex":[1],"words":["МВД"],"wordsIndex":[17]},"rating":25.0,"stats":{"counter":568.0,"counterAll":568.0,"isAdjf":0,"isCombo":0,"isComp":0,"isCountry":0,"isEng":0,"isName":0,"isNominal":0,"isNoun":1,"isNum":0,"isPrtf":0,"isSymbol":0,"isUnknown":0,"isVerb":0,"repeat":0.25,"weight":0.027183536731275423,"weightAll":0.015306259936942521}},"москва":{"indexObj":{"classMask":22,"counter":8265.0,"finded":3308,"isExisted":true,"letterId":14,"meta":"{}","server":"_buber3_","table":"wordIndex.ru","uid":2217,"word":"москва","wordHash":"fb849d9367327cf27c2f642e7c97f814_bf011484bc491510d710641dd6d191022d00afac568c1405fb7e705ad6142bbecab7f5681a85c02759c7e6e0f4cf5b65a5daf3482cb2e714081dcebf24f30b23","wordId":"14:2217"},"morphObj":{"params":{"class":"имя","classMask":22,"info":{"isCapital":true,"isUpper":false},"stack":"((<DictionaryAnalyzer>, u'\\u043c\\u043e\\u0441\\u043a\\u0432\\u0435', 1974, 6),)"},"sentenceIndex":[0,2,3],"words":["Москве","Москвы","Москве"],"wordsIndex":[8,6,10]},"rating":175.0,"stats":{"counter":8265.0,"counterAll":24795.0,"isAdjf":0,"isCombo":0,"isComp":0,"isCountry":0,"isEng":0,"isName":1,"isNominal":0,"isNoun":0,"isNum":0,"isPrtf":0,"isSymbol":0,"isUnknown":0,"isVerb":0,"repeat":0.75,"weight":0.3955491744436468,"weightAll":0.6681667520008623}},"нарушение":{"indexObj":{"classMask":22,"counter":71.0,"finded":16,"isExisted":true,"letterId":13,"meta":"{}","server":"_buber3_","table":"wordIndex.ru","uid":43632,"word":"нарушение","wordHash":"27095933e82e0d11b22e9528db5e242f_dd6d566039df572e10e99c6d2d4c4cd6d861d797694887878f5d03ff3bf421ad6c75c27440aad14c354ea84c283388d1d6764b8ae501a61fb0e8b72c956ac505","wordId":"13:43632"},"morphObj":{"params":{"class":"имя","classMask":22,"info":{"isCapital":true,"isUpper":false},"stack":"((<DictionaryAnalyzer>, u'\\u043d\\u0430\\u0440\\u0443\\u0448\\u0435\\u043d\\u0438\\u0435', 76, 6),)"},"sentenceIndex":[3],"words":["Нарушение"],"wordsIndex":[21]},"rating":125.0,"stats":{"counter":71.0,"counterAll":71.0,"isAdjf":0,"isCombo":0,"isComp":0,"isCountry":0,"isEng":0,"isName":1,"isNominal":0,"isNoun":0,"isNum":0,"isPrtf":0,"isSymbol":0,"isUnknown":0,"isVerb":0,"repeat":0.25,"weight":0.003397942091409428,"weightAll":0.0019132824921178151}},"начальник":{"indexObj":{"classMask":1,"counter":2612.0,"finded":1254,"isExisted":true,"letterId":13,"meta":"{}","server":"_buber3_","table":"wordIndex.ru","uid":1681,"word":"начальник","wordHash":"152484749412a4387c0da1c67ff076f0_aeff7c77ee9cd8116d5179be816f4bd4c26525e8cfe7fb914828e578e2291815340cb14869b20bd5a43df168f6782627624bcc60a09f4e5f5542976faa03f290","wordId":"13:1681"},"morphObj":{"params":{"class":"с","classMask":1,"info":{"isCapital":false,"isUpper":false},"stack":"((<DictionaryAnalyzer>, u'\\u043d\\u0430\\u0447\\u0430\\u043b\\u044c\\u043d\\u0438\\u043a\\u0430', 2, 1),)"},"sentenceIndex":[1],"words":["начальника"],"wordsIndex":[9]},"rating":25.0,"stats":{"counter":2612.0,"counterAll":2612.0,"isAdjf":0,"isCombo":0,"isComp":0,"isCountry":0,"isEng":0,"isName":0,"isNominal":0,"isNoun":1,"isNum":0,"isPrtf":0,"isSymbol":0,"isUnknown":0,"isVerb":0,"repeat":0.25,"weight":0.12500598229241444,"weightAll":0.07038723759734836}},"неосторожность":{"indexObj":{"classMask":1,"counter":41.0,"finded":39,"isExisted":true,"letterId":13,"meta":"{}","server":"_buber3_","table":"wordIndex.ru","uid":37550,"word":"неосторожность","wordHash":"a6a19bac2d874995ed05dbbdd1cf2fe8_24c4674132fc349f5fb959b1e73be3b5e712c93146bf78883aba5450f37da7fef171dd3612c122c93423ca7e3fb49ef865f0cfde3316e641a372349814fca9ad","wordId":"13:37550"},"morphObj":{"params":{"class":"с","classMask":1,"info":{"isCapital":false,"isUpper":false},"stack":"((<DictionaryAnalyzer>, u'\\u043d\\u0435\\u043e\\u0441\\u0442\\u043e\\u0440\\u043e\\u0436\\u043d\\u043e\\u0441\\u0442\\u0438', 13, 2),)"},"sentenceIndex":[3],"words":["неосторожности"],"wordsIndex":[31]},"rating":25.0,"stats":{"counter":41.0,"counterAll":41.0,"isAdjf":0,"isCombo":0,"isComp":0,"isCountry":0,"isEng":0,"isName":0,"isNominal":0,"isNoun":1,"isNum":0,"isPrtf":0,"isSymbol":0,"isUnknown":0,"isVerb":0,"repeat":0.25,"weight":0.0019621919119406557,"weightAll":0.001104853270096203}},"новый":{"indexObj":{"classMask":22,"counter":3266.0,"finded":1201,"isExisted":true,"letterId":13,"meta":"{}","server":"_buber3_","table":"wordIndex.ru","uid":1400,"word":"новый","wordHash":"814e21af03ab9e03888437ba5aede54f_3069bcb46b6d603aa90e292da25894c3354fd341fa1bbda3988a82b33a533840d061ef74eecc0de7faccc6302128744e79f39ded32dcf7670d53ea6d37fb7a50","wordId":"13:1400"},"morphObj":{"params":{"class":"имя","classMask":22,"info":{"isCapital":true,"isUpper":false},"stack":"((<DictionaryAnalyzer>, u'\\u043d\\u043e\\u0432\\u043e\\u0439', 405, 8),)"},"sentenceIndex":[0,3],"words":["Новой","Новой"],"wordsIndex":[7,9]},"rating":150.0,"stats":{"counter":3266.0,"counterAll":6532.0,"isAdjf":0,"isCombo":0,"isComp":0,"isCountry":0,"isEng":0,"isName":1,"isNominal":0,"isNoun":0,"isNum":0,"isPrtf":0,"isSymbol":0,"isUnknown":0,"isVerb":0,"repeat":0.5,"weight":0.1563053362048337,"weightAll":0.17602198927483897}},"общественный":{"indexObj":{"classMask":2,"counter":2415.0,"finded":1575,"isExisted":true,"letterId":16,"meta":"{}","server":"_buber3_","table":"wordIndex.ru","uid":897,"word":"общественный","wordHash":"5f15b826e21747a7511c11f6b042f842_74138a981b06c5e030dabd6f6fb8507bf7bf89efa4fa9faadec28af03daea22e2a5f6179d224cd935cb2be94531bf4f11be939e07fedab81a2bd57f7c53779c8","wordId":"16:897"},"morphObj":{"params":{"class":"п","classMask":2,"info":{"isCapital":false,"isUpper":false},"stack":"((<DictionaryAnalyzer>, u'\\u043e\\u0431\\u0449\\u0435\\u0441\\u0442\\u0432\\u0435\\u043d\\u043d\\u044b\\u0445', 671, 21),)"},"sentenceIndex":[1],"words":["общественных"],"wordsIndex":[13]},"rating":25.0,"stats":{"counter":2415.0,"counterAll":2415.0,"isAdjf":1,"isCombo":0,"isComp":0,"isCountry":0,"isEng":0,"isName":0,"isNominal":0,"isNoun":0,"isNum":0,"isPrtf":0,"isSymbol":0,"isUnknown":0,"isVerb":0,"repeat":0.25,"weight":0.11557788944723618,"weightAll":0.06507855237273977}},"основание":{"indexObj":{"classMask":1,"counter":2172.0,"finded":1578,"isExisted":true,"letterId":16,"meta":"{}","server":"_buber3_","table":"wordIndex.ru","uid":8439,"word":"основание","wordHash":"89bf57c18242cb2cccd8714d30a5541d_876e6233ed389115df459623a666309293e1315dddda4a7ad289c653dfd174cd58b49b5eb555edcb92857ce6ab86bf14bf42333fc727724bb6a7f8c94c33e530","wordId":"16:8439"},"morphObj":{"params":{"class":"с","classMask":1,"info":{"isCapital":false,"isUpper":false},"stack":"((<DictionaryAnalyzer>, u'\\u043e\\u0441\\u043d\\u043e\\u0432\\u0430\\u043d\\u0438\\u0438', 76, 10),)"},"sentenceIndex":[2],"words":["основании"],"wordsIndex":[11]},"rating":25.0,"stats":{"counter":2172.0,"counterAll":2172.0,"isAdjf":0,"isCombo":0,"isComp":0,"isCountry":0,"isEng":0,"isName":0,"isNominal":0,"isNoun":1,"isNum":0,"isPrtf":0,"isSymbol":0,"isUnknown":0,"isVerb":0,"repeat":0.25,"weight":0.10394831299353913,"weightAll":0.05853027567436471}},"повлечь":{"indexObj":{"classMask":7,"counter":40.0,"finded":39,"isExisted":true,"letterId":15,"meta":"{}","server":"_buber3_","table":"wordIndex.ru","uid":73201,"word":"повлечь","wordHash":"aae7da35aaa2a58d91cf42602e9f2fd6_bf3843c98d38b652053ca82cb7f27557939f1124200038909037e16dc5958667bbe965bb088e36816cb6a76ecb9a3150e733d28609934a231e6fcfdda2b3008b","wordId":"15:73201"},"morphObj":{"params":{"class":"причастие","classMask":7,"info":{"isCapital":false,"isUpper":false},"stack":"((<DictionaryAnalyzer>, u'\\u043f\\u043e\\u0432\\u043b\\u0451\\u043a\\u0448\\u0435\\u0435', 830, 29),)"},"sentenceIndex":[3],"words":["повлекшее"],"wordsIndex":[29]},"rating":25.0,"stats":{"counter":40.0,"counterAll":40.0,"isAdjf":0,"isCombo":0,"isComp":0,"isCountry":0,"isEng":0,"isName":0,"isNominal":0,"isNoun":0,"isNum":0,"isPrtf":1,"isSymbol":0,"isUnknown":0,"isVerb":0,"repeat":0.25,"weight":0.00191433357262503,"weightAll":0.0010779056293621493}},"поворот":{"indexObj":{"classMask":1,"counter":327.0,"finded":211,"isExisted":true,"letterId":15,"meta":"{}","server":"_buber3_","table":"wordIndex.ru","uid":5499,"word":"поворот","wordHash":"366b381123029bb0f69ca2b58800fc3e_36047ec81fca4ff3910ec06d54ed455a9a3287186b130ea46aec1dd78dab793eabcb9a8b0a067ce41a70b0bfc0ecb9c58e01a3b7a74f0273ef0cb8977a1805ba","wordId":"15:5499"},"morphObj":{"params":{"class":"с","classMask":1,"info":{"isCapital":false,"isUpper":false},"stack":"((<DictionaryAnalyzer>, u'\\u043f\\u043e\\u0432\\u043e\\u0440\\u043e\\u0442\\u0435', 33, 5),)"},"sentenceIndex":[4],"words":["повороте"],"wordsIndex":[5]},"rating":25.0,"stats":{"counter":327.0,"counterAll":327.0,"isAdjf":0,"isCombo":0,"isComp":0,"isCountry":0,"isEng":0,"isName":0,"isNominal":0,"isNoun":1,"isNum":0,"isPrtf":0,"isSymbol":0,"isUnknown":0,"isVerb":0,"repeat":0.25,"weight":0.01564967695620962,"weightAll":0.00881187852003557}},"погибнуть":{"indexObj":{"classMask":5,"counter":1976.0,"finded":1307,"isExisted":true,"letterId":15,"meta":"{}","server":"_buber3_","table":"wordIndex.ru","uid":150,"word":"погибнуть","wordHash":"05a27286ddc0b2d7d65542547843ce80_ae6c27f6c27ea1bf06caec52f81fa32821433910a62542db5fa3e13d989806ef905314765582d20c19bd7a5c6742262b48b350be9c073fdbf980148e30c3b693","wordId":"15:150"},"morphObj":{"params":{"class":"г","classMask":5,"info":{"isCapital":false,"isUpper":false},"stack":"((<DictionaryAnalyzer>, u'\\u043f\\u043e\\u0433\\u0438\\u0431\\u043b\\u0438', 730, 4),)"},"sentenceIndex":[5],"words":["погибли"],"wordsIndex":[17]},"rating":25.0,"stats":{"counter":1976.0,"counterAll":1976.0,"isAdjf":0,"isCombo":0,"isComp":0,"isCountry":0,"isEng":0,"isName":0,"isNominal":0,"isNoun":0,"isNum":0,"isPrtf":0,"isSymbol":0,"isUnknown":0,"isVerb":1,"repeat":0.25,"weight":0.09456807848767648,"weightAll":0.053248538090490176}},"полиция":{"indexObj":{"classMask":1,"counter":1378.0,"finded":801,"isExisted":true,"letterId":15,"meta":"{}","server":"_buber3_","table":"wordIndex.ru","uid":1260,"word":"полиция","wordHash":"53e633b14d8a294b962caaaa90337880_a2caa2fecd21fbd1a8197d6f5713262b6250f6d6bdd1c11ce18757adeee005eb585725b4ebd3c11626ec2e56baa7c6cfe38ae485eb6530fe093aa11ec8b09663","wordId":"15:1260"},"morphObj":{"params":{"class":"с","classMask":1,"info":{"isCapital":false,"isUpper":false},"stack":"((<DictionaryAnalyzer>, u'\\u043f\\u043e\\u043b\\u0438\\u0446\\u0438\\u0438', 40, 1),)"},"sentenceIndex":[2],"words":["полиции"],"wordsIndex":[16]},"rating":25.0,"stats":{"counter":1378.0,"counterAll":1378.0,"isAdjf":0,"isCombo":0,"isComp":0,"isCountry":0,"isEng":0,"isName":0,"isNominal":0,"isNoun":1,"isNum":0,"isPrtf":0,"isSymbol":0,"isUnknown":0,"isVerb":0,"repeat":0.25,"weight":0.06594879157693229,"weightAll":0.03713384893152605}},"правило":{"indexObj":{"classMask":1,"counter":2617.0,"finded":1647,"isExisted":true,"letterId":15,"meta":"{}","server":"_buber3_","table":"wordIndex.ru","uid":2855,"word":"правило","wordHash":"b4ef06fc1e211b87fbba6c9d6392b357_21061f2ab9b877ca3adcbe82e54a376939ae97b3b66ab50ce080507911a3c9b6971a7f315063e1b56b6577ead9332f1bd91b9d691e229acfac7770b78cea9584","wordId":"15:2855"},"morphObj":{"params":{"class":"с","classMask":1,"info":{"isCapital":false,"isUpper":false},"stack":"((<DictionaryAnalyzer>, u'\\u043f\\u0440\\u0430\\u0432\\u0438\\u043b', 54, 7),)"},"sentenceIndex":[3],"words":["правил"],"wordsIndex":[22]},"rating":25.0,"stats":{"counter":2617.0,"counterAll":2617.0,"isAdjf":0,"isCombo":0,"isComp":0,"isCountry":0,"isEng":0,"isName":0,"isNominal":0,"isNoun":1,"isNum":0,"isPrtf":0,"isSymbol":0,"isUnknown":0,"isVerb":0,"repeat":0.25,"weight":0.12524527398899257,"weightAll":0.07052197580101863}},"произойти":{"indexObj":{"classMask":7,"counter":463.0,"finded":334,"isExisted":true,"letterId":15,"meta":"{}","server":"_buber3_","table":"wordIndex.ru","uid":24481,"word":"произойти","wordHash":"11872037c3f64c7e556b94412749d619_696fb41612aa8a87f4c5082caf527ee3eb60cfd0cd36436aa3d981bc74674d4af823eda0a10d5384331fd671327030490df4fd17ab034c10282bc89aac2f0575","wordId":"15:24481"},"morphObj":{"params":{"class":"причастие","classMask":7,"info":{"isCapital":false,"isUpper":false},"stack":"((<DictionaryAnalyzer>, u'\\u043f\\u0440\\u043e\\u0438\\u0437\\u043e\\u0448\\u0435\\u0434\\u0448\\u0435\\u0439', 2581, 29),)"},"sentenceIndex":[0,4],"words":["произошедшей","произошло"],"wordsIndex":[9,1]},"rating":50.0,"stats":{"counter":463.0,"counterAll":926.0,"isAdjf":0,"isCombo":0,"isComp":0,"isCountry":0,"isEng":0,"isName":0,"isNominal":0,"isNoun":0,"isNum":0,"isPrtf":1,"isSymbol":0,"isUnknown":0,"isVerb":0,"repeat":0.5,"weight":0.022158411103134722,"weightAll":0.024953515319733756}},"районный":{"indexObj":{"classMask":2,"counter":1527.0,"finded":1170,"isExisted":true,"letterId":18,"meta":"{}","server":"_buber3_","table":"wordIndex.ru","uid":4529,"word":"районный","wordHash":"49bff58075b0d5904b1c52cf0de780bc_07d711aeff4a4bfd837ac284b05a4db8ac5b06603b7dfa91a8ea6a6c5a3a01ed32454954fc239104b48120f2f3824b6421fabb64faac8b24ac55d37f0b7e778a","wordId":"18:4529"},"morphObj":{"params":{"class":"п","classMask":2,"info":{"isCapital":false,"isUpper":false},"stack":"((<DictionaryAnalyzer>, u'\\u0440\\u0430\\u0439\\u043e\\u043d\\u043d\\u044b\\u0439', 12, 0),)"},"sentenceIndex":[2],"words":["районный"],"wordsIndex":[4]},"rating":25.0,"stats":{"counter":1527.0,"counterAll":1527.0,"isAdjf":1,"isCombo":0,"isComp":0,"isCountry":0,"isEng":0,"isName":0,"isNominal":0,"isNoun":0,"isNum":0,"isPrtf":0,"isSymbol":0,"isUnknown":0,"isVerb":0,"repeat":0.25,"weight":0.07307968413496052,"weightAll":0.04114904740090005}},"результат":{"indexObj":{"classMask":1,"counter":8112.0,"finded":4769,"isExisted":true,"letterId":18,"meta":"{}","server":"_buber3_","table":"wordIndex.ru","uid":2104,"word":"результат","wordHash":"bd000b58f3f40f8da6ea388586776742_42ff0b331f3b3173ff7b41d8c5c3d31f51b1c9036d314e526181123fa3a162187f43bd1aecaf523a1ae5098b246f879c3ae13c99c30fdeb6b67142267bb59184","wordId":"18:2104"},"morphObj":{"params":{"class":"с","classMask":1,"info":{"isCapital":false,"isUpper":false},"stack":"((<DictionaryAnalyzer>, u'\\u0440\\u0435\\u0437\\u0443\\u043b\\u044c\\u0442\\u0430\\u0442\\u0435', 33, 5),)"},"sentenceIndex":[5],"words":["результате"],"wordsIndex":[1]},"rating":25.0,"stats":{"counter":8112.0,"counterAll":8112.0,"isAdjf":0,"isCombo":0,"isComp":0,"isCountry":0,"isEng":0,"isName":0,"isNominal":0,"isNoun":1,"isNum":0,"isPrtf":0,"isSymbol":0,"isUnknown":0,"isVerb":0,"repeat":0.25,"weight":0.38822684852835604,"weightAll":0.21859926163464388}},"решение":{"indexObj":{"classMask":1,"counter":5224.0,"finded":2880,"isExisted":true,"letterId":18,"meta":"{}","server":"_buber3_","table":"wordIndex.ru","uid":48,"word":"решение","wordHash":"72e8b71365e6de2a26686b59244a700d_f4d54df53aad8d88bbc6a7902a81767e6f45788f363d986912daf1b077d75155a2c701fab9eb098350d0305e5c52cfe07b9eb1e7116b4eed8d57850415d16b42","wordId":"18:48"},"morphObj":{"params":{"class":"с","classMask":1,"info":{"isCapital":false,"isUpper":false},"stack":"((<DictionaryAnalyzer>, u'\\u0440\\u0435\\u0448\\u0435\\u043d\\u0438\\u044e', 76, 4),)"},"sentenceIndex":[0,2],"words":["решению","решение"],"wordsIndex":[16,9]},"rating":50.0,"stats":{"counter":5224.0,"counterAll":10448.0,"isAdjf":0,"isCombo":0,"isComp":0,"isCountry":0,"isEng":0,"isName":0,"isNominal":0,"isNoun":1,"isNum":0,"isPrtf":0,"isSymbol":0,"isUnknown":0,"isVerb":0,"repeat":0.5,"weight":0.2500119645848289,"weightAll":0.2815489503893934}},"рф":{"indexObj":{"classMask":1,"counter":2874.0,"finded":1746,"isExisted":true,"letterId":18,"meta":"{}","server":"_buber3_","table":"wordIndex.ru","uid":1376,"word":"рф","wordHash":"8a2942f4e362053e57b07450ff7f039c_2339faef715ac1c1ef2fbf16bafc074a0d09fce43453dbe2b0d3322f6425982afa2dfcc1c230477986ff64d3078bed997b036e9bc54ec166b2ca691163eaa90a","wordId":"18:1376"},"morphObj":{"params":{"class":"с","classMask":1,"info":{"isCapital":false,"isUpper":true},"stack":"((<DictionaryAnalyzer>, u'\\u0440\\u0444', 1351, 1),)"},"sentenceIndex":[3],"words":["РФ"],"wordsIndex":[20]},"rating":25.0,"stats":{"counter":2874.0,"counterAll":2874.0,"isAdjf":0,"isCombo":0,"isComp":0,"isCountry":0,"isEng":0,"isName":0,"isNominal":0,"isNoun":1,"isNum":0,"isPrtf":0,"isSymbol":0,"isUnknown":0,"isVerb":0,"repeat":0.25,"weight":0.1375448671931084,"weightAll":0.07744751946967043}},"связь":{"indexObj":{"classMask":1,"counter":5328.0,"finded":3304,"isExisted":true,"letterId":17,"meta":"{}","server":"_buber3_","table":"wordIndex.ru","uid":4312,"word":"связь","wordHash":"21d0ecb99f1967c9a05c8deab7cc8c77_b6ab97a1573f71017952e5d7f7c4089b5d956f88d22ce38e8a10a993ce066d44587d59fa077594edcf3285632d89ba836fad5d56d8d877023d831176e1d35550","wordId":"17:4312"},"morphObj":{"params":{"class":"с","classMask":1,"info":{"isCapital":false,"isUpper":false},"stack":"((<DictionaryAnalyzer>, u'\\u0441\\u0432\\u044f\\u0437\\u0435\\u0439', 544, 8),)"},"sentenceIndex":[1],"words":["связей"],"wordsIndex":[14]},"rating":25.0,"stats":{"counter":5328.0,"counterAll":5328.0,"isAdjf":0,"isCombo":0,"isComp":0,"isCountry":0,"isEng":0,"isName":0,"isNominal":0,"isNoun":1,"isNum":0,"isPrtf":0,"isSymbol":0,"isUnknown":0,"isVerb":0,"repeat":0.25,"weight":0.25498923187365397,"weightAll":0.1435770298310383}},"следователь":{"indexObj":{"classMask":1,"counter":250.0,"finded":183,"isExisted":true,"letterId":17,"meta":"{}","server":"_buber3_","table":"wordIndex.ru","uid":11043,"word":"следователь","wordHash":"7f30e54170f6be8cf51f03ecab620219_db455c01620a1afbbedce8930140beb57f8050d9d2264e5f2a057f4c54c0f24d3b5bd6cf8bd69755458c21461c5eaafb773fc9fb55737434163cc9b02e777da4","wordId":"17:11043"},"morphObj":{"params":{"class":"с","classMask":1,"info":{"isCapital":false,"isUpper":false},"stack":"((<DictionaryAnalyzer>, u'\\u0441\\u043b\\u0435\\u0434\\u043e\\u0432\\u0430\\u0442\\u0435\\u043b\\u044f', 121, 1),)"},"sentenceIndex":[2],"words":["следователя"],"wordsIndex":[13]},"rating":25.0,"stats":{"counter":250.0,"counterAll":250.0,"isAdjf":0,"isCombo":0,"isComp":0,"isCountry":0,"isEng":0,"isName":0,"isNominal":0,"isNoun":1,"isNum":0,"isPrtf":0,"isSymbol":0,"isUnknown":0,"isVerb":0,"repeat":0.25,"weight":0.011964584828906437,"weightAll":0.006736910183513433}},"слово":{"indexObj":{"classMask":1,"counter":5453.0,"finded":3155,"isExisted":true,"letterId":17,"meta":"{}","server":"_buber3_","table":"wordIndex.ru","uid":125,"word":"слово","wordHash":"4a61f7bb50c173ed273c39a64cee8606_717f0a450ae4219ac63203338ef9b6eb3c5967d0c3b0a381a33741871bf28520d82807b92e405961f15e57800a1fc347e47e912579fcb90407e7a2cb0e9630e6","wordId":"17:125"},"morphObj":{"params":{"class":"с","classMask":1,"info":{"isCapital":false,"isUpper":false},"stack":"((<DictionaryAnalyzer>, u'\\u0441\\u043b\\u043e\\u0432\\u0430\\u043c', 54, 8),)"},"sentenceIndex":[2],"words":["словам"],"wordsIndex":[1]},"rating":25.0,"stats":{"counter":5453.0,"counterAll":5453.0,"isAdjf":0,"isCombo":0,"isComp":0,"isCountry":0,"isEng":0,"isName":0,"isNominal":0,"isNoun":1,"isNum":0,"isPrtf":0,"isSymbol":0,"isUnknown":0,"isVerb":0,"repeat":0.25,"weight":0.2609715242881072,"weightAll":0.14694548492279502}},"смерть":{"indexObj":{"classMask":1,"counter":3732.0,"finded":2320,"isExisted":true,"letterId":17,"meta":"{}","server":"_buber3_","table":"wordIndex.ru","uid":113,"word":"смерть","wordHash":"39432dfa55c3c1970cb28f09c48dfc02_10798c404dd13b8a034650d6e96ed1cf7ef9bca559e10266663c96a6f53c5740ab20ae9d88ef57ab271a0efffad16e6449134dee17fe0b4d8c4d6f703f5e5f6d","wordId":"17:113"},"morphObj":{"params":{"class":"с","classMask":1,"info":{"isCapital":false,"isUpper":false},"stack":"((<DictionaryAnalyzer>, u'\\u0441\\u043c\\u0435\\u0440\\u0442\\u044c', 13, 0),)"},"sentenceIndex":[3],"words":["смерть"],"wordsIndex":[32]},"rating":25.0,"stats":{"counter":3732.0,"counterAll":3732.0,"isAdjf":0,"isCombo":0,"isComp":0,"isCountry":0,"isEng":0,"isName":0,"isNominal":0,"isNoun":1,"isNum":0,"isPrtf":0,"isSymbol":0,"isUnknown":0,"isVerb":0,"repeat":0.25,"weight":0.17860732232591528,"weightAll":0.10056859521948854}},"сообщать":{"indexObj":{"classMask":5,"counter":1902.0,"finded":1661,"isExisted":true,"letterId":17,"meta":"{}","server":"_buber3_","table":"wordIndex.ru","uid":1954,"word":"сообщать","wordHash":"49044442e835fd02adb8c0061842f160_3568d244b5557ea9339e4a027955ca45bc74a7fe56e13513f1809390a8f28f2099018a78a11c67d281322590295a263ae7f2eb7fd9f02cf60495a9e0f85150a0","wordId":"17:1954"},"morphObj":{"params":{"class":"г","classMask":5,"info":{"isCapital":false,"isUpper":false},"stack":"((<DictionaryAnalyzer>, u'\\u0441\\u043e\\u043e\\u0431\\u0449\\u0430\\u0435\\u0442', 206, 5),)"},"sentenceIndex":[1],"words":["сообщает"],"wordsIndex":[20]},"rating":25.0,"stats":{"counter":1902.0,"counterAll":1902.0,"isAdjf":0,"isCombo":0,"isComp":0,"isCountry":0,"isEng":0,"isName":0,"isNominal":0,"isNoun":0,"isNum":0,"isPrtf":0,"isSymbol":0,"isUnknown":0,"isVerb":1,"repeat":0.25,"weight":0.09102656137832017,"weightAll":0.0512544126761702}},"соответствующий":{"indexObj":{"classMask":2,"counter":1301.0,"finded":1006,"isExisted":true,"letterId":17,"meta":"{}","server":"_buber3_","table":"wordIndex.ru","uid":6131,"word":"соответствующий","wordHash":"5065924bc1be7d77a334de721b61d775_8e13f1e7462bd0754cc7823c3553baa9442b7ba969ba493a1e7517dc3e9556d7d2a89db47568986fe8eff52ed32eb916d1b484aa69dba367d397a051d2904ff1","wordId":"17:6131"},"morphObj":{"params":{"class":"п","classMask":2,"info":{"isCapital":false,"isUpper":false},"stack":"((<DictionaryAnalyzer>, u'\\u0441\\u043e\\u043e\\u0442\\u0432\\u0435\\u0442\\u0441\\u0442\\u0432\\u0443\\u044e\\u0449\\u0435\\u0435', 162, 14),)"},"sentenceIndex":[2],"words":["соответствующее"],"wordsIndex":[8]},"rating":25.0,"stats":{"counter":1301.0,"counterAll":1301.0,"isAdjf":1,"isCombo":0,"isComp":0,"isCountry":0,"isEng":0,"isName":0,"isNominal":0,"isNoun":0,"isNum":0,"isPrtf":0,"isSymbol":0,"isUnknown":0,"isVerb":0,"repeat":0.25,"weight":0.0622636994496291,"weightAll":0.03505888059500391}},"среда":{"indexObj":{"classMask":1,"counter":1839.0,"finded":1158,"isExisted":true,"letterId":17,"meta":"{}","server":"_buber3_","table":"wordIndex.ru","uid":1437,"word":"среда","wordHash":"efa0d4abc721edf95fe803675922b735_2c5ebcb4ec53f8acd96366d2e4af945f4b9a8566a4b1cc7faafd709bdc43d311d4082c405c73ace21e5b183177c77a2727700f708cf04b50405ed42bfab43043","wordId":"17:1437"},"morphObj":{"params":{"class":"с","classMask":1,"info":{"isCapital":false,"isUpper":false},"stack":"((<DictionaryAnalyzer>, u'\\u0441\\u0440\\u0435\\u0434\\u0443', 2815, 3),)"},"sentenceIndex":[1],"words":["среду"],"wordsIndex":[3]},"rating":25.0,"stats":{"counter":1839.0,"counterAll":1839.0,"isAdjf":0,"isCombo":0,"isComp":0,"isCountry":0,"isEng":0,"isName":0,"isNominal":0,"isNoun":1,"isNum":0,"isPrtf":0,"isSymbol":0,"isUnknown":0,"isVerb":0,"repeat":0.25,"weight":0.08801148600143575,"weightAll":0.04955671130992482}},"средство":{"indexObj":{"classMask":1,"counter":3065.0,"finded":1881,"isExisted":true,"letterId":17,"meta":"{}","server":"_buber3_","table":"wordIndex.ru","uid":4259,"word":"средство","wordHash":"e4b4c4652bb3a76c16fadab8adf983f5_101f415e7079f975eea99c6b4b8dce48aea6fef930a59a6b76b6ebd9994f6dc19ce28e4d715e4d2168e6ec7327e3fde9f060602066f82c98281c421a663c7304","wordId":"17:4259"},"morphObj":{"params":{"class":"с","classMask":1,"info":{"isCapital":false,"isUpper":false},"stack":"((<DictionaryAnalyzer>, u'\\u0441\\u0440\\u0435\\u0434\\u0441\\u0442\\u0432', 54, 7),)"},"sentenceIndex":[3],"words":["средств"],"wordsIndex":[28]},"rating":25.0,"stats":{"counter":3065.0,"counterAll":3065.0,"isAdjf":0,"isCombo":0,"isComp":0,"isCountry":0,"isEng":0,"isName":0,"isNominal":0,"isNoun":1,"isNum":0,"isPrtf":0,"isSymbol":0,"isUnknown":0,"isVerb":0,"repeat":0.25,"weight":0.14668581000239292,"weightAll":0.08259451884987469}},"ссылка":{"indexObj":{"classMask":1,"counter":979.0,"finded":780,"isExisted":true,"letterId":17,"meta":"{}","server":"_buber3_","table":"wordIndex.ru","uid":4618,"word":"ссылка","wordHash":"99b8470f6604ee9e76d7e892971d84ce_8a989ca2cfe9eaed4703a41d05be902eefc169ce0f77c79697e65b0a659084f24a9f30d3ef6106f9db1d0b0449d51c74671cd3111fea4f469561257a5de1bd8b","wordId":"17:4618"},"morphObj":{"params":{"class":"с","classMask":1,"info":{"isCapital":false,"isUpper":false},"stack":"((<DictionaryAnalyzer>, u'\\u0441\\u0441\\u044b\\u043b\\u043a\\u043e\\u0439', 8, 4),)"},"sentenceIndex":[1],"words":["ссылкой"],"wordsIndex":[7]},"rating":25.0,"stats":{"counter":979.0,"counterAll":979.0,"isAdjf":0,"isCombo":0,"isComp":0,"isCountry":0,"isEng":0,"isName":0,"isNominal":0,"isNoun":1,"isNum":0,"isPrtf":0,"isSymbol":0,"isUnknown":0,"isVerb":0,"repeat":0.25,"weight":0.04685331418999761,"weightAll":0.026381740278638606}},"стать":{"indexObj":{"classMask":5,"counter":19097.0,"finded":8361,"isExisted":true,"letterId":17,"meta":"{}","server":"_buber3_","table":"wordIndex.ru","uid":255,"word":"стать","wordHash":"7ed6435cfedc4d1acf43a438504c57d6_4df0b393b92791968e532f94982ea028ce14c8e3d3714b8ad8945b74e56e8343e5b68f399581da4affe7bbf47b33d5fd71005be16cbacdd5f3616b08800b85b1","wordId":"17:255"},"morphObj":{"params":{"class":"г","classMask":5,"info":{"isCapital":false,"isUpper":false},"stack":"((<DictionaryAnalyzer>, u'\\u0441\\u0442\\u0430\\u043b\\u043e', 904, 3),)"},"sentenceIndex":[3],"words":["стало"],"wordsIndex":[2]},"rating":25.0,"stats":{"counter":19097.0,"counterAll":19097.0,"isAdjf":0,"isCombo":0,"isComp":0,"isCountry":0,"isEng":0,"isName":0,"isNominal":0,"isNoun":0,"isNum":0,"isPrtf":0,"isSymbol":0,"isUnknown":0,"isVerb":1,"repeat":0.25,"weight":0.9139507059105049,"weightAll":0.5146190950982241}},"статья":{"indexObj":{"classMask":1,"counter":2294.0,"finded":1343,"isExisted":true,"letterId":17,"meta":"{}","server":"_buber3_","table":"wordIndex.ru","uid":3884,"word":"статья","wordHash":"36a19ef32d4ac621cb527026ea47aabb_bb475919b73c5f1d6239c8b26616b1264dea963fdfdf0f11ba6a79e95b1be73b9548e63b67f18aa19d1653911487f3a9834e9b31c78ed2881b9883bd44ef7730","wordId":"17:3884"},"morphObj":{"params":{"class":"с","classMask":1,"info":{"isCapital":false,"isUpper":false},"stack":"((<DictionaryAnalyzer>, u'\\u0441\\u0442\\u0430\\u0442\\u044c\\u0438', 315, 1),)"},"sentenceIndex":[3],"words":["статьи"],"wordsIndex":[17]},"rating":25.0,"stats":{"counter":2294.0,"counterAll":2294.0,"isAdjf":0,"isCombo":0,"isComp":0,"isCountry":0,"isEng":0,"isName":0,"isNominal":0,"isNoun":1,"isNum":0,"isPrtf":0,"isSymbol":0,"isUnknown":0,"isVerb":0,"repeat":0.25,"weight":0.10978703039004546,"weightAll":0.06181788784391926}},"столичный":{"indexObj":{"classMask":2,"counter":366.0,"finded":303,"isExisted":true,"letterId":17,"meta":"{}","server":"_buber3_","table":"wordIndex.ru","uid":3984,"word":"столичный","wordHash":"16b28c25bfd706aa7d34802bd1c4f438_98ffaa689fde57d2e72c068cc248a850733d39198f57615f789f38186aec5509121a231195a0314f0522af99d53f78d00b7ae673e85c5dd978d6d748dd6d4bdb","wordId":"17:3984"},"morphObj":{"params":{"class":"п","classMask":2,"info":{"isCapital":false,"isUpper":false},"stack":"((<DictionaryAnalyzer>, u'\\u0441\\u0442\\u043e\\u043b\\u0438\\u0447\\u043d\\u043e\\u0433\\u043e', 12, 15),)"},"sentenceIndex":[1,2],"words":["столичного","столичной"],"wordsIndex":[15,15]},"rating":50.0,"stats":{"counter":366.0,"counterAll":732.0,"isAdjf":1,"isCombo":0,"isComp":0,"isCountry":0,"isEng":0,"isName":0,"isNominal":0,"isNoun":0,"isNum":0,"isPrtf":0,"isSymbol":0,"isUnknown":0,"isVerb":0,"repeat":0.5,"weight":0.017516152189519022,"weightAll":0.019725673017327333}},"столкновение":{"indexObj":{"classMask":1,"counter":562.0,"finded":380,"isExisted":true,"letterId":17,"meta":"{}","server":"_buber3_","table":"wordIndex.ru","uid":3309,"word":"столкновение","wordHash":"36a131e8b339c534a727729f2681286e_efe65b046468b2b53f54ef2010f984c4dcb49f839fd19fba61bce80df730c97a7b3b92a7d1021710b97925dd12388f7bc2aa6f264a55490d6016a455332fe5a3","wordId":"17:3309"},"morphObj":{"params":{"class":"с","classMask":1,"info":{"isCapital":false,"isUpper":false},"stack":"((<DictionaryAnalyzer>, u'\\u0441\\u0442\\u043e\\u043b\\u043a\\u043d\\u043e\\u0432\\u0435\\u043d\\u0438\\u044f', 76, 2),)"},"sentenceIndex":[5],"words":["столкновения"],"wordsIndex":[2]},"rating":25.0,"stats":{"counter":562.0,"counterAll":562.0,"isAdjf":0,"isCombo":0,"isComp":0,"isCountry":0,"isEng":0,"isName":0,"isNominal":0,"isNoun":1,"isNum":0,"isPrtf":0,"isSymbol":0,"isUnknown":0,"isVerb":0,"repeat":0.25,"weight":0.02689638669538167,"weightAll":0.015144574092538199}},"сторона":{"indexObj":{"classMask":1,"counter":6608.0,"finded":3588,"isExisted":true,"letterId":17,"meta":"{}","server":"_buber3_","table":"wordIndex.ru","uid":1862,"word":"сторона","wordHash":"47d9b3e0bb46b86c6eb23af887797b9b_09a575a311ccf78e95609649183cd69e8f5b61065a1b8abd1d7239a3dbc252c48b63297fdf0617db74b923c38ff1ca31f1d8a150570eae46a7f3cd09fb94a9cb","wordId":"17:1862"},"morphObj":{"params":{"class":"с","classMask":1,"info":{"isCapital":false,"isUpper":false},"stack":"((<DictionaryAnalyzer>, u'\\u0441\\u0442\\u043e\\u0440\\u043e\\u043d\\u0443', 55, 3),)"},"sentenceIndex":[4],"words":["сторону"],"wordsIndex":[10]},"rating":25.0,"stats":{"counter":6608.0,"counterAll":6608.0,"isAdjf":0,"isCombo":0,"isComp":0,"isCountry":0,"isEng":0,"isName":0,"isNominal":0,"isNoun":1,"isNum":0,"isPrtf":0,"isSymbol":0,"isUnknown":0,"isVerb":0,"repeat":0.25,"weight":0.3162479061976549,"weightAll":0.17807000997062708}},"стража":{"indexObj":{"classMask":1,"counter":246.0,"finded":191,"isExisted":true,"letterId":17,"meta":"{}","server":"_buber3_","table":"wordIndex.ru","uid":18030,"word":"стража","wordHash":"51b86a20998d064392264602139fe23f_51fd0c3756592fc4db9d1b403d89f38ef07c1374172a6b95d352ea4db9bb73fe9b9a33f66805f45217df20d81dddbadc871858e43809c3583fbcf1e4eb864723","wordId":"17:18030"},"morphObj":{"params":{"class":"с","classMask":1,"info":{"isCapital":false,"isUpper":false},"stack":"((<DictionaryAnalyzer>, u'\\u0441\\u0442\\u0440\\u0430\\u0436\\u0443', 93, 3),)"},"sentenceIndex":[0],"words":["стражу"],"wordsIndex":[14]},"rating":25.0,"stats":{"counter":246.0,"counterAll":246.0,"isAdjf":0,"isCombo":0,"isComp":0,"isCountry":0,"isEng":0,"isName":0,"isNominal":0,"isNoun":1,"isNum":0,"isPrtf":0,"isSymbol":0,"isUnknown":0,"isVerb":0,"repeat":0.25,"weight":0.011773151471643935,"weightAll":0.006629119620577218}},"суд":{"indexObj":{"classMask":1,"counter":2645.0,"finded":1316,"isExisted":true,"letterId":17,"meta":"{}","server":"_buber3_","table":"wordIndex.ru","uid":725,"word":"суд","wordHash":"23f2c2d9855dd8787911d0b4ca935572_c81a06ec936a69454ff7093b9550476be7d06c14ef408d52c569da0e278042fd1933ceb7eebc1b62b24550cc6b834f02952d0b0956bb5e76aa65c5267e53ac97","wordId":"17:725"},"morphObj":{"params":{"class":"с","classMask":1,"info":{"isCapital":false,"isUpper":false},"stack":"((<DictionaryAnalyzer>, u'\\u0441\\u0443\\u0434\\u0430', 33, 1),)"},"sentenceIndex":[0,2],"words":["суда","суд"],"wordsIndex":[17,5]},"rating":50.0,"stats":{"counter":2645.0,"counterAll":5290.0,"isAdjf":0,"isCombo":0,"isComp":0,"isCountry":0,"isEng":0,"isName":0,"isNominal":0,"isNoun":1,"isNum":0,"isPrtf":0,"isSymbol":0,"isUnknown":0,"isVerb":0,"repeat":0.5,"weight":0.1265853074898301,"weightAll":0.14255301948314425}},"тверская":{"indexObj":{"classMask":22,"counter":404.0,"finded":227,"isExisted":true,"letterId":20,"meta":"{}","server":"_buber3_","table":"wordIndex.ru","uid":25578,"word":"тверская","wordHash":"ca07d23531b330c5f40b500687539d05_fe4be7e220a59fe602b401df8151bdfb82c542eda51bfa1e4f286fef1b3631c8649dac86d3699411fc47b988c1cb7c17ef606d65014ab5ac5001baeb08253287","wordId":"20:25578"},"morphObj":{"params":{"class":"имя","classMask":22,"info":{"isCapital":true,"isUpper":false},"stack":"((<DictionaryAnalyzer>, u'\\u0442\\u0432\\u0435\\u0440\\u0441\\u043a\\u043e\\u0439', 401, 1),)"},"sentenceIndex":[2],"words":["Тверской"],"wordsIndex":[3]},"rating":125.0,"stats":{"counter":404.0,"counterAll":404.0,"isAdjf":0,"isCombo":0,"isComp":0,"isCountry":0,"isEng":0,"isName":1,"isNominal":0,"isNoun":0,"isNum":0,"isPrtf":0,"isSymbol":0,"isUnknown":0,"isVerb":0,"repeat":0.25,"weight":0.019334769083512802,"weightAll":0.010886846856557709}},"телеканал":{"indexObj":{"classMask":1,"counter":946.0,"finded":591,"isExisted":true,"letterId":20,"meta":"{}","server":"_buber3_","table":"wordIndex.ru","uid":1703,"word":"телеканал","wordHash":"cde4b26bd191062dd0f3025a3bd70df9_dc13cad4f04737d9090f68ed7432b35344761a964a9984df1a2b636d2c752e54b06c81bb7924ea7fa88378f1ad17367a1e539a98ba743c881e8fc6022a1e10fa","wordId":"20:1703"},"morphObj":{"params":{"class":"с","classMask":1,"info":{"isCapital":false,"isUpper":false},"stack":"((<DictionaryAnalyzer>, u'\\u0442\\u0435\\u043b\\u0435\\u043a\\u0430\\u043d\\u0430\\u043b', 33, 0),)"},"sentenceIndex":[1],"words":["телеканал"],"wordsIndex":[21]},"rating":25.0,"stats":{"counter":946.0,"counterAll":946.0,"isAdjf":0,"isCombo":0,"isComp":0,"isCountry":0,"isEng":0,"isName":0,"isNominal":0,"isNoun":1,"isNum":0,"isPrtf":0,"isSymbol":0,"isUnknown":0,"isVerb":0,"repeat":0.25,"weight":0.045273988992581955,"weightAll":0.02549246813441483}},"транспортный":{"indexObj":{"classMask":2,"counter":1057.0,"finded":697,"isExisted":true,"letterId":20,"meta":"{}","server":"_buber3_","table":"wordIndex.ru","uid":4225,"word":"транспортный","wordHash":"79068480c9bc8a882c83b676735793d2_a4632529434584d2a7b0ef272f4b130960a0245657e587ce6323f879b189d01191955dc8e69e366c63b6a2d3a4c6c2681932b4ef5041a375f329b4ef17e76fc9","wordId":"20:4225"},"morphObj":{"params":{"class":"п","classMask":2,"info":{"isCapital":false,"isUpper":false},"stack":"((<DictionaryAnalyzer>, u'\\u0442\\u0440\\u0430\\u043d\\u0441\\u043f\\u043e\\u0440\\u0442\\u043d\\u044b\\u0445', 34, 21),)"},"sentenceIndex":[3],"words":["транспортных"],"wordsIndex":[27]},"rating":25.0,"stats":{"counter":1057.0,"counterAll":1057.0,"isAdjf":1,"isCombo":0,"isComp":0,"isCountry":0,"isEng":0,"isName":0,"isNominal":0,"isNoun":0,"isNum":0,"isPrtf":0,"isSymbol":0,"isUnknown":0,"isVerb":0,"repeat":0.25,"weight":0.05058626465661641,"weightAll":0.028483656255894798}},"уаз":{"indexObj":{"classMask":1,"counter":24.0,"finded":9,"isExisted":true,"letterId":19,"meta":"{}","server":"_buber3_","table":"wordIndex.ru","uid":77354,"word":"уаз","wordHash":"df85470665690ea3ee321e2c0f605d1e_1741e3afb6a2147db04a30e236b22664d95f22014a6bbf6c11329d578a311daeb609b628433430d3b33fbc7953f52ba75231f332697a34cc133d274c57805fb7","wordId":"19:77354"},"morphObj":{"params":{"class":"с","classMask":1,"info":{"isCapital":false,"isUpper":true},"stack":"((<DictionaryAnalyzer>, u'\\u0443\\u0430\\u0437', 33, 0),)"},"sentenceIndex":[5],"words":["УАЗ"],"wordsIndex":[10]},"rating":25.0,"stats":{"counter":24.0,"counterAll":24.0,"isAdjf":0,"isCombo":0,"isComp":0,"isCountry":0,"isEng":0,"isName":0,"isNominal":0,"isNoun":1,"isNum":0,"isPrtf":0,"isSymbol":0,"isUnknown":0,"isVerb":0,"repeat":0.25,"weight":0.001148600143575018,"weightAll":0.0006467433776172896}},"уголовный":{"indexObj":{"classMask":2,"counter":700.0,"finded":459,"isExisted":true,"letterId":19,"meta":"{}","server":"_buber3_","table":"wordIndex.ru","uid":1280,"word":"уголовный","wordHash":"87ef78ae7b0b53d52edc39bf449a1b30_1fccda7efcdedfd6e9f2dc3445c0a0f63d5091bae82e9b1e10112324ce61560ff3a847d2fc8559fc38a0724ddc9c12801685a4703a7565d26e0c3dcbe7d813e3","wordId":"19:1280"},"morphObj":{"params":{"class":"п","classMask":2,"info":{"isCapital":false,"isUpper":false},"stack":"((<DictionaryAnalyzer>, u'\\u0443\\u0433\\u043e\\u043b\\u043e\\u0432\\u043d\\u043e\\u0435', 12, 14),)"},"sentenceIndex":[3],"words":["уголовное"],"wordsIndex":[12]},"rating":25.0,"stats":{"counter":700.0,"counterAll":700.0,"isAdjf":1,"isCombo":0,"isComp":0,"isCountry":0,"isEng":0,"isName":0,"isNominal":0,"isNoun":0,"isNum":0,"isPrtf":0,"isSymbol":0,"isUnknown":0,"isVerb":0,"repeat":0.25,"weight":0.03350083752093802,"weightAll":0.018863348513837613}},"ук":{"indexObj":{"classMask":1,"counter":241.0,"finded":155,"isExisted":true,"letterId":19,"meta":"{}","server":"_buber3_","table":"wordIndex.ru","uid":22418,"word":"ук","wordHash":"68f5bc5ebb8bb194dc4ef3b964ace1f9_69283a44dcbb9540459540d0107bf9acb44b3aa521ca5cc2abf42073de7ac752b0b36030cb39510d5487118340993f56184b3ed165c38b9c5ef5eec63094414b","wordId":"19:22418"},"morphObj":{"params":{"class":"с","classMask":1,"info":{"isCapital":false,"isUpper":true},"stack":"((<DictionaryAnalyzer>, u'\\u0443\\u043a', 19, 0),)"},"sentenceIndex":[3],"words":["УК"],"wordsIndex":[19]},"rating":25.0,"stats":{"counter":241.0,"counterAll":241.0,"isAdjf":0,"isCombo":0,"isComp":0,"isCountry":0,"isEng":0,"isName":0,"isNominal":0,"isNoun":1,"isNum":0,"isPrtf":0,"isSymbol":0,"isUnknown":0,"isVerb":0,"repeat":0.25,"weight":0.011533859775065805,"weightAll":0.0064943814169069495}},"управление":{"indexObj":{"classMask":1,"counter":4353.0,"finded":2393,"isExisted":true,"letterId":19,"meta":"{}","server":"_buber3_","table":"wordIndex.ru","uid":2772,"word":"управление","wordHash":"ff509b40092db6d70bb15ead78c707f9_049e8aed630c9f8da4d281c7ee3cc27e1c2247b78e01408848b42d04fe17c186ff580c417f9e52f8c7d715f101a70d262919dd7a31f3b8fb7853fba0c18c38d5","wordId":"19:2772"},"morphObj":{"params":{"class":"с","classMask":1,"info":{"isCapital":false,"isUpper":false},"stack":"((<DictionaryAnalyzer>, u'\\u0443\\u043f\\u0440\\u0430\\u0432\\u043b\\u0435\\u043d\\u0438\\u044f', 76, 2),)"},"sentenceIndex":[1],"words":["управления"],"wordsIndex":[10]},"rating":25.0,"stats":{"counter":4353.0,"counterAll":4353.0,"isAdjf":0,"isCombo":0,"isComp":0,"isCountry":0,"isEng":0,"isName":0,"isNominal":0,"isNoun":1,"isNum":0,"isPrtf":0,"isSymbol":0,"isUnknown":0,"isVerb":0,"repeat":0.25,"weight":0.20832735104091887,"weightAll":0.1173030801153359}},"факт":{"indexObj":{"classMask":1,"counter":1874.0,"finded":1547,"isExisted":true,"letterId":22,"meta":"{}","server":"_buber3_","table":"wordIndex.ru","uid":1246,"word":"факт","wordHash":"debac57b4eea2009f2580e93855cb6b3_980ab94e57a790627bbeeb9cbc252c328d9e5ae0a4e0404c82b8ed77dafc833fa3cb0af9ae5bbaa26c54222ee1d6e8e50b225de70441557c5f60ff269fe595b4","wordId":"22:1246"},"morphObj":{"params":{"class":"с","classMask":1,"info":{"isCapital":false,"isUpper":false},"stack":"((<DictionaryAnalyzer>, u'\\u0444\\u0430\\u043a\\u0442\\u0443', 33, 2),)"},"sentenceIndex":[3],"words":["факту"],"wordsIndex":[6]},"rating":25.0,"stats":{"counter":1874.0,"counterAll":1874.0,"isAdjf":0,"isCombo":0,"isComp":0,"isCountry":0,"isEng":0,"isName":0,"isNominal":0,"isNoun":1,"isNum":0,"isPrtf":0,"isSymbol":0,"isUnknown":0,"isVerb":0,"repeat":0.25,"weight":0.08968652787748266,"weightAll":0.0504998787356167}},"февраль":{"indexObj":{"classMask":1,"counter":9278.0,"finded":5448,"isExisted":true,"letterId":22,"meta":"{}","server":"_buber3_","table":"wordIndex.ru","uid":343,"word":"февраль","wordHash":"ede9373d9144fb6c1764bc9bd8e38a60_cd83c8a3724f9f512e044e20916e8ca50d4a17ba320490dc830b94fb7c36eb831659c7cf0b3e8320f78b4dd8a4087e7aed75838f8b613d976a5e57cfa15f6f10","wordId":"22:343"},"morphObj":{"params":{"class":"с","classMask":1,"info":{"isCapital":false,"isUpper":false},"stack":"((<DictionaryAnalyzer>, u'\\u0444\\u0435\\u0432\\u0440\\u0430\\u043b\\u044f', 190, 1),)"},"sentenceIndex":[0,1,3,4],"words":["февраля","февраля","февраля","февраля"],"wordsIndex":[11,5,1,3]},"rating":100.0,"stats":{"counter":9278.0,"counterAll":37112.0,"isAdjf":0,"isCombo":0,"isComp":0,"isCountry":0,"isEng":0,"isName":0,"isNominal":0,"isNoun":1,"isNum":0,"isPrtf":0,"isSymbol":0,"isUnknown":0,"isVerb":0,"repeat":1.0,"weight":0.4440296721703757,"weightAll":1.0000808429222021}},"ходатайство":{"indexObj":{"classMask":1,"counter":203.0,"finded":135,"isExisted":true,"letterId":21,"meta":"{}","server":"_buber3_","table":"wordIndex.ru","uid":10510,"word":"ходатайство","wordHash":"413ae88f86a8b9ea7f2d2e1855aca1ae_3aa4ae4ae89e2f2be526ccd12e5a4f8dfb8555cf7ec9d596bbc76aa50f40e63cb045a20c078c73daba3db00e9b86b8a267830236f204dfd233f231a063d7ef77","wordId":"21:10510"},"morphObj":{"params":{"class":"с","classMask":1,"info":{"isCapital":false,"isUpper":false},"stack":"((<DictionaryAnalyzer>, u'\\u0445\\u043e\\u0434\\u0430\\u0442\\u0430\\u0439\\u0441\\u0442\\u0432\\u0430', 54, 1),)"},"sentenceIndex":[2],"words":["ходатайства"],"wordsIndex":[12]},"rating":25.0,"stats":{"counter":203.0,"counterAll":203.0,"isAdjf":0,"isCombo":0,"isComp":0,"isCountry":0,"isEng":0,"isName":0,"isNominal":0,"isNoun":1,"isNum":0,"isPrtf":0,"isSymbol":0,"isUnknown":0,"isVerb":0,"repeat":0.25,"weight":0.009715242881072027,"weightAll":0.005470371069012908}},"часть":{"indexObj":{"classMask":1,"counter":14006.0,"finded":6857,"isExisted":true,"letterId":23,"meta":"{}","server":"_buber3_","table":"wordIndex.ru","uid":952,"word":"часть","wordHash":"3aca591dc425310d957a7ef270f42c84_bd6a666b20b04bf853d59698a804f479bdfceb0e9c9990860318c67ceefebf1cd5e06fec8fb0242a9b8e4701131319b809564668cc12a5e1796ff4d910f78f62","wordId":"23:952"},"morphObj":{"params":{"class":"с","classMask":1,"info":{"isCapital":false,"isUpper":false},"stack":"((<DictionaryAnalyzer>, u'\\u0447\\u0430\\u0441\\u0442\\u0438', 3025, 1),)"},"sentenceIndex":[3],"words":["части"],"wordsIndex":[15]},"rating":25.0,"stats":{"counter":14006.0,"counterAll":14006.0,"isAdjf":0,"isCombo":0,"isComp":0,"isCountry":0,"isEng":0,"isName":0,"isNominal":0,"isNoun":1,"isNum":0,"isPrtf":0,"isSymbol":0,"isUnknown":0,"isVerb":0,"repeat":0.25,"weight":0.6703039004546543,"weightAll":0.3774286561211566}},"человек":{"indexObj":{"classMask":1,"counter":20898.0,"finded":9814,"isExisted":true,"letterId":23,"meta":"{}","server":"_buber3_","table":"wordIndex.ru","uid":55,"word":"человек","wordHash":"e457d998e4f41614ef24902a655fd86f_e0f0430a3e7b38fac4cebae3c0dce4368774a1976fa414278e85565b0ad3d8a4eb13257cba4d8530033ac017e90979996a0db7d05e261b358c3b4c1bb6f711e8","wordId":"23:55"},"morphObj":{"params":{"class":"с","classMask":1,"info":{"isCapital":false,"isUpper":false},"stack":"((<DictionaryAnalyzer>, u'\\u0447\\u0435\\u043b\\u043e\\u0432\\u0435\\u043a', 488, 0),)"},"sentenceIndex":[5],"words":["человек"],"wordsIndex":[19]},"rating":25.0,"stats":{"counter":20898.0,"counterAll":20898.0,"isAdjf":0,"isCombo":0,"isComp":0,"isCountry":0,"isEng":0,"isName":0,"isNominal":0,"isNoun":1,"isNum":0,"isPrtf":0,"isSymbol":0,"isUnknown":0,"isVerb":0,"repeat":0.25,"weight":1.0001435750179468,"weightAll":0.5631517960602549}},"шоссе":{"indexObj":{"classMask":1,"counter":696.0,"finded":397,"isExisted":true,"letterId":26,"meta":"{}","server":"_buber3_","table":"wordIndex.ru","uid":11208,"word":"шоссе","wordHash":"956c2d5e231f655cee06efa6a32969e9_6178a4b1c373c0890391f2aca3ce5d16ef8427c3654ee4520faa67b8d3bcbdb58d749fa2f96e8f3633fb9887cc3ba5c9d23a429d0eca48ed8d9c2737b2365dcb","wordId":"26:11208"},"morphObj":{"params":{"class":"с","classMask":1,"info":{"isCapital":false,"isUpper":false},"stack":"((<DictionaryAnalyzer>, u'\\u0448\\u043e\\u0441\\u0441\\u0435', 23, 0),)"},"sentenceIndex":[4],"words":["шоссе"],"wordsIndex":[8]},"rating":25.0,"stats":{"counter":696.0,"counterAll":696.0,"isAdjf":0,"isCombo":0,"isComp":0,"isCountry":0,"isEng":0,"isName":0,"isNominal":0,"isNoun":1,"isNum":0,"isPrtf":0,"isSymbol":0,"isUnknown":0,"isVerb":0,"repeat":0.25,"weight":0.03330940416367552,"weightAll":0.0187555579509014}},"эксплуатация":{"indexObj":{"classMask":1,"counter":912.0,"finded":561,"isExisted":true,"letterId":29,"meta":"{}","server":"_buber3_","table":"wordIndex.ru","uid":8137,"word":"эксплуатация","wordHash":"b53e4c5bbd7a9b1e04835fdc8e8b528b_b10e6bc0da1d60dc415432553d7efecf7bb281b33dc5b9de148d7f6c36948bb0150a617a860b38b0f0cf3916013282dac92f39b422060d38d917b14db98354d6","wordId":"29:8137"},"morphObj":{"params":{"class":"с","classMask":1,"info":{"isCapital":false,"isUpper":false},"stack":"((<DictionaryAnalyzer>, u'\\u044d\\u043a\\u0441\\u043f\\u043b\\u0443\\u0430\\u0442\\u0430\\u0446\\u0438\\u0438', 40, 1),)"},"sentenceIndex":[3],"words":["эксплуатации"],"wordsIndex":[26]},"rating":25.0,"stats":{"counter":912.0,"counterAll":912.0,"isAdjf":0,"isCombo":0,"isComp":0,"isCountry":0,"isEng":0,"isName":0,"isNominal":0,"isNoun":1,"isNum":0,"isPrtf":0,"isSymbol":0,"isUnknown":0,"isVerb":0,"repeat":0.25,"weight":0.04364680545585068,"weightAll":0.024576248349457003}}}