{"0":{"params":{"class":"число","classMask":10,"info":{},"stack":""},"sentenceIndex":[3,3,3],"words":["0","0","0"],"wordsIndex":[11,15,23]},"17":{"params":{"class":"наим","classMask":19,"info":{},"stack":""},"sentenceIndex":[5],"words":["17"],"wordsIndex":[3]},"197":{"params":{"class":"наим","classMask":19,"info":{},"stack":""},"sentenceIndex":[3],"words":["197"],"wordsIndex":[12]},"1998":{"params":{"class":"наим","classMask":19,"info":{},"stack":""},"sentenceIndex":[0],"words":["1998"],"wordsIndex":[20]},"363":{"params":{"class":"наим","classMask":19,"info":{},"stack":""},"sentenceIndex":[3],"words":["363"],"wordsIndex":[16]},"377":{"params":{"class":"наим","classMask":19,"info":{},"stack":""},"sentenceIndex":[3],"words":["377"],"wordsIndex":[24]},"49":{"params":{"class":"наим","classMask":19,"info":{},"stack":""},"sentenceIndex":[0],"words":["49"],"wordsIndex":[24]},"аренда":{"params":{"class":"с","classMask":1,"info":{"isCapital":false,"isUpper":false},"stack":"((<DictionaryAnalyzer>, u'\\u0430\\u0440\\u0435\\u043d\\u0434\\u044b', 55, 1),)"},"sentenceIndex":[0,5,6],"words":["аренды","аренды","аренды"],"wordsIndex":[7,17,3]},"арендный":{"params":{"class":"п","classMask":2,"info":{"isCapital":false,"isUpper":false},"stack":"((<DictionaryAnalyzer>, u'\\u0430\\u0440\\u0435\\u043d\\u0434\\u043d\\u043e\\u0439', 12, 8),)"},"sentenceIndex":[4],"words":["арендной"],"wordsIndex":[12]},"архитектура":{"params":{"class":"с","classMask":1,"info":{"isCapital":false,"isUpper":false},"stack":"((<DictionaryAnalyzer>, u'\\u0430\\u0440\\u0445\\u0438\\u0442\\u0435\\u043a\\u0442\\u0443\\u0440\\u044b', 55, 1),)"},"sentenceIndex":[2],"words":["архитектуры"],"wordsIndex":[13]},"банка":{"params":{"class":"с","classMask":1,"info":{"isCapital":false,"isUpper":false},"stack":"((<DictionaryAnalyzer>, u'\\u0431\\u0430\\u043d\\u043a\\u0430\\u0445', 8, 12),)"},"sentenceIndex":[4],"words":["банках"],"wordsIndex":[33]},"боричев":{"params":{"class":"имя","classMask":22,"info":{"isCapital":true,"isUpper":false},"stack":"((<FakeDictionary>, u'\\u0431\\u043e\\u0440\\u0438\\u0447\\u0435\\u0432', 36, 0), (<KnownSuffixAnalyzer>, u'\\u0440\\u0438\\u0447\\u0435\\u0432'))"},"sentenceIndex":[3],"words":["Боричев"],"wordsIndex":[28]},"быть":{"params":{"class":"г","classMask":5,"info":{"isCapital":false,"isUpper":false},"stack":"((<DictionaryAnalyzer>, u'\\u0431\\u044b\\u043b', 587, 4),)"},"sentenceIndex":[0,2,7],"words":["был","было","будут"],"wordsIndex":[12,2,1]},"в":{"params":{"class":"символ","classMask":20,"info":{},"stack":""},"sentenceIndex":[0,1,3,4,4,4,7,7],"words":["в","в","в","в","в","в","в","в"],"wordsIndex":[19,3,5,14,29,32,15,19]},"ведомство":{"params":{"class":"с","classMask":1,"info":{"isCapital":false,"isUpper":false},"stack":"((<DictionaryAnalyzer>, u'\\u0432\\u0435\\u0434\\u043e\\u043c\\u0441\\u0442\\u0432\\u0430', 54, 1),)"},"sentenceIndex":[1],"words":["ведомства"],"wordsIndex":[7]},"вернуть":{"params":{"class":"г","classMask":5,"info":{"isCapital":false,"isUpper":false},"stack":"((<DictionaryAnalyzer>, u'\\u0432\\u0435\\u0440\\u043d\\u0443\\u0442', 489, 10),)"},"sentenceIndex":[7],"words":["вернут"],"wordsIndex":[14]},"вопрос":{"params":{"class":"с","classMask":1,"info":{"isCapital":false,"isUpper":false},"stack":"((<DictionaryAnalyzer>, u'\\u0432\\u043e\\u043f\\u0440\\u043e\\u0441\\u0430\\u043c', 33, 8),)"},"sentenceIndex":[2],"words":["вопросам"],"wordsIndex":[11]},"воспользоваться":{"params":{"class":"инфинитив","classMask":6,"info":{"isCapital":false,"isUpper":false},"stack":"((<DictionaryAnalyzer>, u'\\u0432\\u043e\\u0441\\u043f\\u043e\\u043b\\u044c\\u0437\\u043e\\u0432\\u0430\\u0442\\u044c\\u0441\\u044f', 729, 0),)"},"sentenceIndex":[5],"words":["воспользоваться"],"wordsIndex":[8]},"га":{"params":{"class":"с","classMask":1,"info":{"isCapital":false,"isUpper":false},"stack":"((<DictionaryAnalyzer>, u'\\u0433\\u0430', 170, 0),)"},"sentenceIndex":[3,3,3],"words":["га","га","га"],"wordsIndex":[13,17,25]},"год":{"params":{"class":"с","classMask":1,"info":{"isCapital":false,"isUpper":false},"stack":"((<DictionaryAnalyzer>, u'\\u0433\\u043e\\u0434\\u0443', 1168, 6),)"},"sentenceIndex":[0,0,4,5],"words":["году","лет","год","лет"],"wordsIndex":[21,25,15,4]},"городской":{"params":{"class":"п","classMask":2,"info":{"isCapital":false,"isUpper":false},"stack":"((<DictionaryAnalyzer>, u'\\u0433\\u043e\\u0440\\u043e\\u0434\\u0441\\u043a\\u043e\\u0433\\u043e', 575, 1),)"},"sentenceIndex":[0],"words":["городского"],"wordsIndex":[1]},"горсовет":{"params":{"class":"с","classMask":1,"info":{"isCapital":false,"isUpper":false},"stack":"((<DictionaryAnalyzer>, u'\\u0433\\u043e\\u0440\\u0441\\u043e\\u0432\\u0435\\u0442\\u0430', 33, 1),)"},"sentenceIndex":[4,7],"words":["горсовета","горсовете"],"wordsIndex":[3,20]},"градостроительство":{"params":{"class":"с","classMask":1,"info":{"isCapital":false,"isUpper":false},"stack":"((<DictionaryAnalyzer>, u'\\u0433\\u0440\\u0430\\u0434\\u043e\\u0441\\u0442\\u0440\\u043e\\u0438\\u0442\\u0435\\u043b\\u044c\\u0441\\u0442\\u0432\\u0430', 54, 1),)"},"sentenceIndex":[2],"words":["градостроительства"],"wordsIndex":[12]},"гривна":{"params":{"class":"с","classMask":1,"info":{"isCapital":false,"isUpper":false},"stack":"((<DictionaryAnalyzer>, u'\\u0433\\u0440\\u0438\\u0432\\u043d\\u0443', 1212, 3),)"},"sentenceIndex":[4],"words":["гривну"],"wordsIndex":[11]},"даже":{"params":{"class":"част","classMask":16,"info":{"isCapital":false,"isUpper":false},"stack":"((<DictionaryAnalyzer>, u'\\u0434\\u0430\\u0436\\u0435', 22, 0),)"},"sentenceIndex":[4],"words":["даже"],"wordsIndex":[35]},"данный":{"params":{"class":"п","classMask":2,"info":{"isCapital":false,"isUpper":false},"stack":"((<DictionaryAnalyzer>, u'\\u0434\\u0430\\u043d\\u043d\\u043e\\u0433\\u043e', 1245, 1),)"},"sentenceIndex":[8],"words":["данного"],"wordsIndex":[1]},"депутат":{"params":{"class":"с","classMask":1,"info":{"isCapital":true,"isUpper":false},"stack":"((<DictionaryAnalyzer>, u'\\u0434\\u0435\\u043f\\u0443\\u0442\\u0430\\u0442\\u044b', 52, 6),)"},"sentenceIndex":[0,4,7],"words":["Депутаты","депутата","Депутаты"],"wordsIndex":[0,2,0]},"договор":{"params":{"class":"с","classMask":1,"info":{"isCapital":false,"isUpper":false},"stack":"((<DictionaryAnalyzer>, u'\\u0434\\u043e\\u0433\\u043e\\u0432\\u043e\\u0440\\u0430', 282, 1),)"},"sentenceIndex":[0,5,6],"words":["договора","договоры","договора"],"wordsIndex":[6,16,13]},"должный":{"params":{"class":"кр_прил","classMask":3,"info":{"isCapital":false,"isUpper":false},"stack":"((<DictionaryAnalyzer>, u'\\u0434\\u043e\\u043b\\u0436\\u043d\\u044b', 34, 30),)"},"sentenceIndex":[8],"words":["должны"],"wordsIndex":[4]},"за":{"params":{"class":"предл","classMask":14,"info":{"isCapital":false,"isUpper":false},"stack":"((<DictionaryAnalyzer>, u'\\u0437\\u0430', 24, 0),)"},"sentenceIndex":[4,5],"words":["за","за"],"wordsIndex":[9,2]},"закладывать":{"params":{"class":"инфинитив","classMask":6,"info":{"isCapital":false,"isUpper":false},"stack":"((<DictionaryAnalyzer>, u'\\u0437\\u0430\\u043a\\u043b\\u0430\\u0434\\u044b\\u0432\\u0430\\u0442\\u044c', 206, 0),)"},"sentenceIndex":[4],"words":["закладывать"],"wordsIndex":[31]},"заключить":{"params":{"class":"кр_причастие","classMask":8,"info":{"isCapital":false,"isUpper":false},"stack":"((<DictionaryAnalyzer>, u'\\u0437\\u0430\\u043a\\u043b\\u044e\\u0447\\u0451\\u043d', 1455, 71),)"},"sentenceIndex":[0],"words":["заключен"],"wordsIndex":[13]},"заседание":{"params":{"class":"с","classMask":1,"info":{"isCapital":false,"isUpper":false},"stack":"((<DictionaryAnalyzer>, u'\\u0437\\u0430\\u0441\\u0435\\u0434\\u0430\\u043d\\u0438\\u0438', 76, 10),)"},"sentenceIndex":[2,8],"words":["заседании","заседании"],"wordsIndex":[5,8]},"заявить":{"params":{"class":"г","classMask":5,"info":{"isCapital":false,"isUpper":false},"stack":"((<DictionaryAnalyzer>, u'\\u0437\\u0430\\u044f\\u0432\\u0438\\u043b', 647, 1),)"},"sentenceIndex":[5],"words":["заявил"],"wordsIndex":[18]},"звезда":{"params":{"class":"имя","classMask":22,"info":{"isCapital":true,"isUpper":false},"stack":"((<DictionaryAnalyzer>, u'\\u0437\\u0432\\u0435\\u0437\\u0434\\u0430', 1588, 0),)"},"sentenceIndex":[3],"words":["Звезда"],"wordsIndex":[32]},"земельный":{"params":{"class":"п","classMask":2,"info":{"isCapital":false,"isUpper":false},"stack":"((<DictionaryAnalyzer>, u'\\u0437\\u0435\\u043c\\u0435\\u043b\\u044c\\u043d\\u044b\\u0445', 211, 21),)"},"sentenceIndex":[6,7],"words":["земельных","земельных"],"wordsIndex":[8,8]},"землепользование":{"params":{"class":"с","classMask":1,"info":{"isCapital":false,"isUpper":false},"stack":"((<DictionaryAnalyzer>, u'\\u0437\\u0435\\u043c\\u043b\\u0435\\u043f\\u043e\\u043b\\u044c\\u0437\\u043e\\u0432\\u0430\\u043d\\u0438\\u044f', 76, 2),)"},"sentenceIndex":[2],"words":["землепользования"],"wordsIndex":[15]},"земля":{"params":{"class":"с","classMask":1,"info":{"isCapital":false,"isUpper":false},"stack":"((<DictionaryAnalyzer>, u'\\u0437\\u0435\\u043c\\u043b\\u0438', 1599, 1),)"},"sentenceIndex":[0],"words":["земли"],"wordsIndex":[10]},"и":{"params":{"class":"символ","classMask":20,"info":{},"stack":""},"sentenceIndex":[2,3,3,4,5,6],"words":["и","и","и","и","и","и"],"wordsIndex":[14,14,21,23,11,10]},"игорь":{"params":{"class":"имя","classMask":22,"info":{"isCapital":true,"isUpper":false},"stack":"((<DictionaryAnalyzer>, u'\\u0438\\u0433\\u043e\\u0440\\u044f', 58, 3),)"},"sentenceIndex":[4],"words":["Игоря"],"wordsIndex":[4]},"идти":{"params":{"class":"г","classMask":5,"info":{"isCapital":false,"isUpper":false},"stack":"((<DictionaryAnalyzer>, u'\\u0438\\u0434\\u0451\\u0442', 1624, 5),)"},"sentenceIndex":[3],"words":["идет"],"wordsIndex":[1]},"или":{"params":{"class":"союз","classMask":15,"info":{"isCapital":false,"isUpper":false},"stack":"((<DictionaryAnalyzer>, u'\\u0438\\u043b\\u0438', 20, 0),)"},"sentenceIndex":[4,4],"words":["или","или"],"wordsIndex":[26,34]},"иметь":{"params":{"class":"г","classMask":5,"info":{"isCapital":false,"isUpper":false},"stack":"((<DictionaryAnalyzer>, u'\\u0438\\u043c\\u0435\\u043b\\u0430', 1646, 8),)"},"sentenceIndex":[4],"words":["имела"],"wordsIndex":[7]},"использование":{"params":{"class":"с","classMask":1,"info":{"isCapital":false,"isUpper":false},"stack":"((<DictionaryAnalyzer>, u'\\u0438\\u0441\\u043f\\u043e\\u043b\\u044c\\u0437\\u043e\\u0432\\u0430\\u043d\\u0438\\u0435', 76, 6),)"},"sentenceIndex":[6],"words":["использование"],"wordsIndex":[7]},"к":{"params":{"class":"символ","classMask":20,"info":{},"stack":""},"sentenceIndex":[5],"words":["К"],"wordsIndex":[0]},"как":{"params":{"class":"союз","classMask":15,"info":{"isCapital":false,"isUpper":false},"stack":"((<DictionaryAnalyzer>, u'\\u043a\\u0430\\u043a', 1673, 0),)"},"sentenceIndex":[7],"words":["как"],"wordsIndex":[12]},"киев":{"params":{"class":"имя","classMask":22,"info":{"isCapital":true,"isUpper":false},"stack":"((<DictionaryAnalyzer>, u'\\u043a\\u0438\\u0435\\u0432\\u0430', 32, 1),)"},"sentenceIndex":[0],"words":["Киева"],"wordsIndex":[3]},"киевский":{"params":{"class":"имя","classMask":22,"info":{"isCapital":true,"isUpper":false},"stack":"((<DictionaryAnalyzer>, u'\\u043a\\u0438\\u0435\\u0432\\u0441\\u043a\\u043e\\u0433\\u043e', 16, 1),)"},"sentenceIndex":[2],"words":["Киевского"],"wordsIndex":[8]},"киевсовет":{"params":{"class":"имя","classMask":22,"info":{"isCapital":true,"isUpper":false},"stack":"((<DictionaryAnalyzer>, u'\\u0441\\u043e\\u0432\\u0435\\u0442\\u0430', 33, 1), (<UnknownPrefixAnalyzer>, u'\\u043a\\u0438\\u0435\\u0432'))"},"sentenceIndex":[8],"words":["Киевсовета"],"wordsIndex":[9]},"комиссия":{"params":{"class":"с","classMask":1,"info":{"isCapital":false,"isUpper":false},"stack":"((<DictionaryAnalyzer>, u'\\u043a\\u043e\\u043c\\u0438\\u0441\\u0441\\u0438\\u0438', 40, 1),)"},"sentenceIndex":[2],"words":["комиссии"],"wordsIndex":[7]},"коммунальный":{"params":{"class":"п","classMask":2,"info":{"isCapital":false,"isUpper":false},"stack":"((<DictionaryAnalyzer>, u'\\u043a\\u043e\\u043c\\u043c\\u0443\\u043d\\u0430\\u043b\\u044c\\u043d\\u0443\\u044e', 60, 10),)"},"sentenceIndex":[7],"words":["коммунальную"],"wordsIndex":[16]},"консульство":{"params":{"class":"с","classMask":1,"info":{"isCapital":false,"isUpper":false},"stack":"((<DictionaryAnalyzer>, u'\\u043a\\u043e\\u043d\\u0441\\u0443\\u043b\\u044c\\u0441\\u0442\\u0432\\u043e', 54, 3),)"},"sentenceIndex":[4],"words":["консульство"],"wordsIndex":[22]},"который":{"params":{"class":"п","classMask":2,"info":{"isCapital":false,"isUpper":false},"stack":"((<DictionaryAnalyzer>, u'\\u043a\\u043e\\u0442\\u043e\\u0440\\u044b\\u0439', 1788, 0),)"},"sentenceIndex":[0],"words":["который"],"wordsIndex":[11]},"мирошниченко":{"params":{"class":"имя","classMask":22,"info":{"isCapital":true,"isUpper":false},"stack":"((<DictionaryAnalyzer>, u'\\u043c\\u0438\\u0440\\u043e\\u0448\\u043d\\u0438\\u0447\\u0435\\u043d\\u043a\\u043e', 44, 0),)"},"sentenceIndex":[4],"words":["Мирошниченко"],"wordsIndex":[5]},"мочь":{"params":{"class":"г","classMask":5,"info":{"isCapital":false,"isUpper":false},"stack":"((<DictionaryAnalyzer>, u'\\u043c\\u043e\\u0436\\u0435\\u043c', 1979, 2),)"},"sentenceIndex":[5],"words":["можем"],"wordsIndex":[14]},"мы":{"params":{"class":"мс","classMask":12,"info":{"isCapital":false,"isUpper":false},"stack":"((<DictionaryAnalyzer>, u'\\u043c\\u044b', 1990, 0),)"},"sentenceIndex":[5],"words":["мы"],"wordsIndex":[13]},"на":{"params":{"class":"предл","classMask":14,"info":{"isCapital":false,"isUpper":false},"stack":"((<DictionaryAnalyzer>, u'\\u043d\\u0430', 24, 0),)"},"sentenceIndex":[0,0,2,3,3,4,7,8],"words":["на","на","на","на","на","на","на","на"],"wordsIndex":[17,23,4,18,26,17,6,6]},"называться":{"params":{"class":"г","classMask":5,"info":{"isCapital":false,"isUpper":false},"stack":"((<DictionaryAnalyzer>, u'\\u043d\\u0430\\u0437\\u044b\\u0432\\u0430\\u044e\\u0442\\u0441\\u044f', 224, 6),)"},"sentenceIndex":[6],"words":["называются"],"wordsIndex":[4]},"не":{"params":{"class":"част","classMask":16,"info":{"isCapital":false,"isUpper":false},"stack":"((<DictionaryAnalyzer>, u'\\u043d\\u0435', 22, 0),)"},"sentenceIndex":[5],"words":["не"],"wordsIndex":[9]},"невыполнение":{"params":{"class":"с","classMask":1,"info":{"isCapital":false,"isUpper":false},"stack":"((<DictionaryAnalyzer>, u'\\u043d\\u0435\\u0432\\u044b\\u043f\\u043e\\u043b\\u043d\\u0435\\u043d\\u0438\\u0435', 76, 0),)"},"sentenceIndex":[6],"words":["невыполнение"],"wordsIndex":[11]},"нецелевой":{"params":{"class":"п","classMask":2,"info":{"isCapital":false,"isUpper":false},"stack":"((<DictionaryAnalyzer>, u'\\u043d\\u0435\\u0446\\u0435\\u043b\\u0435\\u0432\\u043e\\u0435', 105, 14),)"},"sentenceIndex":[6],"words":["нецелевое"],"wordsIndex":[6]},"новое":{"params":{"class":"с","classMask":1,"info":{"isCapital":false,"isUpper":false},"stack":"((<DictionaryAnalyzer>, u'\\u043d\\u043e\\u0432\\u043e\\u0435', 972, 0),)"},"sentenceIndex":[4],"words":["новое"],"wordsIndex":[20]},"о":{"params":{"class":"предл","classMask":14,"info":{"isCapital":true,"isUpper":false},"stack":"((<DictionaryAnalyzer>, u'\\u043e\\u0431', 2133, 1),)"},"sentenceIndex":[1,3,7],"words":["Об","о","об"],"wordsIndex":[0,2,3]},"обустройство":{"params":{"class":"с","classMask":1,"info":{"isCapital":false,"isUpper":false},"stack":"((<DictionaryAnalyzer>, u'\\u043e\\u0431\\u0443\\u0441\\u0442\\u0440\\u043e\\u0439\\u0441\\u0442\\u0432\\u0435', 54, 5),)"},"sentenceIndex":[7],"words":["обустройстве"],"wordsIndex":[4]},"один":{"params":{"class":"п","classMask":2,"info":{"isCapital":false,"isUpper":false},"stack":"((<DictionaryAnalyzer>, u'\\u043e\\u0434\\u043d\\u0443', 2198, 10),)"},"sentenceIndex":[4],"words":["одну"],"wordsIndex":[10]},"он":{"params":{"class":"мс","classMask":12,"info":{"isCapital":false,"isUpper":false},"stack":"((<DictionaryAnalyzer>, u'\\u043e\\u043d', 2208, 0),)"},"sentenceIndex":[5],"words":["он"],"wordsIndex":[19]},"она":{"params":{"class":"мс","classMask":12,"info":{"isCapital":false,"isUpper":false},"stack":"((<DictionaryAnalyzer>, u'\\u043e\\u043d\\u0430', 2209, 0),)"},"sentenceIndex":[5],"words":["она"],"wordsIndex":[7]},"они":{"params":{"class":"мс","classMask":12,"info":{"isCapital":false,"isUpper":false},"stack":"((<DictionaryAnalyzer>, u'\\u0438\\u0445', 2210, 1),)"},"sentenceIndex":[4,7],"words":["их","их"],"wordsIndex":[28,13]},"отметить":{"params":{"class":"г","classMask":5,"info":{"isCapital":false,"isUpper":false},"stack":"((<DictionaryAnalyzer>, u'\\u043e\\u0442\\u043c\\u0435\\u0442\\u0438\\u043b\\u0438', 928, 4),)"},"sentenceIndex":[7],"words":["отметили"],"wordsIndex":[18]},"передавать":{"params":{"class":"г","classMask":5,"info":{"isCapital":false,"isUpper":false},"stack":"((<DictionaryAnalyzer>, u'\\u043f\\u0435\\u0440\\u0435\\u0434\\u0430\\u0451\\u0442', 2308, 5),)"},"sentenceIndex":[3],"words":["передает"],"wordsIndex":[30]},"плата":{"params":{"class":"с","classMask":1,"info":{"isCapital":false,"isUpper":false},"stack":"((<DictionaryAnalyzer>, u'\\u043f\\u043b\\u0430\\u0442\\u044b', 2367, 1),)"},"sentenceIndex":[4],"words":["платы"],"wordsIndex":[13]},"пленарный":{"params":{"class":"п","classMask":2,"info":{"isCapital":false,"isUpper":false},"stack":"((<DictionaryAnalyzer>, u'\\u043f\\u043b\\u0435\\u043d\\u0430\\u0440\\u043d\\u043e\\u043c', 12, 19),)"},"sentenceIndex":[8],"words":["пленарном"],"wordsIndex":[7]},"площадь":{"params":{"class":"с","classMask":1,"info":{"isCapital":false,"isUpper":false},"stack":"((<DictionaryAnalyzer>, u'\\u043f\\u043b\\u043e\\u0449\\u0430\\u0434\\u044c\\u044e', 2377, 4),)"},"sentenceIndex":[3,3],"words":["площадью","площадью"],"wordsIndex":[10,22]},"по":{"params":{"class":"предл","classMask":14,"info":{"isCapital":true,"isUpper":false},"stack":"((<DictionaryAnalyzer>, u'\\u043f\\u043e', 24, 0),)"},"sentenceIndex":[2,4],"words":["по","По"],"wordsIndex":[10,0]},"подольский":{"params":{"class":"имя","classMask":22,"info":{"isCapital":true,"isUpper":false},"stack":"((<DictionaryAnalyzer>, u'\\u043f\\u043e\\u0434\\u043e\\u043b\\u044c\\u0441\\u043a\\u043e\\u043c', 16, 6),)"},"sentenceIndex":[3],"words":["Подольском"],"wordsIndex":[6]},"после":{"params":{"class":"предл","classMask":14,"info":{"isCapital":false,"isUpper":false},"stack":"((<DictionaryAnalyzer>, u'\\u043f\\u043e\\u0441\\u043b\\u0435', 24, 0),)"},"sentenceIndex":[7],"words":["после"],"wordsIndex":[10]},"посол":{"params":{"class":"с","classMask":1,"info":{"isCapital":false,"isUpper":false},"stack":"((<DictionaryAnalyzer>, u'\\u043f\\u043e\\u0441\\u043b\\u0430', 2524, 1),)"},"sentenceIndex":[4],"words":["посла"],"wordsIndex":[25]},"посольство":{"params":{"class":"с","classMask":1,"info":{"isCapital":false,"isUpper":false},"stack":"((<DictionaryAnalyzer>, u'\\u043f\\u043e\\u0441\\u043e\\u043b\\u044c\\u0441\\u0442\\u0432\\u043e\\u043c', 54, 4),)"},"sentenceIndex":[0,4],"words":["посольством","посольство"],"wordsIndex":[15,21]},"постоянный":{"params":{"class":"п","classMask":2,"info":{"isCapital":false,"isUpper":false},"stack":"((<DictionaryAnalyzer>, u'\\u043f\\u043e\\u0441\\u0442\\u043e\\u044f\\u043d\\u043d\\u043e\\u0439', 12, 8),)"},"sentenceIndex":[2],"words":["постоянной"],"wordsIndex":[6]},"поэтому":{"params":{"class":"н","classMask":11,"info":{"isCapital":false,"isUpper":false},"stack":"((<DictionaryAnalyzer>, u'\\u043f\\u043e\\u044d\\u0442\\u043e\\u043c\\u0443', 3, 0),)"},"sentenceIndex":[5],"words":["поэтому"],"wordsIndex":[12]},"право":{"params":{"class":"с","classMask":1,"info":{"isCapital":false,"isUpper":false},"stack":"((<DictionaryAnalyzer>, u'\\u043f\\u0440\\u0430\\u0432\\u043e', 54, 0),)"},"sentenceIndex":[4,5],"words":["право","правом"],"wordsIndex":[8,6]},"пресс":{"params":{"class":"с","classMask":1,"info":{"isCapital":false,"isUpper":false},"stack":"((<DictionaryAnalyzer>, u'\\u043f\\u0440\\u0435\\u0441\\u0441', 33, 0),)"},"sentenceIndex":[1],"words":["пресс"],"wordsIndex":[4]},"пресс-служба":{"params":{"class":"с","classMask":1201,"info":{"comboClassStats":{"с":2},"isCapital":false,"isCombo":true,"isUpper":false},"stack":"<classByLadder>"},"sentenceIndex":[1],"words":["пресс-службе"],"wordsIndex":[6]},"принять":{"params":{"class":"кр_причастие","classMask":8,"info":{"isCapital":false,"isUpper":false},"stack":"((<DictionaryAnalyzer>, u'\\u043f\\u0440\\u0438\\u043d\\u044f\\u0442\\u043e', 897, 73),)"},"sentenceIndex":[2],"words":["принято"],"wordsIndex":[3]},"причина":{"params":{"class":"с","classMask":1,"info":{"isCapital":false,"isUpper":false},"stack":"((<DictionaryAnalyzer>, u'\\u043f\\u0440\\u0438\\u0447\\u0438\\u043d\\u043e\\u0439', 55, 4),)"},"sentenceIndex":[6],"words":["причиной"],"wordsIndex":[1]},"продавать":{"params":{"class":"инфинитив","classMask":6,"info":{"isCapital":false,"isUpper":false},"stack":"((<DictionaryAnalyzer>, u'\\u043f\\u0440\\u043e\\u0434\\u0430\\u0432\\u0430\\u0442\\u044c', 841, 0),)"},"sentenceIndex":[4],"words":["продавать"],"wordsIndex":[36]},"проект":{"params":{"class":"с","classMask":1,"info":{"isCapital":true,"isUpper":false},"stack":"((<DictionaryAnalyzer>, u'\\u043f\\u0440\\u043e\\u0435\\u043a\\u0442\\u044b', 33, 6),)"},"sentenceIndex":[8],"words":["Проекты"],"wordsIndex":[0]},"разорвать":{"params":{"class":"инфинитив","classMask":6,"info":{"isCapital":false,"isUpper":false},"stack":"((<DictionaryAnalyzer>, u'\\u0440\\u0430\\u0437\\u043e\\u0440\\u0432\\u0430\\u0442\\u044c', 772, 0),)"},"sentenceIndex":[5],"words":["разорвать"],"wordsIndex":[15]},"район":{"params":{"class":"с","classMask":1,"info":{"isCapital":false,"isUpper":false},"stack":"((<DictionaryAnalyzer>, u'\\u0440\\u0430\\u0439\\u043e\\u043d\\u0435', 33, 5),)"},"sentenceIndex":[3],"words":["районе"],"wordsIndex":[7]},"рассмотреть":{"params":{"class":"инфинитив","classMask":6,"info":{"isCapital":false,"isUpper":false},"stack":"((<DictionaryAnalyzer>, u'\\u0440\\u0430\\u0441\\u0441\\u043c\\u043e\\u0442\\u0440\\u0435\\u0442\\u044c', 1085, 0),)"},"sentenceIndex":[8],"words":["рассмотреть"],"wordsIndex":[5]},"расторжение":{"params":{"class":"с","classMask":1,"info":{"isCapital":false,"isUpper":false},"stack":"((<DictionaryAnalyzer>, u'\\u0440\\u0430\\u0441\\u0442\\u043e\\u0440\\u0436\\u0435\\u043d\\u0438\\u0435', 76, 0),)"},"sentenceIndex":[0,6],"words":["расторжение","расторжения"],"wordsIndex":[5,2]},"резиденция":{"params":{"class":"с","classMask":1,"info":{"isCapital":false,"isUpper":false},"stack":"((<DictionaryAnalyzer>, u'\\u0440\\u0435\\u0437\\u0438\\u0434\\u0435\\u043d\\u0446\\u0438\\u044e', 40, 3),)"},"sentenceIndex":[4],"words":["резиденцию"],"wordsIndex":[24]},"речь":{"params":{"class":"с","classMask":1,"info":{"isCapital":true,"isUpper":false},"stack":"((<DictionaryAnalyzer>, u'\\u0440\\u0435\\u0447\\u044c', 435, 0),)"},"sentenceIndex":[3],"words":["Речь"],"wordsIndex":[0]},"решение":{"params":{"class":"с","classMask":1,"info":{"isCapital":false,"isUpper":false},"stack":"((<DictionaryAnalyzer>, u'\\u0440\\u0435\\u0448\\u0435\\u043d\\u0438\\u0435', 76, 6),)"},"sentenceIndex":[2,8],"words":["решение","решения"],"wordsIndex":[1,2]},"россия":{"params":{"class":"имя","classMask":1122,"info":{"isCapital":true,"isCountry":true,"isUpper":false},"stack":"((<DictionaryAnalyzer>, u'\\u0440\\u043e\\u0441\\u0441\\u0438\\u0438', 70, 1),)"},"sentenceIndex":[0,4],"words":["России","Россия"],"wordsIndex":[16,6]},"с":{"params":{"class":"символ","classMask":20,"info":{},"stack":""},"sentenceIndex":[0],"words":["с"],"wordsIndex":[14]},"сдавать":{"params":{"class":"инфинитив","classMask":6,"info":{"isCapital":false,"isUpper":false},"stack":"((<DictionaryAnalyzer>, u'\\u0441\\u0434\\u0430\\u0432\\u0430\\u0442\\u044c', 841, 0),)"},"sentenceIndex":[4],"words":["сдавать"],"wordsIndex":[27]},"сквер":{"params":{"class":"с","classMask":1,"info":{"isCapital":false,"isUpper":false},"stack":"((<DictionaryAnalyzer>, u'\\u0441\\u043a\\u0432\\u0435\\u0440\\u043e\\u0432', 33, 7),)"},"sentenceIndex":[7],"words":["скверов"],"wordsIndex":[5]},"слово":{"params":{"class":"с","classMask":1,"info":{"isCapital":false,"isUpper":false},"stack":"((<DictionaryAnalyzer>, u'\\u0441\\u043b\\u043e\\u0432\\u0430\\u043c', 54, 8),)"},"sentenceIndex":[4],"words":["словам"],"wordsIndex":[1]},"служба":{"params":{"class":"с","classMask":1,"info":{"isCapital":false,"isUpper":false},"stack":"((<DictionaryAnalyzer>, u'\\u0441\\u043b\\u0443\\u0436\\u0431\\u0435', 55, 6),)"},"sentenceIndex":[1],"words":["службе"],"wordsIndex":[5]},"собственность":{"params":{"class":"с","classMask":1,"info":{"isCapital":false,"isUpper":false},"stack":"((<DictionaryAnalyzer>, u'\\u0441\\u043e\\u0431\\u0441\\u0442\\u0432\\u0435\\u043d\\u043d\\u043e\\u0441\\u0442\\u044c', 13, 3),)"},"sentenceIndex":[7],"words":["собственность"],"wordsIndex":[17]},"совет":{"params":{"class":"с","classMask":1,"info":{"isCapital":false,"isUpper":false},"stack":"((<DictionaryAnalyzer>, u'\\u0441\\u043e\\u0432\\u0435\\u0442\\u0430', 33, 1),)"},"sentenceIndex":[0,2],"words":["совета","совета"],"wordsIndex":[2,9]},"согласовать":{"params":{"class":"г","classMask":5,"info":{"isCapital":false,"isUpper":false},"stack":"((<DictionaryAnalyzer>, u'\\u0441\\u043e\\u0433\\u043b\\u0430\\u0441\\u043e\\u0432\\u0430\\u043b\\u0438', 739, 4),)"},"sentenceIndex":[0],"words":["согласовали"],"wordsIndex":[4]},"сообщить":{"params":{"class":"г","classMask":5,"info":{"isCapital":false,"isUpper":false},"stack":"((<DictionaryAnalyzer>, u'\\u0441\\u043e\\u043e\\u0431\\u0449\\u0438\\u043b\\u0438', 741, 4),)"},"sentenceIndex":[1],"words":["сообщили"],"wordsIndex":[2]},"соответствующий":{"params":{"class":"п","classMask":2,"info":{"isCapital":true,"isUpper":false},"stack":"((<DictionaryAnalyzer>, u'\\u0441\\u043e\\u043e\\u0442\\u0432\\u0435\\u0442\\u0441\\u0442\\u0432\\u0443\\u044e\\u0449\\u0435\\u0435', 162, 14),)"},"sentenceIndex":[2],"words":["Соответствующее"],"wordsIndex":[0]},"спасский":{"params":{"class":"имя","classMask":22,"info":{"isCapital":true,"isUpper":false},"stack":"((<DictionaryAnalyzer>, u'\\u0441\\u043f\\u0430\\u0441\\u0441\\u043a\\u043e\\u0439', 16, 8),)"},"sentenceIndex":[3],"words":["Спасской"],"wordsIndex":[20]},"срок":{"params":{"class":"с","classMask":1,"info":{"isCapital":false,"isUpper":false},"stack":"((<DictionaryAnalyzer>, u'\\u0441\\u0440\\u043e\\u043a\\u043e\\u043c', 330, 5),)"},"sentenceIndex":[0],"words":["сроком"],"wordsIndex":[22]},"столица":{"params":{"class":"с","classMask":1,"info":{"isCapital":false,"isUpper":false},"stack":"((<DictionaryAnalyzer>, u'\\u0441\\u0442\\u043e\\u043b\\u0438\\u0446\\u044b', 141, 1),)"},"sentenceIndex":[3],"words":["столицы"],"wordsIndex":[9]},"строить":{"params":{"class":"инфинитив","classMask":6,"info":{"isCapital":false,"isUpper":false},"stack":"((<DictionaryAnalyzer>, u'\\u0441\\u0442\\u0440\\u043e\\u0438\\u0442\\u044c', 427, 0),)"},"sentenceIndex":[4],"words":["строить"],"wordsIndex":[16]},"субаренда":{"params":{"class":"с","classMask":1,"info":{"isCapital":false,"isUpper":false},"stack":"((<DictionaryAnalyzer>, u'\\u0441\\u0443\\u0431\\u0430\\u0440\\u0435\\u043d\\u0434\\u0443', 55, 3),)"},"sentenceIndex":[4],"words":["субаренду"],"wordsIndex":[30]},"счастие":{"params":{"class":"с","classMask":1,"info":{"isCapital":false,"isUpper":false},"stack":"((<DictionaryAnalyzer>, u'\\u0441\\u0447\\u0430\\u0441\\u0442\\u044c\\u044e', 76, 5),)"},"sentenceIndex":[5],"words":["счастью"],"wordsIndex":[1]},"телеканал":{"params":{"class":"с","classMask":1,"info":{"isCapital":false,"isUpper":false},"stack":"((<DictionaryAnalyzer>, u'\\u0442\\u0435\\u043b\\u0435\\u043a\\u0430\\u043d\\u0430\\u043b', 33, 0),)"},"sentenceIndex":[3],"words":["телеканал"],"wordsIndex":[31]},"теперь":{"params":{"class":"н","classMask":11,"info":{"isCapital":false,"isUpper":false},"stack":"((<DictionaryAnalyzer>, u'\\u0442\\u0435\\u043f\\u0435\\u0440\\u044c', 3, 0),)"},"sentenceIndex":[8],"words":["теперь"],"wordsIndex":[3]},"территория":{"params":{"class":"с","classMask":1,"info":{"isCapital":false,"isUpper":false},"stack":"((<DictionaryAnalyzer>, u'\\u0442\\u0435\\u0440\\u0440\\u0438\\u0442\\u043e\\u0440\\u0438\\u0438', 40, 6),)"},"sentenceIndex":[7],"words":["территории"],"wordsIndex":[7]},"ток":{"params":{"class":"имя","classMask":22,"info":{"isCapital":true,"isUpper":false},"stack":"((<DictionaryAnalyzer>, u'\\u0442\\u043e\\u043a', 1942, 0),)"},"sentenceIndex":[3],"words":["Ток"],"wordsIndex":[29]},"тот":{"params":{"class":"имя","classMask":1122,"info":{"isCapital":false,"isCountry":true,"isUpper":false},"stack":"((<DictionaryAnalyzer>, u'\\u0442\\u043e\\u0433\\u043e', 2900, 14),)"},"sentenceIndex":[7],"words":["того"],"wordsIndex":[11]},"три":{"params":{"class":"числ","classMask":10,"info":{"isCapital":false,"isUpper":false},"stack":"((<DictionaryAnalyzer>, u'\\u0442\\u0440\\u0451\\u0445', 2907, 1),)"},"sentenceIndex":[0,3],"words":["трех","трех"],"wordsIndex":[8,3]},"украина":{"params":{"class":"имя","classMask":1122,"info":{"isCapital":true,"isCountry":true,"isUpper":false},"stack":"((<DictionaryAnalyzer>, u'\\u0443\\u043a\\u0440\\u0430\\u0438\\u043d\\u0435', 35, 6),)"},"sentenceIndex":[0],"words":["Украине"],"wordsIndex":[18]},"украинский":{"params":{"class":"п","classMask":2,"info":{"isCapital":false,"isUpper":false},"stack":"((<DictionaryAnalyzer>, u'\\u0443\\u043a\\u0440\\u0430\\u0438\\u043d\\u0441\\u043a\\u043e\\u0439', 228, 8),)"},"sentenceIndex":[3],"words":["украинской"],"wordsIndex":[8]},"улица":{"params":{"class":"с","classMask":1,"info":{"isCapital":false,"isUpper":false},"stack":"((<DictionaryAnalyzer>, u'\\u0443\\u043b\\u0438\\u0446\\u0435', 141, 6),)"},"sentenceIndex":[3,3],"words":["улице","улице"],"wordsIndex":[19,27]},"условие":{"params":{"class":"с","classMask":1,"info":{"isCapital":false,"isUpper":false},"stack":"((<DictionaryAnalyzer>, u'\\u0443\\u0441\\u043b\\u043e\\u0432\\u0438\\u0439', 76, 15),)"},"sentenceIndex":[6],"words":["условий"],"wordsIndex":[12]},"успеть":{"params":{"class":"г","classMask":5,"info":{"isCapital":false,"isUpper":false},"stack":"((<DictionaryAnalyzer>, u'\\u0443\\u0441\\u043f\\u0435\\u043b\\u0430', 715, 2),)"},"sentenceIndex":[5],"words":["успела"],"wordsIndex":[10]},"участок":{"params":{"class":"с","classMask":1,"info":{"isCapital":false,"isUpper":false},"stack":"((<DictionaryAnalyzer>, u'\\u0443\\u0447\\u0430\\u0441\\u0442\\u043a\\u043e\\u0432', 139, 7),)"},"sentenceIndex":[0,3,4,6,7],"words":["участков","участках","участках","участков","участков"],"wordsIndex":[9,4,19,9,9]},"ходатайствовать":{"params":{"class":"инфинитив","classMask":6,"info":{"isCapital":false,"isUpper":false},"stack":"((<DictionaryAnalyzer>, u'\\u0445\\u043e\\u0434\\u0430\\u0442\\u0430\\u0439\\u0441\\u0442\\u0432\\u043e\\u0432\\u0430\\u0442\\u044c', 172, 0),)"},"sentenceIndex":[7],"words":["ходатайствовать"],"wordsIndex":[2]},"это":{"params":{"class":"мс","classMask":12,"info":{"isCapital":false,"isUpper":false},"stack":"((<DictionaryAnalyzer>, u'\\u044d\\u0442\\u043e\\u043c', 3098, 5),)"},"sentenceIndex":[1,5],"words":["этом","этим"],"wordsIndex":[1,5]},"этот":{"params":{"class":"п","classMask":2,"info":{"isCapital":false,"isUpper":false},"stack":"((<DictionaryAnalyzer>, u'\\u044d\\u0442\\u0438\\u0445', 3099, 20),)"},"sentenceIndex":[4],"words":["этих"],"wordsIndex":[18]},"юридический":{"params":{"class":"п","classMask":2,"info":{"isCapital":true,"isUpper":false},"stack":"((<DictionaryAnalyzer>, u'\\u044e\\u0440\\u0438\\u0434\\u0438\\u0447\\u0435\\u0441\\u043a\\u043e\\u0439', 16, 8),)"},"sentenceIndex":[6],"words":["Юридической"],"wordsIndex":[0]},"якобы":{"params":{"class":"союз","classMask":15,"info":{"isCapital":false,"isUpper":false},"stack":"((<DictionaryAnalyzer>, u'\\u044f\\u043a\\u043e\\u0431\\u044b', 20, 0),)"},"sentenceIndex":[6],"words":["якобы"],"wordsIndex":[5]}}