{"103fm":{"indexObj":{"classMask":19,"counter":3.0,"finded":3,"isExisted":true,"letterId":60,"meta":"{}","server":"_buber3_","table":"wordIndex.other","uid":39247,"word":"103fm","wordHash":"523bc0f9b4a53966eee82ea008f74d7d_0e79f6375002582b9afdb8a26ae01eb16fb6bc3eb2722ceb63c661f1490b77872841653378bb7764a25127af7dab5051a9ca5cb3524d7307fc2b120eb66a67cd","wordId":"60:39247"},"morphObj":{"params":{"class":"наим","classMask":19,"info":{},"stack":""},"sentenceIndex":[4],"words":["103FM"],"wordsIndex":[11]},"rating":33.33333333333333,"stats":{"counter":3.0,"counterAll":3.0,"isAdjf":0,"isCombo":0,"isComp":0,"isCountry":0,"isEng":0,"isName":0,"isNominal":1,"isNoun":0,"isNum":0,"isPrtf":0,"isSymbol":0,"isUnknown":0,"isVerb":0,"repeat":0.3333333333333333,"weight":1.57529103501872e-05,"weightAll":1.4029049485133883e-05}},"2015":{"indexObj":{"classMask":19,"counter":4472.0,"finded":2358,"isExisted":true,"letterId":63,"meta":"{}","server":"_buber3_","table":"wordIndex.other","uid":72,"word":"2015","wordHash":"65d2ea03425887a717c435081cfc5dbb_f620ea9ab05df05bb794a2add59a984419bcb1b76168eb7b5089e5f44d117d965f634c9a3cb48f5cbb6da5c04a1484b6e684a944e887b66aad5ddbdd6e32568d","wordId":"63:72"},"morphObj":{"params":{"class":"наим","classMask":19,"info":{},"stack":""},"sentenceIndex":[8],"words":["2015"],"wordsIndex":[1]},"rating":33.33333333333333,"stats":{"counter":4472.0,"counterAll":4472.0,"isAdjf":0,"isCombo":0,"isComp":0,"isCountry":0,"isEng":0,"isName":0,"isNominal":1,"isNoun":0,"isNum":0,"isPrtf":0,"isSymbol":0,"isUnknown":0,"isVerb":0,"repeat":0.3333333333333333,"weight":0.02348233836201238,"weightAll":0.020912636432506244}},"21":{"indexObj":{"classMask":19,"counter":4439.0,"finded":3026,"isExisted":true,"letterId":63,"meta":"{}","server":"_buber3_","table":"wordIndex.other","uid":69,"word":"21","wordHash":"3c59dc048e8850243be8079a5c74d079_198dabf4bac21cf35cddb48db0f8b67c56b2bdf63767242aea7342fe68c0b9df8d37f3e47a134648e19f1640e158f2e527e636db122a9143307cf309efcb85d9","wordId":"63:69"},"morphObj":{"params":{"class":"наим","classMask":19,"info":{},"stack":""},"sentenceIndex":[1],"words":["21"],"wordsIndex":[6]},"rating":33.33333333333333,"stats":{"counter":4439.0,"counterAll":4439.0,"isAdjf":0,"isCombo":0,"isComp":0,"isCountry":0,"isEng":0,"isName":0,"isNominal":1,"isNoun":0,"isNum":0,"isPrtf":0,"isSymbol":0,"isUnknown":0,"isVerb":0,"repeat":0.3333333333333333,"weight":0.02330905634816032,"weightAll":0.02075831688816977}},"24":{"indexObj":{"classMask":19,"counter":4909.0,"finded":3300,"isExisted":true,"letterId":63,"meta":"{}","server":"_buber3_","table":"wordIndex.other","uid":59,"word":"24","wordHash":"1ff1de774005f8da13f42943881c655f_c0033b5f5a4815a172984d64037dd49a8663fb8b3a71e47f11ecd332c8c3819c57e1631fdf46d66c6ff0e58763a61529fefcfa2a6675e186ee901e5452fedd94","wordId":"63:59"},"morphObj":{"params":{"class":"наим","classMask":19,"info":{},"stack":""},"sentenceIndex":[10],"words":["24"],"wordsIndex":[1]},"rating":33.33333333333333,"stats":{"counter":4909.0,"counterAll":4909.0,"isAdjf":0,"isCombo":0,"isComp":0,"isCountry":0,"isEng":0,"isName":0,"isNominal":1,"isNoun":0,"isNum":0,"isPrtf":0,"isSymbol":0,"isUnknown":0,"isVerb":0,"repeat":0.3333333333333333,"weight":0.025777012303022984,"weightAll":0.02295620130750741}},"24-летняя":{"indexObj":{"classMask":19,"counter":4.0,"finded":4,"isExisted":true,"letterId":63,"meta":"{}","server":"_buber3_","table":"wordIndex.other","uid":19280,"word":"24-летняя","wordHash":"ae5109cb6876123af5fd85b0dd932e76_baee7f8892e8679a768f37cbf205e16446a2999a40d518e64a23b6caf8c607ef89d1a90cfd6e06ce80d1ce7f43bc872af5731c43f3c76dfb8f24516a983f96b8","wordId":"63:19280"},"morphObj":{"params":{"class":"наим","classMask":19,"info":{},"stack":""},"sentenceIndex":[10],"words":["24-летняя"],"wordsIndex":[3]},"rating":33.33333333333333,"stats":{"counter":4.0,"counterAll":4.0,"isAdjf":0,"isCombo":0,"isComp":0,"isCountry":0,"isEng":0,"isName":0,"isNominal":1,"isNoun":0,"isNum":0,"isPrtf":0,"isSymbol":0,"isUnknown":0,"isVerb":0,"repeat":0.3333333333333333,"weight":2.1003880466916262e-05,"weightAll":1.8705399313511847e-05}},"27":{"indexObj":{"classMask":19,"counter":3957.0,"finded":2737,"isExisted":true,"letterId":63,"meta":"{}","server":"_buber3_","table":"wordIndex.other","uid":68,"word":"27","wordHash":"02e74f10e0327ad868d138f2b4fdd6f0_14f70566435cea4309176ad6a8aebb69ac8f99e9e211df66227522b5bb37c7a52e1f4de42543e4bb5346dbce23a636c7237a42e67ff4888befcc2167f7c2b451","wordId":"63:68"},"morphObj":{"params":{"class":"наим","classMask":19,"info":{},"stack":""},"sentenceIndex":[10],"words":["27"],"wordsIndex":[10]},"rating":33.33333333333333,"stats":{"counter":3957.0,"counterAll":3957.0,"isAdjf":0,"isCombo":0,"isComp":0,"isCountry":0,"isEng":0,"isName":0,"isNominal":1,"isNoun":0,"isNum":0,"isPrtf":0,"isSymbol":0,"isUnknown":0,"isVerb":0,"repeat":0.3333333333333333,"weight":0.020778088751896913,"weightAll":0.018504316270891594}},"27-летний":{"indexObj":{"classMask":19,"counter":10.0,"finded":10,"isExisted":true,"letterId":63,"meta":"{}","server":"_buber3_","table":"wordIndex.other","uid":1905,"word":"27-летний","wordHash":"f439315a46ad4f2c33528322e589f1f4_813800cdd2d417bf1192ef89e92ce2c013e080fc5f4b1a5a692ffc89723f35641c1f4313c5a7682389317460622fd41128179687757723ff6396cabc32f9cd2c","wordId":"63:1905"},"morphObj":{"params":{"class":"наим","classMask":19,"info":{},"stack":""},"sentenceIndex":[10],"words":["27-летний"],"wordsIndex":[12]},"rating":33.33333333333333,"stats":{"counter":10.0,"counterAll":10.0,"isAdjf":0,"isCombo":0,"isComp":0,"isCountry":0,"isEng":0,"isName":0,"isNominal":1,"isNoun":0,"isNum":0,"isPrtf":0,"isSymbol":0,"isUnknown":0,"isVerb":0,"repeat":0.3333333333333333,"weight":5.250970116729066e-05,"weightAll":4.6763498283779614e-05}},"adam":{"indexObj":{"classMask":22,"counter":25.0,"finded":24,"isExisted":true,"letterId":34,"meta":"{}","server":"_buber3_","table":"wordIndex.en","uid":11842,"word":"adam","wordHash":"1d7c2923c1684726dc23d2901c4d8157_db4a3027ecedcc3a3afd4019c4b34e1f816db4ffe5026645ff4c52793548e6ab74e6b72c72154ff067d2b45149ed1afbcfbedd3d971126f4974493b92fb15af7","wordId":"34:11842"},"morphObj":{"params":{"class":"имя","classMask":22,"info":{"isCapital":true,"isUpper":false},"stack":""},"sentenceIndex":[10],"words":["Adam"],"wordsIndex":[16]},"rating":133.33333333333331,"stats":{"counter":25.0,"counterAll":25.0,"isAdjf":0,"isCombo":0,"isComp":0,"isCountry":0,"isEng":0,"isName":1,"isNominal":0,"isNoun":0,"isNum":0,"isPrtf":0,"isSymbol":0,"isUnknown":0,"isVerb":0,"repeat":0.3333333333333333,"weight":0.00013127425291822664,"weightAll":0.00011690874570944904}},"alison":{"indexObj":{"classMask":22,"counter":4.0,"finded":4,"isExisted":true,"letterId":34,"meta":"{}","server":"_buber3_","table":"wordIndex.en","uid":96336,"word":"alison","wordHash":"38b05a6ea700fa6774e8aee14f6704eb_ad1ad79125e22821b149d99b5e891d1fed4870396e51cc67c5874824a448adf3263a6747162910b55de3ffd9ac03ea3bd6feb8c6ef710dc4d7b1dad0c0495f20","wordId":"34:96336"},"morphObj":{"params":{"class":"имя","classMask":22,"info":{"isCapital":true,"isUpper":false},"stack":""},"sentenceIndex":[10],"words":["Alison"],"wordsIndex":[7]},"rating":133.33333333333331,"stats":{"counter":4.0,"counterAll":4.0,"isAdjf":0,"isCombo":0,"isComp":0,"isCountry":0,"isEng":0,"isName":1,"isNominal":0,"isNoun":0,"isNum":0,"isPrtf":0,"isSymbol":0,"isUnknown":0,"isVerb":0,"repeat":0.3333333333333333,"weight":2.1003880466916262e-05,"weightAll":1.8705399313511847e-05}},"cbs":{"indexObj":{"classMask":21,"counter":62.0,"finded":51,"isExisted":true,"letterId":35,"meta":"{}","server":"_buber3_","table":"wordIndex.en","uid":905,"word":"cbs","wordHash":"8e113caded25c50d7d81dc64aa07bb0d_0c14a3ba53a464bc41da925eb6a7acb3bf377460814004e10063b7dd3e32b727833f755b4d7fb9e48191c98e54420208d55309ede23c16bcf0e7f7ebb91d852a","wordId":"35:905"},"morphObj":{"params":{"class":"иняз","classMask":21,"info":{"isCapital":false,"isUpper":true},"stack":""},"sentenceIndex":[8],"words":["CBS"],"wordsIndex":[16]},"rating":33.33333333333333,"stats":{"counter":62.0,"counterAll":62.0,"isAdjf":0,"isCombo":0,"isComp":0,"isCountry":0,"isEng":1,"isName":0,"isNominal":0,"isNoun":0,"isNum":0,"isPrtf":0,"isSymbol":0,"isUnknown":0,"isVerb":0,"repeat":0.3333333333333333,"weight":0.00032556014723720205,"weightAll":0.0002899336893594336}},"facebook":{"indexObj":{"classMask":22,"counter":188.0,"finded":158,"isExisted":true,"letterId":40,"meta":"{}","server":"_buber3_","table":"wordIndex.en","uid":2665,"word":"facebook","wordHash":"26cae7718c32180a7a0f8e19d6d40a59_bf2a37d5e83e612cdfeebec9e2e71a318e9767cd3e035f4b8ed73eecf2ae8110b3aa3f3688874f7cfae8cb49474369e74cdde7dba7bddf84f0c5f6fc56013715","wordId":"40:2665"},"morphObj":{"params":{"class":"имя","classMask":22,"info":{"isCapital":true,"isUpper":false},"stack":""},"sentenceIndex":[2],"words":["Facebook"],"wordsIndex":[9]},"rating":133.33333333333331,"stats":{"counter":188.0,"counterAll":188.0,"isAdjf":0,"isCombo":0,"isComp":0,"isCountry":0,"isEng":0,"isName":1,"isNominal":0,"isNoun":0,"isNum":0,"isPrtf":0,"isSymbol":0,"isUnknown":0,"isVerb":0,"repeat":0.3333333333333333,"weight":0.0009871823819450644,"weightAll":0.0008791537677350568}},"parker":{"indexObj":{"classMask":22,"counter":20.0,"finded":15,"isExisted":true,"letterId":50,"meta":"{}","server":"_buber3_","table":"wordIndex.en","uid":19497,"word":"parker","wordHash":"d0204ad84e19075f95a176b65152ffde_e2b0194781e5c2a435ab442e8c838b70e0365d603324e745d401c8cd1dce4a97f9c32bde7267db612f46df8faca6a3a078d1167bf6da19856effdc8423f0dda3","wordId":"50:19497"},"morphObj":{"params":{"class":"имя","classMask":22,"info":{"isCapital":true,"isUpper":false},"stack":""},"sentenceIndex":[10],"words":["Parker"],"wordsIndex":[8]},"rating":133.33333333333331,"stats":{"counter":20.0,"counterAll":20.0,"isAdjf":0,"isCombo":0,"isComp":0,"isCountry":0,"isEng":0,"isName":1,"isNominal":0,"isNoun":0,"isNum":0,"isPrtf":0,"isSymbol":0,"isUnknown":0,"isVerb":0,"repeat":0.3333333333333333,"weight":0.00010501940233458132,"weightAll":9.352699656755923e-05}},"peru":{"indexObj":{"classMask":22,"counter":2.0,"finded":2,"isExisted":true,"letterId":50,"meta":"{}","server":"_buber3_","table":"wordIndex.en","uid":112974,"word":"peru","wordHash":"32e8419a7ecb8f918c70fdadf783e3d8_2c53ad671538898339b6a3fc11db940768b9f01376cdb83983e9c23145efe4196cb4387b0b2d3b30c5858d2dca8b0630c5366cb63e6c36dbe9aa2fa95c12655a","wordId":"50:112974"},"morphObj":{"params":{"class":"имя","classMask":22,"info":{"isCapital":true,"isUpper":false},"stack":""},"sentenceIndex":[1],"words":["Peru"],"wordsIndex":[5]},"rating":133.33333333333331,"stats":{"counter":2.0,"counterAll":2.0,"isAdjf":0,"isCombo":0,"isComp":0,"isCountry":0,"isEng":0,"isName":1,"isNominal":0,"isNoun":0,"isNum":0,"isPrtf":0,"isSymbol":0,"isUnknown":0,"isVerb":0,"repeat":0.3333333333333333,"weight":1.0501940233458131e-05,"weightAll":9.352699656755923e-06}},"ward":{"indexObj":{"classMask":22,"counter":21.0,"finded":16,"isExisted":true,"letterId":55,"meta":"{}","server":"_buber3_","table":"wordIndex.en","uid":1334,"word":"ward","wordHash":"49ddafa93b4052e15e041a43d4343fda_3fe4467372db130534c0707afc61b3c37095d3152b812db489d2c3479a09f58c268333fa4cb88bd975dd5e7889a2a47b20bd5bbf9772febc1362809901004c5d","wordId":"55:1334"},"morphObj":{"params":{"class":"имя","classMask":22,"info":{"isCapital":true,"isUpper":false},"stack":""},"sentenceIndex":[10],"words":["Ward"],"wordsIndex":[17]},"rating":133.33333333333331,"stats":{"counter":21.0,"counterAll":21.0,"isAdjf":0,"isCombo":0,"isComp":0,"isCountry":0,"isEng":0,"isName":1,"isNominal":0,"isNoun":0,"isNum":0,"isPrtf":0,"isSymbol":0,"isUnknown":0,"isVerb":0,"repeat":0.3333333333333333,"weight":0.00011027037245131038,"weightAll":9.820334639593718e-05}},"адам":{"indexObj":{"classMask":22,"counter":450.0,"finded":218,"isExisted":true,"letterId":2,"meta":"{}","server":"_buber3_","table":"wordIndex.ru","uid":16576,"word":"адам","wordHash":"f2abd2f42f60b2be03ce22175f2001ae_efbe2b50f10fc1ef8a658bd756d4ad7e13f85a1a588b6ee4a3527df1a12c2b0cb38cbee07322b5199320bd5f90843221430b329b3e0d0b3e6a027ecb6674b7ec","wordId":"2:16576"},"morphObj":{"params":{"class":"имя","classMask":22,"info":{"isCapital":true,"isUpper":false},"stack":"((<DictionaryAnalyzer>, u'\\u0430\\u0434\\u0430\\u043c', 26, 0),)"},"sentenceIndex":[10],"words":["Адам"],"wordsIndex":[14]},"rating":133.33333333333331,"stats":{"counter":450.0,"counterAll":450.0,"isAdjf":0,"isCombo":0,"isComp":0,"isCountry":0,"isEng":0,"isName":1,"isNominal":0,"isNoun":0,"isNum":0,"isPrtf":0,"isSymbol":0,"isUnknown":0,"isVerb":0,"repeat":0.3333333333333333,"weight":0.0023629365525280797,"weightAll":0.0021043574227700827}},"бизнес":{"indexObj":{"classMask":1,"counter":1112.0,"finded":623,"isExisted":true,"letterId":1,"meta":"{}","server":"_buber3_","table":"wordIndex.ru","uid":3206,"word":"бизнес","wordHash":"f6e9b0a8466aae711991d8d6e6215263_fdafa91ec95a36fb8ba984f761b05b37df5842151f5481d5a1aad6f66e55286ce04e9c3480d875af92d2dd57dd8da4d5c632dde2e8b7330abb8aec7638b8e4fd","wordId":"1:3206"},"morphObj":{"params":{"class":"с","classMask":1,"info":{"isCapital":false,"isUpper":false},"stack":"((<DictionaryAnalyzer>, u'\\u0431\\u0438\\u0437\\u043d\\u0435\\u0441\\u0435', 33, 5),)"},"sentenceIndex":[9],"words":["бизнесе"],"wordsIndex":[7]},"rating":33.33333333333333,"stats":{"counter":1112.0,"counterAll":1112.0,"isAdjf":0,"isCombo":0,"isComp":0,"isCountry":0,"isEng":0,"isName":0,"isNominal":0,"isNoun":1,"isNum":0,"isPrtf":0,"isSymbol":0,"isUnknown":0,"isVerb":0,"repeat":0.3333333333333333,"weight":0.005839078769802721,"weightAll":0.005200101009156293}},"больница":{"indexObj":{"classMask":1,"counter":1108.0,"finded":692,"isExisted":true,"letterId":1,"meta":"{}","server":"_buber3_","table":"wordIndex.ru","uid":4929,"word":"больница","wordHash":"b559035a0a33b9515d06c655693945d7_3fec824fa18e0bbcf5db6176a6a5f821be25cef7368019b02c3122446ab73ee0994278c17709cec580c0b1e4deaa744cc575aec06f9615d2826b7464625ac1f3","wordId":"1:4929"},"morphObj":{"params":{"class":"с","classMask":1,"info":{"isCapital":false,"isUpper":false},"stack":"((<DictionaryAnalyzer>, u'\\u0431\\u043e\\u043b\\u044c\\u043d\\u0438\\u0446\\u0435', 141, 6),)"},"sentenceIndex":[5],"words":["больнице"],"wordsIndex":[14]},"rating":33.33333333333333,"stats":{"counter":1108.0,"counterAll":1108.0,"isAdjf":0,"isCombo":0,"isComp":0,"isCountry":0,"isEng":0,"isName":0,"isNominal":0,"isNoun":1,"isNum":0,"isPrtf":0,"isSymbol":0,"isUnknown":0,"isVerb":0,"repeat":0.3333333333333333,"weight":0.005818074889335805,"weightAll":0.005181395609842781}},"быть":{"indexObj":{"classMask":5,"counter":106922.0,"finded":19713,"isExisted":true,"letterId":1,"meta":"{}","server":"_buber3_","table":"wordIndex.ru","uid":253,"word":"быть","wordHash":"714cdce3286cb2e2d53894204ad7c323_fcf73f0508e9f990293dfa00a5434e590dd4fb647c39ce4b1e7dafff7d73b474f4433574fc482055ab35a432ae9f7c848645cd7b94596a9006f0b64e37f06a17","wordId":"1:253"},"morphObj":{"params":{"class":"г","classMask":5,"info":{"isCapital":false,"isUpper":false},"stack":"((<DictionaryAnalyzer>, u'\\u0431\\u044b\\u043b\\u0438', 587, 7),)"},"sentenceIndex":[0,5],"words":["были","была"],"wordsIndex":[7,5]},"rating":66.66666666666666,"stats":{"counter":106922.0,"counterAll":213844.0,"isAdjf":0,"isCombo":0,"isComp":0,"isCountry":0,"isEng":0,"isName":0,"isNominal":0,"isNoun":0,"isNum":0,"isPrtf":0,"isSymbol":0,"isUnknown":0,"isVerb":1,"repeat":0.6666666666666666,"weight":0.5614442268209051,"weightAll":1.0000093526996567}},"ведущий":{"indexObj":{"classMask":2,"counter":1758.0,"finded":1274,"isExisted":true,"letterId":4,"meta":"{}","server":"_buber3_","table":"wordIndex.ru","uid":392,"word":"ведущий","wordHash":"791bf373c293072cbe12f9a62a1555d4_a48ebbd789f3a3104ea97e59d7da70b648805a77b1b87a34c492fc721305847dc0de8a4183006686bef1ba9d75d2441951a736795e5b9e2d5ce15f447715f9a0","wordId":"4:392"},"morphObj":{"params":{"class":"п","classMask":2,"info":{"isCapital":true,"isUpper":false},"stack":"((<DictionaryAnalyzer>, u'\\u0432\\u0435\\u0434\\u0443\\u0449\\u0438\\u0439', 659, 0),)"},"sentenceIndex":[4,9],"words":["ведущий","Ведущая"],"wordsIndex":[4,0]},"rating":66.66666666666666,"stats":{"counter":1758.0,"counterAll":3516.0,"isAdjf":1,"isCombo":0,"isComp":0,"isCountry":0,"isEng":0,"isName":0,"isNominal":0,"isNoun":0,"isNum":0,"isPrtf":0,"isSymbol":0,"isUnknown":0,"isVerb":0,"repeat":0.6666666666666666,"weight":0.009231205465209698,"weightAll":0.016442045996576914}},"вести":{"indexObj":{"classMask":5,"counter":1704.0,"finded":1330,"isExisted":true,"letterId":4,"meta":"{}","server":"_buber3_","table":"wordIndex.ru","uid":1672,"word":"вести","wordHash":"90035fd851d1b7a05efdabb0383e2ea9_73e7c1e94f2caef1945d1abdaa3915ff75da9b3d867cef04c03415910ee3276bd82b38e5a1f027d6bfb137b0b6e35438f020f9e873cea4d7127e6d0bb7536c46","wordId":"4:1672"},"morphObj":{"params":{"class":"г","classMask":5,"info":{"isCapital":false,"isUpper":false},"stack":"((<DictionaryAnalyzer>, u'\\u0432\\u0451\\u043b', 701, 7),)"},"sentenceIndex":[2],"words":["вел"],"wordsIndex":[5]},"rating":33.33333333333333,"stats":{"counter":1704.0,"counterAll":1704.0,"isAdjf":0,"isCombo":0,"isComp":0,"isCountry":0,"isEng":0,"isName":0,"isNominal":0,"isNoun":0,"isNum":0,"isPrtf":0,"isSymbol":0,"isUnknown":0,"isVerb":1,"repeat":0.3333333333333333,"weight":0.008947653078906328,"weightAll":0.007968500107556046}},"видеооператор":{"indexObj":{"classMask":1,"counter":3.0,"finded":3,"isExisted":true,"letterId":4,"meta":"{}","server":"_buber3_","table":"wordIndex.ru","uid":271204,"word":"видеооператор","wordHash":"a4953173487300ac3a9fb9dc22c7e151_40586e1c383d2d109982708233f28787bd3edaf2f44fe15e9cc9ce6e1604348d5409ffc001d64ee8faa1dd7e8f86671485ddd758ea835a44dea2f8e0857f49a9","wordId":"4:271204"},"morphObj":{"params":{"class":"с","classMask":1,"info":{"isCapital":false,"isUpper":false},"stack":"((<DictionaryAnalyzer>, u'\\u0432\\u0438\\u0434\\u0435\\u043e\\u043e\\u043f\\u0435\\u0440\\u0430\\u0442\\u043e\\u0440\\u0430', 52, 1),)"},"sentenceIndex":[8],"words":["видеооператора"],"wordsIndex":[13]},"rating":33.33333333333333,"stats":{"counter":3.0,"counterAll":3.0,"isAdjf":0,"isCombo":0,"isComp":0,"isCountry":0,"isEng":0,"isName":0,"isNominal":0,"isNoun":1,"isNum":0,"isPrtf":0,"isSymbol":0,"isUnknown":0,"isVerb":0,"repeat":0.3333333333333333,"weight":1.57529103501872e-05,"weightAll":1.4029049485133883e-05}},"вирджиния":{"indexObj":{"classMask":22,"counter":102.0,"finded":64,"isExisted":true,"letterId":4,"meta":"{}","server":"_buber3_","table":"wordIndex.ru","uid":23389,"word":"вирджиния","wordHash":"9dd2b567871dcf83badf6145a7a59b9a_52a245ec139c66deacba0e09ceaee797c4df6dac155536111982ea0f6abec9f73d5f96e46f84b177e201c94c03f570a5bc98c94d0d6e687f032f1501471224a9","wordId":"4:23389"},"morphObj":{"params":{"class":"имя","classMask":22,"info":{"isCapital":true,"isUpper":false},"stack":"((<DictionaryAnalyzer>, u'\\u0432\\u0438\\u0440\\u0434\\u0436\\u0438\\u043d\\u0438\\u044f', 63, 0),)"},"sentenceIndex":[8],"words":["Вирджиния"],"wordsIndex":[19]},"rating":133.33333333333331,"stats":{"counter":102.0,"counterAll":102.0,"isAdjf":0,"isCombo":0,"isComp":0,"isCountry":0,"isEng":0,"isName":1,"isNominal":0,"isNoun":0,"isNum":0,"isPrtf":0,"isSymbol":0,"isUnknown":0,"isVerb":0,"repeat":0.3333333333333333,"weight":0.0005355989519063647,"weightAll":0.00047698768249455204}},"включение":{"indexObj":{"classMask":1,"counter":361.0,"finded":253,"isExisted":true,"letterId":4,"meta":"{}","server":"_buber3_","table":"wordIndex.ru","uid":3817,"word":"включение","wordHash":"e7286d608d26cb594d0bfd9bc81f46f3_0e63f204ac009c015e5172f77cb7a9e56fad14be503669e2b4d26805278383809676861110e69a3767311e2a0dfd0e49b30dc4fd5ddbf93d402df3cfadb42297","wordId":"4:3817"},"morphObj":{"params":{"class":"с","classMask":1,"info":{"isCapital":false,"isUpper":false},"stack":"((<DictionaryAnalyzer>, u'\\u0432\\u043a\\u043b\\u044e\\u0447\\u0435\\u043d\\u0438\\u044f', 76, 2),)"},"sentenceIndex":[8],"words":["включения"],"wordsIndex":[8]},"rating":33.33333333333333,"stats":{"counter":361.0,"counterAll":361.0,"isAdjf":0,"isCombo":0,"isComp":0,"isCountry":0,"isEng":0,"isName":0,"isNominal":0,"isNoun":1,"isNum":0,"isPrtf":0,"isSymbol":0,"isUnknown":0,"isVerb":0,"repeat":0.3333333333333333,"weight":0.0018956002121391928,"weightAll":0.001688162288044444}},"вопрос":{"indexObj":{"classMask":1,"counter":4263.0,"finded":2328,"isExisted":true,"letterId":4,"meta":"{}","server":"_buber3_","table":"wordIndex.ru","uid":1084,"word":"вопрос","wordHash":"42f0e5d199c8348a6c635075be0d2c73_6f2efcc3f8bb68c6789f4c3ca4a90656cbb77b18063808b982de7e1eafbcde2fadbaa3f9e14c911ffcd87261e0d8f10bbd342141662b35ce49e9f59d464dd07a","wordId":"4:1084"},"morphObj":{"params":{"class":"с","classMask":1,"info":{"isCapital":false,"isUpper":false},"stack":"((<DictionaryAnalyzer>, u'\\u0432\\u043e\\u043f\\u0440\\u043e\\u0441\\u044b', 33, 9),)"},"sentenceIndex":[9],"words":["вопросы"],"wordsIndex":[4]},"rating":33.33333333333333,"stats":{"counter":4263.0,"counterAll":4263.0,"isAdjf":0,"isCombo":0,"isComp":0,"isCountry":0,"isEng":0,"isName":0,"isNominal":0,"isNoun":1,"isNum":0,"isPrtf":0,"isSymbol":0,"isUnknown":0,"isVerb":0,"repeat":0.3333333333333333,"weight":0.022384885607616006,"weightAll":0.01993527931837525}},"время":{"indexObj":{"classMask":1,"counter":27254.0,"finded":11481,"isExisted":true,"letterId":4,"meta":"{}","server":"_buber3_","table":"wordIndex.ru","uid":205,"word":"время","wordHash":"9eb6225e8cbe555c920669148772e764_386062cf9c654c89003548cfdc9b3bce6630c8377ed1771522de1ffe2a3f61197eea183e4fb6e80a3894bdf746d5cf7da8176c8181ca64dfdacafeabbca0b504","wordId":"4:205"},"morphObj":{"params":{"class":"с","classMask":1,"info":{"isCapital":false,"isUpper":false},"stack":"((<DictionaryAnalyzer>, u'\\u0432\\u0440\\u0435\\u043c\\u044f', 536, 3),)"},"sentenceIndex":[2,8],"words":["время","время"],"wordsIndex":[1,6]},"rating":66.66666666666666,"stats":{"counter":27254.0,"counterAll":54508.0,"isAdjf":0,"isCombo":0,"isComp":0,"isCountry":0,"isEng":0,"isName":0,"isNominal":0,"isNoun":1,"isNum":0,"isPrtf":0,"isSymbol":0,"isUnknown":0,"isVerb":0,"repeat":0.6666666666666666,"weight":0.14310993956133394,"weightAll":0.2548984764452259}},"говорить":{"indexObj":{"classMask":9,"counter":277.0,"finded":178,"isExisted":true,"letterId":3,"meta":"{}","server":"_buber3_","table":"wordIndex.ru","uid":18340,"word":"говорить","wordHash":"1d5f1e7e7ce6b8b9ffbbe208d2146c75_7a1c5cafc64640489aac901229136ef122b3e7efb3c8870e9bdfbdc5d5c09f16e6de5547c4bdc7a57e60d4e2cc78f16df47f573d7dc5e461b9e31d75c0809f23","wordId":"3:18340"},"morphObj":{"params":{"class":"деепричастие","classMask":9,"info":{"isCapital":false,"isUpper":false},"stack":"((<DictionaryAnalyzer>, u'\\u0433\\u043e\\u0432\\u043e\\u0440\\u044f', 395, 121),)"},"sentenceIndex":[6],"words":["говоря"],"wordsIndex":[10]},"rating":33.33333333333333,"stats":{"counter":277.0,"counterAll":277.0,"isAdjf":0,"isCombo":0,"isComp":0,"isCountry":0,"isEng":0,"isName":0,"isNominal":0,"isNoun":0,"isNum":0,"isPrtf":1,"isSymbol":0,"isUnknown":0,"isVerb":0,"repeat":0.3333333333333333,"weight":0.0014545187223339512,"weightAll":0.0012953489024606954}},"год":{"indexObj":{"classMask":1,"counter":190443.0,"finded":27736,"isExisted":true,"letterId":3,"meta":"{}","server":"_buber3_","table":"wordIndex.ru","uid":41,"word":"год","wordHash":"6270693d76d15c0b806abbb0929ca8a8_74cd8d3b64ee6f979b467bb39ea5e63d26f2645e0d0da7c4b1cc0ef5676678b91f80fb1d385e43bc555371b2b4a6f20c3b13daacb271dc75a41fb88c2102a24a","wordId":"3:41"},"morphObj":{"params":{"class":"с","classMask":1,"info":{"isCapital":false,"isUpper":false},"stack":"((<DictionaryAnalyzer>, u'\\u0433\\u043e\\u0434\\u0443', 1168, 6),)"},"sentenceIndex":[8],"words":["году"],"wordsIndex":[2]},"rating":33.33333333333333,"stats":{"counter":190443.0,"counterAll":190443.0,"isAdjf":0,"isCombo":0,"isComp":0,"isCountry":0,"isEng":0,"isName":0,"isNominal":0,"isNoun":1,"isNum":0,"isPrtf":0,"isSymbol":0,"isUnknown":0,"isVerb":0,"repeat":0.3333333333333333,"weight":1.0000105019402334,"weightAll":0.8905780903657841}},"данные":{"indexObj":{"classMask":1,"counter":4745.0,"finded":3212,"isExisted":true,"letterId":6,"meta":"{}","server":"_buber3_","table":"wordIndex.ru","uid":1377,"word":"данные","wordHash":"ef2ad9183770ac833b84f8ff6927e7b8_b66e2ca2d2f9ec1cf2d578b65e9f6f78cbd3693231c06c427f29d9aa4460ff5bf269d459666a14012f78f30bd97c4c24937624b51e38f238af0a963ec5470f84","wordId":"6:1377"},"morphObj":{"params":{"class":"с","classMask":1,"info":{"isCapital":false,"isUpper":false},"stack":"((<DictionaryAnalyzer>, u'\\u0434\\u0430\\u043d\\u043d\\u044b\\u043c', 151, 2),)"},"sentenceIndex":[4],"words":["данным"],"wordsIndex":[1]},"rating":33.33333333333333,"stats":{"counter":4745.0,"counterAll":4745.0,"isAdjf":0,"isCombo":0,"isComp":0,"isCountry":0,"isEng":0,"isName":0,"isNominal":0,"isNoun":1,"isNum":0,"isPrtf":0,"isSymbol":0,"isUnknown":0,"isVerb":0,"repeat":0.3333333333333333,"weight":0.024915853203879415,"weightAll":0.022189279935653426}},"двое":{"indexObj":{"classMask":10,"counter":730.0,"finded":631,"isExisted":true,"letterId":6,"meta":"{}","server":"_buber3_","table":"wordIndex.ru","uid":4110,"word":"двое","wordHash":"0a0d1f219f1eec5e38ef9bc532e4197c_efc839a3e1c3658838ae0442c4f811710e49af615d549ca445c87f48ed8c73d4d85f7beaacdf4b0d3af9cb02a91b38f6a77b5666884469cafb397f3baf8047db","wordId":"6:4110"},"morphObj":{"params":{"class":"числ","classMask":10,"info":{"isCapital":false,"isUpper":false},"stack":"((<DictionaryAnalyzer>, u'\\u0434\\u0432\\u043e\\u0435', 1254, 0),)"},"sentenceIndex":[0],"words":["двое"],"wordsIndex":[9]},"rating":33.33333333333333,"stats":{"counter":730.0,"counterAll":730.0,"isAdjf":0,"isCombo":0,"isComp":0,"isCountry":0,"isEng":0,"isName":0,"isNominal":0,"isNoun":0,"isNum":0,"isPrtf":0,"isSymbol":0,"isUnknown":0,"isVerb":0,"repeat":0.3333333333333333,"weight":0.003833208185212218,"weightAll":0.0034137353747159117}},"доминиканский":{"indexObj":{"classMask":22,"counter":48.0,"finded":38,"isExisted":true,"letterId":6,"meta":"{}","server":"_buber3_","table":"wordIndex.ru","uid":6394,"word":"доминиканский","wordHash":"47c7eb1c5156baf779369e6eb05dfa54_93f632258163565b261720eaff763b40b080be469f2fddffdf98745f524f1f71101b968605d2642772fbaca8887e84d765321abb0eeaff18033cbeecf1125d4d","wordId":"6:6394"},"morphObj":{"params":{"class":"имя","classMask":22,"info":{"isCapital":true,"isUpper":false},"stack":"((<DictionaryAnalyzer>, u'\\u0434\\u043e\\u043c\\u0438\\u043d\\u0438\\u043a\\u0430\\u043d\\u0441\\u043a\\u043e\\u0439', 16, 8),)"},"sentenceIndex":[0],"words":["Доминиканской"],"wordsIndex":[1]},"rating":133.33333333333331,"stats":{"counter":48.0,"counterAll":48.0,"isAdjf":0,"isCombo":0,"isComp":0,"isCountry":0,"isEng":0,"isName":1,"isNominal":0,"isNoun":0,"isNum":0,"isPrtf":0,"isSymbol":0,"isUnknown":0,"isVerb":0,"repeat":0.3333333333333333,"weight":0.0002520465656029952,"weightAll":0.00022446479176214213}},"женский":{"indexObj":{"classMask":2,"counter":1694.0,"finded":1061,"isExisted":true,"letterId":8,"meta":"{}","server":"_buber3_","table":"wordIndex.ru","uid":1489,"word":"женский","wordHash":"b16f23f9871e008ae97bf7c3a3b8c4c6_6ed5473bd23c355dd13aed3ffb006e7c018285cda3863f61ac1d49f6a2dd0bd390f13b314e645e91d1aa8e184827b0cc7abbe86d595a9faf3bce936570e8f969","wordId":"8:1489"},"morphObj":{"params":{"class":"п","classMask":2,"info":{"isCapital":false,"isUpper":false},"stack":"((<DictionaryAnalyzer>, u'\\u0436\\u0435\\u043d\\u0441\\u043a\\u0438\\u0435', 16, 20),)"},"sentenceIndex":[3],"words":["женские"],"wordsIndex":[9]},"rating":33.33333333333333,"stats":{"counter":1694.0,"counterAll":1694.0,"isAdjf":1,"isCombo":0,"isComp":0,"isCountry":0,"isEng":0,"isName":0,"isNominal":0,"isNoun":0,"isNum":0,"isPrtf":0,"isSymbol":0,"isUnknown":0,"isVerb":0,"repeat":0.3333333333333333,"weight":0.008895143377739037,"weightAll":0.007921736609272267}},"женщина":{"indexObj":{"classMask":1,"counter":5185.0,"finded":2745,"isExisted":true,"letterId":8,"meta":"{}","server":"_buber3_","table":"wordIndex.ru","uid":907,"word":"женщина","wordHash":"19fb5b190f79dcf130e01158f35a865d_4637eef49a3bec55969f3ded2bf6d6c84af55cbce78a7f9fc6488b517d544112ce6d068403bde5584c12f7760c92e97be6002f66482c27455e1cdb3320c6d18e","wordId":"8:907"},"morphObj":{"params":{"class":"с","classMask":1,"info":{"isCapital":false,"isUpper":false},"stack":"((<DictionaryAnalyzer>, u'\\u0436\\u0435\\u043d\\u0449\\u0438\\u043d\\u0430', 53, 0),)"},"sentenceIndex":[5],"words":["женщина"],"wordsIndex":[7]},"rating":33.33333333333333,"stats":{"counter":5185.0,"counterAll":5185.0,"isAdjf":0,"isCombo":0,"isComp":0,"isCountry":0,"isEng":0,"isName":0,"isNominal":0,"isNoun":1,"isNum":0,"isPrtf":0,"isSymbol":0,"isUnknown":0,"isVerb":0,"repeat":0.3333333333333333,"weight":0.027226280055240207,"weightAll":0.02424687386013973}},"журналист":{"indexObj":{"classMask":1,"counter":1319.0,"finded":849,"isExisted":true,"letterId":8,"meta":"{}","server":"_buber3_","table":"wordIndex.ru","uid":1496,"word":"журналист","wordHash":"912aa21bfd889dbfe416978fef3ebacf_5b21006d4eca82586a62dbbec354ee551cc8903e2f92ecf567174810ed0de603ca781d462cbfe98168863b7830b674eeb568633028118096fc9fd7fd0cff7290","wordId":"8:1496"},"morphObj":{"params":{"class":"с","classMask":1,"info":{"isCapital":false,"isUpper":false},"stack":"((<DictionaryAnalyzer>, u'\\u0436\\u0443\\u0440\\u043d\\u0430\\u043b\\u0438\\u0441\\u0442\\u043e\\u0432', 52, 7),)"},"sentenceIndex":[0],"words":["журналистов"],"wordsIndex":[10]},"rating":33.33333333333333,"stats":{"counter":1319.0,"counterAll":1319.0,"isAdjf":0,"isCombo":0,"isComp":0,"isCountry":0,"isEng":0,"isName":0,"isNominal":0,"isNoun":1,"isNum":0,"isPrtf":0,"isSymbol":0,"isUnknown":0,"isVerb":0,"repeat":0.3333333333333333,"weight":0.006926029583965637,"weightAll":0.006168105423630531}},"журналистка":{"indexObj":{"classMask":1,"counter":101.0,"finded":84,"isExisted":true,"letterId":8,"meta":"{}","server":"_buber3_","table":"wordIndex.ru","uid":10219,"word":"журналистка","wordHash":"87a3f7c9794df5f346e6c4689837580b_87693640644729286e2c567664296c2af3e3c7764ade3dee1d6c2b30bbd8d507aef97a3236cd221be1888e5bce828a8042adcd3b78b662ed3095002ae82f98e2","wordId":"8:10219"},"morphObj":{"params":{"class":"с","classMask":1,"info":{"isCapital":false,"isUpper":false},"stack":"((<DictionaryAnalyzer>, u'\\u0436\\u0443\\u0440\\u043d\\u0430\\u043b\\u0438\\u0441\\u0442\\u043a\\u0430', 39, 0),)"},"sentenceIndex":[10],"words":["журналистка"],"wordsIndex":[4]},"rating":33.33333333333333,"stats":{"counter":101.0,"counterAll":101.0,"isAdjf":0,"isCombo":0,"isComp":0,"isCountry":0,"isEng":0,"isName":0,"isNominal":0,"isNoun":1,"isNum":0,"isPrtf":0,"isSymbol":0,"isUnknown":0,"isVerb":0,"repeat":0.3333333333333333,"weight":0.0005303479817896356,"weightAll":0.00047231133266617407}},"задавать":{"indexObj":{"classMask":5,"counter":58.0,"finded":53,"isExisted":true,"letterId":7,"meta":"{}","server":"_buber3_","table":"wordIndex.ru","uid":1216,"word":"задавать","wordHash":"8ff3e67c2eafb9190ec2ed1a29073167_1cb2bf023957d880601f8703c003b2ee8a225024e5c780280abf081c89870dc8304ea0b4fc99cddebaf700b45e388e2f540ca72096870c5f1ed802a2e342d1ae","wordId":"7:1216"},"morphObj":{"params":{"class":"г","classMask":5,"info":{"isCapital":false,"isUpper":false},"stack":"((<DictionaryAnalyzer>, u'\\u0437\\u0430\\u0434\\u0430\\u0432\\u0430\\u043b\\u0430', 841, 8),)"},"sentenceIndex":[9],"words":["задавала"],"wordsIndex":[1]},"rating":33.33333333333333,"stats":{"counter":58.0,"counterAll":58.0,"isAdjf":0,"isCombo":0,"isComp":0,"isCountry":0,"isEng":0,"isName":0,"isNominal":0,"isNoun":0,"isNum":0,"isPrtf":0,"isSymbol":0,"isUnknown":0,"isVerb":1,"repeat":0.3333333333333333,"weight":0.0003045562667702858,"weightAll":0.0002712282900459218}},"задержать":{"indexObj":{"classMask":5,"counter":158.0,"finded":111,"isExisted":true,"letterId":7,"meta":"{}","server":"_buber3_","table":"wordIndex.ru","uid":36784,"word":"задержать","wordHash":"315950a41ec5eb4b61d56146b963734c_8435e9f9eee96d427af3f0bf2468e100aca56cf801f0e68a62bad039f244346a066a68d13894a442f0f9c7c2883e164ab93b2564842836e20d1910a39c824794","wordId":"7:36784"},"morphObj":{"params":{"class":"г","classMask":5,"info":{"isCapital":false,"isUpper":false},"stack":"((<DictionaryAnalyzer>, u'\\u0437\\u0430\\u0434\\u0435\\u0440\\u0436\\u0430\\u043b\\u0438', 845, 4),)"},"sentenceIndex":[7],"words":["задержали"],"wordsIndex":[4]},"rating":33.33333333333333,"stats":{"counter":158.0,"counterAll":158.0,"isAdjf":0,"isCombo":0,"isComp":0,"isCountry":0,"isEng":0,"isName":0,"isNominal":0,"isNoun":0,"isNum":0,"isPrtf":0,"isSymbol":0,"isUnknown":0,"isVerb":1,"repeat":0.3333333333333333,"weight":0.0008296532784431924,"weightAll":0.0007388632728837179}},"зайти":{"indexObj":{"classMask":5,"counter":68.0,"finded":59,"isExisted":true,"letterId":7,"meta":"{}","server":"_buber3_","table":"wordIndex.ru","uid":43607,"word":"зайти","wordHash":"f13bbcf1eaa17900ce8adf289f5a54ea_a7b1f02acb39591f5d7e15e50f5b7d795c65d66a2776e5648ac73bf5c245e38ad70b1e6e9fd431fe05b885b4dec52e5009ea0649c920e9d302a7a4c84fd932f5","wordId":"7:43607"},"morphObj":{"params":{"class":"г","classMask":5,"info":{"isCapital":false,"isUpper":false},"stack":"((<DictionaryAnalyzer>, u'\\u0437\\u0430\\u0448\\u0451\\u043b', 1480, 1),)"},"sentenceIndex":[6],"words":["зашел"],"wordsIndex":[4]},"rating":33.33333333333333,"stats":{"counter":68.0,"counterAll":68.0,"isAdjf":0,"isCombo":0,"isComp":0,"isCountry":0,"isEng":0,"isName":0,"isNominal":0,"isNoun":0,"isNum":0,"isPrtf":0,"isSymbol":0,"isUnknown":0,"isVerb":1,"repeat":0.3333333333333333,"weight":0.00035706596793757644,"weightAll":0.0003179917883297014}},"запись":{"indexObj":{"classMask":1,"counter":2038.0,"finded":1131,"isExisted":true,"letterId":7,"meta":"{}","server":"_buber3_","table":"wordIndex.ru","uid":7841,"word":"запись","wordHash":"a7202d332819bbadabef8fa1f3ca3d99_dd916ed9d66bb19cab94a4a68472fb4cf41dde75d93d5f3a1283a57bb3e386b1386b58c0af3d7b0b5d7b847742945450fba633ab538bd682315eb5c9712b69f8","wordId":"7:7841"},"morphObj":{"params":{"class":"с","classMask":1,"info":{"isCapital":false,"isUpper":false},"stack":"((<DictionaryAnalyzer>, u'\\u0437\\u0430\\u043f\\u0438\\u0441\\u044c', 13, 0),)"},"sentenceIndex":[3],"words":["запись"],"wordsIndex":[1]},"rating":33.33333333333333,"stats":{"counter":2038.0,"counterAll":2038.0,"isAdjf":0,"isCombo":0,"isComp":0,"isCountry":0,"isEng":0,"isName":0,"isNominal":0,"isNoun":1,"isNum":0,"isPrtf":0,"isSymbol":0,"isUnknown":0,"isVerb":0,"repeat":0.3333333333333333,"weight":0.010701477097893836,"weightAll":0.009530400950234285}},"застрелить":{"indexObj":{"classMask":8,"counter":57.0,"finded":46,"isExisted":true,"letterId":7,"meta":"{}","server":"_buber3_","table":"wordIndex.ru","uid":31650,"word":"застрелить","wordHash":"c76989bf154c12da1958468e91b77c07_6624ff07667c43ca303bd20ce2f8b8716beffa0a71cca544201587b5365e88e9bbd063db339fe11fa5f59590892d0746a33e21eb2f49dc9c193130162b467660","wordId":"7:31650"},"morphObj":{"params":{"class":"кр_причастие","classMask":8,"info":{"isCapital":false,"isUpper":false},"stack":"((<DictionaryAnalyzer>, u'\\u0437\\u0430\\u0441\\u0442\\u0440\\u0435\\u043b\\u0435\\u043d\\u044b', 617, 74),)"},"sentenceIndex":[0],"words":["застрелены"],"wordsIndex":[8]},"rating":33.33333333333333,"stats":{"counter":57.0,"counterAll":57.0,"isAdjf":0,"isCombo":0,"isComp":0,"isCountry":0,"isEng":0,"isName":0,"isNominal":0,"isNoun":0,"isNum":0,"isPrtf":1,"isSymbol":0,"isUnknown":0,"isVerb":0,"repeat":0.3333333333333333,"weight":0.00029930529665355674,"weightAll":0.0002665519402175438}},"издание":{"indexObj":{"classMask":1,"counter":2991.0,"finded":1716,"isExisted":true,"letterId":10,"meta":"{}","server":"_buber3_","table":"wordIndex.ru","uid":1306,"word":"издание","wordHash":"553777c52c294102eada47316f8ff82c_ac6c70aa73858b413623aa48653a97a3c13adf08914d0ad35a995fa5e3d12336e21fe3ce0e76027b6c2f50dbc66dec8e5a0a46494ac01ce766fe714ac85a87e0","wordId":"10:1306"},"morphObj":{"params":{"class":"с","classMask":1,"info":{"isCapital":false,"isUpper":false},"stack":"((<DictionaryAnalyzer>, u'\\u0438\\u0437\\u0434\\u0430\\u043d\\u0438\\u0435', 76, 0),)"},"sentenceIndex":[1,6],"words":["издание","издание"],"wordsIndex":[4,2]},"rating":66.66666666666666,"stats":{"counter":2991.0,"counterAll":5982.0,"isAdjf":0,"isCombo":0,"isComp":0,"isCountry":0,"isEng":0,"isName":0,"isNominal":0,"isNoun":1,"isNum":0,"isPrtf":0,"isSymbol":0,"isUnknown":0,"isVerb":0,"repeat":0.6666666666666666,"weight":0.015705651619136635,"weightAll":0.027973924673356965}},"комната":{"indexObj":{"classMask":1,"counter":559.0,"finded":351,"isExisted":true,"letterId":12,"meta":"{}","server":"_buber3_","table":"wordIndex.ru","uid":9130,"word":"комната","wordHash":"9be9e7be9a2ffcbb36d72342394cc596_915f83e5ec6060610fa85dbc350f0461e24e5c6e62bd669b3a0d8b7416e6db8ca10933460e2841ba0960e184f70cf5784a8d7d7291d297df2acfabd794932a97","wordId":"12:9130"},"morphObj":{"params":{"class":"с","classMask":1,"info":{"isCapital":false,"isUpper":false},"stack":"((<DictionaryAnalyzer>, u'\\u043a\\u043e\\u043c\\u043d\\u0430\\u0442\\u0435', 55, 6),)"},"sentenceIndex":[6],"words":["комнате"],"wordsIndex":[18]},"rating":33.33333333333333,"stats":{"counter":559.0,"counterAll":559.0,"isAdjf":0,"isCombo":0,"isComp":0,"isCountry":0,"isEng":0,"isName":0,"isNominal":0,"isNoun":1,"isNum":0,"isPrtf":0,"isSymbol":0,"isUnknown":0,"isVerb":0,"repeat":0.3333333333333333,"weight":0.0029352922952515475,"weightAll":0.0026140795540632806}},"который":{"indexObj":{"classMask":2,"counter":53576.0,"finded":16478,"isExisted":true,"letterId":12,"meta":"{}","server":"_buber3_","table":"wordIndex.ru","uid":216,"word":"который","wordHash":"c8a6d7a44bed6f557c875c08d3ec33a2_673df5f323ec5325eb4198cb05733701dfd46b4370f1b154f7f5e8ad35656c6b045df10392d21ebe661e15d917d78513459c704d920a61be2d439615881cbb80","wordId":"12:216"},"morphObj":{"params":{"class":"п","classMask":2,"info":{"isCapital":false,"isUpper":false},"stack":"((<DictionaryAnalyzer>, u'\\u043a\\u043e\\u0442\\u043e\\u0440\\u043e\\u043c', 1788, 6),)"},"sentenceIndex":[3,5],"words":["котором","которая"],"wordsIndex":[5,8]},"rating":66.66666666666666,"stats":{"counter":53576.0,"counterAll":107152.0,"isAdjf":1,"isCombo":0,"isComp":0,"isCountry":0,"isEng":0,"isName":0,"isNominal":0,"isNoun":0,"isNum":0,"isPrtf":0,"isSymbol":0,"isUnknown":0,"isVerb":0,"repeat":0.6666666666666666,"weight":0.2813259749738764,"weightAll":0.5010802368103553}},"крик":{"indexObj":{"classMask":1,"counter":133.0,"finded":109,"isExisted":true,"letterId":12,"meta":"{}","server":"_buber3_","table":"wordIndex.ru","uid":24385,"word":"крик","wordHash":"b0f8a1b24540dbcddf3441772fd28bea_67575b56af940ca7c42bcbfd37c58125653afd092a09410f51228b14a423aca97dbb3ef32bcfc913f87e07b686af7d45a0d89e0ef53c024c48c9251c656aa799","wordId":"12:24385"},"morphObj":{"params":{"class":"с","classMask":1,"info":{"isCapital":false,"isUpper":false},"stack":"((<DictionaryAnalyzer>, u'\\u043a\\u0440\\u0438\\u043a\\u0438', 330, 7),)"},"sentenceIndex":[3],"words":["крики"],"wordsIndex":[10]},"rating":33.33333333333333,"stats":{"counter":133.0,"counterAll":133.0,"isAdjf":0,"isCombo":0,"isComp":0,"isCountry":0,"isEng":0,"isName":0,"isNominal":0,"isNoun":1,"isNum":0,"isPrtf":0,"isSymbol":0,"isUnknown":0,"isVerb":0,"repeat":0.3333333333333333,"weight":0.0006983790255249658,"weightAll":0.0006219545271742688}},"лео":{"indexObj":{"classMask":22,"counter":191.0,"finded":72,"isExisted":true,"letterId":11,"meta":"{}","server":"_buber3_","table":"wordIndex.ru","uid":43120,"word":"лео","wordHash":"74195c7eb750325be4cc0f804ea6499f_d09e54e2325e8a812c6980386fd0ba74e5fdd7fade441e46facb9fa288b1c092f8c6512c549c516dc32bcd9ae27089c8dc03ad7cd8a6fc1e586c2c59ff87cb7e","wordId":"11:43120"},"morphObj":{"params":{"class":"имя","classMask":22,"info":{"isCapital":true,"isUpper":false},"stack":"((<DictionaryAnalyzer>, u'\\u043b\\u0435\\u043e', 205, 0),)"},"sentenceIndex":[4],"words":["Лео"],"wordsIndex":[12]},"rating":133.33333333333331,"stats":{"counter":191.0,"counterAll":191.0,"isAdjf":0,"isCombo":0,"isComp":0,"isCountry":0,"isEng":0,"isName":1,"isNominal":0,"isNoun":0,"isNum":0,"isPrtf":0,"isSymbol":0,"isUnknown":0,"isVerb":0,"repeat":0.3333333333333333,"weight":0.0010029352922952515,"weightAll":0.0008931828172201906}},"летний":{"indexObj":{"classMask":2,"counter":2530.0,"finded":1754,"isExisted":true,"letterId":11,"meta":"{}","server":"_buber3_","table":"wordIndex.ru","uid":3245,"word":"летний","wordHash":"2310ef9100936a075fd297771958bf22_5ace83f00f96ecd8b76be9735020bd70d965920f35460914d438fbdd63b249c4c7a7a95f1dbc38a3850b2692bc5c7bb33b4aa96eaba13e989ed4dbb39582a921","wordId":"11:3245"},"morphObj":{"params":{"class":"п","classMask":2,"info":{"isCapital":false,"isUpper":false},"stack":"((<DictionaryAnalyzer>, u'\\u043b\\u0435\\u0442\\u043d\\u044f\\u044f', 382, 7),)"},"sentenceIndex":[10,10],"words":["летняя","летний"],"wordsIndex":[2,11]},"rating":66.66666666666666,"stats":{"counter":2530.0,"counterAll":5060.0,"isAdjf":1,"isCombo":0,"isComp":0,"isCountry":0,"isEng":0,"isName":0,"isNominal":0,"isNoun":0,"isNum":0,"isPrtf":0,"isSymbol":0,"isUnknown":0,"isVerb":0,"repeat":0.6666666666666666,"weight":0.013284954395324537,"weightAll":0.023662330131592486}},"луис":{"indexObj":{"classMask":22,"counter":357.0,"finded":228,"isExisted":true,"letterId":11,"meta":"{}","server":"_buber3_","table":"wordIndex.ru","uid":1669,"word":"луис","wordHash":"a7dca98355d4ae770d34d97ea25364ce_092536162b60878d89d4c2b9c566d4eee32e5d9412f6985257ddde26a8a9b94ed39f9db32690eff83f96c45ba7526f0a044d8e105cf42eb58b2ccc977c07110a","wordId":"11:1669"},"morphObj":{"params":{"class":"имя","classMask":22,"info":{"isCapital":true,"isUpper":false},"stack":"((<DictionaryAnalyzer>, u'\\u043b\\u0443\\u0438\\u0441', 26, 0),)"},"sentenceIndex":[4],"words":["Луис"],"wordsIndex":[5]},"rating":133.33333333333331,"stats":{"counter":357.0,"counterAll":357.0,"isAdjf":0,"isCombo":0,"isComp":0,"isCountry":0,"isEng":0,"isName":1,"isNominal":0,"isNoun":0,"isNum":0,"isPrtf":0,"isSymbol":0,"isUnknown":0,"isVerb":0,"repeat":0.3333333333333333,"weight":0.0018745963316722765,"weightAll":0.001669456888730932}},"мануэль":{"indexObj":{"classMask":22,"counter":164.0,"finded":111,"isExisted":true,"letterId":14,"meta":"{}","server":"_buber3_","table":"wordIndex.ru","uid":21891,"word":"мануэль","wordHash":"7824e4946256825adf3eb55023658713_f43d8528a1e7152972df723be604f3b25c5057b836766aee3043e595abc532d76ed8994b340f5982fac067ab86e252117a25010868cf2a30edb491d9107e16b6","wordId":"14:21891"},"morphObj":{"params":{"class":"имя","classMask":22,"info":{"isCapital":true,"isUpper":false},"stack":"((<DictionaryAnalyzer>, u'\\u043c\\u0430\\u043d\\u0443\\u044d\\u043b\\u044c', 184, 0),)"},"sentenceIndex":[4],"words":["Мануэль"],"wordsIndex":[6]},"rating":133.33333333333331,"stats":{"counter":164.0,"counterAll":164.0,"isAdjf":0,"isCombo":0,"isComp":0,"isCountry":0,"isEng":0,"isName":1,"isNominal":0,"isNoun":0,"isNum":0,"isPrtf":0,"isSymbol":0,"isUnknown":0,"isVerb":0,"repeat":0.3333333333333333,"weight":0.0008611590991435667,"weightAll":0.0007669213718539857}},"мартинес":{"indexObj":{"classMask":22,"counter":67.0,"finded":42,"isExisted":true,"letterId":14,"meta":"{}","server":"_buber3_","table":"wordIndex.ru","uid":23874,"word":"мартинес","wordHash":"f8fad185da4ee0b1d2e4aecb35b4f199_dc5826a1fa75a3d3b09022d0b488ec31992dcce1aab8ebd48ccbdb1fee227787b9be13c6e967cb7b916edaa2bb380152e25149e5aa02ed1fc7fc3825f807e817","wordId":"14:23874"},"morphObj":{"params":{"class":"имя","classMask":22,"info":{"isCapital":true,"isUpper":false},"stack":"((<DictionaryAnalyzer>, u'\\u043c\\u0430\\u0440\\u0442\\u0438\\u043d\\u0435\\u0441', 26, 0),)"},"sentenceIndex":[4],"words":["Мартинес"],"wordsIndex":[13]},"rating":133.33333333333331,"stats":{"counter":67.0,"counterAll":67.0,"isAdjf":0,"isCombo":0,"isComp":0,"isCountry":0,"isEng":0,"isName":1,"isNominal":0,"isNoun":0,"isNum":0,"isPrtf":0,"isSymbol":0,"isUnknown":0,"isVerb":0,"repeat":0.3333333333333333,"weight":0.0003518149978208474,"weightAll":0.0003133154385013234}},"медина":{"indexObj":{"classMask":22,"counter":67.0,"finded":32,"isExisted":true,"letterId":14,"meta":"{}","server":"_buber3_","table":"wordIndex.ru","uid":23344,"word":"медина","wordHash":"b0faa07af166b1e7949e60fd0d993bc3_6c6d792e18cc1af56dc98036815ea8a4c13de08de7f670b9b841bfc426464a44f6e86912eccf085413abf55ddf4aab20e1c39eedbdc38b57cc3aab47f0c9adc1","wordId":"14:23344"},"morphObj":{"params":{"class":"имя","classMask":22,"info":{"isCapital":true,"isUpper":false},"stack":"((<DictionaryAnalyzer>, u'\\u043c\\u0435\\u0434\\u0438\\u043d\\u0430', 35, 0),)"},"sentenceIndex":[4],"words":["Медина"],"wordsIndex":[7]},"rating":133.33333333333331,"stats":{"counter":67.0,"counterAll":67.0,"isAdjf":0,"isCombo":0,"isComp":0,"isCountry":0,"isEng":0,"isName":1,"isNominal":0,"isNoun":0,"isNum":0,"isPrtf":0,"isSymbol":0,"isUnknown":0,"isVerb":0,"repeat":0.3333333333333333,"weight":0.0003518149978208474,"weightAll":0.0003133154385013234}},"местный":{"indexObj":{"classMask":2,"counter":4644.0,"finded":3196,"isExisted":true,"letterId":14,"meta":"{}","server":"_buber3_","table":"wordIndex.ru","uid":1926,"word":"местный","wordHash":"b73fb3a6a902ac6976d47b0a29772a10_6efcacfa7fd063cf917b5b6d836acad3a4bec5f75701195ac8de541605b81d71b0d5ba03efedc276e4e3356c39aa8598718ff8504026c05bd49f7555e94eaa7a","wordId":"14:1926"},"morphObj":{"params":{"class":"п","classMask":2,"info":{"isCapital":false,"isUpper":false},"stack":"((<DictionaryAnalyzer>, u'\\u043c\\u0435\\u0441\\u0442\\u043d\\u043e\\u0435', 12, 14),)"},"sentenceIndex":[1,9],"words":["местное","местном"],"wordsIndex":[3,6]},"rating":66.66666666666666,"stats":{"counter":4644.0,"counterAll":9288.0,"isAdjf":1,"isCombo":0,"isComp":0,"isCountry":0,"isEng":0,"isName":0,"isNominal":0,"isNoun":0,"isNum":0,"isPrtf":0,"isSymbol":0,"isUnknown":0,"isVerb":0,"repeat":0.6666666666666666,"weight":0.024385505222089782,"weightAll":0.04343393720597451}},"момент":{"indexObj":{"classMask":1,"counter":4002.0,"finded":2796,"isExisted":true,"letterId":14,"meta":"{}","server":"_buber3_","table":"wordIndex.ru","uid":1231,"word":"момент","wordHash":"b74cc4f7106e92402f415b5e48a7a133_c4140757968f67a0e63fe7eef88fd8942b4dc56a881957347463c878835d4ed131aa184cd21d0d920b30f97f3caad7ce602396a839195e3b219f05ed46e0ce37","wordId":"14:1231"},"morphObj":{"params":{"class":"с","classMask":1,"info":{"isCapital":false,"isUpper":false},"stack":"((<DictionaryAnalyzer>, u'\\u043c\\u043e\\u043c\\u0435\\u043d\\u0442', 33, 3),)"},"sentenceIndex":[3,5],"words":["момент","момент"],"wordsIndex":[3,11]},"rating":66.66666666666666,"stats":{"counter":4002.0,"counterAll":8004.0,"isAdjf":0,"isCombo":0,"isComp":0,"isCountry":0,"isEng":0,"isName":0,"isNominal":0,"isNoun":1,"isNum":0,"isPrtf":0,"isSymbol":0,"isUnknown":0,"isVerb":0,"repeat":0.6666666666666666,"weight":0.021014382407149722,"weightAll":0.037429504026337206}},"настоящий":{"indexObj":{"classMask":2,"counter":1283.0,"finded":1047,"isExisted":true,"letterId":13,"meta":"{}","server":"_buber3_","table":"wordIndex.ru","uid":2992,"word":"настоящий","wordHash":"eff5cbbf14410f43e3a2e0c2fe4813b0_ed960e7e3272d55c2be11bb1bf9f1979a6e6af3a163ee9833dc42e51698af5e07d36fbd2d13aeaec931ffdcb06ab290b3024d25c1130b6743366bf70bea2342e","wordId":"13:2992"},"morphObj":{"params":{"class":"п","classMask":2,"info":{"isCapital":false,"isUpper":false},"stack":"((<DictionaryAnalyzer>, u'\\u043d\\u0430\\u0441\\u0442\\u043e\\u044f\\u0449\\u0438\\u0439', 162, 4),)"},"sentenceIndex":[5],"words":["настоящий"],"wordsIndex":[10]},"rating":33.33333333333333,"stats":{"counter":1283.0,"counterAll":1283.0,"isAdjf":1,"isCombo":0,"isComp":0,"isCountry":0,"isEng":0,"isName":0,"isNominal":0,"isNoun":0,"isNum":0,"isPrtf":0,"isSymbol":0,"isUnknown":0,"isVerb":0,"repeat":0.3333333333333333,"weight":0.006736994659763391,"weightAll":0.005999756829808924}},"находиться":{"indexObj":{"classMask":5,"counter":10482.0,"finded":6908,"isExisted":true,"letterId":13,"meta":"{}","server":"_buber3_","table":"wordIndex.ru","uid":1876,"word":"находиться","wordHash":"f3ffd467896f1e18f3bf9780e9b75bea_63690079c639244b767969c14a1c6659694a5ebd5c4e4ceb28de30f8eb7531d79831de290bbfb79c312847359bcfb8978d6a5f82fe5be3139b5a72cdec689fc6","wordId":"13:1876"},"morphObj":{"params":{"class":"г","classMask":5,"info":{"isCapital":false,"isUpper":false},"stack":"((<DictionaryAnalyzer>, u'\\u043d\\u0430\\u0445\\u043e\\u0434\\u0438\\u0442\\u0441\\u044f', 411, 5),)"},"sentenceIndex":[5],"words":["находится"],"wordsIndex":[12]},"rating":33.33333333333333,"stats":{"counter":10482.0,"counterAll":10482.0,"isAdjf":0,"isCombo":0,"isComp":0,"isCountry":0,"isEng":0,"isName":0,"isNominal":0,"isNoun":0,"isNum":0,"isPrtf":0,"isSymbol":0,"isUnknown":0,"isVerb":1,"repeat":0.3333333333333333,"weight":0.05504066876355407,"weightAll":0.04901749890105779}},"начать":{"indexObj":{"classMask":5,"counter":6191.0,"finded":4175,"isExisted":true,"letterId":13,"meta":"{}","server":"_buber3_","table":"wordIndex.ru","uid":801,"word":"начать","wordHash":"a98782fca5acb9c5c790fddba707c83e_a0bb74a587a78edf13d881f8b4b7a02a2a323b5e4c9702fedec29d05291a0ed7d4e40e0f60430a9f077de9206ecfd24f440ecbe0c7710a4e1fcf447ab76fdf01","wordId":"13:801"},"morphObj":{"params":{"class":"г","classMask":5,"info":{"isCapital":false,"isUpper":false},"stack":"((<DictionaryAnalyzer>, u'\\u043d\\u0430\\u0447\\u0430\\u043b', 1302, 1),)"},"sentenceIndex":[6],"words":["начал"],"wordsIndex":[13]},"rating":33.33333333333333,"stats":{"counter":6191.0,"counterAll":6191.0,"isAdjf":0,"isCombo":0,"isComp":0,"isCountry":0,"isEng":0,"isName":0,"isNominal":0,"isNoun":0,"isNum":0,"isPrtf":0,"isSymbol":0,"isUnknown":0,"isVerb":1,"repeat":0.3333333333333333,"weight":0.03250875599266965,"weightAll":0.02895128178748796}},"неизвестный":{"indexObj":{"classMask":2,"counter":640.0,"finded":496,"isExisted":true,"letterId":13,"meta":"{}","server":"_buber3_","table":"wordIndex.ru","uid":667,"word":"неизвестный","wordHash":"55c3df6e0561c202b5d274a78a22c048_4d66f98eab241d8eaa6d9bb2e4585eaf9f84500ec167dc3553e5143ef9b05553d6b3df19549de5cd11a279d1630c8b0e0ba789d141d3032328bd23cb80ba37ec","wordId":"13:667"},"morphObj":{"params":{"class":"п","classMask":2,"info":{"isCapital":false,"isUpper":false},"stack":"((<DictionaryAnalyzer>, u'\\u043d\\u0435\\u0438\\u0437\\u0432\\u0435\\u0441\\u0442\\u043d\\u044b\\u0439', 12, 0),)"},"sentenceIndex":[6],"words":["неизвестный"],"wordsIndex":[3]},"rating":33.33333333333333,"stats":{"counter":640.0,"counterAll":640.0,"isAdjf":1,"isCombo":0,"isComp":0,"isCountry":0,"isEng":0,"isName":0,"isNominal":0,"isNoun":0,"isNum":0,"isPrtf":0,"isSymbol":0,"isUnknown":0,"isVerb":0,"repeat":0.3333333333333333,"weight":0.003360620874706602,"weightAll":0.0029928638901618953}},"оператор":{"indexObj":{"classMask":1,"counter":899.0,"finded":509,"isExisted":true,"letterId":16,"meta":"{}","server":"_buber3_","table":"wordIndex.ru","uid":2453,"word":"оператор","wordHash":"e27847d67ad8e249dac5a5243a56895d_f522458e94158c59d0d8fb456a30581920f47f3d7b7a37036a1e13946179ca511feae373ea000aab6a035b35717bfa31797e038b12392348cbff27f81cecc1b7","wordId":"16:2453"},"morphObj":{"params":{"class":"с","classMask":1,"info":{"isCapital":false,"isUpper":false},"stack":"((<DictionaryAnalyzer>, u'\\u043e\\u043f\\u0435\\u0440\\u0430\\u0442\\u043e\\u0440', 52, 0),)"},"sentenceIndex":[10],"words":["оператор"],"wordsIndex":[13]},"rating":33.33333333333333,"stats":{"counter":899.0,"counterAll":899.0,"isAdjf":0,"isCombo":0,"isComp":0,"isCountry":0,"isEng":0,"isName":0,"isNominal":0,"isNoun":1,"isNum":0,"isPrtf":0,"isSymbol":0,"isUnknown":0,"isVerb":0,"repeat":0.3333333333333333,"weight":0.00472062213493943,"weightAll":0.004204038495711787}},"орган":{"indexObj":{"classMask":1,"counter":2837.0,"finded":1500,"isExisted":true,"letterId":16,"meta":"{}","server":"_buber3_","table":"wordIndex.ru","uid":6152,"word":"орган","wordHash":"0a2132a7d1f627d420f3f79084aac020_83c36d7f675139f61e9aa2a5aa0f790aa3c8379d25b307054330807a4cf0fa94788147d2a53c0bbe531d986d01af184a71e1cc53e01083f26193ef3d6aff4c0e","wordId":"16:6152"},"morphObj":{"params":{"class":"с","classMask":1,"info":{"isCapital":false,"isUpper":false},"stack":"((<DictionaryAnalyzer>, u'\\u043e\\u0440\\u0433\\u0430\\u043d\\u043e\\u0432', 33, 7),)"},"sentenceIndex":[7],"words":["органов"],"wordsIndex":[2]},"rating":33.33333333333333,"stats":{"counter":2837.0,"counterAll":2837.0,"isAdjf":0,"isCombo":0,"isComp":0,"isCountry":0,"isEng":0,"isName":0,"isNominal":0,"isNoun":1,"isNum":0,"isPrtf":0,"isSymbol":0,"isUnknown":0,"isVerb":0,"repeat":0.3333333333333333,"weight":0.014897002221160359,"weightAll":0.013266804463108276}},"отмечать":{"indexObj":{"classMask":5,"counter":1092.0,"finded":793,"isExisted":true,"letterId":16,"meta":"{}","server":"_buber3_","table":"wordIndex.ru","uid":1765,"word":"отмечать","wordHash":"058684a885571cf4286b066a41bd1d8c_bf28ee89dc0103ce1b719250d827d1d0b2c526e919fde3084f596a6acb735853e32f22c26f316324775ad79a6d8ac5a80b4b0b48eb21cf9aaf09eb1c64340e45","wordId":"16:1765"},"morphObj":{"params":{"class":"г","classMask":5,"info":{"isCapital":false,"isUpper":false},"stack":"((<DictionaryAnalyzer>, u'\\u043e\\u0442\\u043c\\u0435\\u0447\\u0430\\u0435\\u0442', 206, 5),)"},"sentenceIndex":[6],"words":["отмечает"],"wordsIndex":[1]},"rating":33.33333333333333,"stats":{"counter":1092.0,"counterAll":1092.0,"isAdjf":0,"isCombo":0,"isComp":0,"isCountry":0,"isEng":0,"isName":0,"isNominal":0,"isNoun":0,"isNum":0,"isPrtf":0,"isSymbol":0,"isUnknown":0,"isVerb":1,"repeat":0.3333333333333333,"weight":0.00573405936746814,"weightAll":0.005106574012588734}},"паркер":{"indexObj":{"classMask":22,"counter":127.0,"finded":63,"isExisted":true,"letterId":15,"meta":"{}","server":"_buber3_","table":"wordIndex.ru","uid":15864,"word":"паркер","wordHash":"6d5d13956aa5fd8593daf5e1508e63cf_2bafa4efb03453149b29aed4c87b72bf7ef72a22c29511c52d46b1c1e9348c96485eebbec5130dd7e4f3f868493aced94d0950d4f19653863d07bd9cff496062","wordId":"15:15864"},"morphObj":{"params":{"class":"имя","classMask":22,"info":{"isCapital":true,"isUpper":false},"stack":"((<DictionaryAnalyzer>, u'\\u043f\\u0430\\u0440\\u043a\\u0435\\u0440', 28, 0),)"},"sentenceIndex":[10],"words":["Паркер"],"wordsIndex":[6]},"rating":133.33333333333331,"stats":{"counter":127.0,"counterAll":127.0,"isAdjf":0,"isCombo":0,"isComp":0,"isCountry":0,"isEng":0,"isName":1,"isNominal":0,"isNoun":0,"isNum":0,"isPrtf":0,"isSymbol":0,"isUnknown":0,"isVerb":0,"repeat":0.3333333333333333,"weight":0.0006668732048245913,"weightAll":0.0005938964282040011}},"погибнуть":{"indexObj":{"classMask":5,"counter":1976.0,"finded":1307,"isExisted":true,"letterId":15,"meta":"{}","server":"_buber3_","table":"wordIndex.ru","uid":150,"word":"погибнуть","wordHash":"05a27286ddc0b2d7d65542547843ce80_ae6c27f6c27ea1bf06caec52f81fa32821433910a62542db5fa3e13d989806ef905314765582d20c19bd7a5c6742262b48b350be9c073fdbf980148e30c3b693","wordId":"15:150"},"morphObj":{"params":{"class":"г","classMask":5,"info":{"isCapital":true,"isUpper":false},"stack":"((<DictionaryAnalyzer>, u'\\u043f\\u043e\\u0433\\u0438\\u0431\\u043b\\u0438', 730, 4),)"},"sentenceIndex":[10],"words":["Погибли"],"wordsIndex":[0]},"rating":33.33333333333333,"stats":{"counter":1976.0,"counterAll":1976.0,"isAdjf":0,"isCombo":0,"isComp":0,"isCountry":0,"isEng":0,"isName":0,"isNominal":0,"isNoun":0,"isNum":0,"isPrtf":0,"isSymbol":0,"isUnknown":0,"isVerb":1,"repeat":0.3333333333333333,"weight":0.010375916950656634,"weightAll":0.009240467260874852}},"погибший":{"indexObj":{"classMask":2,"counter":816.0,"finded":569,"isExisted":true,"letterId":15,"meta":"{}","server":"_buber3_","table":"wordIndex.ru","uid":1472,"word":"погибший","wordHash":"f6902347bb676625c49d36c161ae0d51_65c380870372420e4643cbaf012cbf8e8fb1fccc808cce17824e989b028dc72bf97ddde1a623ce8ec0e6809526cbb01dfa61ee5b1d7069a68e8820f063dc9c5f","wordId":"15:1472"},"morphObj":{"params":{"class":"п","classMask":2,"info":{"isCapital":false,"isUpper":false},"stack":"((<DictionaryAnalyzer>, u'\\u043f\\u043e\\u0433\\u0438\\u0431\\u0448\\u0438\\u0435', 585, 20),)"},"sentenceIndex":[4],"words":["погибшие"],"wordsIndex":[3]},"rating":33.33333333333333,"stats":{"counter":816.0,"counterAll":816.0,"isAdjf":1,"isCombo":0,"isComp":0,"isCountry":0,"isEng":0,"isName":0,"isNominal":0,"isNoun":0,"isNum":0,"isPrtf":0,"isSymbol":0,"isUnknown":0,"isVerb":0,"repeat":0.3333333333333333,"weight":0.0042847916152509175,"weightAll":0.0038159014599564163}},"подозревать":{"indexObj":{"classMask":7,"counter":246.0,"finded":164,"isExisted":true,"letterId":15,"meta":"{}","server":"_buber3_","table":"wordIndex.ru","uid":1193,"word":"подозревать","wordHash":"0477a22687526e2ae03ed2bdd5457c26_7a668eca3a1043bfa5df234e14c5f0d3075df6a7055545d0d90e178c5b13460c34ab9bce6b466c9dbdd16e692c8c60704932689700d60725e4f96700d2c1b448","wordId":"15:1193"},"morphObj":{"params":{"class":"причастие","classMask":7,"info":{"isCapital":false,"isUpper":false},"stack":"((<DictionaryAnalyzer>, u'\\u043f\\u043e\\u0434\\u043e\\u0437\\u0440\\u0435\\u0432\\u0430\\u0435\\u043c\\u044b\\u0445', 206, 88),)"},"sentenceIndex":[7],"words":["подозреваемых"],"wordsIndex":[7]},"rating":33.33333333333333,"stats":{"counter":246.0,"counterAll":246.0,"isAdjf":0,"isCombo":0,"isComp":0,"isCountry":0,"isEng":0,"isName":0,"isNominal":0,"isNoun":0,"isNum":0,"isPrtf":1,"isSymbol":0,"isUnknown":0,"isVerb":0,"repeat":0.3333333333333333,"weight":0.00129173864871535,"weightAll":0.0011503820577809785}},"полиция":{"indexObj":{"classMask":1,"counter":1378.0,"finded":801,"isExisted":true,"letterId":15,"meta":"{}","server":"_buber3_","table":"wordIndex.ru","uid":1260,"word":"полиция","wordHash":"53e633b14d8a294b962caaaa90337880_a2caa2fecd21fbd1a8197d6f5713262b6250f6d6bdd1c11ce18757adeee005eb585725b4ebd3c11626ec2e56baa7c6cfe38ae485eb6530fe093aa11ec8b09663","wordId":"15:1260"},"morphObj":{"params":{"class":"с","classMask":1,"info":{"isCapital":false,"isUpper":false},"stack":"((<DictionaryAnalyzer>, u'\\u043f\\u043e\\u043b\\u0438\\u0446\\u0438\\u0438', 40, 1),)"},"sentenceIndex":[4],"words":["полиции"],"wordsIndex":[2]},"rating":33.33333333333333,"stats":{"counter":1378.0,"counterAll":1378.0,"isAdjf":0,"isCombo":0,"isComp":0,"isCountry":0,"isEng":0,"isName":0,"isNominal":0,"isNoun":1,"isNum":0,"isPrtf":0,"isSymbol":0,"isUnknown":0,"isVerb":0,"repeat":0.3333333333333333,"weight":0.007235836820852652,"weightAll":0.006444010063504831}},"попасть":{"indexObj":{"classMask":5,"counter":1481.0,"finded":1115,"isExisted":true,"letterId":15,"meta":"{}","server":"_buber3_","table":"wordIndex.ru","uid":3048,"word":"попасть","wordHash":"7242166ef061872ed0de31749ef87436_b4330c8d27e91e24db4222694ec5ad173d741a980073b828bb8d0d27376d83469f0fe14f97170d63dfe5993cdeaa6a62f49b2d09bd2ba990147ad405a7d0d053","wordId":"15:3048"},"morphObj":{"params":{"class":"г","classMask":5,"info":{"isCapital":false,"isUpper":false},"stack":"((<DictionaryAnalyzer>, u'\\u043f\\u043e\\u043f\\u0430\\u043b', 913, 1),)"},"sentenceIndex":[3],"words":["попал"],"wordsIndex":[2]},"rating":33.33333333333333,"stats":{"counter":1481.0,"counterAll":1481.0,"isAdjf":0,"isCombo":0,"isComp":0,"isCountry":0,"isEng":0,"isName":0,"isNominal":0,"isNoun":0,"isNum":0,"isPrtf":0,"isSymbol":0,"isUnknown":0,"isVerb":1,"repeat":0.3333333333333333,"weight":0.007776686742875747,"weightAll":0.00692567409582776}},"правоохранительный":{"indexObj":{"classMask":2,"counter":312.0,"finded":246,"isExisted":true,"letterId":15,"meta":"{}","server":"_buber3_","table":"wordIndex.ru","uid":10999,"word":"правоохранительный","wordHash":"ae27f8796f8852073d8d9cbbf2e92ea7_2a821b7c1994ced4f2436d3d7fb5477ad043bd7e03e0530bd067382eac67ce6f35a98e5919d94c8492f8e0e704f6cd070ed4a77412647f77d5188e35d43ce870","wordId":"15:10999"},"morphObj":{"params":{"class":"п","classMask":2,"info":{"isCapital":false,"isUpper":false},"stack":"((<DictionaryAnalyzer>, u'\\u043f\\u0440\\u0430\\u0432\\u043e\\u043e\\u0445\\u0440\\u0430\\u043d\\u0438\\u0442\\u0435\\u043b\\u044c\\u043d\\u044b\\u0445', 10, 21),)"},"sentenceIndex":[7],"words":["правоохранительных"],"wordsIndex":[1]},"rating":33.33333333333333,"stats":{"counter":312.0,"counterAll":312.0,"isAdjf":1,"isCombo":0,"isComp":0,"isCountry":0,"isEng":0,"isName":0,"isNominal":0,"isNoun":0,"isNum":0,"isPrtf":0,"isSymbol":0,"isUnknown":0,"isVerb":0,"repeat":0.3333333333333333,"weight":0.0016383026764194685,"weightAll":0.0014590211464539239}},"присутствующий":{"indexObj":{"classMask":2,"counter":96.0,"finded":94,"isExisted":true,"letterId":15,"meta":"{}","server":"_buber3_","table":"wordIndex.ru","uid":5163,"word":"присутствующий","wordHash":"9add44edf02674d5fbebd9eb8989d5fb_2613ecbe5ae79a57d56a90a82d2b90c0faa5bc0d902ead9370e3581bbee2b0901edcfe4aa93c9238c3632ffe978467578056c988d08829cf0ac36722c4089a59","wordId":"15:5163"},"morphObj":{"params":{"class":"п","classMask":2,"info":{"isCapital":false,"isUpper":false},"stack":"((<DictionaryAnalyzer>, u'\\u043f\\u0440\\u0438\\u0441\\u0443\\u0442\\u0441\\u0442\\u0432\\u0443\\u044e\\u0449\\u0438\\u043c', 162, 5),)"},"sentenceIndex":[6],"words":["присутствующим"],"wordsIndex":[16]},"rating":33.33333333333333,"stats":{"counter":96.0,"counterAll":96.0,"isAdjf":1,"isCombo":0,"isComp":0,"isCountry":0,"isEng":0,"isName":0,"isNominal":0,"isNoun":0,"isNum":0,"isPrtf":0,"isSymbol":0,"isUnknown":0,"isVerb":0,"repeat":0.3333333333333333,"weight":0.0005040931312059904,"weightAll":0.00044892958352428427}},"причастность":{"indexObj":{"classMask":1,"counter":133.0,"finded":107,"isExisted":true,"letterId":15,"meta":"{}","server":"_buber3_","table":"wordIndex.ru","uid":11280,"word":"причастность","wordHash":"79e6e4b639805fed5216565377a8a51d_8842f1b5ee222d338967233a85b12f5f27f2aeedad52995589e80529d310f45fa9b6a78468b9823fa53fc7b9ca76f50c3cac37c5e161b437d6a12aab01638220","wordId":"15:11280"},"morphObj":{"params":{"class":"с","classMask":1,"info":{"isCapital":false,"isUpper":false},"stack":"((<DictionaryAnalyzer>, u'\\u043f\\u0440\\u0438\\u0447\\u0430\\u0441\\u0442\\u043d\\u043e\\u0441\\u0442\\u0438', 13, 1),)"},"sentenceIndex":[7],"words":["причастности"],"wordsIndex":[9]},"rating":33.33333333333333,"stats":{"counter":133.0,"counterAll":133.0,"isAdjf":0,"isCombo":0,"isComp":0,"isCountry":0,"isEng":0,"isName":0,"isNominal":0,"isNoun":1,"isNum":0,"isPrtf":0,"isSymbol":0,"isUnknown":0,"isVerb":0,"repeat":0.3333333333333333,"weight":0.0006983790255249658,"weightAll":0.0006219545271742688}},"продюсер":{"indexObj":{"classMask":1,"counter":1260.0,"finded":703,"isExisted":true,"letterId":15,"meta":"{}","server":"_buber3_","table":"wordIndex.ru","uid":1538,"word":"продюсер","wordHash":"28e612edd743649a6daf87caa199e877_ef5796c76df93678e1933a04bf1b6c0c5da46e13f33aa5cab36bb74aa38a69c8871b8e10665e381ea859f734f5e4d51a8c88fdca2bbde36785e74f9a47fe6883","wordId":"15:1538"},"morphObj":{"params":{"class":"с","classMask":1,"info":{"isCapital":false,"isUpper":false},"stack":"((<DictionaryAnalyzer>, u'\\u043f\\u0440\\u043e\\u0434\\u044e\\u0441\\u0435\\u0440', 52, 0),)"},"sentenceIndex":[4],"words":["продюсер"],"wordsIndex":[9]},"rating":33.33333333333333,"stats":{"counter":1260.0,"counterAll":1260.0,"isAdjf":0,"isCombo":0,"isComp":0,"isCountry":0,"isEng":0,"isName":0,"isNominal":0,"isNoun":1,"isNum":0,"isPrtf":0,"isSymbol":0,"isUnknown":0,"isVerb":0,"repeat":0.3333333333333333,"weight":0.0066162223470786225,"weightAll":0.005892200783756231}},"прямая":{"indexObj":{"classMask":1,"counter":1054.0,"finded":809,"isExisted":true,"letterId":15,"meta":"{}","server":"_buber3_","table":"wordIndex.ru","uid":2604,"word":"прямая","wordHash":"94bc63859002d07d8bd5ee5aa1310d2a_1333fdcdf5187da596d93905c8c185ff7a6ddbbd1b53dc6cb8118c125ff31c1667cdd3649c56dad7e319011c138a7f592fcd2526ea3786375ac8357aa6c849f8","wordId":"15:2604"},"morphObj":{"params":{"class":"с","classMask":1,"info":{"isCapital":false,"isUpper":false},"stack":"((<DictionaryAnalyzer>, u'\\u043f\\u0440\\u044f\\u043c\\u0443\\u044e', 115, 3),)"},"sentenceIndex":[2],"words":["прямую"],"wordsIndex":[6]},"rating":33.33333333333333,"stats":{"counter":1054.0,"counterAll":1054.0,"isAdjf":0,"isCombo":0,"isComp":0,"isCountry":0,"isEng":0,"isName":0,"isNominal":0,"isNoun":1,"isNum":0,"isPrtf":0,"isSymbol":0,"isUnknown":0,"isVerb":0,"repeat":0.3333333333333333,"weight":0.005534522503032435,"weightAll":0.004928872719110371}},"прямой":{"indexObj":{"classMask":2,"counter":482.0,"finded":376,"isExisted":true,"letterId":15,"meta":"{}","server":"_buber3_","table":"wordIndex.ru","uid":2169,"word":"прямой","wordHash":"bab546d452dea1178d7f3c33639174ee_011596c09ee2ce8bda30e5419766b0ef2b67d166c506a7fdabcf8135a21cfb8fe7d88656f6ae195922c91c30cb971478885d6199523daf773646e1b14907b518","wordId":"15:2169"},"morphObj":{"params":{"class":"п","classMask":2,"info":{"isCapital":false,"isUpper":false},"stack":"((<DictionaryAnalyzer>, u'\\u043f\\u0440\\u044f\\u043c\\u043e\\u0433\\u043e', 1162, 15),)"},"sentenceIndex":[0,8],"words":["прямого","прямого"],"wordsIndex":[5,7]},"rating":66.66666666666666,"stats":{"counter":482.0,"counterAll":964.0,"isAdjf":1,"isCombo":0,"isComp":0,"isCountry":0,"isEng":0,"isName":0,"isNominal":0,"isNoun":0,"isNum":0,"isPrtf":0,"isSymbol":0,"isUnknown":0,"isVerb":0,"repeat":0.6666666666666666,"weight":0.0025309675962634096,"weightAll":0.004508001234556355}},"радио":{"indexObj":{"classMask":1,"counter":579.0,"finded":431,"isExisted":true,"letterId":18,"meta":"{}","server":"_buber3_","table":"wordIndex.ru","uid":3356,"word":"радио","wordHash":"728026ee538f2bfaf840a11759cdee71_0c22579458ea6f01bb9b93dcc8ea39d61669c42a8f1a226aa59d2e6138f3be134b169368707cd0fc13d8db31dfdd07ff47f73d994612aad098ac4a970a5746e6","wordId":"18:3356"},"morphObj":{"params":{"class":"с","classMask":1,"info":{"isCapital":false,"isUpper":false},"stack":"((<DictionaryAnalyzer>, u'\\u0440\\u0430\\u0434\\u0438\\u043e', 23, 0),)"},"sentenceIndex":[4],"words":["радио"],"wordsIndex":[10]},"rating":33.33333333333333,"stats":{"counter":579.0,"counterAll":579.0,"isAdjf":0,"isCombo":0,"isComp":0,"isCountry":0,"isEng":0,"isName":0,"isNominal":0,"isNoun":1,"isNum":0,"isPrtf":0,"isSymbol":0,"isUnknown":0,"isVerb":0,"repeat":0.3333333333333333,"weight":0.003040311697586129,"weightAll":0.0027076065506308395}},"радиоведущий":{"indexObj":{"classMask":2,"counter":27.0,"finded":24,"isExisted":true,"letterId":18,"meta":"{}","server":"_buber3_","table":"wordIndex.ru","uid":17963,"word":"радиоведущий","wordHash":"f5f149e16a6f5809e78489bbcd38ed06_07691bd890392b862210c9254032ca0fc7ef4ee0063ac027130ba171d923d0d25e0389adea32b7c589c449c425a48ebeedd1f4eeff1562d58a48375944a67b45","wordId":"18:17963"},"morphObj":{"params":{"class":"п","classMask":2,"info":{"isCapital":false,"isUpper":false},"stack":"((<DictionaryAnalyzer>, u'\\u0432\\u0435\\u0434\\u0443\\u0449\\u0438\\u0439', 659, 0), (<KnownPrefixAnalyzer>, u'\\u0440\\u0430\\u0434\\u0438\\u043e'))"},"sentenceIndex":[2],"words":["радиоведущий"],"wordsIndex":[3]},"rating":33.33333333333333,"stats":{"counter":27.0,"counterAll":27.0,"isAdjf":1,"isCombo":0,"isComp":0,"isCountry":0,"isEng":0,"isName":0,"isNominal":0,"isNoun":0,"isNum":0,"isPrtf":0,"isSymbol":0,"isUnknown":0,"isVerb":0,"repeat":0.3333333333333333,"weight":0.00014177619315168478,"weightAll":0.00012626144536620495}},"радиостанция":{"indexObj":{"classMask":1,"counter":496.0,"finded":267,"isExisted":true,"letterId":18,"meta":"{}","server":"_buber3_","table":"wordIndex.ru","uid":2093,"word":"радиостанция","wordHash":"520ba290d9929f22fbd8c46b08272a7c_7a57b04b31d8272adf87d8184047443ea10622678e6bcfb8d0ba9c6370d946a8b8023302adf42f560b775ba7d6411eedd7e0d1052731e57d971aa110d73e7cf8","wordId":"18:2093"},"morphObj":{"params":{"class":"с","classMask":1,"info":{"isCapital":false,"isUpper":false},"stack":"((<DictionaryAnalyzer>, u'\\u0440\\u0430\\u0434\\u0438\\u043e\\u0441\\u0442\\u0430\\u043d\\u0446\\u0438\\u0438', 40, 1),)"},"sentenceIndex":[6],"words":["радиостанции"],"wordsIndex":[7]},"rating":33.33333333333333,"stats":{"counter":496.0,"counterAll":496.0,"isAdjf":0,"isCombo":0,"isComp":0,"isCountry":0,"isEng":0,"isName":0,"isNominal":0,"isNoun":1,"isNum":0,"isPrtf":0,"isSymbol":0,"isUnknown":0,"isVerb":0,"repeat":0.3333333333333333,"weight":0.0026044811778976164,"weightAll":0.002319469514875469}},"радиоэфир":{"indexObj":{"classMask":1,"counter":21.0,"finded":17,"isExisted":true,"letterId":18,"meta":"{}","server":"_buber3_","table":"wordIndex.ru","uid":10038,"word":"радиоэфир","wordHash":"8c1402f83f979104007b57b30900ba27_cb538d59a27d35c4ace710fa131e7348fef56770d813a5cea7696c32b439c5270d2749ac7bca9436eff296235f42f1dabed6bc6ea5e149b67c2322eec77eae04","wordId":"18:10038"},"morphObj":{"params":{"class":"с","classMask":1,"info":{"isCapital":false,"isUpper":false},"stack":"((<DictionaryAnalyzer>, u'\\u044d\\u0444\\u0438\\u0440\\u0430', 158, 1), (<KnownPrefixAnalyzer>, u'\\u0440\\u0430\\u0434\\u0438\\u043e'))"},"sentenceIndex":[0],"words":["радиоэфира"],"wordsIndex":[6]},"rating":33.33333333333333,"stats":{"counter":21.0,"counterAll":21.0,"isAdjf":0,"isCombo":0,"isComp":0,"isCountry":0,"isEng":0,"isName":0,"isNominal":0,"isNoun":1,"isNum":0,"isPrtf":0,"isSymbol":0,"isUnknown":0,"isVerb":0,"repeat":0.3333333333333333,"weight":0.00011027037245131038,"weightAll":9.820334639593718e-05}},"раненый":{"indexObj":{"classMask":3,"counter":847.0,"finded":499,"isExisted":true,"letterId":18,"meta":"{}","server":"_buber3_","table":"wordIndex.ru","uid":11383,"word":"раненый","wordHash":"fabfde8ca3a84095be46eacccc3b7f13_4642b9cbba215162732b90ad024953e532763f4444b92f0803f99cd93781880c0ef91bd4bf4fff851874ac9afb1d9f77d6c1d82c97bf2e2d229d2f80478e1041","wordId":"18:11383"},"morphObj":{"params":{"class":"кр_прил","classMask":3,"info":{"isCapital":false,"isUpper":false},"stack":"((<DictionaryAnalyzer>, u'\\u0440\\u0430\\u043d\\u0435\\u043d\\u0430', 72, 28),)"},"sentenceIndex":[5],"words":["ранена"],"wordsIndex":[6]},"rating":33.33333333333333,"stats":{"counter":847.0,"counterAll":847.0,"isAdjf":1,"isCombo":0,"isComp":0,"isCountry":0,"isEng":0,"isName":0,"isNominal":0,"isNoun":0,"isNum":0,"isPrtf":0,"isSymbol":0,"isUnknown":0,"isVerb":0,"repeat":0.3333333333333333,"weight":0.004447571688869519,"weightAll":0.003960868304636133}},"репортёр":{"indexObj":{"classMask":1,"counter":97.0,"finded":74,"isExisted":true,"letterId":18,"meta":"{}","server":"_buber3_","table":"wordIndex.ru","uid":52921,"word":"репортёр","wordHash":"6c0b64c86185c43e330a8657c5e7f17d_ce03bed49e292311374888901843086a08e92c61206ccf30e459a08e9e8350dd8d9c5d660ca49da8b6df77e43740ce3a7844be8607a12466006b14948a69aad6","wordId":"18:52921"},"morphObj":{"params":{"class":"с","classMask":1,"info":{"isCapital":false,"isUpper":false},"stack":"((<DictionaryAnalyzer>, u'\\u0440\\u0435\\u043f\\u043e\\u0440\\u0442\\u0451\\u0440\\u0430', 52, 1),)"},"sentenceIndex":[8],"words":["репортера"],"wordsIndex":[11]},"rating":33.33333333333333,"stats":{"counter":97.0,"counterAll":97.0,"isAdjf":0,"isCombo":0,"isComp":0,"isCountry":0,"isEng":0,"isName":0,"isNominal":0,"isNoun":1,"isNum":0,"isPrtf":0,"isSymbol":0,"isUnknown":0,"isVerb":0,"repeat":0.3333333333333333,"weight":0.0005093441013227193,"weightAll":0.00045360593335266224}},"республика":{"indexObj":{"classMask":1,"counter":1227.0,"finded":751,"isExisted":true,"letterId":18,"meta":"{}","server":"_buber3_","table":"wordIndex.ru","uid":2271,"word":"республика","wordHash":"170c600eca8c0b6deb3cbc3a33c6eec7_08293339173e59c48060fd8a875a9cb950b44fefac6921e9ba188491dceb371020a7ddd964de829ef1a33650e2a71611cb7a68980c229e8451429dee4c0c4003","wordId":"18:2271"},"morphObj":{"params":{"class":"с","classMask":1,"info":{"isCapital":false,"isUpper":false},"stack":"((<DictionaryAnalyzer>, u'\\u0440\\u0435\\u0441\\u043f\\u0443\\u0431\\u043b\\u0438\\u043a\\u0435', 43, 6),)"},"sentenceIndex":[0],"words":["республике"],"wordsIndex":[2]},"rating":33.33333333333333,"stats":{"counter":1227.0,"counterAll":1227.0,"isAdjf":0,"isCombo":0,"isComp":0,"isCountry":0,"isEng":0,"isName":0,"isNominal":0,"isNoun":1,"isNum":0,"isPrtf":0,"isSymbol":0,"isUnknown":0,"isVerb":0,"repeat":0.3333333333333333,"weight":0.006442940333226564,"weightAll":0.0057378812394197586}},"свой":{"indexObj":{"classMask":2,"counter":32745.0,"finded":11584,"isExisted":true,"letterId":17,"meta":"{}","server":"_buber3_","table":"wordIndex.ru","uid":236,"word":"свой","wordHash":"d6faa737e864693849cd76c07c2e44d1_79a010cdde6958f33f43c9b8cf61eb16f7aad0b92a4eb90b9118b00ac56196c56394370eb6e8aa0d5e6ddb3d09f6f8987a9fded51ea0e9432ae8fafeec3e4938","wordId":"17:236"},"morphObj":{"params":{"class":"п","classMask":2,"info":{"isCapital":false,"isUpper":false},"stack":"((<DictionaryAnalyzer>, u'\\u0441\\u0432\\u043e\\u0435\\u0439', 2737, 8),)"},"sentenceIndex":[9],"words":["своей"],"wordsIndex":[2]},"rating":33.33333333333333,"stats":{"counter":32745.0,"counterAll":32745.0,"isAdjf":1,"isCombo":0,"isComp":0,"isCountry":0,"isEng":0,"isName":0,"isNominal":0,"isNoun":0,"isNum":0,"isPrtf":0,"isSymbol":0,"isUnknown":0,"isVerb":0,"repeat":0.3333333333333333,"weight":0.17194301647229326,"weightAll":0.15312707513023635}},"слово":{"indexObj":{"classMask":1,"counter":5453.0,"finded":3155,"isExisted":true,"letterId":17,"meta":"{}","server":"_buber3_","table":"wordIndex.ru","uid":125,"word":"слово","wordHash":"4a61f7bb50c173ed273c39a64cee8606_717f0a450ae4219ac63203338ef9b6eb3c5967d0c3b0a381a33741871bf28520d82807b92e405961f15e57800a1fc347e47e912579fcb90407e7a2cb0e9630e6","wordId":"17:125"},"morphObj":{"params":{"class":"с","classMask":1,"info":{"isCapital":false,"isUpper":false},"stack":"((<DictionaryAnalyzer>, u'\\u0441\\u043b\\u043e\\u0432\\u0430', 54, 1),)"},"sentenceIndex":[6],"words":["слова"],"wordsIndex":[12]},"rating":33.33333333333333,"stats":{"counter":5453.0,"counterAll":5453.0,"isAdjf":0,"isCombo":0,"isComp":0,"isCountry":0,"isEng":0,"isName":0,"isNominal":0,"isNoun":1,"isNum":0,"isPrtf":0,"isSymbol":0,"isUnknown":0,"isVerb":0,"repeat":0.3333333333333333,"weight":0.028633540046523596,"weightAll":0.025500135614145023}},"слышный":{"indexObj":{"classMask":3,"counter":60.0,"finded":53,"isExisted":true,"letterId":17,"meta":"{}","server":"_buber3_","table":"wordIndex.ru","uid":72697,"word":"слышный","wordHash":"786ea2734739e286154ffd70a553994b_0a77c7c3c07b2c1f356cbc4139ed0d47636e2b598015607cbae07a6ceb23bd2878a51b21a95fb5668df236ae88c1339f9e66ec6b1e387bdc18b0b793cbc78b17","wordId":"17:72697"},"morphObj":{"params":{"class":"кр_прил","classMask":3,"info":{"isCapital":false,"isUpper":false},"stack":"((<DictionaryAnalyzer>, u'\\u0441\\u043b\\u044b\\u0448\\u043d\\u044b', 12, 30),)"},"sentenceIndex":[3],"words":["слышны"],"wordsIndex":[6]},"rating":33.33333333333333,"stats":{"counter":60.0,"counterAll":60.0,"isAdjf":1,"isCombo":0,"isComp":0,"isCountry":0,"isEng":0,"isName":0,"isNominal":0,"isNoun":0,"isNum":0,"isPrtf":0,"isSymbol":0,"isUnknown":0,"isVerb":0,"repeat":0.3333333333333333,"weight":0.00031505820700374396,"weightAll":0.00028058098970267767}},"собеседница":{"indexObj":{"classMask":1,"counter":7.0,"finded":7,"isExisted":true,"letterId":17,"meta":"{}","server":"_buber3_","table":"wordIndex.ru","uid":96714,"word":"собеседница","wordHash":"3f8f3d893dfce86c743e1cc798cc7630_d0ba3b44940b8fd627dd5c69874695243009a56eed25c1e174413ee294c3cf915dc5af1b28c458f1ba68f9fa78051570a721fd51a41779fa739c88301e96ffcb","wordId":"17:96714"},"morphObj":{"params":{"class":"с","classMask":1,"info":{"isCapital":false,"isUpper":false},"stack":"((<DictionaryAnalyzer>, u'\\u0441\\u043e\\u0431\\u0435\\u0441\\u0435\\u0434\\u043d\\u0438\\u0446\\u0435', 143, 2),)"},"sentenceIndex":[9],"words":["собеседнице"],"wordsIndex":[3]},"rating":33.33333333333333,"stats":{"counter":7.0,"counterAll":7.0,"isAdjf":0,"isCombo":0,"isComp":0,"isCountry":0,"isEng":0,"isName":0,"isNominal":0,"isNoun":1,"isNum":0,"isPrtf":0,"isSymbol":0,"isUnknown":0,"isVerb":0,"repeat":0.3333333333333333,"weight":3.675679081710346e-05,"weightAll":3.273444879864573e-05}},"сообщать":{"indexObj":{"classMask":5,"counter":1902.0,"finded":1661,"isExisted":true,"letterId":17,"meta":"{}","server":"_buber3_","table":"wordIndex.ru","uid":1954,"word":"сообщать","wordHash":"49044442e835fd02adb8c0061842f160_3568d244b5557ea9339e4a027955ca45bc74a7fe56e13513f1809390a8f28f2099018a78a11c67d281322590295a263ae7f2eb7fd9f02cf60495a9e0f85150a0","wordId":"17:1954"},"morphObj":{"params":{"class":"г","classMask":5,"info":{"isCapital":false,"isUpper":false},"stack":"((<DictionaryAnalyzer>, u'\\u0441\\u043e\\u043e\\u0431\\u0449\\u0430\\u0435\\u0442', 206, 5),)"},"sentenceIndex":[1],"words":["сообщает"],"wordsIndex":[2]},"rating":33.33333333333333,"stats":{"counter":1902.0,"counterAll":1902.0,"isAdjf":0,"isCombo":0,"isComp":0,"isCountry":0,"isEng":0,"isName":0,"isNominal":0,"isNoun":0,"isNum":0,"isPrtf":0,"isSymbol":0,"isUnknown":0,"isVerb":1,"repeat":0.3333333333333333,"weight":0.009987345162018683,"weightAll":0.008894417373574883}},"сотрудник":{"indexObj":{"classMask":1,"counter":2214.0,"finded":1444,"isExisted":true,"letterId":17,"meta":"{}","server":"_buber3_","table":"wordIndex.ru","uid":1431,"word":"сотрудник","wordHash":"6718722c4dabc1c24d33df2d00a111c9_993e7a6d48ee6a723df73ce103059ec7a29dccc777fbf65ff3e95fd936336b7fc2c34e99d4b851e168d0db0cb5a4c00cee66c652fe6cdff52f61c1953d97b929","wordId":"17:1431"},"morphObj":{"params":{"class":"с","classMask":1,"info":{"isCapital":true,"isUpper":false},"stack":"((<DictionaryAnalyzer>, u'\\u0441\\u043e\\u0442\\u0440\\u0443\\u0434\\u043d\\u0438\\u043a\\u0438', 2, 6),)"},"sentenceIndex":[7],"words":["Сотрудники"],"wordsIndex":[0]},"rating":33.33333333333333,"stats":{"counter":2214.0,"counterAll":2214.0,"isAdjf":0,"isCombo":0,"isComp":0,"isCountry":0,"isEng":0,"isName":0,"isNominal":0,"isNoun":1,"isNum":0,"isPrtf":0,"isSymbol":0,"isUnknown":0,"isVerb":0,"repeat":0.3333333333333333,"weight":0.011625647838438152,"weightAll":0.010353438520028806}},"стрелка":{"indexObj":{"classMask":1,"counter":319.0,"finded":210,"isExisted":true,"letterId":17,"meta":"{}","server":"_buber3_","table":"wordIndex.ru","uid":9542,"word":"стрелка","wordHash":"0f9344f1f25c8e4ebd7579315d5fbb17_5721c7747912a31af0656d8c804e443cd2b126e013457e810eafe9328a1086e6b03a0f4a8a789c232d49ba9594261f980b474af0b3449772e4ded5afd79659d3","wordId":"17:9542"},"morphObj":{"params":{"class":"с","classMask":1,"info":{"isCapital":false,"isUpper":false},"stack":"((<DictionaryAnalyzer>, u'\\u0441\\u0442\\u0440\\u0435\\u043b\\u043e\\u043a', 8, 8),)"},"sentenceIndex":[8],"words":["стрелок"],"wordsIndex":[9]},"rating":33.33333333333333,"stats":{"counter":319.0,"counterAll":319.0,"isAdjf":0,"isCombo":0,"isComp":0,"isCountry":0,"isEng":0,"isName":0,"isNominal":0,"isNoun":1,"isNum":0,"isPrtf":0,"isSymbol":0,"isUnknown":0,"isVerb":0,"repeat":0.3333333333333333,"weight":0.001675059467236572,"weightAll":0.0014917555952525697}},"стрельба":{"indexObj":{"classMask":1,"counter":660.0,"finded":273,"isExisted":true,"letterId":17,"meta":"{}","server":"_buber3_","table":"wordIndex.ru","uid":9520,"word":"стрельба","wordHash":"d796863b530d6b8c024bbf2985734235_a9b73361c6514a198a3415dc395a1a14b2415e348c7f37e87bd8395c6e3d5bbdee93ef525ffbc348e6f4440d99fd0552c8351e2467ced7ebc29637cce5258c4a","wordId":"17:9520"},"morphObj":{"params":{"class":"с","classMask":1,"info":{"isCapital":false,"isUpper":false},"stack":"((<DictionaryAnalyzer>, u'\\u0441\\u0442\\u0440\\u0435\\u043b\\u044c\\u0431\\u0430', 55, 0),)"},"sentenceIndex":[3,5,7],"words":["стрельба","стрельбы","стрельбе"],"wordsIndex":[7,4,11]},"rating":100.0,"stats":{"counter":660.0,"counterAll":1980.0,"isAdjf":0,"isCombo":0,"isComp":0,"isCountry":0,"isEng":0,"isName":0,"isNominal":0,"isNoun":1,"isNum":0,"isPrtf":0,"isSymbol":0,"isUnknown":0,"isVerb":0,"repeat":1.0,"weight":0.0034656402770411833,"weightAll":0.009259172660188364}},"стрелять":{"indexObj":{"classMask":6,"counter":83.0,"finded":63,"isExisted":true,"letterId":17,"meta":"{}","server":"_buber3_","table":"wordIndex.ru","uid":39995,"word":"стрелять","wordHash":"9a83dd97292aba9aa860a852827b4233_080f7bf175ec28ce226a3c048b71c20eaf1e07e0276b44394e8ad0ea7632266bb93383885b467e0ed685646b9ddc15905f34eab7c6dd4b110e7147c0de6799c8","wordId":"17:39995"},"morphObj":{"params":{"class":"инфинитив","classMask":6,"info":{"isCapital":false,"isUpper":false},"stack":"((<DictionaryAnalyzer>, u'\\u0441\\u0442\\u0440\\u0435\\u043b\\u044f\\u0442\\u044c', 303, 0),)"},"sentenceIndex":[6],"words":["стрелять"],"wordsIndex":[14]},"rating":33.33333333333333,"stats":{"counter":83.0,"counterAll":83.0,"isAdjf":0,"isCombo":0,"isComp":0,"isCountry":0,"isEng":0,"isName":0,"isNominal":0,"isNoun":0,"isNum":0,"isPrtf":0,"isSymbol":0,"isUnknown":0,"isVerb":1,"repeat":0.3333333333333333,"weight":0.00043583051968851244,"weightAll":0.00038813703575537077}},"студия":{"indexObj":{"classMask":1,"counter":1257.0,"finded":749,"isExisted":true,"letterId":17,"meta":"{}","server":"_buber3_","table":"wordIndex.ru","uid":4124,"word":"студия","wordHash":"92bc38ac8788c3dbe8551413cd19b106_23b6e777a8a37959743101981396305dc9dc11eed567b4c265156698acfcae84e3c5507eafd374788a75941607a3d5c4e98f99992967f2ee6d586d569030a70e","wordId":"17:4124"},"morphObj":{"params":{"class":"с","classMask":1,"info":{"isCapital":false,"isUpper":false},"stack":"((<DictionaryAnalyzer>, u'\\u0441\\u0442\\u0443\\u0434\\u0438\\u044e', 40, 3),)"},"sentenceIndex":[6],"words":["студию"],"wordsIndex":[6]},"rating":33.33333333333333,"stats":{"counter":1257.0,"counterAll":1257.0,"isAdjf":0,"isCombo":0,"isComp":0,"isCountry":0,"isEng":0,"isName":0,"isNominal":0,"isNoun":1,"isNum":0,"isPrtf":0,"isSymbol":0,"isUnknown":0,"isVerb":0,"repeat":0.3333333333333333,"weight":0.006600469436728436,"weightAll":0.005878171734271098}},"сша":{"indexObj":{"classMask":1,"counter":9247.0,"finded":3991,"isExisted":true,"letterId":17,"meta":"{}","server":"_buber3_","table":"wordIndex.ru","uid":62,"word":"сша","wordHash":"a965ed77a49d08ca4329c8ded6bd22e2_ed569dcb6ebfeafd5c83afacde77d058d94bd1d692db9f4082179a78e3d91a333e9a0687d64fa6667ce036356c640930ad90f23d690b88dd094edfa2e319d409","wordId":"17:62"},"morphObj":{"params":{"class":"с","classMask":1,"info":{"isCapital":false,"isUpper":true},"stack":"((<DictionaryAnalyzer>, u'\\u0441\\u0448\\u0430', 1828, 1),)"},"sentenceIndex":[8],"words":["США"],"wordsIndex":[4]},"rating":33.33333333333333,"stats":{"counter":9247.0,"counterAll":9247.0,"isAdjf":0,"isCombo":0,"isComp":0,"isCountry":0,"isEng":0,"isName":0,"isNominal":0,"isNoun":1,"isNum":0,"isPrtf":0,"isSymbol":0,"isUnknown":0,"isVerb":0,"repeat":0.3333333333333333,"weight":0.04855572066939367,"weightAll":0.04324220686301101}},"телеканал":{"indexObj":{"classMask":1,"counter":946.0,"finded":591,"isExisted":true,"letterId":20,"meta":"{}","server":"_buber3_","table":"wordIndex.ru","uid":1703,"word":"телеканал","wordHash":"cde4b26bd191062dd0f3025a3bd70df9_dc13cad4f04737d9090f68ed7432b35344761a964a9984df1a2b636d2c752e54b06c81bb7924ea7fa88378f1ad17367a1e539a98ba743c881e8fc6022a1e10fa","wordId":"20:1703"},"morphObj":{"params":{"class":"с","classMask":1,"info":{"isCapital":false,"isUpper":false},"stack":"((<DictionaryAnalyzer>, u'\\u0442\\u0435\\u043b\\u0435\\u043a\\u0430\\u043d\\u0430\\u043b\\u0430', 33, 1),)"},"sentenceIndex":[8],"words":["телеканала"],"wordsIndex":[15]},"rating":33.33333333333333,"stats":{"counter":946.0,"counterAll":946.0,"isAdjf":0,"isCombo":0,"isComp":0,"isCountry":0,"isEng":0,"isName":0,"isNominal":0,"isNoun":1,"isNum":0,"isPrtf":0,"isSymbol":0,"isUnknown":0,"isVerb":0,"repeat":0.3333333333333333,"weight":0.0049674177304256965,"weightAll":0.004423826937645551}},"тот":{"indexObj":{"classMask":1122,"counter":28981.0,"finded":11245,"isExisted":true,"letterId":20,"meta":"{}","server":"_buber3_","table":"wordIndex.ru","uid":151,"word":"тот","wordHash":"ddb1ee3516c1f9e308ce6fc9db8af22a_228c07e9a837be03dd65fd08d9bef64c1adb98ccfcff37583c3a09c772d53e55f31a4e52e249cc052ec5d28cb0d091991b0ee9af5d50438d620411f196bde625","wordId":"20:151"},"morphObj":{"params":{"class":"имя","classMask":1122,"info":{"isCapital":false,"isCountry":true,"isUpper":false},"stack":"((<DictionaryAnalyzer>, u'\\u0442\\u043e\\u0433\\u043e', 2900, 14),)"},"sentenceIndex":[5],"words":["того"],"wordsIndex":[1]},"rating":333.3333333333333,"stats":{"counter":28981.0,"counterAll":28981.0,"isAdjf":0,"isCombo":0,"isComp":0,"isCountry":1,"isEng":0,"isName":1,"isNominal":0,"isNoun":0,"isNum":0,"isPrtf":0,"isSymbol":0,"isUnknown":0,"isVerb":0,"repeat":0.3333333333333333,"weight":0.15217836495292505,"weightAll":0.13552529437622168}},"трансляция":{"indexObj":{"classMask":1,"counter":243.0,"finded":163,"isExisted":true,"letterId":20,"meta":"{}","server":"_buber3_","table":"wordIndex.ru","uid":2666,"word":"трансляция","wordHash":"c8978ec760ae1eb29ec596ef31afa445_89784abce82fb3d0ba75990e5e142900eb393a19d1b345905751ae977e06e1486a8203b160d63ce100e55d8d6082615dd77e8c3ef7f6e1cf710d2db1c0c46a21","wordId":"20:2666"},"morphObj":{"params":{"class":"с","classMask":1,"info":{"isCapital":false,"isUpper":false},"stack":"((<DictionaryAnalyzer>, u'\\u0442\\u0440\\u0430\\u043d\\u0441\\u043b\\u044f\\u0446\\u0438\\u044e', 40, 3),)"},"sentenceIndex":[2],"words":["трансляцию"],"wordsIndex":[7]},"rating":33.33333333333333,"stats":{"counter":243.0,"counterAll":243.0,"isAdjf":0,"isCombo":0,"isComp":0,"isCountry":0,"isEng":0,"isName":0,"isNominal":0,"isNoun":1,"isNum":0,"isPrtf":0,"isSymbol":0,"isUnknown":0,"isVerb":0,"repeat":0.3333333333333333,"weight":0.001275985738365163,"weightAll":0.0011363530082958446}},"три":{"indexObj":{"classMask":10,"counter":7384.0,"finded":4396,"isExisted":true,"letterId":20,"meta":"{}","server":"_buber3_","table":"wordIndex.ru","uid":3294,"word":"три","wordHash":"5789d8642128e91502eec9e591403bcd_1d4abfe89cb25c3aa340b0a7604e958a884193183a4e7af13453d2c34f0a00f62f0f58f5765a83206e5bf800055ee87eedc6bbd4838bea020d4b7233f172cd7f","wordId":"20:3294"},"morphObj":{"params":{"class":"числ","classMask":10,"info":{"isCapital":false,"isUpper":false},"stack":"((<DictionaryAnalyzer>, u'\\u0442\\u0440\\u0451\\u0445', 2907, 1),)"},"sentenceIndex":[7],"words":["трех"],"wordsIndex":[5]},"rating":33.33333333333333,"stats":{"counter":7384.0,"counterAll":7384.0,"isAdjf":0,"isCombo":0,"isComp":0,"isCountry":0,"isEng":0,"isName":0,"isNominal":0,"isNoun":0,"isNum":0,"isPrtf":0,"isSymbol":0,"isUnknown":0,"isVerb":0,"repeat":0.3333333333333333,"weight":0.03877316334192742,"weightAll":0.034530167132742866}},"убить":{"indexObj":{"classMask":5,"counter":465.0,"finded":303,"isExisted":true,"letterId":19,"meta":"{}","server":"_buber3_","table":"wordIndex.ru","uid":1221,"word":"убить","wordHash":"9e0bcbfac4cc219e87d29b3cedaea761_316b61b692c8f0473b7bd274db9837b8c54e952dfa281c185b8d9fb063fcc853b23ec2d3e23588b3f6a32010accf1c40d94bcffe16645f34ed921916d3880246","wordId":"19:1221"},"morphObj":{"params":{"class":"г","classMask":5,"info":{"isCapital":false,"isUpper":false},"stack":"((<DictionaryAnalyzer>, u'\\u0443\\u0431\\u0438\\u043b', 1286, 1),)"},"sentenceIndex":[8],"words":["убил"],"wordsIndex":[10]},"rating":33.33333333333333,"stats":{"counter":465.0,"counterAll":465.0,"isAdjf":0,"isCombo":0,"isComp":0,"isCountry":0,"isEng":0,"isName":0,"isNominal":0,"isNoun":0,"isNum":0,"isPrtf":0,"isSymbol":0,"isUnknown":0,"isVerb":1,"repeat":0.3333333333333333,"weight":0.0024417011042790157,"weightAll":0.002174502670195752}},"уже":{"indexObj":{"classMask":11,"counter":7163.0,"finded":4338,"isExisted":true,"letterId":19,"meta":"{}","server":"_buber3_","table":"wordIndex.ru","uid":2175,"word":"уже","wordHash":"f4833d68882439e2d4753acc2bd1e605_d9c46b846a4328c2c53f161dc7488bb1dd2f389307700343c162a0df4e8ea8b9b29abd0c9294d197b9fc90a413e8b5272eee396ff0cc03c4a1a3e89c96b8182e","wordId":"19:2175"},"morphObj":{"params":{"class":"н","classMask":11,"info":{"isCapital":false,"isUpper":false},"stack":"((<DictionaryAnalyzer>, u'\\u0443\\u0436\\u0435', 3, 0),)"},"sentenceIndex":[7],"words":["уже"],"wordsIndex":[3]},"rating":33.33333333333333,"stats":{"counter":7163.0,"counterAll":7163.0,"isAdjf":0,"isCombo":0,"isComp":0,"isCountry":0,"isEng":0,"isName":0,"isNominal":0,"isNoun":0,"isNum":0,"isPrtf":0,"isSymbol":0,"isUnknown":0,"isVerb":0,"repeat":0.3333333333333333,"weight":0.0376126989461303,"weightAll":0.03349669382067134}},"уорд":{"indexObj":{"classMask":22,"counter":169.0,"finded":31,"isExisted":true,"letterId":19,"meta":"{}","server":"_buber3_","table":"wordIndex.ru","uid":6030,"word":"уорд","wordHash":"e36b8af4cc0be08079de40ad52af4ba3_d65b77e1356989413037c39452c09921e2ee9e891d36b94d3e76157b175aa5aeb7c3efb34c59e85aca0b0e5e37726eff840b5eb9a0e09a361e7c5350ad2f5464","wordId":"19:6030"},"morphObj":{"params":{"class":"имя","classMask":22,"info":{"isCapital":true,"isUpper":false},"stack":"((<DictionaryAnalyzer>, u'\\u0443\\u043e\\u0440\\u0434', 33, 0),)"},"sentenceIndex":[10],"words":["Уорд"],"wordsIndex":[15]},"rating":133.33333333333331,"stats":{"counter":169.0,"counterAll":169.0,"isAdjf":0,"isCombo":0,"isComp":0,"isCountry":0,"isEng":0,"isName":1,"isNominal":0,"isNoun":0,"isNum":0,"isPrtf":0,"isSymbol":0,"isUnknown":0,"isVerb":0,"repeat":0.3333333333333333,"weight":0.0008874139497272121,"weightAll":0.0007903031209958754}},"филиал":{"indexObj":{"classMask":1,"counter":753.0,"finded":446,"isExisted":true,"letterId":22,"meta":"{}","server":"_buber3_","table":"wordIndex.ru","uid":3999,"word":"филиал","wordHash":"5e2b638779382ab5fce640ff7f66f419_b080b62938cdff6b65437e61d22e05a261fcf8faeeda613f628ed049b6b260a5cf2c85c45666637b9266966f2931d0a0fa4a9874f5f8e6c17b436bedef69234a","wordId":"22:3999"},"morphObj":{"params":{"class":"с","classMask":1,"info":{"isCapital":false,"isUpper":false},"stack":"((<DictionaryAnalyzer>, u'\\u0444\\u0438\\u043b\\u0438\\u0430\\u043b\\u0430', 33, 1),)"},"sentenceIndex":[8],"words":["филиала"],"wordsIndex":[14]},"rating":33.33333333333333,"stats":{"counter":753.0,"counterAll":753.0,"isAdjf":0,"isCombo":0,"isComp":0,"isCountry":0,"isEng":0,"isName":0,"isNominal":0,"isNoun":1,"isNum":0,"isPrtf":0,"isSymbol":0,"isUnknown":0,"isVerb":0,"repeat":0.3333333333333333,"weight":0.003953980497896987,"weightAll":0.003521291420768605}},"ход":{"indexObj":{"classMask":1,"counter":3743.0,"finded":2371,"isExisted":true,"letterId":21,"meta":"{}","server":"_buber3_","table":"wordIndex.ru","uid":1178,"word":"ход","wordHash":"a73ed92b5d04975822e0de1e4b2bfbbc_6ba67ea89103b392497c6a34091e9c504ed8ae5246eb83867918d44f820abadb50dc257ec2dd858d8196cf0b14f2012b4d72dfe11a2ee43f3bf065cc64c4c7cb","wordId":"21:1178"},"morphObj":{"params":{"class":"с","classMask":1,"info":{"isCapital":false,"isUpper":false},"stack":"((<DictionaryAnalyzer>, u'\\u0445\\u043e\\u0434\\u0435', 2991, 6),)"},"sentenceIndex":[0,5],"words":["ходе","ходе"],"wordsIndex":[4,3]},"rating":66.66666666666666,"stats":{"counter":3743.0,"counterAll":7486.0,"isAdjf":0,"isCombo":0,"isComp":0,"isCountry":0,"isEng":0,"isName":0,"isNominal":0,"isNoun":1,"isNum":0,"isPrtf":0,"isSymbol":0,"isUnknown":0,"isVerb":0,"repeat":0.6666666666666666,"weight":0.019654381146916894,"weightAll":0.03500715481523742}},"человек":{"indexObj":{"classMask":1,"counter":20898.0,"finded":9814,"isExisted":true,"letterId":23,"meta":"{}","server":"_buber3_","table":"wordIndex.ru","uid":55,"word":"человек","wordHash":"e457d998e4f41614ef24902a655fd86f_e0f0430a3e7b38fac4cebae3c0dce4368774a1976fa414278e85565b0ad3d8a4eb13257cba4d8530033ac017e90979996a0db7d05e261b358c3b4c1bb6f711e8","wordId":"23:55"},"morphObj":{"params":{"class":"с","classMask":1,"info":{"isCapital":false,"isUpper":false},"stack":"((<DictionaryAnalyzer>, u'\\u0447\\u0435\\u043b\\u043e\\u0432\\u0435\\u043a', 488, 0),)"},"sentenceIndex":[7],"words":["человек"],"wordsIndex":[6]},"rating":33.33333333333333,"stats":{"counter":20898.0,"counterAll":20898.0,"isAdjf":0,"isCombo":0,"isComp":0,"isCountry":0,"isEng":0,"isName":0,"isNominal":0,"isNoun":1,"isNum":0,"isPrtf":0,"isSymbol":0,"isUnknown":0,"isVerb":0,"repeat":0.3333333333333333,"weight":0.10973477349940401,"weightAll":0.09772635871344264}},"штат":{"indexObj":{"classMask":1,"counter":2997.0,"finded":1793,"isExisted":true,"letterId":26,"meta":"{}","server":"_buber3_","table":"wordIndex.ru","uid":1205,"word":"штат","wordHash":"351475e69d3d9b7dde30bc2fc356adca_6b0dbe33d23cf2ab29b8be99727d04ac700111015e0ac596b9131720c92fa1fff26ad40c919ba990cbdbb85d9f77ed48e910398bbd03a1477f71f39c11467d15","wordId":"26:1205"},"morphObj":{"params":{"class":"с","classMask":1,"info":{"isCapital":false,"isUpper":false},"stack":"((<DictionaryAnalyzer>, u'\\u0448\\u0442\\u0430\\u0442\\u0435', 33, 5),)"},"sentenceIndex":[8],"words":["штате"],"wordsIndex":[18]},"rating":33.33333333333333,"stats":{"counter":2997.0,"counterAll":2997.0,"isAdjf":0,"isCombo":0,"isComp":0,"isCountry":0,"isEng":0,"isName":0,"isNominal":0,"isNoun":1,"isNum":0,"isPrtf":0,"isSymbol":0,"isUnknown":0,"isVerb":0,"repeat":0.3333333333333333,"weight":0.01573715743983701,"weightAll":0.01401502043564875}},"элисон":{"indexObj":{"classMask":22,"counter":17.0,"finded":16,"isExisted":true,"letterId":29,"meta":"{}","server":"_buber3_","table":"wordIndex.ru","uid":33891,"word":"элисон","wordHash":"da73120915fb8fc9adae0085a48bab67_30e40ff45c0bacda18d46b22646c02f0587b095351e84a5011bf045b57369ae7ccef65341eb4aed378f3a63b778f24dc709f9cd3dfb7549e7b39ba38242882cc","wordId":"29:33891"},"morphObj":{"params":{"class":"имя","classMask":22,"info":{"isCapital":true,"isUpper":false},"stack":"((<DictionaryAnalyzer>, u'\\u044d\\u043b\\u0438\\u0441\\u043e\\u043d', 67, 0),)"},"sentenceIndex":[10],"words":["Элисон"],"wordsIndex":[5]},"rating":133.33333333333331,"stats":{"counter":17.0,"counterAll":17.0,"isAdjf":0,"isCombo":0,"isComp":0,"isCountry":0,"isEng":0,"isName":1,"isNominal":0,"isNoun":0,"isNum":0,"isPrtf":0,"isSymbol":0,"isUnknown":0,"isVerb":0,"repeat":0.3333333333333333,"weight":8.926649198439411e-05,"weightAll":7.949794708242534e-05}},"эфир":{"indexObj":{"classMask":1,"counter":641.0,"finded":364,"isExisted":true,"letterId":29,"meta":"{}","server":"_buber3_","table":"wordIndex.ru","uid":2276,"word":"эфир","wordHash":"5b6478a57cc8d3444fe2ed10bdcc20a4_ff035c93f2e9eef09346ee2508c439f4d8adf6f4f5b9075c99acf728ec56fc55bfcff32182ab0ea9d281f76611a669b5f6221e2b3186dafbc43e27032685daaf","wordId":"29:2276"},"morphObj":{"params":{"class":"с","classMask":1,"info":{"isCapital":false,"isUpper":false},"stack":"((<DictionaryAnalyzer>, u'\\u044d\\u0444\\u0438\\u0440\\u0430', 158, 1),)"},"sentenceIndex":[2],"words":["эфира"],"wordsIndex":[2]},"rating":33.33333333333333,"stats":{"counter":641.0,"counterAll":641.0,"isAdjf":0,"isCombo":0,"isComp":0,"isCountry":0,"isEng":0,"isName":0,"isNominal":0,"isNoun":1,"isNum":0,"isPrtf":0,"isSymbol":0,"isUnknown":0,"isVerb":0,"repeat":0.3333333333333333,"weight":0.003365871844823331,"weightAll":0.0029975402399902732}}}