{"1":{"params":{"class":"число","classMask":10,"info":{},"stack":""},"sentenceIndex":[6],"words":["1"],"wordsIndex":[11]},"13":{"params":{"class":"наим","classMask":19,"info":{},"stack":""},"sentenceIndex":[1],"words":["13"],"wordsIndex":[11]},"2016":{"params":{"class":"наим","classMask":19,"info":{},"stack":""},"sentenceIndex":[6,7,8],"words":["2016","2016","2016"],"wordsIndex":[13,13,8]},"34":{"params":{"class":"наим","classMask":19,"info":{},"stack":""},"sentenceIndex":[12],"words":["34"],"wordsIndex":[5]},"5":{"params":{"class":"число","classMask":10,"info":{},"stack":""},"sentenceIndex":[9,12],"words":["5","5"],"wordsIndex":[13,6]},"dibella":{"params":{"class":"имя","classMask":22,"info":{"isCapital":true,"isUpper":false},"stack":""},"sentenceIndex":[7],"words":["DiBella"],"wordsIndex":[4]},"entertainment":{"params":{"class":"имя","classMask":22,"info":{"isCapital":true,"isUpper":false},"stack":""},"sentenceIndex":[7],"words":["Entertainment"],"wordsIndex":[5]},"inc":{"params":{"class":"имя","classMask":22,"info":{"isCapital":true,"isUpper":false},"stack":""},"sentenceIndex":[7],"words":["Inc"],"wordsIndex":[6]},"а":{"params":{"class":"символ","classMask":20,"info":{},"stack":""},"sentenceIndex":[5,11],"words":["а","а"],"wordsIndex":[8,9]},"адвокат":{"params":{"class":"с","classMask":1,"info":{"isCapital":true,"isUpper":false},"stack":"((<DictionaryAnalyzer>, u'\\u0430\\u0434\\u0432\\u043e\\u043a\\u0430\\u0442', 52, 0),)"},"sentenceIndex":[1,2],"words":["Адвокат","адвоката"],"wordsIndex":[0,19]},"александр":{"params":{"class":"имя","classMask":22,"info":{"isCapital":true,"isUpper":false},"stack":"((<DictionaryAnalyzer>, u'\\u0430\\u043b\\u0435\\u043a\\u0441\\u0430\\u043d\\u0434\\u0440\\u0430', 26, 1),)"},"sentenceIndex":[0],"words":["Александра"],"wordsIndex":[14]},"алексей":{"params":{"class":"имя","classMask":22,"info":{"isCapital":true,"isUpper":false},"stack":"((<DictionaryAnalyzer>, u'\\u0430\\u043b\\u0435\\u043a\\u0441\\u0435\\u0439', 131, 0),)"},"sentenceIndex":[1],"words":["Алексей"],"wordsIndex":[1]},"американец":{"params":{"class":"с","classMask":1,"info":{"isCapital":false,"isUpper":false},"stack":"((<DictionaryAnalyzer>, u'\\u0430\\u043c\\u0435\\u0440\\u0438\\u043a\\u0430\\u043d\\u0446\\u0430', 38, 1),)"},"sentenceIndex":[0,7,12],"words":["американца","американца","американца"],"wordsIndex":[17,22,4]},"американский":{"params":{"class":"п","classMask":2,"info":{"isCapital":true,"isUpper":false},"stack":"((<DictionaryAnalyzer>, u'\\u0430\\u043c\\u0435\\u0440\\u0438\\u043a\\u0430\\u043d\\u0441\\u043a\\u0430\\u044f', 16, 7),)"},"sentenceIndex":[9],"words":["Американская"],"wordsIndex":[0]},"аргумент":{"params":{"class":"с","classMask":1,"info":{"isCapital":false,"isUpper":false},"stack":"((<DictionaryAnalyzer>, u'\\u0430\\u0440\\u0433\\u0443\\u043c\\u0435\\u043d\\u0442\\u0430\\u043c\\u0438', 33, 10),)"},"sentenceIndex":[5],"words":["аргументами"],"wordsIndex":[6]},"бой":{"params":{"class":"с","classMask":1,"info":{"isCapital":false,"isUpper":false},"stack":"((<DictionaryAnalyzer>, u'\\u0431\\u043e\\u0439', 495, 3),)"},"sentenceIndex":[7,9,11],"words":["бой","боя","боя"],"wordsIndex":[19,8,13]},"бокс":{"params":{"class":"с","classMask":1,"info":{"isCapital":false,"isUpper":false},"stack":"((<DictionaryAnalyzer>, u'\\u0431\\u043e\\u043a\\u0441\\u0430', 33, 1),)"},"sentenceIndex":[10],"words":["бокса"],"wordsIndex":[5]},"боксёр":{"params":{"class":"с","classMask":1,"info":{"isCapital":false,"isUpper":false},"stack":"((<DictionaryAnalyzer>, u'\\u0431\\u043e\\u043a\\u0441\\u0451\\u0440\\u0430', 52, 1),)"},"sentenceIndex":[0,11],"words":["боксера","боксерами"],"wordsIndex":[13,15]},"быть":{"params":{"class":"г","classMask":5,"info":{"isCapital":false,"isUpper":false},"stack":"((<DictionaryAnalyzer>, u'\\u0431\\u0443\\u0434\\u0435\\u0442', 587, 12),)"},"sentenceIndex":[1,2,8,8,11],"words":["будет","будет","был","был","были"],"wordsIndex":[9,3,2,11,1]},"в":{"params":{"class":"символ","classMask":20,"info":{},"stack":""},"sentenceIndex":[0,2,2,7,8,8,8,8,9,11,11],"words":["в","в","в","в","в","в","в","в","в","в","в"],"wordsIndex":[4,5,12,11,4,6,13,17,4,4,11]},"вечер":{"params":{"class":"с","classMask":1,"info":{"isCapital":false,"isUpper":false},"stack":"((<DictionaryAnalyzer>, u'\\u0432\\u0435\\u0447\\u0435\\u0440\\u0443', 145, 2),)"},"sentenceIndex":[2],"words":["вечеру"],"wordsIndex":[16]},"взаимный":{"params":{"class":"п","classMask":2,"info":{"isCapital":false,"isUpper":false},"stack":"((<DictionaryAnalyzer>, u'\\u0432\\u0437\\u0430\\u0438\\u043c\\u043d\\u044b\\u0445', 12, 21),)"},"sentenceIndex":[0],"words":["взаимных"],"wordsIndex":[10]},"вопрос":{"params":{"class":"с","classMask":1,"info":{"isCapital":false,"isUpper":false},"stack":"((<DictionaryAnalyzer>, u'\\u0432\\u043e\\u043f\\u0440\\u043e\\u0441', 33, 0),)"},"sentenceIndex":[6],"words":["вопрос"],"wordsIndex":[3]},"встречный":{"params":{"class":"п","classMask":2,"info":{"isCapital":false,"isUpper":false},"stack":"((<DictionaryAnalyzer>, u'\\u0432\\u0441\\u0442\\u0440\\u0435\\u0447\\u043d\\u044b\\u0439', 12, 0),)"},"sentenceIndex":[10],"words":["встречный"],"wordsIndex":[7]},"выдвинуть":{"params":{"class":"г","classMask":5,"info":{"isCapital":false,"isUpper":false},"stack":"((<DictionaryAnalyzer>, u'\\u0432\\u044b\\u0434\\u0432\\u0438\\u043d\\u0443\\u043b\\u0438', 1013, 4),)"},"sentenceIndex":[7],"words":["выдвинули"],"wordsIndex":[7]},"вынести":{"params":{"class":"кр_причастие","classMask":8,"info":{"isCapital":false,"isUpper":false},"stack":"((<DictionaryAnalyzer>, u'\\u0432\\u044b\\u043d\\u0435\\u0441\\u0435\\u043d\\u043e', 994, 72),)"},"sentenceIndex":[1,2],"words":["вынесено","вынесет"],"wordsIndex":[10,10]},"выплата":{"params":{"class":"с","classMask":1,"info":{"isCapital":false,"isUpper":false},"stack":"((<DictionaryAnalyzer>, u'\\u0432\\u044b\\u043f\\u043b\\u0430\\u0442\\u044b', 55, 1),)"},"sentenceIndex":[9],"words":["выплаты"],"wordsIndex":[11]},"выступить":{"params":{"class":"г","classMask":5,"info":{"isCapital":false,"isUpper":false},"stack":"((<DictionaryAnalyzer>, u'\\u0432\\u044b\\u0441\\u0442\\u0443\\u043f\\u0438\\u043b', 1093, 1),)"},"sentenceIndex":[3],"words":["выступил"],"wordsIndex":[2]},"год":{"params":{"class":"с","classMask":1,"info":{"isCapital":false,"isUpper":false},"stack":"((<DictionaryAnalyzer>, u'\\u0433\\u043e\\u0434\\u0430', 1168, 1),)"},"sentenceIndex":[6,7,8],"words":["года","года","года"],"wordsIndex":[14,14,9]},"давать":{"params":{"class":"г","classMask":5,"info":{"isCapital":false,"isUpper":false},"stack":"((<DictionaryAnalyzer>, u'\\u0434\\u0430\\u0432\\u0430\\u043b', 841, 7),)"},"sentenceIndex":[4],"words":["давал"],"wordsIndex":[7]},"деонтея":{"params":{"class":"имя","classMask":22,"info":{"isCapital":true,"isUpper":false},"stack":"((<DictionaryAnalyzer>, u'\\u0442\\u0435\\u044f', 126, 0), (<UnknownPrefixAnalyzer>, u'\\u043e\\u043d'), (<KnownPrefixAnalyzer>, u'\\u0434\\u0435'))"},"sentenceIndex":[0],"words":["Деонтея"],"wordsIndex":[18]},"добиваться":{"params":{"class":"г","classMask":5,"info":{"isCapital":false,"isUpper":false},"stack":"((<DictionaryAnalyzer>, u'\\u0434\\u043e\\u0431\\u0438\\u0432\\u0430\\u0435\\u0442\\u0441\\u044f', 224, 5),)"},"sentenceIndex":[9],"words":["добивается"],"wordsIndex":[10]},"должный":{"params":{"class":"кр_прил","classMask":3,"info":{"isCapital":false,"isUpper":false},"stack":"((<DictionaryAnalyzer>, u'\\u0434\\u043e\\u043b\\u0436\\u0435\\u043d', 34, 27),)"},"sentenceIndex":[8],"words":["должен"],"wordsIndex":[1]},"жюри":{"params":{"class":"с","classMask":1,"info":{"isCapital":false,"isUpper":false},"stack":"((<DictionaryAnalyzer>, u'\\u0436\\u044e\\u0440\\u0438', 23, 0),)"},"sentenceIndex":[2],"words":["жюри"],"wordsIndex":[2]},"завершиться":{"params":{"class":"г","classMask":5,"info":{"isCapital":false,"isUpper":false},"stack":"((<DictionaryAnalyzer>, u'\\u0437\\u0430\\u0432\\u0435\\u0440\\u0448\\u0438\\u043b\\u0438\\u0441\\u044c', 804, 4),)"},"sentenceIndex":[0],"words":["завершились"],"wordsIndex":[20]},"запрет":{"params":{"class":"с","classMask":1,"info":{"isCapital":false,"isUpper":false},"stack":"((<DictionaryAnalyzer>, u'\\u0437\\u0430\\u043f\\u0440\\u0435\\u0442\\u0430', 33, 1),)"},"sentenceIndex":[6],"words":["запрета"],"wordsIndex":[8]},"заседание":{"params":{"class":"с","classMask":1,"info":{"isCapital":false,"isUpper":false},"stack":"((<DictionaryAnalyzer>, u'\\u0437\\u0430\\u0441\\u0435\\u0434\\u0430\\u043d\\u0438\\u044f\\u0445', 76, 22),)"},"sentenceIndex":[4],"words":["заседаниях"],"wordsIndex":[3]},"заседатель":{"params":{"class":"с","classMask":1,"info":{"isCapital":false,"isUpper":false},"stack":"((<DictionaryAnalyzer>, u'\\u0437\\u0430\\u0441\\u0435\\u0434\\u0430\\u0442\\u0435\\u043b\\u0438', 121, 6),)"},"sentenceIndex":[5],"words":["заседатели"],"wordsIndex":[1]},"заслушать":{"params":{"class":"г","classMask":5,"info":{"isCapital":false,"isUpper":false},"stack":"((<DictionaryAnalyzer>, u'\\u0437\\u0430\\u0441\\u043b\\u0443\\u0448\\u0430\\u043b\\u0438', 614, 4),)"},"sentenceIndex":[5],"words":["заслушали"],"wordsIndex":[10]},"заявить":{"params":{"class":"г","classMask":5,"info":{"isCapital":false,"isUpper":false},"stack":"((<DictionaryAnalyzer>, u'\\u0437\\u0430\\u044f\\u0432\\u0438\\u043b', 647, 1),)"},"sentenceIndex":[1],"words":["заявил"],"wordsIndex":[6]},"и":{"params":{"class":"символ","classMask":20,"info":{},"stack":""},"sentenceIndex":[0,2,5,5,7,7,9,10],"words":["и","и","и","и","и","и","и","и"],"wordsIndex":[16,9,5,13,1,21,9,1]},"или":{"params":{"class":"союз","classMask":15,"info":{"isCapital":false,"isUpper":false},"stack":"((<DictionaryAnalyzer>, u'\\u0438\\u043b\\u0438', 20, 0),)"},"sentenceIndex":[2],"words":["или"],"wordsIndex":[14]},"интерес":{"params":{"class":"с","classMask":1,"info":{"isCapital":false,"isUpper":false},"stack":"((<DictionaryAnalyzer>, u'\\u0438\\u043d\\u0442\\u0435\\u0440\\u0435\\u0441\\u044b', 33, 9),)"},"sentenceIndex":[1],"words":["интересы"],"wordsIndex":[4]},"иск":{"params":{"class":"с","classMask":1,"info":{"isCapital":false,"isUpper":false},"stack":"((<DictionaryAnalyzer>, u'\\u0438\\u0441\\u043a', 19, 3),)"},"sentenceIndex":[10],"words":["иск"],"wordsIndex":[8]},"июнь":{"params":{"class":"с","classMask":1,"info":{"isCapital":false,"isUpper":false},"stack":"((<DictionaryAnalyzer>, u'\\u0438\\u044e\\u043d\\u0435', 91, 5),)"},"sentenceIndex":[7],"words":["июне"],"wordsIndex":[12]},"йорк":{"params":{"class":"имя","classMask":22,"info":{"isCapital":true,"isUpper":false},"stack":"((<DictionaryAnalyzer>, u'\\u0439\\u043e\\u0440\\u043a\\u0435', 73, 5),)"},"sentenceIndex":[0],"words":["Йорке"],"wordsIndex":[6]},"йорк-нью":{"params":{"class":"имя","classMask":1222,"info":{"comboClassStats":{"неизвестный":1,"с":1},"isCapital":true,"isCombo":true,"isUpper":false},"stack":"<classByLadder>"},"sentenceIndex":[0],"words":["Нью-Йорке"],"wordsIndex":[7]},"к":{"params":{"class":"символ","classMask":20,"info":{},"stack":""},"sentenceIndex":[2],"words":["к"],"wordsIndex":[15]},"как":{"params":{"class":"союз","classMask":15,"info":{"isCapital":false,"isUpper":false},"stack":"((<DictionaryAnalyzer>, u'\\u043a\\u0430\\u043a', 1673, 0),)"},"sentenceIndex":[7],"words":["как"],"wordsIndex":[17]},"карпенко":{"params":{"class":"имя","classMask":22,"info":{"isCapital":true,"isUpper":false},"stack":"((<DictionaryAnalyzer>, u'\\u043a\\u0430\\u0440\\u043f\\u0435\\u043d\\u043a\\u043e', 44, 0),)"},"sentenceIndex":[1],"words":["Карпенко"],"wordsIndex":[2]},"компания":{"params":{"class":"с","classMask":1,"info":{"isCapital":false,"isUpper":false},"stack":"((<DictionaryAnalyzer>, u'\\u043a\\u043e\\u043c\\u043f\\u0430\\u043d\\u0438\\u044f', 40, 0),)"},"sentenceIndex":[7,10],"words":["компания","компания"],"wordsIndex":[3,3]},"ли":{"params":{"class":"част","classMask":16,"info":{"isCapital":false,"isUpper":false},"stack":"((<DictionaryAnalyzer>, u'\\u043b\\u0438', 22, 0),)"},"sentenceIndex":[6],"words":["ли"],"wordsIndex":[5]},"май":{"params":{"class":"с","classMask":1,"info":{"isCapital":false,"isUpper":false},"stack":"((<DictionaryAnalyzer>, u'\\u043c\\u0430\\u0435', 865, 5),)"},"sentenceIndex":[8],"words":["мае"],"wordsIndex":[7]},"между":{"params":{"class":"предл","classMask":14,"info":{"isCapital":false,"isUpper":false},"stack":"((<DictionaryAnalyzer>, u'\\u043c\\u0435\\u0436\\u0434\\u0443', 24, 0),)"},"sentenceIndex":[11],"words":["между"],"wordsIndex":[14]},"мельдония":{"params":{"class":"с","classMask":1,"info":{"isCapital":false,"isUpper":false},"stack":"((<FakeDictionary>, u'\\u043c\\u0435\\u043b\\u044c\\u0434\\u043e\\u043d\\u0438\\u044f', 63, 0), (<KnownSuffixAnalyzer>, u'\\u0434\\u043e\\u043d\\u0438\\u044f'))"},"sentenceIndex":[8],"words":["мельдония"],"wordsIndex":[20]},"мельдонья":{"params":{"class":"с","classMask":1,"info":{"isCapital":false,"isUpper":false},"stack":"((<DictionaryAnalyzer>, u'\\u0434\\u043e\\u043d\\u0438\\u0439', 369, 8), (<UnknownPrefixAnalyzer>, u'\\u043c\\u0435\\u043b\\u044c'))"},"sentenceIndex":[6],"words":["мельдоний"],"wordsIndex":[10]},"миллион":{"params":{"class":"с","classMask":1,"info":{"isCapital":false,"isUpper":false},"stack":"((<DictionaryAnalyzer>, u'\\u043c\\u043b\\u043d', 1949, 12),)"},"sentenceIndex":[9,12],"words":["млн","млн"],"wordsIndex":[14,7]},"мир":{"params":{"class":"имя","classMask":22,"info":{"isCapital":true,"isUpper":false},"stack":"((<DictionaryAnalyzer>, u'\\u043c\\u0438\\u0440', 1953, 3),)"},"sentenceIndex":[10],"words":["Мир"],"wordsIndex":[4]},"москва":{"params":{"class":"имя","classMask":22,"info":{"isCapital":true,"isUpper":false},"stack":"((<DictionaryAnalyzer>, u'\\u043c\\u043e\\u0441\\u043a\\u0432\\u0435', 1974, 6),)"},"sentenceIndex":[8],"words":["Москве"],"wordsIndex":[5]},"на":{"params":{"class":"предл","classMask":14,"info":{"isCapital":false,"isUpper":false},"stack":"((<DictionaryAnalyzer>, u'\\u043d\\u0430', 24, 0),)"},"sentenceIndex":[0,3,4],"words":["на","на","на"],"wordsIndex":[1,3,2]},"нарушение":{"params":{"class":"с","classMask":1,"info":{"isCapital":false,"isUpper":false},"stack":"((<DictionaryAnalyzer>, u'\\u043d\\u0430\\u0440\\u0443\\u0448\\u0435\\u043d\\u0438\\u0438', 76, 10),)"},"sentenceIndex":[9],"words":["нарушении"],"wordsIndex":[5]},"не":{"params":{"class":"част","classMask":16,"info":{"isCapital":false,"isUpper":false},"stack":"((<DictionaryAnalyzer>, u'\\u043d\\u0435', 22, 0),)"},"sentenceIndex":[4],"words":["не"],"wordsIndex":[6]},"несколько":{"params":{"class":"числ","classMask":10,"info":{"isCapital":false,"isUpper":false},"stack":"((<DictionaryAnalyzer>, u'\\u043d\\u0435\\u0441\\u043a\\u043e\\u043b\\u044c\\u043a\\u0438\\u0445', 2099, 1),)"},"sentenceIndex":[2],"words":["нескольких"],"wordsIndex":[7]},"но":{"params":{"class":"союз","classMask":15,"info":{"isCapital":false,"isUpper":false},"stack":"((<DictionaryAnalyzer>, u'\\u043d\\u043e', 20, 0),)"},"sentenceIndex":[4],"words":["но"],"wordsIndex":[4]},"нью":{"params":{"class":"имя","classMask":22,"info":{"isCapital":true,"isUpper":false},"stack":""},"sentenceIndex":[0],"words":["Нью"],"wordsIndex":[5]},"обвинение":{"params":{"class":"с","classMask":1,"info":{"isCapital":false,"isUpper":false},"stack":"((<DictionaryAnalyzer>, u'\\u043e\\u0431\\u0432\\u0438\\u043d\\u0435\\u043d\\u0438\\u044f', 76, 2),)"},"sentenceIndex":[7,11],"words":["обвинения","обвинения"],"wordsIndex":[8,3]},"обвинять":{"params":{"class":"г","classMask":5,"info":{"isCapital":false,"isUpper":false},"stack":"((<DictionaryAnalyzer>, u'\\u043e\\u0431\\u0432\\u0438\\u043d\\u044f\\u0435\\u0442', 2138, 5),)"},"sentenceIndex":[9],"words":["обвиняет"],"wordsIndex":[2]},"обед":{"params":{"class":"с","classMask":1,"info":{"isCapital":false,"isUpper":false},"stack":"((<DictionaryAnalyzer>, u'\\u043e\\u0431\\u0435\\u0434', 33, 3),)"},"sentenceIndex":[2],"words":["обед"],"wordsIndex":[13]},"обнаружение":{"params":{"class":"с","classMask":1,"info":{"isCapital":false,"isUpper":false},"stack":"((<DictionaryAnalyzer>, u'\\u043e\\u0431\\u043d\\u0430\\u0440\\u0443\\u0436\\u0435\\u043d\\u0438\\u0435\\u043c', 76, 8),)"},"sentenceIndex":[8],"words":["обнаружением"],"wordsIndex":[16]},"однако":{"params":{"class":"союз","classMask":15,"info":{"isCapital":false,"isUpper":false},"stack":"((<DictionaryAnalyzer>, u'\\u043e\\u0434\\u043d\\u0430\\u043a\\u043e', 2200, 0),)"},"sentenceIndex":[8],"words":["однако"],"wordsIndex":[10]},"ознакомиться":{"params":{"class":"г","classMask":5,"info":{"isCapital":false,"isUpper":false},"stack":"((<DictionaryAnalyzer>, u'\\u043e\\u0437\\u043d\\u0430\\u043a\\u043e\\u043c\\u0438\\u043b\\u0438\\u0441\\u044c', 754, 4),)"},"sentenceIndex":[5],"words":["ознакомились"],"wordsIndex":[2]},"они":{"params":{"class":"мс","classMask":12,"info":{"isCapital":false,"isUpper":false},"stack":"((<DictionaryAnalyzer>, u'\\u043d\\u0438\\u043c\\u0438', 2210, 8),)"},"sentenceIndex":[6],"words":["ними"],"wordsIndex":[1]},"организм":{"params":{"class":"с","classMask":1,"info":{"isCapital":false,"isUpper":false},"stack":"((<DictionaryAnalyzer>, u'\\u043e\\u0440\\u0433\\u0430\\u043d\\u0438\\u0437\\u043c\\u0435', 33, 5),)"},"sentenceIndex":[8],"words":["организме"],"wordsIndex":[18]},"от":{"params":{"class":"предл","classMask":14,"info":{"isCapital":false,"isUpper":false},"stack":"((<DictionaryAnalyzer>, u'\\u043e\\u0442', 375, 0),)"},"sentenceIndex":[12],"words":["от"],"wordsIndex":[3]},"отложить":{"params":{"class":"кр_причастие","classMask":8,"info":{"isCapital":false,"isUpper":false},"stack":"((<DictionaryAnalyzer>, u'\\u043e\\u0442\\u043b\\u043e\\u0436\\u0435\\u043d', 634, 71),)"},"sentenceIndex":[8],"words":["отложен"],"wordsIndex":[12]},"перед":{"params":{"class":"предл","classMask":14,"info":{"isCapital":true,"isUpper":false},"stack":"((<DictionaryAnalyzer>, u'\\u043f\\u0435\\u0440\\u0435\\u0434', 375, 0),)"},"sentenceIndex":[6],"words":["Перед"],"wordsIndex":[0]},"по":{"params":{"class":"предл","classMask":14,"info":{"isCapital":false,"isUpper":false},"stack":"((<DictionaryAnalyzer>, u'\\u043f\\u043e', 24, 0),)"},"sentenceIndex":[0],"words":["по"],"wordsIndex":[8]},"поветкин":{"params":{"class":"имя","classMask":22,"info":{"isCapital":true,"isUpper":false},"stack":"((<DictionaryAnalyzer>, u'\\u0432\\u0435\\u0442\\u043a\\u0438\\u043d\\u0430', 36, 1), (<UnknownPrefixAnalyzer>, u'\\u043f\\u043e'))"},"sentenceIndex":[0,1,3,6,7,8,10,11],"words":["Поветкина","Поветкина","Поветкин","Поветкин","Поветкина","Поветкина","Поветкин","Поветкина"],"wordsIndex":[15,5,0,6,10,19,0,7]},"повод":{"params":{"class":"с","classMask":1,"info":{"isCapital":false,"isUpper":false},"stack":"((<DictionaryAnalyzer>, u'\\u043f\\u043e\\u0432\\u043e\\u0434\\u0443', 33, 2),)"},"sentenceIndex":[0],"words":["поводу"],"wordsIndex":[9]},"подать":{"params":{"class":"г","classMask":5,"info":{"isCapital":false,"isUpper":false},"stack":"((<DictionaryAnalyzer>, u'\\u043f\\u043e\\u0434\\u0430\\u043b\\u0438', 843, 4),)"},"sentenceIndex":[10],"words":["подали"],"wordsIndex":[6]},"поединок":{"params":{"class":"с","classMask":1,"info":{"isCapital":true,"isUpper":false},"stack":"((<DictionaryAnalyzer>, u'\\u043f\\u043e\\u0435\\u0434\\u0438\\u043d\\u043e\\u043a', 139, 0),)"},"sentenceIndex":[8],"words":["Поединок"],"wordsIndex":[0]},"позиция":{"params":{"class":"с","classMask":1,"info":{"isCapital":false,"isUpper":false},"stack":"((<DictionaryAnalyzer>, u'\\u043f\\u043e\\u0437\\u0438\\u0446\\u0438\\u044f\\u043c\\u0438', 40, 11),)"},"sentenceIndex":[5],"words":["позициями"],"wordsIndex":[4]},"показание":{"params":{"class":"с","classMask":1,"info":{"isCapital":false,"isUpper":false},"stack":"((<DictionaryAnalyzer>, u'\\u043f\\u043e\\u043a\\u0430\\u0437\\u0430\\u043d\\u0438\\u0439', 76, 15),)"},"sentenceIndex":[4,5],"words":["показаний","показания"],"wordsIndex":[5,11]},"полагать":{"params":{"class":"г","classMask":5,"info":{"isCapital":true,"isUpper":false},"stack":"((<DictionaryAnalyzer>, u'\\u043f\\u043e\\u043b\\u0430\\u0433\\u0430\\u044e', 206, 1),)"},"sentenceIndex":[2],"words":["Полагаю"],"wordsIndex":[0]},"порочить":{"params":{"class":"причастие","classMask":7,"info":{"isCapital":false,"isUpper":false},"stack":"((<DictionaryAnalyzer>, u'\\u043f\\u043e\\u0440\\u043e\\u0447\\u0430\\u0449\\u0438\\u0445', 568, 34),)"},"sentenceIndex":[11],"words":["порочащих"],"wordsIndex":[6]},"порядок":{"params":{"class":"с","classMask":1,"info":{"isCapital":false,"isUpper":false},"stack":"((<DictionaryAnalyzer>, u'\\u043f\\u043e\\u0440\\u044f\\u0434\\u043a\\u0430', 331, 1),)"},"sentenceIndex":[9],"words":["порядка"],"wordsIndex":[12]},"после":{"params":{"class":"предл","classMask":14,"info":{"isCapital":false,"isUpper":false},"stack":"((<DictionaryAnalyzer>, u'\\u043f\\u043e\\u0441\\u043b\\u0435', 24, 0),)"},"sentenceIndex":[6,7],"words":["после","после"],"wordsIndex":[7,15]},"представлять":{"params":{"class":"причастие","classMask":7,"info":{"isCapital":false,"isUpper":false},"stack":"((<DictionaryAnalyzer>, u'\\u043f\\u0440\\u0435\\u0434\\u0441\\u0442\\u0430\\u0432\\u043b\\u044f\\u044e\\u0449\\u0438\\u0439', 206, 13),)"},"sentenceIndex":[1],"words":["представляющий"],"wordsIndex":[3]},"предъявить":{"params":{"class":"кр_причастие","classMask":8,"info":{"isCapital":false,"isUpper":false},"stack":"((<DictionaryAnalyzer>, u'\\u043f\\u0440\\u0435\\u0434\\u044a\\u044f\\u0432\\u043b\\u0435\\u043d\\u044b', 647, 74),)"},"sentenceIndex":[11],"words":["предъявлены"],"wordsIndex":[2]},"препарат":{"params":{"class":"с","classMask":1,"info":{"isCapital":false,"isUpper":false},"stack":"((<DictionaryAnalyzer>, u'\\u043f\\u0440\\u0435\\u043f\\u0430\\u0440\\u0430\\u0442\\u0430', 33, 1),)"},"sentenceIndex":[6],"words":["препарата"],"wordsIndex":[9]},"претензия":{"params":{"class":"с","classMask":1,"info":{"isCapital":false,"isUpper":false},"stack":"((<DictionaryAnalyzer>, u'\\u043f\\u0440\\u0435\\u0442\\u0435\\u043d\\u0437\\u0438\\u0439', 40, 8),)"},"sentenceIndex":[0],"words":["претензий"],"wordsIndex":[11]},"приводить":{"params":{"class":"г","classMask":5,"info":{"isCapital":false,"isUpper":false},"stack":"((<DictionaryAnalyzer>, u'\\u043f\\u0440\\u0438\\u0432\\u043e\\u0434\\u0438\\u0442', 410, 5),)"},"sentenceIndex":[2],"words":["приводит"],"wordsIndex":[17]},"присутствовать":{"params":{"class":"г","classMask":5,"info":{"isCapital":false,"isUpper":false},"stack":"((<DictionaryAnalyzer>, u'\\u043f\\u0440\\u0438\\u0441\\u0443\\u0442\\u0441\\u0442\\u0432\\u043e\\u0432\\u0430\\u043b', 172, 7),)"},"sentenceIndex":[4],"words":["присутствовал"],"wordsIndex":[1]},"присяжный":{"params":{"class":"п","classMask":2,"info":{"isCapital":true,"isUpper":false},"stack":"((<DictionaryAnalyzer>, u'\\u043f\\u0440\\u0438\\u0441\\u044f\\u0436\\u043d\\u044b\\u0445', 12, 21),)"},"sentenceIndex":[0,5],"words":["присяжных","Присяжные"],"wordsIndex":[3,0]},"проведение":{"params":{"class":"с","classMask":1,"info":{"isCapital":false,"isUpper":false},"stack":"((<DictionaryAnalyzer>, u'\\u043f\\u0440\\u043e\\u0432\\u0435\\u0434\\u0435\\u043d\\u0438\\u044f', 76, 2),)"},"sentenceIndex":[9],"words":["проведения"],"wordsIndex":[7]},"промоутерский":{"params":{"class":"п","classMask":2,"info":{"isCapital":false,"isUpper":false},"stack":"((<FakeDictionary>, u'\\u043f\\u0440\\u043e\\u043c\\u043e\\u0443\\u0442\\u0435\\u0440\\u0441\\u043a\\u0430\\u044f', 16, 7), (<KnownSuffixAnalyzer>, u'\\u0440\\u0441\\u043a\\u0430\\u044f'))"},"sentenceIndex":[7,10],"words":["промоутерская","промоутерская"],"wordsIndex":[2,2]},"против":{"params":{"class":"предл","classMask":14,"info":{"isCapital":false,"isUpper":false},"stack":"((<DictionaryAnalyzer>, u'\\u043f\\u0440\\u043e\\u0442\\u0438\\u0432', 24, 0),)"},"sentenceIndex":[7],"words":["против"],"wordsIndex":[9]},"распространение":{"params":{"class":"с","classMask":1,"info":{"isCapital":false,"isUpper":false},"stack":"((<DictionaryAnalyzer>, u'\\u0440\\u0430\\u0441\\u043f\\u0440\\u043e\\u0441\\u0442\\u0440\\u0430\\u043d\\u0435\\u043d\\u0438\\u0438', 76, 10),)"},"sentenceIndex":[11],"words":["распространении"],"wordsIndex":[5]},"решение":{"params":{"class":"с","classMask":1,"info":{"isCapital":false,"isUpper":false},"stack":"((<DictionaryAnalyzer>, u'\\u0440\\u0435\\u0448\\u0435\\u043d\\u0438\\u0435', 76, 6),)"},"sentenceIndex":[1,2],"words":["решение","решение"],"wordsIndex":[8,11]},"российский":{"params":{"class":"п","classMask":2,"info":{"isCapital":true,"isUpper":false},"stack":"((<DictionaryAnalyzer>, u'\\u0440\\u043e\\u0441\\u0441\\u0438\\u0439\\u0441\\u043a\\u043e\\u0433\\u043e', 16, 15),)"},"sentenceIndex":[0,12],"words":["российского","Российская"],"wordsIndex":[12,0]},"россиянин":{"params":{"class":"с","classMask":1,"info":{"isCapital":false,"isUpper":false},"stack":"((<DictionaryAnalyzer>, u'\\u0440\\u043e\\u0441\\u0441\\u0438\\u044f\\u043d\\u0438\\u043d\\u0430', 159, 1),)"},"sentenceIndex":[7,9],"words":["россиянина","россиянина"],"wordsIndex":[20,3]},"с":{"params":{"class":"символ","classMask":20,"info":{},"stack":""},"sentenceIndex":[5,8],"words":["с","с"],"wordsIndex":[3,15]},"сведение":{"params":{"class":"с","classMask":1,"info":{"isCapital":false,"isUpper":false},"stack":"((<DictionaryAnalyzer>, u'\\u0441\\u0432\\u0435\\u0434\\u0435\\u043d\\u0438\\u0439', 76, 15),)"},"sentenceIndex":[11],"words":["сведений"],"wordsIndex":[8]},"свидетель":{"params":{"class":"с","classMask":1,"info":{"isCapital":false,"isUpper":false},"stack":"((<DictionaryAnalyzer>, u'\\u0441\\u0432\\u0438\\u0434\\u0435\\u0442\\u0435\\u043b\\u0435\\u0439', 121, 7),)"},"sentenceIndex":[5],"words":["свидетелей"],"wordsIndex":[12]},"связь":{"params":{"class":"с","classMask":1,"info":{"isCapital":false,"isUpper":false},"stack":"((<DictionaryAnalyzer>, u'\\u0441\\u0432\\u044f\\u0437\\u0438', 544, 6),)"},"sentenceIndex":[8],"words":["связи"],"wordsIndex":[14]},"слово":{"params":{"class":"с","classMask":1,"info":{"isCapital":false,"isUpper":false},"stack":"((<DictionaryAnalyzer>, u'\\u0441\\u043b\\u043e\\u0432\\u0430', 54, 1),)"},"sentenceIndex":[2],"words":["слова"],"wordsIndex":[18]},"слушание":{"params":{"class":"с","classMask":1,"info":{"isCapital":true,"isUpper":false},"stack":"((<DictionaryAnalyzer>, u'\\u0441\\u043b\\u0443\\u0448\\u0430\\u043d\\u0438\\u044f', 76, 2),)"},"sentenceIndex":[0],"words":["Слушания"],"wordsIndex":[0]},"совещаться":{"params":{"class":"инфинитив","classMask":6,"info":{"isCapital":false,"isUpper":false},"stack":"((<DictionaryAnalyzer>, u'\\u0441\\u043e\\u0432\\u0435\\u0449\\u0430\\u0442\\u044c\\u0441\\u044f', 224, 0),)"},"sentenceIndex":[2],"words":["совещаться"],"wordsIndex":[4]},"сорваться":{"params":{"class":"г","classMask":5,"info":{"isCapital":false,"isUpper":false},"stack":"((<DictionaryAnalyzer>, u'\\u0441\\u043e\\u0440\\u0432\\u0430\\u043b\\u0441\\u044f', 773, 1),)"},"sentenceIndex":[7],"words":["сорвался"],"wordsIndex":[18]},"состояться":{"params":{"class":"инфинитив","classMask":6,"info":{"isCapital":false,"isUpper":false},"stack":"((<DictionaryAnalyzer>, u'\\u0441\\u043e\\u0441\\u0442\\u043e\\u044f\\u0442\\u044c\\u0441\\u044f', 1091, 0),)"},"sentenceIndex":[8],"words":["состояться"],"wordsIndex":[3]},"срыв":{"params":{"class":"с","classMask":1,"info":{"isCapital":false,"isUpper":false},"stack":"((<DictionaryAnalyzer>, u'\\u0441\\u0440\\u044b\\u0432\\u0435', 33, 5),)"},"sentenceIndex":[11],"words":["срыве"],"wordsIndex":[12]},"стоить":{"params":{"class":"г","classMask":5,"info":{"isCapital":false,"isUpper":false},"stack":"((<DictionaryAnalyzer>, u'\\u0441\\u0442\\u043e\\u0438\\u0442', 1304, 2),)"},"sentenceIndex":[6],"words":["стоит"],"wordsIndex":[2]},"сторона":{"params":{"class":"с","classMask":1,"info":{"isCapital":false,"isUpper":false},"stack":"((<DictionaryAnalyzer>, u'\\u0441\\u0442\\u043e\\u0440\\u043e\\u043d', 55, 8),)"},"sentenceIndex":[5,9,12],"words":["сторон","сторона","сторона"],"wordsIndex":[7,1,1]},"суд":{"params":{"class":"с","classMask":1,"info":{"isCapital":false,"isUpper":false},"stack":"((<DictionaryAnalyzer>, u'\\u0441\\u0443\\u0434\\u0435', 33, 5),)"},"sentenceIndex":[0,3],"words":["суде","суде"],"wordsIndex":[2,4]},"также":{"params":{"class":"союз","classMask":15,"info":{"isCapital":false,"isUpper":false},"stack":"((<DictionaryAnalyzer>, u'\\u0442\\u0430\\u043a\\u0436\\u0435', 20, 0),)"},"sentenceIndex":[3,5,11],"words":["также","также","также"],"wordsIndex":[1,9,10]},"тасс":{"params":{"class":"с","classMask":1,"info":{"isCapital":false,"isUpper":true},"stack":"((<DictionaryAnalyzer>, u'\\u0442\\u0430\\u0441\\u0441', 47, 0),)"},"sentenceIndex":[2],"words":["ТАСС"],"wordsIndex":[20]},"течение":{"params":{"class":"с","classMask":1,"info":{"isCapital":false,"isUpper":false},"stack":"((<DictionaryAnalyzer>, u'\\u0442\\u0435\\u0447\\u0435\\u043d\\u0438\\u0435', 76, 6),)"},"sentenceIndex":[2],"words":["течение"],"wordsIndex":[6]},"тот":{"params":{"class":"имя","classMask":1122,"info":{"isCapital":false,"isCountry":true,"isUpper":false},"stack":"((<DictionaryAnalyzer>, u'\\u0442\\u043e\\u0433\\u043e', 2900, 14),)"},"sentenceIndex":[7],"words":["того"],"wordsIndex":[16]},"требовать":{"params":{"class":"г","classMask":5,"info":{"isCapital":false,"isUpper":false},"stack":"((<DictionaryAnalyzer>, u'\\u0442\\u0440\\u0435\\u0431\\u0443\\u0435\\u0442', 2903, 5),)"},"sentenceIndex":[12],"words":["требует"],"wordsIndex":[2]},"уайлдрать":{"params":{"class":"г","classMask":5,"info":{"isCapital":true,"isUpper":false},"stack":"((<DictionaryAnalyzer>, u'\\u0434\\u0435\\u0440\\u0443', 528, 1), (<UnknownPrefixAnalyzer>, u'\\u0443\\u0430\\u0439\\u043b'))"},"sentenceIndex":[11],"words":["Уайлдеру"],"wordsIndex":[0]},"уайлдёр":{"params":{"class":"имя","classMask":22,"info":{"isCapital":true,"isUpper":false},"stack":"((<DictionaryAnalyzer>, u'\\u0434\\u0451\\u0440\\u0430', 33, 1), (<UnknownPrefixAnalyzer>, u'\\u0443\\u0430\\u0439\\u043b'))"},"sentenceIndex":[0,4,7],"words":["Уайлдера","Уайлдер","Уайлдер"],"wordsIndex":[19,0,0]},"употреблять":{"params":{"class":"г","classMask":5,"info":{"isCapital":false,"isUpper":false},"stack":"((<DictionaryAnalyzer>, u'\\u0443\\u043f\\u043e\\u0442\\u0440\\u0435\\u0431\\u043b\\u044f\\u043b', 206, 7),)"},"sentenceIndex":[6],"words":["употреблял"],"wordsIndex":[4]},"условие":{"params":{"class":"с","classMask":1,"info":{"isCapital":false,"isUpper":false},"stack":"((<DictionaryAnalyzer>, u'\\u0443\\u0441\\u043b\\u043e\\u0432\\u0438\\u0439', 76, 15),)"},"sentenceIndex":[9],"words":["условий"],"wordsIndex":[6]},"февраль":{"params":{"class":"с","classMask":1,"info":{"isCapital":false,"isUpper":false},"stack":"((<DictionaryAnalyzer>, u'\\u0444\\u0435\\u0432\\u0440\\u0430\\u043b\\u044f', 190, 1),)"},"sentenceIndex":[1],"words":["февраля"],"wordsIndex":[12]},"часы":{"params":{"class":"с","classMask":1,"info":{"isCapital":false,"isUpper":false},"stack":"((<DictionaryAnalyzer>, u'\\u0447\\u0430\\u0441\\u043e\\u0432', 133, 1),)"},"sentenceIndex":[2],"words":["часов"],"wordsIndex":[8]},"что":{"params":{"class":"союз","classMask":15,"info":{"isCapital":false,"isUpper":false},"stack":"((<DictionaryAnalyzer>, u'\\u0447\\u0442\\u043e', 3046, 0),)"},"sentenceIndex":[1,2],"words":["что","что"],"wordsIndex":[7,1]},"эксперт":{"params":{"class":"с","classMask":1,"info":{"isCapital":false,"isUpper":false},"stack":"((<DictionaryAnalyzer>, u'\\u044d\\u043a\\u0441\\u043f\\u0435\\u0440\\u0442\\u043e\\u0432', 52, 7),)"},"sentenceIndex":[5],"words":["экспертов"],"wordsIndex":[14]},"январь":{"params":{"class":"с","classMask":1,"info":{"isCapital":false,"isUpper":false},"stack":"((<DictionaryAnalyzer>, u'\\u044f\\u043d\\u0432\\u0430\\u0440\\u044f', 190, 1),)"},"sentenceIndex":[6],"words":["января"],"wordsIndex":[12]}}