{"149":{"params":{"class":"наим","classMask":19,"info":{},"stack":""},"sentenceIndex":[8],"words":["149"],"wordsIndex":[5]},"2015":{"params":{"class":"наим","classMask":19,"info":{},"stack":""},"sentenceIndex":[3],"words":["2015"],"wordsIndex":[10]},"2016":{"params":{"class":"наим","classMask":19,"info":{},"stack":""},"sentenceIndex":[5,7],"words":["2016","2016"],"wordsIndex":[25,2]},"40":{"params":{"class":"наим","classMask":19,"info":{},"stack":""},"sentenceIndex":[6],"words":["40"],"wordsIndex":[11]},"6":{"params":{"class":"число","classMask":10,"info":{},"stack":""},"sentenceIndex":[7],"words":["6"],"wordsIndex":[12]},"6s":{"params":{"class":"наим","classMask":19,"info":{},"stack":""},"sentenceIndex":[0,5],"words":["6s","6s"],"wordsIndex":[8,8]},"7":{"params":{"class":"число","classMask":10,"info":{},"stack":""},"sentenceIndex":[0],"words":["7"],"wordsIndex":[4]},"88":{"params":{"class":"наим","classMask":19,"info":{},"stack":""},"sentenceIndex":[0],"words":["88"],"wordsIndex":[3]},"apple":{"params":{"class":"имя","classMask":22,"info":{"isCapital":true,"isUpper":false},"stack":""},"sentenceIndex":[0,5,7],"words":["Apple","Apple","Apple"],"wordsIndex":[1,21,5]},"iphone":{"params":{"class":"иняз","classMask":21,"info":{"isCapital":false,"isUpper":false},"stack":""},"sentenceIndex":[0,5,7],"words":["iPhone","iPhone","iPhone"],"wordsIndex":[7,7,11]},"of":{"params":{"class":"иняз","classMask":21,"info":{"isCapital":false,"isUpper":false},"stack":""},"sentenceIndex":[1],"words":["of"],"wordsIndex":[5]},"oman":{"params":{"class":"имя","classMask":22,"info":{"isCapital":true,"isUpper":false},"stack":""},"sentenceIndex":[1],"words":["Oman"],"wordsIndex":[6]},"the":{"params":{"class":"имя","classMask":22,"info":{"isCapital":true,"isUpper":false},"stack":""},"sentenceIndex":[1],"words":["The"],"wordsIndex":[3]},"times":{"params":{"class":"имя","classMask":22,"info":{"isCapital":true,"isUpper":false},"stack":""},"sentenceIndex":[1],"words":["Times"],"wordsIndex":[4]},"аккумулятор":{"params":{"class":"с","classMask":1,"info":{"isCapital":false,"isUpper":false},"stack":"((<DictionaryAnalyzer>, u'\\u0430\\u043a\\u043a\\u0443\\u043c\\u0443\\u043b\\u044f\\u0442\\u043e\\u0440\\u043e\\u0432', 33, 7),)"},"sentenceIndex":[5],"words":["аккумуляторов"],"wordsIndex":[5]},"американский":{"params":{"class":"п","classMask":2,"info":{"isCapital":false,"isUpper":false},"stack":"((<DictionaryAnalyzer>, u'\\u0430\\u043c\\u0435\\u0440\\u0438\\u043a\\u0430\\u043d\\u0441\\u043a\\u043e\\u0439', 16, 8),)"},"sentenceIndex":[1],"words":["американской"],"wordsIndex":[21]},"батарея":{"params":{"class":"с","classMask":1,"info":{"isCapital":false,"isUpper":false},"stack":"((<DictionaryAnalyzer>, u'\\u0431\\u0430\\u0442\\u0430\\u0440\\u0435\\u0438', 233, 1),)"},"sentenceIndex":[6],"words":["батареи"],"wordsIndex":[9]},"безопасность":{"params":{"class":"с","classMask":1,"info":{"isCapital":false,"isUpper":false},"stack":"((<DictionaryAnalyzer>, u'\\u0431\\u0435\\u0437\\u043e\\u043f\\u0430\\u0441\\u043d\\u043e\\u0441\\u0442\\u044c\\u044e', 13, 4),)"},"sentenceIndex":[2],"words":["безопасностью"],"wordsIndex":[14]},"больший":{"params":{"class":"п","classMask":2,"info":{"isCapital":false,"isUpper":false},"stack":"((<DictionaryAnalyzer>, u'\\u0431\\u043e\\u043b\\u044c\\u0448\\u0438\\u043c', 506, 5),)"},"sentenceIndex":[5],"words":["большим"],"wordsIndex":[12]},"браковать":{"params":{"class":"причастие","classMask":7,"info":{"isCapital":false,"isUpper":false},"stack":"((<DictionaryAnalyzer>, u'\\u0431\\u0440\\u0430\\u043a\\u043e\\u0432\\u0430\\u043d\\u043d\\u044b\\u0439', 524, 94),)"},"sentenceIndex":[6,7],"words":["бракованный","бракованных"],"wordsIndex":[3,18]},"в":{"params":{"class":"символ","classMask":20,"info":{},"stack":""},"sentenceIndex":[2,3,5,5,5,7,8],"words":["в","в","в","в","в","В","в"],"wordsIndex":[4,6,6,9,23,0,4]},"владелец":{"params":{"class":"с","classMask":1,"info":{"isCapital":false,"isUpper":false},"stack":"((<DictionaryAnalyzer>, u'\\u0432\\u043b\\u0430\\u0434\\u0435\\u043b\\u044c\\u0446\\u0435\\u0432', 176, 7),)"},"sentenceIndex":[6],"words":["владельцев"],"wordsIndex":[2]},"внезапный":{"params":{"class":"п","classMask":2,"info":{"isCapital":false,"isUpper":false},"stack":"((<DictionaryAnalyzer>, u'\\u0432\\u043d\\u0435\\u0437\\u0430\\u043f\\u043d\\u043e\\u043c', 12, 6),)"},"sentenceIndex":[2,5],"words":["внезапном","внезапные"],"wordsIndex":[6,17]},"возврат":{"params":{"class":"с","classMask":1,"info":{"isCapital":false,"isUpper":false},"stack":"((<DictionaryAnalyzer>, u'\\u0432\\u043e\\u0437\\u0432\\u0440\\u0430\\u0442\\u0430', 33, 1),)"},"sentenceIndex":[3],"words":["возврата"],"wordsIndex":[2]},"выключиться":{"params":{"class":"инфинитив","classMask":6,"info":{"isCapital":false,"isUpper":false},"stack":"((<DictionaryAnalyzer>, u'\\u0432\\u044b\\u043a\\u043b\\u044e\\u0447\\u0438\\u0442\\u044c\\u0441\\u044f', 804, 0),)"},"sentenceIndex":[6],"words":["выключиться"],"wordsIndex":[6]},"выше":{"params":{"class":"н","classMask":11,"info":{"isCapital":false,"isUpper":false},"stack":"((<DictionaryAnalyzer>, u'\\u0432\\u044b\\u0448\\u0435', 3, 0),)"},"sentenceIndex":[6],"words":["выше"],"wordsIndex":[10]},"год":{"params":{"class":"с","classMask":1,"info":{"isCapital":false,"isUpper":false},"stack":"((<DictionaryAnalyzer>, u'\\u0433\\u043e\\u0434\\u0430', 1168, 1),)"},"sentenceIndex":[3,5,7],"words":["года","года","года"],"wordsIndex":[11,26,3]},"доллар":{"params":{"class":"с","classMask":1,"info":{"isCapital":false,"isUpper":false},"stack":"((<DictionaryAnalyzer>, u'\\u0434\\u043e\\u043b\\u043b\\u0430\\u0440\\u043e\\u0432', 1313, 7),)"},"sentenceIndex":[8],"words":["долларов"],"wordsIndex":[6]},"жалоба":{"params":{"class":"с","classMask":1,"info":{"isCapital":false,"isUpper":false},"stack":"((<DictionaryAnalyzer>, u'\\u0436\\u0430\\u043b\\u043e\\u0431', 55, 8),)"},"sentenceIndex":[5],"words":["жалоб"],"wordsIndex":[14]},"заключаться":{"params":{"class":"г","classMask":5,"info":{"isCapital":false,"isUpper":false},"stack":"((<DictionaryAnalyzer>, u'\\u0437\\u0430\\u043a\\u043b\\u044e\\u0447\\u0430\\u0435\\u0442\\u0441\\u044f', 224, 5),)"},"sentenceIndex":[2],"words":["заключается"],"wordsIndex":[3]},"замена":{"params":{"class":"с","classMask":1,"info":{"isCapital":false,"isUpper":false},"stack":"((<DictionaryAnalyzer>, u'\\u0437\\u0430\\u043c\\u0435\\u043d\\u0435', 55, 6),)"},"sentenceIndex":[5],"words":["замене"],"wordsIndex":[4]},"запуск":{"params":{"class":"с","classMask":1,"info":{"isCapital":false,"isUpper":false},"stack":"((<DictionaryAnalyzer>, u'\\u0437\\u0430\\u043f\\u0443\\u0441\\u043a\\u0435', 19, 5),)"},"sentenceIndex":[5],"words":["запуске"],"wordsIndex":[1]},"запустить":{"params":{"class":"причастие","classMask":7,"info":{"isCapital":true,"isUpper":false},"stack":"((<DictionaryAnalyzer>, u'\\u0437\\u0430\\u043f\\u0443\\u0449\\u0435\\u043d\\u043d\\u0430\\u044f', 927, 49),)"},"sentenceIndex":[3,7],"words":["Запущенная","запустила"],"wordsIndex":[0,14]},"заряд":{"params":{"class":"с","classMask":1,"info":{"isCapital":false,"isUpper":false},"stack":"((<DictionaryAnalyzer>, u'\\u0437\\u0430\\u0440\\u044f\\u0434\\u0435', 33, 5),)"},"sentenceIndex":[6],"words":["заряде"],"wordsIndex":[8]},"и":{"params":{"class":"символ","classMask":20,"info":{},"stack":""},"sentenceIndex":[2,7],"words":["и","и"],"wordsIndex":[8,13]},"издание":{"params":{"class":"с","classMask":1,"info":{"isCapital":false,"isUpper":false},"stack":"((<DictionaryAnalyzer>, u'\\u0438\\u0437\\u0434\\u0430\\u043d\\u0438\\u044f', 76, 2),)"},"sentenceIndex":[1],"words":["издания"],"wordsIndex":[16]},"информация":{"params":{"class":"с","classMask":1,"info":{"isCapital":false,"isUpper":false},"stack":"((<DictionaryAnalyzer>, u'\\u0438\\u043d\\u0444\\u043e\\u0440\\u043c\\u0430\\u0446\\u0438\\u0438', 40, 1),)"},"sentenceIndex":[1],"words":["информации"],"wordsIndex":[15]},"исправление":{"params":{"class":"с","classMask":1,"info":{"isCapital":true,"isUpper":false},"stack":"((<DictionaryAnalyzer>, u'\\u0438\\u0441\\u043f\\u0440\\u0430\\u0432\\u043b\\u0435\\u043d\\u0438\\u0435', 76, 6),)"},"sentenceIndex":[8],"words":["Исправление"],"wordsIndex":[0]},"как":{"params":{"class":"союз","classMask":15,"info":{"isCapital":false,"isUpper":false},"stack":"((<DictionaryAnalyzer>, u'\\u043a\\u0430\\u043a', 1673, 0),)"},"sentenceIndex":[2],"words":["как"],"wordsIndex":[9]},"касаться":{"params":{"class":"г","classMask":5,"info":{"isCapital":false,"isUpper":false},"stack":"((<DictionaryAnalyzer>, u'\\u043a\\u0430\\u0441\\u0430\\u0435\\u0442\\u0441\\u044f', 224, 5),)"},"sentenceIndex":[3],"words":["касается"],"wordsIndex":[3]},"количество":{"params":{"class":"с","classMask":1,"info":{"isCapital":false,"isUpper":false},"stack":"((<DictionaryAnalyzer>, u'\\u043a\\u043e\\u043b\\u0438\\u0447\\u0435\\u0441\\u0442\\u0432\\u043e\\u043c', 54, 4),)"},"sentenceIndex":[5],"words":["количеством"],"wordsIndex":[13]},"компания":{"params":{"class":"с","classMask":1,"info":{"isCapital":false,"isUpper":false},"stack":"((<DictionaryAnalyzer>, u'\\u043a\\u043e\\u043c\\u043f\\u0430\\u043d\\u0438\\u0438', 40, 1),)"},"sentenceIndex":[1,5],"words":["компании","компания"],"wordsIndex":[22,20]},"корпорация":{"params":{"class":"с","classMask":1,"info":{"isCapital":true,"isUpper":false},"stack":"((<DictionaryAnalyzer>, u'\\u043a\\u043e\\u0440\\u043f\\u043e\\u0440\\u0430\\u0446\\u0438\\u044f', 40, 0),)"},"sentenceIndex":[0,7],"words":["Корпорация","корпорация"],"wordsIndex":[0,4]},"который":{"params":{"class":"п","classMask":2,"info":{"isCapital":false,"isUpper":false},"stack":"((<DictionaryAnalyzer>, u'\\u043a\\u043e\\u0442\\u043e\\u0440\\u043e\\u0435', 1788, 13),)"},"sentenceIndex":[1],"words":["которое"],"wordsIndex":[13]},"министерство":{"params":{"class":"имя","classMask":22,"info":{"isCapital":true,"isUpper":false},"stack":"((<DictionaryAnalyzer>, u'\\u043c\\u0438\\u043d\\u0438\\u0441\\u0442\\u0435\\u0440\\u0441\\u0442\\u0432\\u043e', 54, 0),)"},"sentenceIndex":[1],"words":["Министерство"],"wordsIndex":[10]},"можно":{"params":{"class":"предк","classMask":13,"info":{"isCapital":false,"isUpper":false},"stack":"((<DictionaryAnalyzer>, u'\\u043c\\u043e\\u0436\\u043d\\u043e', 242, 0),)"},"sentenceIndex":[4],"words":["можно"],"wordsIndex":[4]},"мочь":{"params":{"class":"г","classMask":5,"info":{"isCapital":false,"isUpper":false},"stack":"((<DictionaryAnalyzer>, u'\\u043c\\u043e\\u0433', 1979, 7),)"},"sentenceIndex":[6],"words":["мог"],"wordsIndex":[5]},"на":{"params":{"class":"предл","classMask":14,"info":{"isCapital":false,"isUpper":false},"stack":"((<DictionaryAnalyzer>, u'\\u043d\\u0430', 24, 0),)"},"sentenceIndex":[1,4,5],"words":["на","на","на"],"wordsIndex":[9,5,16]},"наличие":{"params":{"class":"с","classMask":1,"info":{"isCapital":false,"isUpper":false},"stack":"((<DictionaryAnalyzer>, u'\\u043d\\u0430\\u043b\\u0438\\u0447\\u0438\\u0435', 76, 0),)"},"sentenceIndex":[7],"words":["наличие"],"wordsIndex":[7]},"не":{"params":{"class":"част","classMask":16,"info":{"isCapital":false,"isUpper":false},"stack":"((<DictionaryAnalyzer>, u'\\u043d\\u0435', 22, 0),)"},"sentenceIndex":[2],"words":["не"],"wordsIndex":[11]},"неисправность":{"params":{"class":"с","classMask":1,"info":{"isCapital":false,"isUpper":false},"stack":"((<DictionaryAnalyzer>, u'\\u043d\\u0435\\u0438\\u0441\\u043f\\u0440\\u0430\\u0432\\u043d\\u043e\\u0441\\u0442\\u0438', 13, 1),)"},"sentenceIndex":[7],"words":["неисправности"],"wordsIndex":[8]},"необходимость":{"params":{"class":"с","classMask":1,"info":{"isCapital":false,"isUpper":false},"stack":"((<DictionaryAnalyzer>, u'\\u043d\\u0435\\u043e\\u0431\\u0445\\u043e\\u0434\\u0438\\u043c\\u043e\\u0441\\u0442\\u044c', 13, 0),)"},"sentenceIndex":[4],"words":["необходимость"],"wordsIndex":[1]},"ноябрь":{"params":{"class":"с","classMask":1,"info":{"isCapital":false,"isUpper":false},"stack":"((<DictionaryAnalyzer>, u'\\u043d\\u043e\\u044f\\u0431\\u0440\\u0435', 190, 5),)"},"sentenceIndex":[5,7],"words":["ноябре","ноябре"],"wordsIndex":[24,1]},"о":{"params":{"class":"предл","classMask":14,"info":{"isCapital":true,"isUpper":false},"stack":"((<DictionaryAnalyzer>, u'\\u043e\\u0431', 2133, 1),)"},"sentenceIndex":[1,5],"words":["Об","О"],"wordsIndex":[0,0]},"оаэ":{"params":{"class":"имя","classMask":1122,"info":{"isCapital":false,"isCountry":true,"isUpper":true},"stack":"((<DictionaryAnalyzer>, u'\\u043e\\u0430\\u044d', 2134, 1),)"},"sentenceIndex":[1],"words":["ОАЭ"],"wordsIndex":[12]},"обойтись":{"params":{"class":"г","classMask":5,"info":{"isCapital":false,"isUpper":false},"stack":"((<DictionaryAnalyzer>, u'\\u043e\\u0431\\u043e\\u0439\\u0434\\u0451\\u0442\\u0441\\u044f', 1481, 9),)"},"sentenceIndex":[8],"words":["обойдется"],"wordsIndex":[2]},"объявить":{"params":{"class":"г","classMask":5,"info":{"isCapital":false,"isUpper":false},"stack":"((<DictionaryAnalyzer>, u'\\u043e\\u0431\\u044a\\u044f\\u0432\\u0438\\u043b\\u0430', 647, 2),)"},"sentenceIndex":[5],"words":["объявила"],"wordsIndex":[22]},"октябрь":{"params":{"class":"с","classMask":1,"info":{"isCapital":false,"isUpper":false},"stack":"((<DictionaryAnalyzer>, u'\\u043e\\u043a\\u0442\\u044f\\u0431\\u0440\\u0435', 190, 5),)"},"sentenceIndex":[3],"words":["октябре"],"wordsIndex":[8]},"октябрь-сентябрь":{"params":{"class":"с","classMask":1201,"info":{"comboClassStats":{"с":2},"isCapital":false,"isCombo":true,"isUpper":false},"stack":"<classByLadder>"},"sentenceIndex":[3],"words":["сентябре-октябре"],"wordsIndex":[9]},"они":{"params":{"class":"мс","classMask":12,"info":{"isCapital":false,"isUpper":false},"stack":"((<DictionaryAnalyzer>, u'\\u0438\\u0445', 2210, 1),)"},"sentenceIndex":[2],"words":["их"],"wordsIndex":[5]},"от":{"params":{"class":"предл","classMask":14,"info":{"isCapital":false,"isUpper":false},"stack":"((<DictionaryAnalyzer>, u'\\u043e\\u0442', 375, 0),)"},"sentenceIndex":[1],"words":["от"],"wordsIndex":[20]},"отзыв":{"params":{"class":"с","classMask":1,"info":{"isCapital":false,"isUpper":false},"stack":"((<DictionaryAnalyzer>, u'\\u043e\\u0442\\u0437\\u044b\\u0432\\u0430', 33, 1),)"},"sentenceIndex":[2,4],"words":["отзыва","отзыва"],"wordsIndex":[1,2]},"отзывать":{"params":{"class":"г","classMask":5,"info":{"isCapital":false,"isUpper":false},"stack":"((<DictionaryAnalyzer>, u'\\u043e\\u0442\\u0437\\u044b\\u0432\\u0430\\u0435\\u0442', 15, 5),)"},"sentenceIndex":[0],"words":["отзывает"],"wordsIndex":[2]},"отключение":{"params":{"class":"с","classMask":1,"info":{"isCapital":false,"isUpper":false},"stack":"((<DictionaryAnalyzer>, u'\\u043e\\u0442\\u043a\\u043b\\u044e\\u0447\\u0435\\u043d\\u0438\\u0438', 76, 10),)"},"sentenceIndex":[2,5],"words":["отключении","отключения"],"wordsIndex":[7,18]},"отмечаться":{"params":{"class":"г","classMask":5,"info":{"isCapital":false,"isUpper":false},"stack":"((<DictionaryAnalyzer>, u'\\u043e\\u0442\\u043c\\u0435\\u0447\\u0430\\u0435\\u0442\\u0441\\u044f', 224, 5),)"},"sentenceIndex":[2],"words":["отмечается"],"wordsIndex":[10]},"официальный":{"params":{"class":"п","classMask":2,"info":{"isCapital":false,"isUpper":false},"stack":"((<DictionaryAnalyzer>, u'\\u043e\\u0444\\u0438\\u0446\\u0438\\u0430\\u043b\\u044c\\u043d\\u043e\\u0435', 1289, 14),)"},"sentenceIndex":[1],"words":["официальное"],"wordsIndex":[18]},"письмо":{"params":{"class":"с","classMask":1,"info":{"isCapital":false,"isUpper":false},"stack":"((<DictionaryAnalyzer>, u'\\u043f\\u0438\\u0441\\u044c\\u043c\\u043e', 117, 3),)"},"sentenceIndex":[1],"words":["письмо"],"wordsIndex":[19]},"по":{"params":{"class":"предл","classMask":14,"info":{"isCapital":true,"isUpper":false},"stack":"((<DictionaryAnalyzer>, u'\\u043f\\u043e', 24, 0),)"},"sentenceIndex":[1,5,6,7],"words":["по","по","По","по"],"wordsIndex":[14,3,0,16]},"получить":{"params":{"class":"г","classMask":5,"info":{"isCapital":false,"isUpper":false},"stack":"((<DictionaryAnalyzer>, u'\\u043f\\u043e\\u043b\\u0443\\u0447\\u0438\\u043b\\u043e', 634, 3),)"},"sentenceIndex":[1],"words":["получило"],"wordsIndex":[17]},"пользователь":{"params":{"class":"с","classMask":1,"info":{"isCapital":false,"isUpper":false},"stack":"((<DictionaryAnalyzer>, u'\\u043f\\u043e\\u043b\\u044c\\u0437\\u043e\\u0432\\u0430\\u0442\\u0435\\u043b\\u0435\\u0439', 121, 7),)"},"sentenceIndex":[5,8],"words":["пользователей","пользователям"],"wordsIndex":[15,3]},"при":{"params":{"class":"предл","classMask":14,"info":{"isCapital":false,"isUpper":false},"stack":"((<DictionaryAnalyzer>, u'\\u043f\\u0440\\u0438', 24, 0),)"},"sentenceIndex":[6],"words":["при"],"wordsIndex":[7]},"признать":{"params":{"class":"г","classMask":5,"info":{"isCapital":false,"isUpper":false},"stack":"((<DictionaryAnalyzer>, u'\\u043f\\u0440\\u0438\\u0437\\u043d\\u0430\\u043b\\u0430', 614, 2),)"},"sentenceIndex":[7],"words":["признала"],"wordsIndex":[6]},"причина":{"params":{"class":"с","classMask":1,"info":{"isCapital":true,"isUpper":false},"stack":"((<DictionaryAnalyzer>, u'\\u043f\\u0440\\u0438\\u0447\\u0438\\u043d\\u0430', 55, 0),)"},"sentenceIndex":[2],"words":["Причина"],"wordsIndex":[0]},"проблема":{"params":{"class":"с","classMask":1,"info":{"isCapital":false,"isUpper":false},"stack":"((<DictionaryAnalyzer>, u'\\u043f\\u0440\\u043e\\u0431\\u043b\\u0435\\u043c\\u044b', 55, 1),)"},"sentenceIndex":[8],"words":["проблемы"],"wordsIndex":[1]},"проверить":{"params":{"class":"инфинитив","classMask":6,"info":{"isCapital":true,"isUpper":false},"stack":"((<DictionaryAnalyzer>, u'\\u043f\\u0440\\u043e\\u0432\\u0435\\u0440\\u0438\\u0442\\u044c', 1307, 0),)"},"sentenceIndex":[4],"words":["Проверить"],"wordsIndex":[0]},"программа":{"params":{"class":"с","classMask":1,"info":{"isCapital":false,"isUpper":false},"stack":"((<DictionaryAnalyzer>, u'\\u043f\\u0440\\u043e\\u0433\\u0440\\u0430\\u043c\\u043c\\u0430', 55, 0),)"},"sentenceIndex":[3,5,7],"words":["программа","программы","программу"],"wordsIndex":[1,2,15]},"произвести":{"params":{"class":"причастие","classMask":7,"info":{"isCapital":false,"isUpper":false},"stack":"((<DictionaryAnalyzer>, u'\\u043f\\u0440\\u043e\\u0438\\u0437\\u0432\\u0435\\u0434\\u0451\\u043d\\u043d\\u044b\\u0445', 628, 63),)"},"sentenceIndex":[3],"words":["произведенных"],"wordsIndex":[5]},"процент":{"params":{"class":"с","classMask":1,"info":{"isCapital":false,"isUpper":false},"stack":"((<DictionaryAnalyzer>, u'\\u043f\\u0440\\u043e\\u0446\\u0435\\u043d\\u0442\\u043e\\u0432', 33, 7),)"},"sentenceIndex":[6],"words":["процентов"],"wordsIndex":[12]},"ремонт":{"params":{"class":"с","classMask":1,"info":{"isCapital":false,"isUpper":false},"stack":"((<DictionaryAnalyzer>, u'\\u0440\\u0435\\u043c\\u043e\\u043d\\u0442\\u0443', 33, 2),)"},"sentenceIndex":[7],"words":["ремонту"],"wordsIndex":[17]},"с":{"params":{"class":"предл","classMask":14,"info":{"isCapital":false,"isUpper":false},"stack":"((<DictionaryAnalyzer>, u'\\u0441\\u043e', 375, 1),)"},"sentenceIndex":[1,2,5],"words":["со","с","с"],"wordsIndex":[7,13,11]},"связать":{"params":{"class":"кр_причастие","classMask":8,"info":{"isCapital":false,"isUpper":false},"stack":"((<DictionaryAnalyzer>, u'\\u0441\\u0432\\u044f\\u0437\\u0430\\u043d\\u0430', 638, 72),)"},"sentenceIndex":[2],"words":["связана"],"wordsIndex":[12]},"связь":{"params":{"class":"с","classMask":1,"info":{"isCapital":false,"isUpper":false},"stack":"((<DictionaryAnalyzer>, u'\\u0441\\u0432\\u044f\\u0437\\u0438', 544, 6),)"},"sentenceIndex":[5],"words":["связи"],"wordsIndex":[10]},"сенсорный":{"params":{"class":"п","classMask":2,"info":{"isCapital":false,"isUpper":false},"stack":"((<DictionaryAnalyzer>, u'\\u0441\\u0435\\u043d\\u0441\\u043e\\u0440\\u043d\\u043e\\u0433\\u043e', 12, 1),)"},"sentenceIndex":[7],"words":["сенсорного"],"wordsIndex":[9]},"сентябрь":{"params":{"class":"с","classMask":1,"info":{"isCapital":false,"isUpper":false},"stack":"((<DictionaryAnalyzer>, u'\\u0441\\u0435\\u043d\\u0442\\u044f\\u0431\\u0440\\u0435', 190, 5),)"},"sentenceIndex":[3],"words":["сентябре"],"wordsIndex":[7]},"слово":{"params":{"class":"с","classMask":1,"info":{"isCapital":false,"isUpper":false},"stack":"((<DictionaryAnalyzer>, u'\\u0441\\u043b\\u043e\\u0432\\u0430\\u043c', 54, 8),)"},"sentenceIndex":[6],"words":["словам"],"wordsIndex":[1]},"смартфон":{"params":{"class":"с","classMask":1,"info":{"isCapital":false,"isUpper":false},"stack":"((<DictionaryAnalyzer>, u'\\u0441\\u043c\\u0430\\u0440\\u0442\\u0444\\u043e\\u043d', 33, 0),)"},"sentenceIndex":[6],"words":["смартфон"],"wordsIndex":[4]},"сообщать":{"params":{"class":"г","classMask":5,"info":{"isCapital":false,"isUpper":false},"stack":"((<DictionaryAnalyzer>, u'\\u0441\\u043e\\u043e\\u0431\\u0449\\u0430\\u0435\\u0442', 206, 5),)"},"sentenceIndex":[1],"words":["сообщает"],"wordsIndex":[2]},"специальный":{"params":{"class":"п","classMask":2,"info":{"isCapital":false,"isUpper":false},"stack":"((<DictionaryAnalyzer>, u'\\u0441\\u043f\\u0435\\u0446\\u0438\\u0430\\u043b\\u044c\\u043d\\u043e\\u0439', 1289, 8),)"},"sentenceIndex":[4],"words":["специальной"],"wordsIndex":[6]},"ссылка":{"params":{"class":"с","classMask":1,"info":{"isCapital":false,"isUpper":false},"stack":"((<DictionaryAnalyzer>, u'\\u0441\\u0441\\u044b\\u043b\\u043a\\u043e\\u0439', 8, 4),)"},"sentenceIndex":[1],"words":["ссылкой"],"wordsIndex":[8]},"страница":{"params":{"class":"с","classMask":1,"info":{"isCapital":false,"isUpper":false},"stack":"((<DictionaryAnalyzer>, u'\\u0441\\u0442\\u0440\\u0430\\u043d\\u0438\\u0446\\u0435', 2837, 6),)"},"sentenceIndex":[4],"words":["странице"],"wordsIndex":[7]},"телефон":{"params":{"class":"с","classMask":1,"info":{"isCapital":false,"isUpper":false},"stack":"((<DictionaryAnalyzer>, u'\\u0442\\u0435\\u043b\\u0435\\u0444\\u043e\\u043d\\u043e\\u0432', 33, 7),)"},"sentenceIndex":[0,2],"words":["телефонов","телефонов"],"wordsIndex":[6,2]},"тысяча":{"params":{"class":"с","classMask":1,"info":{"isCapital":false,"isUpper":false},"stack":"((<DictionaryAnalyzer>, u'\\u0442\\u044b\\u0441\\u044f\\u0447\\u0438', 2923, 1),)"},"sentenceIndex":[0],"words":["тысячи"],"wordsIndex":[5]},"устройство":{"params":{"class":"с","classMask":1,"info":{"isCapital":false,"isUpper":false},"stack":"((<DictionaryAnalyzer>, u'\\u0443\\u0441\\u0442\\u0440\\u043e\\u0439\\u0441\\u0442\\u0432', 54, 7),)"},"sentenceIndex":[3,4,5,7],"words":["устройств","устройства","устройств","устройств"],"wordsIndex":[4,3,19,19]},"экономика":{"params":{"class":"с","classMask":1,"info":{"isCapital":false,"isUpper":false},"stack":"((<DictionaryAnalyzer>, u'\\u044d\\u043a\\u043e\\u043d\\u043e\\u043c\\u0438\\u043a\\u0438', 43, 1),)"},"sentenceIndex":[1],"words":["экономики"],"wordsIndex":[11]},"экран":{"params":{"class":"с","classMask":1,"info":{"isCapital":false,"isUpper":false},"stack":"((<DictionaryAnalyzer>, u'\\u044d\\u043a\\u0440\\u0430\\u043d\\u0430', 33, 1),)"},"sentenceIndex":[7],"words":["экрана"],"wordsIndex":[10]},"это":{"params":{"class":"мс","classMask":12,"info":{"isCapital":false,"isUpper":false},"stack":"((<DictionaryAnalyzer>, u'\\u044d\\u0442\\u043e\\u043c', 3098, 5),)"},"sentenceIndex":[1],"words":["этом"],"wordsIndex":[1]}}