{"12":{"params":{"class":"наим","classMask":19,"info":{},"stack":""},"sentenceIndex":[3],"words":["12"],"wordsIndex":[3]},"32":{"params":{"class":"наим","classMask":19,"info":{},"stack":""},"sentenceIndex":[6],"words":["32"],"wordsIndex":[14]},"55":{"params":{"class":"наим","classMask":19,"info":{},"stack":""},"sentenceIndex":[6],"words":["55"],"wordsIndex":[10]},"air":{"params":{"class":"имя","classMask":22,"info":{"isCapital":true,"isUpper":false},"stack":""},"sentenceIndex":[0],"words":["Air"],"wordsIndex":[16]},"airlines":{"params":{"class":"имя","classMask":22,"info":{"isCapital":true,"isUpper":false},"stack":""},"sentenceIndex":[3],"words":["Airlines"],"wordsIndex":[7]},"alpa":{"params":{"class":"имя","classMask":22,"info":{"isCapital":true,"isUpper":false},"stack":""},"sentenceIndex":[6,8],"words":["Alpa","Alpa"],"wordsIndex":[8,1]},"canoll":{"params":{"class":"имя","classMask":22,"info":{"isCapital":true,"isUpper":false},"stack":""},"sentenceIndex":[8],"words":["Canoll"],"wordsIndex":[5]},"insler":{"params":{"class":"имя","classMask":22,"info":{"isCapital":true,"isUpper":false},"stack":""},"sentenceIndex":[2],"words":["Insler"],"wordsIndex":[14]},"international":{"params":{"class":"имя","classMask":22,"info":{"isCapital":true,"isUpper":false},"stack":""},"sentenceIndex":[0],"words":["International"],"wordsIndex":[17]},"limited":{"params":{"class":"имя","classMask":22,"info":{"isCapital":true,"isUpper":false},"stack":""},"sentenceIndex":[0],"words":["Limited"],"wordsIndex":[18]},"mec":{"params":{"class":"иняз","classMask":21,"info":{"isCapital":false,"isUpper":true},"stack":""},"sentenceIndex":[2,3,5],"words":["MEC","MEC","MEC"],"wordsIndex":[10,0,1]},"nail":{"params":{"class":"иняз","classMask":21,"info":{"isCapital":false,"isUpper":true},"stack":""},"sentenceIndex":[0,2,4,7,10],"words":["NAIL","NAIL","NAIL","NAIL","NAIL"],"wordsIndex":[19,1,7,7,0]},"norwegian":{"params":{"class":"имя","classMask":22,"info":{"isCapital":true,"isUpper":false},"stack":""},"sentenceIndex":[0],"words":["Norwegian"],"wordsIndex":[15]},"telegraph":{"params":{"class":"имя","classMask":22,"info":{"isCapital":true,"isUpper":false},"stack":""},"sentenceIndex":[1],"words":["Telegraph"],"wordsIndex":[5]},"the":{"params":{"class":"имя","classMask":22,"info":{"isCapital":true,"isUpper":false},"stack":""},"sentenceIndex":[1],"words":["The"],"wordsIndex":[4]},"tim":{"params":{"class":"имя","classMask":22,"info":{"isCapital":true,"isUpper":false},"stack":""},"sentenceIndex":[8],"words":["Tim"],"wordsIndex":[4]},"todd":{"params":{"class":"имя","classMask":22,"info":{"isCapital":true,"isUpper":false},"stack":""},"sentenceIndex":[2],"words":["Todd"],"wordsIndex":[13]},"united":{"params":{"class":"имя","classMask":22,"info":{"isCapital":true,"isUpper":false},"stack":""},"sentenceIndex":[3],"words":["United"],"wordsIndex":[6]},"авиакомпания":{"params":{"class":"с","classMask":1,"info":{"isCapital":false,"isUpper":false},"stack":"((<DictionaryAnalyzer>, u'\\u0430\\u0432\\u0438\\u0430\\u043a\\u043e\\u043c\\u043f\\u0430\\u043d\\u0438\\u0438', 40, 1),)"},"sentenceIndex":[0,3,6],"words":["авиакомпании","авиакомпаний","авиакомпаний"],"wordsIndex":[14,11,15]},"авиалиния":{"params":{"class":"с","classMask":1,"info":{"isCapital":false,"isUpper":false},"stack":"((<DictionaryAnalyzer>, u'\\u0430\\u0432\\u0438\\u0430\\u043b\\u0438\\u043d\\u0438\\u0439', 40, 8),)"},"sentenceIndex":[6],"words":["авиалиний"],"wordsIndex":[7]},"авиаперевозка":{"params":{"class":"с","classMask":1,"info":{"isCapital":false,"isUpper":false},"stack":"((<DictionaryAnalyzer>, u'\\u0430\\u0432\\u0438\\u0430\\u043f\\u0435\\u0440\\u0435\\u0432\\u043e\\u0437\\u043e\\u043a', 8, 8),)"},"sentenceIndex":[4],"words":["авиаперевозок"],"wordsIndex":[10]},"америка":{"params":{"class":"имя","classMask":22,"info":{"isCapital":true,"isUpper":false},"stack":"((<DictionaryAnalyzer>, u'\\u0430\\u043c\\u0435\\u0440\\u0438\\u043a\\u0435', 51, 6),)"},"sentenceIndex":[4],"words":["Америке"],"wordsIndex":[12]},"американец":{"params":{"class":"с","classMask":1,"info":{"isCapital":false,"isUpper":false},"stack":"((<DictionaryAnalyzer>, u'\\u0430\\u043c\\u0435\\u0440\\u0438\\u043a\\u0430\\u043d\\u0446\\u0435\\u0432', 38, 7),)"},"sentenceIndex":[8],"words":["американцев"],"wordsIndex":[19]},"американский":{"params":{"class":"п","classMask":2,"info":{"isCapital":true,"isUpper":false},"stack":"((<DictionaryAnalyzer>, u'\\u0430\\u043c\\u0435\\u0440\\u0438\\u043a\\u0430\\u043d\\u0441\\u043a\\u0438\\u0435', 16, 20),)"},"sentenceIndex":[0],"words":["Американские"],"wordsIndex":[0]},"ассоциация":{"params":{"class":"имя","classMask":22,"info":{"isCapital":true,"isUpper":false},"stack":"((<DictionaryAnalyzer>, u'\\u0430\\u0441\\u0441\\u043e\\u0446\\u0438\\u0430\\u0446\\u0438\\u044f', 40, 0),)"},"sentenceIndex":[6],"words":["Ассоциация"],"wordsIndex":[5]},"ближний":{"params":{"class":"п","classMask":2,"info":{"isCapital":false,"isUpper":false},"stack":"((<DictionaryAnalyzer>, u'\\u0431\\u043b\\u0438\\u0436\\u0430\\u0439\\u0448\\u0435\\u043c', 469, 33),)"},"sentenceIndex":[11],"words":["ближайшем"],"wordsIndex":[4]},"борьба":{"params":{"class":"с","classMask":1,"info":{"isCapital":false,"isUpper":false},"stack":"((<DictionaryAnalyzer>, u'\\u0431\\u043e\\u0440\\u044c\\u0431\\u044b', 29, 1),)"},"sentenceIndex":[8],"words":["борьбы"],"wordsIndex":[14]},"будущее":{"params":{"class":"с","classMask":1,"info":{"isCapital":false,"isUpper":false},"stack":"((<DictionaryAnalyzer>, u'\\u0431\\u0443\\u0434\\u0443\\u0449\\u0435\\u043c', 501, 5),)"},"sentenceIndex":[11],"words":["будущем"],"wordsIndex":[5]},"бюджетный":{"params":{"class":"п","classMask":2,"info":{"isCapital":false,"isUpper":false},"stack":"((<DictionaryAnalyzer>, u'\\u0431\\u044e\\u0434\\u0436\\u0435\\u0442\\u043d\\u044b\\u0435', 12, 20),)"},"sentenceIndex":[0,7],"words":["бюджетные","бюджетные"],"wordsIndex":[8,5]},"в":{"params":{"class":"символ","classMask":20,"info":{},"stack":""},"sentenceIndex":[0,2,3,4,4,5,7,7,8,10,11,11,11],"words":["в","в","в","В","в","в","В","в","во","в","В","в","в"],"wordsIndex":[11,3,12,0,11,5,0,8,11,5,0,3,9]},"вегаснуть":{"params":{"class":"имя","classMask":22,"info":{"isCapital":true,"isUpper":false},"stack":"((<DictionaryAnalyzer>, u'\\u0433\\u0430\\u0441', 797, 7), (<UnknownPrefixAnalyzer>, u'\\u0432\\u0435'))"},"sentenceIndex":[10],"words":["Вегас"],"wordsIndex":[13]},"вегаснуть-ласа":{"params":{"class":"имя","classMask":1222,"info":{"comboClassStats":{"г":1,"с":1},"isCapital":true,"isCombo":true,"isUpper":false},"stack":"<classByLadder>"},"sentenceIndex":[10],"words":["Лас-Вегас"],"wordsIndex":[14]},"весь":{"params":{"class":"п","classMask":2,"info":{"isCapital":false,"isUpper":false},"stack":"((<DictionaryAnalyzer>, u'\\u0432\\u0441\\u0435', 703, 20),)"},"sentenceIndex":[4],"words":["все"],"wordsIndex":[14]},"время":{"params":{"class":"с","classMask":1,"info":{"isCapital":false,"isUpper":false},"stack":"((<DictionaryAnalyzer>, u'\\u0432\\u0440\\u0435\\u043c\\u044f', 536, 3),)"},"sentenceIndex":[8],"words":["время"],"wordsIndex":[12]},"выполнять":{"params":{"class":"г","classMask":5,"info":{"isCapital":false,"isUpper":false},"stack":"((<DictionaryAnalyzer>, u'\\u0432\\u044b\\u043f\\u043e\\u043b\\u043d\\u044f\\u0435\\u0442', 206, 5),)"},"sentenceIndex":[10],"words":["выполняет"],"wordsIndex":[1]},"выступить":{"params":{"class":"г","classMask":5,"info":{"isCapital":false,"isUpper":false},"stack":"((<DictionaryAnalyzer>, u'\\u0432\\u044b\\u0441\\u0442\\u0443\\u043f\\u0438\\u043b', 1093, 1),)"},"sentenceIndex":[2],"words":["выступил"],"wordsIndex":[2]},"главный":{"params":{"class":"имя","classMask":22,"info":{"isCapital":true,"isUpper":false},"stack":"((<DictionaryAnalyzer>, u'\\u0433\\u043b\\u0430\\u0432\\u043d\\u044b\\u0439', 214, 0),)"},"sentenceIndex":[2],"words":["Главный"],"wordsIndex":[7]},"говорить":{"params":{"class":"г","classMask":5,"info":{"isCapital":false,"isUpper":false},"stack":"((<DictionaryAnalyzer>, u'\\u0433\\u043e\\u0432\\u043e\\u0440\\u0438\\u043b', 395, 7),)"},"sentenceIndex":[8],"words":["говорил"],"wordsIndex":[10]},"дело":{"params":{"class":"с","classMask":1,"info":{"isCapital":false,"isUpper":false},"stack":"((<DictionaryAnalyzer>, u'\\u0434\\u0435\\u043b\\u0443', 1266, 2),)"},"sentenceIndex":[9],"words":["делу"],"wordsIndex":[7]},"демпинг":{"params":{"class":"с","classMask":1,"info":{"isCapital":false,"isUpper":false},"stack":"((<DictionaryAnalyzer>, u'\\u0434\\u0435\\u043c\\u043f\\u0438\\u043d\\u0433\\u0435', 19, 5),)"},"sentenceIndex":[5],"words":["демпинге"],"wordsIndex":[6]},"дональд":{"params":{"class":"имя","classMask":22,"info":{"isCapital":true,"isUpper":false},"stack":"((<DictionaryAnalyzer>, u'\\u0434\\u043e\\u043d\\u0430\\u043b\\u044c\\u0434\\u0430', 26, 1),)"},"sentenceIndex":[0],"words":["Дональда"],"wordsIndex":[5]},"запретить":{"params":{"class":"инфинитив","classMask":6,"info":{"isCapital":false,"isUpper":false},"stack":"((<DictionaryAnalyzer>, u'\\u0437\\u0430\\u043f\\u0440\\u0435\\u0442\\u0438\\u0442\\u044c', 837, 0),)"},"sentenceIndex":[7],"words":["запретить"],"wordsIndex":[4]},"запустить":{"params":{"class":"инфинитив","classMask":6,"info":{"isCapital":false,"isUpper":false},"stack":"((<DictionaryAnalyzer>, u'\\u0437\\u0430\\u043f\\u0443\\u0441\\u0442\\u0438\\u0442\\u044c', 927, 0),)"},"sentenceIndex":[11],"words":["запустить"],"wordsIndex":[6]},"защита":{"params":{"class":"с","classMask":1,"info":{"isCapital":false,"isUpper":false},"stack":"((<DictionaryAnalyzer>, u'\\u0437\\u0430\\u0449\\u0438\\u0442\\u0435', 55, 6),)"},"sentenceIndex":[8],"words":["защите"],"wordsIndex":[16]},"заявить":{"params":{"class":"г","classMask":5,"info":{"isCapital":false,"isUpper":false},"stack":"((<DictionaryAnalyzer>, u'\\u0437\\u0430\\u044f\\u0432\\u0438\\u043b', 647, 1),)"},"sentenceIndex":[4,8],"words":["заявил","заявил"],"wordsIndex":[5,6]},"и":{"params":{"class":"символ","classMask":20,"info":{},"stack":""},"sentenceIndex":[3,4,6,6,10,11],"words":["и","и","и","и","и","и"],"wordsIndex":[14,13,4,17,11,13]},"из":{"params":{"class":"предл","classMask":14,"info":{"isCapital":false,"isUpper":false},"stack":"((<DictionaryAnalyzer>, u'\\u0438\\u0437', 375, 0),)"},"sentenceIndex":[3,6,10,11],"words":["из","из","из","из"],"wordsIndex":[9,13,3,11]},"издание":{"params":{"class":"с","classMask":1,"info":{"isCapital":false,"isUpper":false},"stack":"((<DictionaryAnalyzer>, u'\\u0438\\u0437\\u0434\\u0430\\u043d\\u0438\\u0435', 76, 0),)"},"sentenceIndex":[1],"words":["издание"],"wordsIndex":[3]},"инслера":{"params":{"class":"имя","classMask":22,"info":{"isCapital":true,"isUpper":false},"stack":"((<DictionaryAnalyzer>, u'\\u043b\\u0435\\u0440', 227, 8), (<UnknownPrefixAnalyzer>, u'\\u0438\\u043d\\u0441'))"},"sentenceIndex":[2,4],"words":["Инслер","Инслер"],"wordsIndex":[12,4]},"интерес":{"params":{"class":"с","classMask":1,"info":{"isCapital":false,"isUpper":false},"stack":"((<DictionaryAnalyzer>, u'\\u0438\\u043d\\u0442\\u0435\\u0440\\u0435\\u0441\\u044b', 33, 9),)"},"sentenceIndex":[3],"words":["интересы"],"wordsIndex":[2]},"ирландия":{"params":{"class":"имя","classMask":1122,"info":{"isCapital":true,"isCountry":true,"isUpper":false},"stack":"((<DictionaryAnalyzer>, u'\\u0438\\u0440\\u043b\\u0430\\u043d\\u0434\\u0438\\u0438', 70, 5),)"},"sentenceIndex":[11],"words":["Ирландии"],"wordsIndex":[12]},"исполнительный":{"params":{"class":"п","classMask":2,"info":{"isCapital":false,"isUpper":false},"stack":"((<DictionaryAnalyzer>, u'\\u0438\\u0441\\u043f\\u043e\\u043b\\u043d\\u0438\\u0442\\u0435\\u043b\\u044c\\u043d\\u044b\\u0439', 216, 0),)"},"sentenceIndex":[2],"words":["исполнительный"],"wordsIndex":[8]},"йорк":{"params":{"class":"имя","classMask":22,"info":{"isCapital":true,"isUpper":false},"stack":"((<DictionaryAnalyzer>, u'\\u0439\\u043e\\u0440\\u043a', 73, 0),)"},"sentenceIndex":[10],"words":["Йорк"],"wordsIndex":[7]},"йорк-нью":{"params":{"class":"имя","classMask":1222,"info":{"comboClassStats":{"неизвестный":1,"с":1},"isCapital":true,"isCombo":true,"isUpper":false},"stack":"<classByLadder>"},"sentenceIndex":[10],"words":["Нью-Йорк"],"wordsIndex":[8]},"к":{"params":{"class":"символ","classMask":20,"info":{},"stack":""},"sentenceIndex":[4,6,9],"words":["к","К","к"],"wordsIndex":[2,0,6]},"калифорния":{"params":{"class":"имя","classMask":22,"info":{"isCapital":true,"isUpper":false},"stack":"((<DictionaryAnalyzer>, u'\\u043a\\u0430\\u043b\\u0438\\u0444\\u043e\\u0440\\u043d\\u0438\\u044e', 70, 3),)"},"sentenceIndex":[10],"words":["Калифорнию"],"wordsIndex":[10]},"канада":{"params":{"class":"имя","classMask":1122,"info":{"isCapital":true,"isCountry":true,"isUpper":false},"stack":"((<DictionaryAnalyzer>, u'\\u043a\\u0430\\u043d\\u0430\\u0434\\u044b', 35, 1),)"},"sentenceIndex":[6],"words":["Канады"],"wordsIndex":[18]},"компания":{"params":{"class":"с","classMask":1,"info":{"isCapital":false,"isUpper":false},"stack":"((<DictionaryAnalyzer>, u'\\u043a\\u043e\\u043c\\u043f\\u0430\\u043d\\u0438\\u044e', 40, 3),)"},"sentenceIndex":[5,11],"words":["компанию","компании"],"wordsIndex":[4,1]},"крупный":{"params":{"class":"п","classMask":2,"info":{"isCapital":false,"isUpper":false},"stack":"((<DictionaryAnalyzer>, u'\\u043a\\u0440\\u0443\\u043f\\u043d\\u0435\\u0439\\u0448\\u0438\\u0445', 214, 48),)"},"sentenceIndex":[3],"words":["крупнейших"],"wordsIndex":[10]},"кэнолл":{"params":{"class":"имя","classMask":22,"info":{"isCapital":true,"isUpper":false},"stack":"((<FakeDictionary>, u'\\u043a\\u044d\\u043d\\u043e\\u043b\\u043b', 33, 0), (<KnownSuffixAnalyzer>, u'\\u043e\\u043b\\u043b'))"},"sentenceIndex":[8,9],"words":["Кэнолл","Кэнолл"],"wordsIndex":[3,9]},"ласа":{"params":{"class":"имя","classMask":22,"info":{"isCapital":true,"isUpper":false},"stack":"((<DictionaryAnalyzer>, u'\\u043b\\u0430\\u0441', 55, 8),)"},"sentenceIndex":[10],"words":["Лас"],"wordsIndex":[12]},"лондон":{"params":{"class":"имя","classMask":22,"info":{"isCapital":true,"isUpper":false},"stack":"((<DictionaryAnalyzer>, u'\\u043b\\u043e\\u043d\\u0434\\u043e\\u043d\\u0430', 32, 1),)"},"sentenceIndex":[10],"words":["Лондона"],"wordsIndex":[4]},"лётчик":{"params":{"class":"с","classMask":1,"info":{"isCapital":false,"isUpper":false},"stack":"((<DictionaryAnalyzer>, u'\\u043b\\u0451\\u0442\\u0447\\u0438\\u043a\\u043e\\u0432', 2, 7),)"},"sentenceIndex":[3,6],"words":["летчиков","летчиков"],"wordsIndex":[5,12]},"место":{"params":{"class":"с","classMask":1,"info":{"isCapital":false,"isUpper":false},"stack":"((<DictionaryAnalyzer>, u'\\u043c\\u0435\\u0441\\u0442\\u0430', 54, 1),)"},"sentenceIndex":[4,8],"words":["места","мест"],"wordsIndex":[19,18]},"мир":{"params":{"class":"с","classMask":1,"info":{"isCapital":false,"isUpper":false},"stack":"((<DictionaryAnalyzer>, u'\\u043c\\u0438\\u0440\\u0435', 1953, 5),)"},"sentenceIndex":[3],"words":["мире"],"wordsIndex":[15]},"много":{"params":{"class":"н","classMask":11,"info":{"isCapital":false,"isUpper":false},"stack":"((<DictionaryAnalyzer>, u'\\u043c\\u043d\\u043e\\u0433\\u043e', 385, 0),)"},"sentenceIndex":[8],"words":["много"],"wordsIndex":[9]},"настать":{"params":{"class":"г","classMask":5,"info":{"isCapital":false,"isUpper":false},"stack":"((<DictionaryAnalyzer>, u'\\u043d\\u0430\\u0441\\u0442\\u0430\\u043b\\u0430', 904, 2),)"},"sentenceIndex":[9],"words":["настала"],"wordsIndex":[1]},"новое":{"params":{"class":"с","classMask":1,"info":{"isCapital":false,"isUpper":false},"stack":"((<DictionaryAnalyzer>, u'\\u043d\\u043e\\u0432\\u044b\\u0435', 972, 6),)"},"sentenceIndex":[11],"words":["новые"],"wordsIndex":[7]},"норвежский":{"params":{"class":"п","classMask":2,"info":{"isCapital":false,"isUpper":false},"stack":"((<DictionaryAnalyzer>, u'\\u043d\\u043e\\u0440\\u0432\\u0435\\u0436\\u0441\\u043a\\u043e\\u0439', 16, 9),)"},"sentenceIndex":[0,5],"words":["норвежской","норвежскую"],"wordsIndex":[13,3]},"нью":{"params":{"class":"имя","classMask":22,"info":{"isCapital":true,"isUpper":false},"stack":""},"sentenceIndex":[10],"words":["Нью"],"wordsIndex":[6]},"о":{"params":{"class":"предл","classMask":14,"info":{"isCapital":true,"isUpper":false},"stack":"((<DictionaryAnalyzer>, u'\\u043e\\u0431', 2133, 1),)"},"sentenceIndex":[1,8],"words":["Об","о"],"wordsIndex":[0,15]},"обвинить":{"params":{"class":"г","classMask":5,"info":{"isCapital":false,"isUpper":false},"stack":"((<DictionaryAnalyzer>, u'\\u043e\\u0431\\u0432\\u0438\\u043d\\u0438\\u043b', 720, 1),)"},"sentenceIndex":[5],"words":["обвинил"],"wordsIndex":[2]},"объединять":{"params":{"class":"причастие","classMask":7,"info":{"isCapital":false,"isUpper":false},"stack":"((<DictionaryAnalyzer>, u'\\u043e\\u0431\\u044a\\u0435\\u0434\\u0438\\u043d\\u044f\\u044e\\u0449\\u0430\\u044f', 206, 20),)"},"sentenceIndex":[6],"words":["объединяющая"],"wordsIndex":[9]},"один":{"params":{"class":"п","classMask":2,"info":{"isCapital":false,"isUpper":false},"stack":"((<DictionaryAnalyzer>, u'\\u043e\\u0434\\u043d\\u043e\\u0439', 2198, 8),)"},"sentenceIndex":[3],"words":["одной"],"wordsIndex":[8]},"она":{"params":{"class":"мс","classMask":12,"info":{"isCapital":false,"isUpper":false},"stack":"((<DictionaryAnalyzer>, u'\\u043d\\u0435\\u0439', 2209, 12),)"},"sentenceIndex":[4],"words":["ней"],"wordsIndex":[17]},"организация":{"params":{"class":"с","classMask":1,"info":{"isCapital":false,"isUpper":false},"stack":"((<DictionaryAnalyzer>, u'\\u043e\\u0440\\u0433\\u0430\\u043d\\u0438\\u0437\\u0430\\u0446\\u0438\\u0438', 40, 1),)"},"sentenceIndex":[2,7],"words":["организации","организации"],"wordsIndex":[6,1]},"от":{"params":{"class":"предл","classMask":14,"info":{"isCapital":false,"isUpper":false},"stack":"((<DictionaryAnalyzer>, u'\\u043e\\u0442', 375, 0),)"},"sentenceIndex":[9],"words":["от"],"wordsIndex":[4]},"отрасль":{"params":{"class":"с","classMask":1,"info":{"isCapital":false,"isUpper":false},"stack":"((<DictionaryAnalyzer>, u'\\u043e\\u0442\\u0440\\u0430\\u0441\\u043b\\u044c', 13, 0),)"},"sentenceIndex":[4],"words":["отрасль"],"wordsIndex":[9]},"перейти":{"params":{"class":"инфинитив","classMask":6,"info":{"isCapital":false,"isUpper":false},"stack":"((<DictionaryAnalyzer>, u'\\u043f\\u0435\\u0440\\u0435\\u0439\\u0442\\u0438', 2163, 0),)"},"sentenceIndex":[9],"words":["перейти"],"wordsIndex":[3]},"пилот":{"params":{"class":"с","classMask":1,"info":{"isCapital":false,"isUpper":false},"stack":"((<DictionaryAnalyzer>, u'\\u043f\\u0438\\u043b\\u043e\\u0442\\u044b', 52, 6),)"},"sentenceIndex":[0,6],"words":["пилоты","пилотов"],"wordsIndex":[1,6]},"письмо":{"params":{"class":"с","classMask":1,"info":{"isCapital":false,"isUpper":false},"stack":"((<DictionaryAnalyzer>, u'\\u043f\\u0438\\u0441\\u044c\\u043c\\u0435', 117, 5),)"},"sentenceIndex":[4],"words":["письме"],"wordsIndex":[1]},"планировать":{"params":{"class":"г","classMask":5,"info":{"isCapital":false,"isUpper":false},"stack":"((<DictionaryAnalyzer>, u'\\u043f\\u043b\\u0430\\u043d\\u0438\\u0440\\u0443\\u044e\\u0442', 1726, 6),)"},"sentenceIndex":[11],"words":["планируют"],"wordsIndex":[2]},"политик":{"params":{"class":"с","classMask":1,"info":{"isCapital":false,"isUpper":false},"stack":"((<DictionaryAnalyzer>, u'\\u043f\\u043e\\u043b\\u0438\\u0442\\u0438\\u043a', 2, 0),)"},"sentenceIndex":[8],"words":["политик"],"wordsIndex":[8]},"полёт":{"params":{"class":"с","classMask":1,"info":{"isCapital":false,"isUpper":false},"stack":"((<DictionaryAnalyzer>, u'\\u043f\\u043e\\u043b\\u0451\\u0442\\u044b', 33, 6),)"},"sentenceIndex":[0,10],"words":["полеты","полеты"],"wordsIndex":[10,2]},"пора":{"params":{"class":"с","classMask":1,"info":{"isCapital":false,"isUpper":false},"stack":"((<DictionaryAnalyzer>, u'\\u043f\\u043e\\u0440\\u0430', 55, 0),)"},"sentenceIndex":[9],"words":["пора"],"wordsIndex":[2]},"предвыборный":{"params":{"class":"п","classMask":2,"info":{"isCapital":false,"isUpper":false},"stack":"((<DictionaryAnalyzer>, u'\\u043f\\u0440\\u0435\\u0434\\u0432\\u044b\\u0431\\u043e\\u0440\\u043d\\u043e\\u0439', 34, 8),)"},"sentenceIndex":[8],"words":["предвыборной"],"wordsIndex":[13]},"председатель":{"params":{"class":"с","classMask":1,"info":{"isCapital":true,"isUpper":false},"stack":"((<DictionaryAnalyzer>, u'\\u043f\\u0440\\u0435\\u0434\\u0441\\u0435\\u0434\\u0430\\u0442\\u0435\\u043b\\u044c', 121, 0),)"},"sentenceIndex":[2,5],"words":["председатель","Председатель"],"wordsIndex":[5,0]},"представлять":{"params":{"class":"г","classMask":5,"info":{"isCapital":false,"isUpper":false},"stack":"((<DictionaryAnalyzer>, u'\\u043f\\u0440\\u0435\\u0434\\u0441\\u0442\\u0430\\u0432\\u043b\\u044f\\u0435\\u0442', 206, 5),)"},"sentenceIndex":[3],"words":["представляет"],"wordsIndex":[1]},"президент":{"params":{"class":"с","classMask":1,"info":{"isCapital":true,"isUpper":false},"stack":"((<DictionaryAnalyzer>, u'\\u043f\\u0440\\u0435\\u0437\\u0438\\u0434\\u0435\\u043d\\u0442\\u0430', 52, 1),)"},"sentenceIndex":[0,8],"words":["президента","Президент"],"wordsIndex":[3,0]},"прекратить":{"params":{"class":"инфинитив","classMask":6,"info":{"isCapital":false,"isUpper":false},"stack":"((<DictionaryAnalyzer>, u'\\u043f\\u0440\\u0435\\u043a\\u0440\\u0430\\u0442\\u0438\\u0442\\u044c', 837, 0),)"},"sentenceIndex":[0],"words":["прекратить"],"wordsIndex":[7]},"призвать":{"params":{"class":"г","classMask":5,"info":{"isCapital":false,"isUpper":false},"stack":"((<DictionaryAnalyzer>, u'\\u043f\\u0440\\u0438\\u0437\\u0432\\u0430\\u043b\\u0438', 851, 4),)"},"sentenceIndex":[0,7],"words":["призвали","призвали"],"wordsIndex":[2,2]},"присоединиться":{"params":{"class":"г","classMask":5,"info":{"isCapital":false,"isUpper":false},"stack":"((<DictionaryAnalyzer>, u'\\u043f\\u0440\\u0438\\u0441\\u043e\\u0435\\u0434\\u0438\\u043d\\u0438\\u043b\\u0430\\u0441\\u044c', 618, 2),)"},"sentenceIndex":[6],"words":["присоединилась"],"wordsIndex":[3]},"против":{"params":{"class":"предл","classMask":14,"info":{"isCapital":true,"isUpper":false},"stack":"((<DictionaryAnalyzer>, u'\\u043f\\u0440\\u043e\\u0442\\u0438\\u0432', 24, 0),)"},"sentenceIndex":[2],"words":["Против"],"wordsIndex":[0]},"рабочий":{"params":{"class":"с","classMask":1,"info":{"isCapital":false,"isUpper":false},"stack":"((<DictionaryAnalyzer>, u'\\u0440\\u0430\\u0431\\u043e\\u0447\\u0438\\u0435', 351, 6),)"},"sentenceIndex":[4,8],"words":["рабочие","рабочих"],"wordsIndex":[18,17]},"рейс":{"params":{"class":"с","classMask":1,"info":{"isCapital":false,"isUpper":false},"stack":"((<DictionaryAnalyzer>, u'\\u0440\\u0435\\u0439\\u0441\\u044b', 33, 6),)"},"sentenceIndex":[7,11],"words":["рейсы","рейсы"],"wordsIndex":[6,8]},"с":{"params":{"class":"символ","classMask":20,"info":{},"stack":""},"sentenceIndex":[4],"words":["с"],"wordsIndex":[16]},"связанный":{"params":{"class":"п","classMask":2,"info":{"isCapital":false,"isUpper":false},"stack":"((<DictionaryAnalyzer>, u'\\u0441\\u0432\\u044f\\u0437\\u0430\\u043d\\u043d\\u044b\\u0435', 328, 20),)"},"sentenceIndex":[4],"words":["связанные"],"wordsIndex":[15]},"слово":{"params":{"class":"с","classMask":1,"info":{"isCapital":false,"isUpper":false},"stack":"((<DictionaryAnalyzer>, u'\\u0441\\u043b\\u043e\\u0432', 54, 7),)"},"sentenceIndex":[9],"words":["слов"],"wordsIndex":[5]},"совет":{"params":{"class":"с","classMask":1,"info":{"isCapital":false,"isUpper":false},"stack":"((<DictionaryAnalyzer>, u'\\u0441\\u043e\\u0432\\u0435\\u0442', 33, 0),)"},"sentenceIndex":[2],"words":["совет"],"wordsIndex":[9]},"сообщать":{"params":{"class":"г","classMask":5,"info":{"isCapital":false,"isUpper":false},"stack":"((<DictionaryAnalyzer>, u'\\u0441\\u043e\\u043e\\u0431\\u0449\\u0430\\u0435\\u0442', 206, 5),)"},"sentenceIndex":[1],"words":["сообщает"],"wordsIndex":[2]},"страна":{"params":{"class":"с","classMask":1,"info":{"isCapital":false,"isUpper":false},"stack":"((<DictionaryAnalyzer>, u'\\u0441\\u0442\\u0440\\u0430\\u043d\\u0443', 55, 3),)"},"sentenceIndex":[0],"words":["страну"],"wordsIndex":[12]},"считать":{"params":{"class":"г","classMask":5,"info":{"isCapital":false,"isUpper":false},"stack":"((<DictionaryAnalyzer>, u'\\u0441\\u0447\\u0438\\u0442\\u0430\\u0435\\u0442', 2861, 5),)"},"sentenceIndex":[9],"words":["считает"],"wordsIndex":[8]},"сша":{"params":{"class":"с","classMask":1,"info":{"isCapital":false,"isUpper":true},"stack":"((<DictionaryAnalyzer>, u'\\u0441\\u0448\\u0430', 1828, 1),)"},"sentenceIndex":[0,3,6,7,11],"words":["США","США","США","США","США"],"wordsIndex":[4,13,16,9,10]},"теперь":{"params":{"class":"н","classMask":11,"info":{"isCapital":true,"isUpper":false},"stack":"((<DictionaryAnalyzer>, u'\\u0442\\u0435\\u043f\\u0435\\u0440\\u044c', 3, 0),)"},"sentenceIndex":[9],"words":["Теперь"],"wordsIndex":[0]},"тим":{"params":{"class":"имя","classMask":22,"info":{"isCapital":true,"isUpper":false},"stack":"((<DictionaryAnalyzer>, u'\\u0442\\u0438\\u043c', 1124, 0),)"},"sentenceIndex":[8],"words":["Тим"],"wordsIndex":[2]},"тодда":{"params":{"class":"имя","classMask":22,"info":{"isCapital":true,"isUpper":false},"stack":"((<FakeDictionary>, u'\\u0442\\u043e\\u0434\\u0434', 55, 8), (<KnownSuffixAnalyzer>, u'\\u0434\\u0434'))"},"sentenceIndex":[2],"words":["Тодд"],"wordsIndex":[11]},"трамп":{"params":{"class":"имя","classMask":22,"info":{"isCapital":true,"isUpper":false},"stack":"((<DictionaryAnalyzer>, u'\\u0442\\u0440\\u0430\\u043c\\u043f\\u0430', 33, 1),)"},"sentenceIndex":[0,4,7],"words":["Трампа","Трампу","Трампа"],"wordsIndex":[6,3,3]},"трансатлантический":{"params":{"class":"п","classMask":2,"info":{"isCapital":false,"isUpper":false},"stack":"((<DictionaryAnalyzer>, u'\\u0442\\u0440\\u0430\\u043d\\u0441\\u0430\\u0442\\u043b\\u0430\\u043d\\u0442\\u0438\\u0447\\u0435\\u0441\\u043a\\u0438\\u0435', 16, 20),)"},"sentenceIndex":[0],"words":["трансатлантические"],"wordsIndex":[9]},"требование":{"params":{"class":"с","classMask":1,"info":{"isCapital":false,"isUpper":false},"stack":"((<DictionaryAnalyzer>, u'\\u0442\\u0440\\u0435\\u0431\\u043e\\u0432\\u0430\\u043d\\u0438\\u044e', 76, 4),)"},"sentenceIndex":[6],"words":["требованию"],"wordsIndex":[2]},"тысяча":{"params":{"class":"с","classMask":1,"info":{"isCapital":false,"isUpper":false},"stack":"((<DictionaryAnalyzer>, u'\\u0442\\u044b\\u0441\\u044f\\u0447', 2923, 8),)"},"sentenceIndex":[3,6],"words":["тысяч","тысяч"],"wordsIndex":[4,11]},"уничтожить":{"params":{"class":"г","classMask":5,"info":{"isCapital":false,"isUpper":false},"stack":"((<DictionaryAnalyzer>, u'\\u0443\\u043d\\u0438\\u0447\\u0442\\u043e\\u0436\\u0438\\u0442', 727, 9),)"},"sentenceIndex":[4],"words":["уничтожит"],"wordsIndex":[8]},"флорида":{"params":{"class":"имя","classMask":22,"info":{"isCapital":true,"isUpper":false},"stack":"((<DictionaryAnalyzer>, u'\\u0444\\u043b\\u043e\\u0440\\u0438\\u0434\\u0443', 29, 3),)"},"sentenceIndex":[10],"words":["Флориду"],"wordsIndex":[9]},"частность":{"params":{"class":"с","classMask":1,"info":{"isCapital":false,"isUpper":false},"stack":"((<DictionaryAnalyzer>, u'\\u0447\\u0430\\u0441\\u0442\\u043d\\u043e\\u0441\\u0442\\u0438', 13, 5),)"},"sentenceIndex":[2],"words":["частности"],"wordsIndex":[4]},"что":{"params":{"class":"союз","classMask":15,"info":{"isCapital":false,"isUpper":false},"stack":"((<DictionaryAnalyzer>, u'\\u0447\\u0442\\u043e', 3046, 0),)"},"sentenceIndex":[4,8],"words":["что","что"],"wordsIndex":[6,7]},"шотландия":{"params":{"class":"имя","classMask":22,"info":{"isCapital":true,"isUpper":false},"stack":"((<DictionaryAnalyzer>, u'\\u0448\\u043e\\u0442\\u043b\\u0430\\u043d\\u0434\\u0438\\u0438', 70, 1),)"},"sentenceIndex":[11],"words":["Шотландии"],"wordsIndex":[14]},"это":{"params":{"class":"мс","classMask":12,"info":{"isCapital":false,"isUpper":false},"stack":"((<DictionaryAnalyzer>, u'\\u044d\\u0442\\u043e\\u043c', 3098, 5),)"},"sentenceIndex":[1,6],"words":["этом","этому"],"wordsIndex":[1,1]}}