{"12":{"indexObj":{"classMask":19,"counter":8375.0,"finded":5064,"isExisted":true,"letterId":60,"meta":"{}","server":"_buber3_","table":"wordIndex.other","uid":14,"word":"12","wordHash":"c20ad4d76fe97759aa27a0c99bff6710_5aadb45520dcd8726b2822a7a78bb53d794f557199d5d4abdedd2c55a4bd6ca73607605c558de3db80c8e86c3196484566163ed1327e82e8b6757d1932113cb8","wordId":"60:14"},"morphObj":{"params":{"class":"наим","classMask":19,"info":{},"stack":""},"sentenceIndex":[3],"words":["12"],"wordsIndex":[3]},"rating":20.0,"stats":{"counter":8375.0,"counterAll":8375.0,"isAdjf":0,"isCombo":0,"isComp":0,"isCountry":0,"isEng":0,"isName":0,"isNominal":1,"isNoun":0,"isNum":0,"isPrtf":0,"isSymbol":0,"isUnknown":0,"isVerb":0,"repeat":0.2,"weight":0.2144247017256388,"weightAll":0.18106933604306746}},"32":{"indexObj":{"classMask":19,"counter":1520.0,"finded":1103,"isExisted":true,"letterId":62,"meta":"{}","server":"_buber3_","table":"wordIndex.other","uid":411,"word":"32","wordHash":"6364d3f0f495b6ab9dcf8d3b5c6e0b01_e63006bd9f35f06cd20582fc8b34ae76a15080297be886decd6dfd42f59e5174a537e8cd92ef577297f967beb6b758c1835f4c270c251e10c12331fcd8635c53","wordId":"62:411"},"morphObj":{"params":{"class":"наим","classMask":19,"info":{},"stack":""},"sentenceIndex":[6],"words":["32"],"wordsIndex":[14]},"rating":20.0,"stats":{"counter":1520.0,"counterAll":1520.0,"isAdjf":0,"isCombo":0,"isComp":0,"isCountry":0,"isEng":0,"isName":0,"isNominal":1,"isNoun":0,"isNum":0,"isPrtf":0,"isSymbol":0,"isUnknown":0,"isVerb":0,"repeat":0.2,"weight":0.038916483178862205,"weightAll":0.032862733228114935}},"55":{"indexObj":{"classMask":19,"counter":1031.0,"finded":793,"isExisted":true,"letterId":64,"meta":"{}","server":"_buber3_","table":"wordIndex.other","uid":162,"word":"55","wordHash":"b53b3a3d6ab90ce0268229151c9bde11_4774b6224b8e98b96b658092bee32c88c41b1a8c80dcfd7e1fdffc7be59c5f72eae3aecac37b0c7398154489066b0b022240a68daf4432849fabe75768faaf5e","wordId":"64:162"},"morphObj":{"params":{"class":"наим","classMask":19,"info":{},"stack":""},"sentenceIndex":[6],"words":["55"],"wordsIndex":[10]},"rating":20.0,"stats":{"counter":1031.0,"counterAll":1031.0,"isAdjf":0,"isCombo":0,"isComp":0,"isCountry":0,"isEng":0,"isName":0,"isNominal":1,"isNoun":0,"isNum":0,"isPrtf":0,"isSymbol":0,"isUnknown":0,"isVerb":0,"repeat":0.2,"weight":0.026396640893030877,"weightAll":0.022290446025122694}},"air":{"indexObj":{"classMask":22,"counter":374.0,"finded":118,"isExisted":true,"letterId":34,"meta":"{}","server":"_buber3_","table":"wordIndex.en","uid":104,"word":"air","wordHash":"3c4588116394d2164657875b7430907e_7ba0ac2a8db8938a908a8d86f85dfec3b413426379a072e0f6a18289eb0b9409a3a9e86ff7345007c8a197ec1e6050966140d3774ee9b69356d36609431fc03d","wordId":"34:104"},"morphObj":{"params":{"class":"имя","classMask":22,"info":{"isCapital":true,"isUpper":false},"stack":""},"sentenceIndex":[0],"words":["Air"],"wordsIndex":[16]},"rating":120.0,"stats":{"counter":374.0,"counterAll":374.0,"isAdjf":0,"isCombo":0,"isComp":0,"isCountry":0,"isEng":0,"isName":1,"isNominal":0,"isNoun":0,"isNum":0,"isPrtf":0,"isSymbol":0,"isUnknown":0,"isVerb":0,"repeat":0.2,"weight":0.009575503097956885,"weightAll":0.008085961991654596}},"airlines":{"indexObj":{"classMask":22,"counter":259.0,"finded":62,"isExisted":true,"letterId":34,"meta":"{}","server":"_buber3_","table":"wordIndex.en","uid":10654,"word":"airlines","wordHash":"8c09869aa2bd1e3de45d9453394a585a_54bcfbe34c00c65698f48b66776837ec3ab42fffd16be5c58f2447d21082068a11728c60a50cc99bf881a8b14d1c0b4ee1bec79e00bf9991578874f967313e08","wordId":"34:10654"},"morphObj":{"params":{"class":"имя","classMask":22,"info":{"isCapital":true,"isUpper":false},"stack":""},"sentenceIndex":[3],"words":["Airlines"],"wordsIndex":[7]},"rating":120.0,"stats":{"counter":259.0,"counterAll":259.0,"isAdjf":0,"isCombo":0,"isComp":0,"isCountry":0,"isEng":0,"isName":1,"isNominal":0,"isNoun":0,"isNum":0,"isPrtf":0,"isSymbol":0,"isUnknown":0,"isVerb":0,"repeat":0.2,"weight":0.0066311639100824415,"weightAll":0.005599636780316952}},"alpa":{"indexObj":{"classMask":22,"counter":4.0,"finded":2,"isExisted":true,"letterId":34,"meta":"{}","server":"_buber3_","table":"wordIndex.en","uid":112673,"word":"alpa","wordHash":"b5e616b7d226cee205ffa39cc80ea08b_ee89ff84af643694b2a73add53dbae0b92e847b76d1099596276410a5bf9d41d78c9af8ff79409dad1669a0372e3595051282559530b57d3f15a3e493b06a820","wordId":"34:112673"},"morphObj":{"params":{"class":"имя","classMask":22,"info":{"isCapital":true,"isUpper":false},"stack":""},"sentenceIndex":[6,8],"words":["Alpa","Alpa"],"wordsIndex":[8,1]},"rating":140.0,"stats":{"counter":4.0,"counterAll":8.0,"isAdjf":0,"isCombo":0,"isComp":0,"isCountry":0,"isEng":0,"isName":1,"isNominal":0,"isNoun":0,"isNum":0,"isPrtf":0,"isSymbol":0,"isUnknown":0,"isVerb":0,"repeat":0.4,"weight":0.00010241179783911107,"weightAll":0.00017296175383218386}},"canoll":{"indexObj":{"classMask":22,"counter":2.0,"finded":2,"isExisted":true,"letterId":35,"meta":"{}","server":"_buber3_","table":"wordIndex.en","uid":112672,"word":"canoll","wordHash":"01b073e0aa9d455859b69d3dd6051976_ef8b39bfb377bad7a1f75e3f15be59319fb09bd44d917ed4d40673a3374fac2c9c12e56071ca7ab8d7d4f6540a5e1ff7a8166b1c763b3fba029e4d0ed8a48850","wordId":"35:112672"},"morphObj":{"params":{"class":"имя","classMask":22,"info":{"isCapital":true,"isUpper":false},"stack":""},"sentenceIndex":[8],"words":["Canoll"],"wordsIndex":[5]},"rating":120.0,"stats":{"counter":2.0,"counterAll":2.0,"isAdjf":0,"isCombo":0,"isComp":0,"isCountry":0,"isEng":0,"isName":1,"isNominal":0,"isNoun":0,"isNum":0,"isPrtf":0,"isSymbol":0,"isUnknown":0,"isVerb":0,"repeat":0.2,"weight":5.1205898919555534e-05,"weightAll":4.3240438458045966e-05}},"insler":{"indexObj":{"classMask":22,"counter":2.0,"finded":2,"isExisted":true,"letterId":41,"meta":"{}","server":"_buber3_","table":"wordIndex.en","uid":112669,"word":"insler","wordHash":"e1cee01fa41619d4aa3f4b2a739f5294_1726618dc550c6020ecb534ecc31dbf670a33c7df57748dc4b2e2856819dbf7c5449f93b8c0e47258c8bb10ae9e9fe72f24f2d4bddbb0e0194c132d6fcf62d2e","wordId":"41:112669"},"morphObj":{"params":{"class":"имя","classMask":22,"info":{"isCapital":true,"isUpper":false},"stack":""},"sentenceIndex":[2],"words":["Insler"],"wordsIndex":[14]},"rating":120.0,"stats":{"counter":2.0,"counterAll":2.0,"isAdjf":0,"isCombo":0,"isComp":0,"isCountry":0,"isEng":0,"isName":1,"isNominal":0,"isNoun":0,"isNum":0,"isPrtf":0,"isSymbol":0,"isUnknown":0,"isVerb":0,"repeat":0.2,"weight":5.1205898919555534e-05,"weightAll":4.3240438458045966e-05}},"international":{"indexObj":{"classMask":22,"counter":453.0,"finded":279,"isExisted":true,"letterId":41,"meta":"{}","server":"_buber3_","table":"wordIndex.en","uid":1551,"word":"international","wordHash":"15d7000797a33d7af16c9b052f852768_29a4e68b7544ad15c3a967ca24be7c0ca40fa2650f931a94d32e45866aeed0d43cb6e15ef1874fc03a469e7cbccd6c43954481fa19ca02981aac9afa0e5f280f","wordId":"41:1551"},"morphObj":{"params":{"class":"имя","classMask":22,"info":{"isCapital":true,"isUpper":false},"stack":""},"sentenceIndex":[0],"words":["International"],"wordsIndex":[17]},"rating":120.0,"stats":{"counter":453.0,"counterAll":453.0,"isAdjf":0,"isCombo":0,"isComp":0,"isCountry":0,"isEng":0,"isName":1,"isNominal":0,"isNoun":0,"isNum":0,"isPrtf":0,"isSymbol":0,"isUnknown":0,"isVerb":0,"repeat":0.2,"weight":0.011598136105279329,"weightAll":0.009793959310747412}},"limited":{"indexObj":{"classMask":22,"counter":94.0,"finded":52,"isExisted":true,"letterId":46,"meta":"{}","server":"_buber3_","table":"wordIndex.en","uid":7507,"word":"limited","wordHash":"d63c7ede8cb1e1c8db5e51c63fd47cff_71670a0cfb4e76f0acfd93539ac30912eda7276127b3f856c220e389423b5a3be0dd834af16c9d1159e7dc80bfc053d7669dafc1630c76f57314a50aac43a52c","wordId":"46:7507"},"morphObj":{"params":{"class":"имя","classMask":22,"info":{"isCapital":true,"isUpper":false},"stack":""},"sentenceIndex":[0],"words":["Limited"],"wordsIndex":[18]},"rating":120.0,"stats":{"counter":94.0,"counterAll":94.0,"isAdjf":0,"isCombo":0,"isComp":0,"isCountry":0,"isEng":0,"isName":1,"isNominal":0,"isNoun":0,"isNum":0,"isPrtf":0,"isSymbol":0,"isUnknown":0,"isVerb":0,"repeat":0.2,"weight":0.00240667724921911,"weightAll":0.0020323006075281605}},"mec":{"indexObj":{"classMask":21,"counter":6.0,"finded":2,"isExisted":true,"letterId":45,"meta":"{}","server":"_buber3_","table":"wordIndex.en","uid":112671,"word":"mec","wordHash":"15d6426563381c7eca0c321abf131401_5cd71f5a54d54268d626a5251cc954699fddea544642678b0c2a3e09adf43e9fc17a0a9d37a707684914b74a079ab2ece827711ce198a9d5c18cf32248b9057c","wordId":"45:112671"},"morphObj":{"params":{"class":"иняз","classMask":21,"info":{"isCapital":false,"isUpper":true},"stack":""},"sentenceIndex":[2,3,5],"words":["MEC","MEC","MEC"],"wordsIndex":[10,0,1]},"rating":60.0,"stats":{"counter":6.0,"counterAll":18.0,"isAdjf":0,"isCombo":0,"isComp":0,"isCountry":0,"isEng":1,"isName":0,"isNominal":0,"isNoun":0,"isNum":0,"isPrtf":0,"isSymbol":0,"isUnknown":0,"isVerb":0,"repeat":0.6,"weight":0.0001536176967586666,"weightAll":0.0003891639461224137}},"nail":{"indexObj":{"classMask":21,"counter":11.0,"finded":3,"isExisted":true,"letterId":48,"meta":"{}","server":"_buber3_","table":"wordIndex.en","uid":112670,"word":"nail","wordHash":"8ab8a4dfab57b4618331ffc958ebb4ec_eb0e758e9bd0e5d12459432f8c3bfcf826ffb3064165bdc60146d396f1bf94d697af662f4d0cc691349bf1ceb22666c6be5af7dd7bd052113fcc37b373268311","wordId":"48:112670"},"morphObj":{"params":{"class":"иняз","classMask":21,"info":{"isCapital":false,"isUpper":true},"stack":""},"sentenceIndex":[0,2,4,7,10],"words":["NAIL","NAIL","NAIL","NAIL","NAIL"],"wordsIndex":[19,1,7,7,0]},"rating":100.0,"stats":{"counter":11.0,"counterAll":55.0,"isAdjf":0,"isCombo":0,"isComp":0,"isCountry":0,"isEng":1,"isName":0,"isNominal":0,"isNoun":0,"isNum":0,"isPrtf":0,"isSymbol":0,"isUnknown":0,"isVerb":0,"repeat":1.0,"weight":0.0002816324440575554,"weightAll":0.0011891120575962641}},"norwegian":{"indexObj":{"classMask":22,"counter":8.0,"finded":8,"isExisted":true,"letterId":48,"meta":"{}","server":"_buber3_","table":"wordIndex.en","uid":49568,"word":"norwegian","wordHash":"78cd2853bf7f478226130daf04652021_41379dc79388440d482ec591290ae5f9cf7ec4e74fa047630af1976854d6c3b3e067e71b87aaf1b3bf0a8c9aada72ceb6dd50ab98f380da7fea00d33ff75a40b","wordId":"48:49568"},"morphObj":{"params":{"class":"имя","classMask":22,"info":{"isCapital":true,"isUpper":false},"stack":""},"sentenceIndex":[0],"words":["Norwegian"],"wordsIndex":[15]},"rating":120.0,"stats":{"counter":8.0,"counterAll":8.0,"isAdjf":0,"isCombo":0,"isComp":0,"isCountry":0,"isEng":0,"isName":1,"isNominal":0,"isNoun":0,"isNum":0,"isPrtf":0,"isSymbol":0,"isUnknown":0,"isVerb":0,"repeat":0.2,"weight":0.00020482359567822214,"weightAll":0.00017296175383218386}},"telegraph":{"indexObj":{"classMask":22,"counter":35.0,"finded":34,"isExisted":true,"letterId":54,"meta":"{}","server":"_buber3_","table":"wordIndex.en","uid":818,"word":"telegraph","wordHash":"2905151162c329295fdcb053ac4a95cb_21644c65ce40e433df74842deaf775fa8460e9350cfc38c737bfc3c1abcf1ec87f4a88e7407e365f26cce5b1e1f3c830c27860651f3b16b897562b684340a6c1","wordId":"54:818"},"morphObj":{"params":{"class":"имя","classMask":22,"info":{"isCapital":true,"isUpper":false},"stack":""},"sentenceIndex":[1],"words":["Telegraph"],"wordsIndex":[5]},"rating":120.0,"stats":{"counter":35.0,"counterAll":35.0,"isAdjf":0,"isCombo":0,"isComp":0,"isCountry":0,"isEng":0,"isName":1,"isNominal":0,"isNoun":0,"isNum":0,"isPrtf":0,"isSymbol":0,"isUnknown":0,"isVerb":0,"repeat":0.2,"weight":0.0008961032310922218,"weightAll":0.0007567076730158043}},"the":{"indexObj":{"classMask":22,"counter":8740.0,"finded":1674,"isExisted":true,"letterId":54,"meta":"{}","server":"_buber3_","table":"wordIndex.en","uid":67,"word":"the","wordHash":"8fc42c6ddf9966db3b09e84365034357_1feaecfa5329e5dd1cc07f12dad3406feb257db111a06783e6857b4498b0bc9a28d51cfb32354a1ed636cd99e4d2bbfc4466b17c10147632366234e6a2e8b2f6","wordId":"54:67"},"morphObj":{"params":{"class":"имя","classMask":22,"info":{"isCapital":true,"isUpper":false},"stack":""},"sentenceIndex":[1],"words":["The"],"wordsIndex":[4]},"rating":120.0,"stats":{"counter":8740.0,"counterAll":8740.0,"isAdjf":0,"isCombo":0,"isComp":0,"isCountry":0,"isEng":0,"isName":1,"isNominal":0,"isNoun":0,"isNum":0,"isPrtf":0,"isSymbol":0,"isUnknown":0,"isVerb":0,"repeat":0.2,"weight":0.22376977827845768,"weightAll":0.18896071606166087}},"tim":{"indexObj":{"classMask":22,"counter":8.0,"finded":7,"isExisted":true,"letterId":54,"meta":"{}","server":"_buber3_","table":"wordIndex.en","uid":28522,"word":"tim","wordHash":"b15d47e99831ee63e3f47cf3d4478e9a_565a2e7a1d7a47e6a47d5f5f0aae970c163116c5447557d7a496bbb74e072cad30b800eca0f093e889f18520661806801d926eada62a757e7210878bc87b91e2","wordId":"54:28522"},"morphObj":{"params":{"class":"имя","classMask":22,"info":{"isCapital":true,"isUpper":false},"stack":""},"sentenceIndex":[8],"words":["Tim"],"wordsIndex":[4]},"rating":120.0,"stats":{"counter":8.0,"counterAll":8.0,"isAdjf":0,"isCombo":0,"isComp":0,"isCountry":0,"isEng":0,"isName":1,"isNominal":0,"isNoun":0,"isNum":0,"isPrtf":0,"isSymbol":0,"isUnknown":0,"isVerb":0,"repeat":0.2,"weight":0.00020482359567822214,"weightAll":0.00017296175383218386}},"todd":{"indexObj":{"classMask":22,"counter":16.0,"finded":13,"isExisted":true,"letterId":54,"meta":"{}","server":"_buber3_","table":"wordIndex.en","uid":28624,"word":"todd","wordHash":"c60ba607dafb7a7150dcdf7ec61924b3_72ac3c51e7607ee8dc25a012e7024ce5f49c4ad53205d78c5422adfbce168b4bdb7b3b2c63d7e489a8af7ecb2abcb799476c12b915876986dfa03acb6ba0944a","wordId":"54:28624"},"morphObj":{"params":{"class":"имя","classMask":22,"info":{"isCapital":true,"isUpper":false},"stack":""},"sentenceIndex":[2],"words":["Todd"],"wordsIndex":[13]},"rating":120.0,"stats":{"counter":16.0,"counterAll":16.0,"isAdjf":0,"isCombo":0,"isComp":0,"isCountry":0,"isEng":0,"isName":1,"isNominal":0,"isNoun":0,"isNum":0,"isPrtf":0,"isSymbol":0,"isUnknown":0,"isVerb":0,"repeat":0.2,"weight":0.00040964719135644427,"weightAll":0.0003459235076643677}},"united":{"indexObj":{"classMask":22,"counter":102.0,"finded":75,"isExisted":true,"letterId":53,"meta":"{}","server":"_buber3_","table":"wordIndex.en","uid":7314,"word":"united","wordHash":"3db1a73a245aa55c61204c56c8d99f6d_1783a0cbd0a6e7f540dc8c5b28ad8b62e218ee789205e49781a24f23901ed173668d985d816fe15a63ff6266e3ca970b600699d127dd61594983939ff4cffa6a","wordId":"53:7314"},"morphObj":{"params":{"class":"имя","classMask":22,"info":{"isCapital":true,"isUpper":false},"stack":""},"sentenceIndex":[3],"words":["United"],"wordsIndex":[6]},"rating":120.0,"stats":{"counter":102.0,"counterAll":102.0,"isAdjf":0,"isCombo":0,"isComp":0,"isCountry":0,"isEng":0,"isName":1,"isNominal":0,"isNoun":0,"isNum":0,"isPrtf":0,"isSymbol":0,"isUnknown":0,"isVerb":0,"repeat":0.2,"weight":0.0026115008448973323,"weightAll":0.0022052623613603444}},"авиакомпания":{"indexObj":{"classMask":1,"counter":558.0,"finded":175,"isExisted":true,"letterId":2,"meta":"{}","server":"_buber3_","table":"wordIndex.ru","uid":46674,"word":"авиакомпания","wordHash":"e13550927d767647301b4c7a78ecc981_5cd8c9a539378cded47af172b84e35eeca3c56a25b06de174ce6e52820ddef20207893b55296faafb80683346b8a2fccd6022c5543f0beb273a3bdb77e471a90","wordId":"2:46674"},"morphObj":{"params":{"class":"с","classMask":1,"info":{"isCapital":false,"isUpper":false},"stack":"((<DictionaryAnalyzer>, u'\\u0430\\u0432\\u0438\\u0430\\u043a\\u043e\\u043c\\u043f\\u0430\\u043d\\u0438\\u0438', 40, 1),)"},"sentenceIndex":[0,3,6],"words":["авиакомпании","авиакомпаний","авиакомпаний"],"wordsIndex":[14,11,15]},"rating":60.0,"stats":{"counter":558.0,"counterAll":1674.0,"isAdjf":0,"isCombo":0,"isComp":0,"isCountry":0,"isEng":0,"isName":0,"isNominal":0,"isNoun":1,"isNum":0,"isPrtf":0,"isSymbol":0,"isUnknown":0,"isVerb":0,"repeat":0.6,"weight":0.014286445798555994,"weightAll":0.036192246989384474}},"авиалиния":{"indexObj":{"classMask":1,"counter":41.0,"finded":31,"isExisted":true,"letterId":2,"meta":"{}","server":"_buber3_","table":"wordIndex.ru","uid":58941,"word":"авиалиния","wordHash":"ee59bf36e894480d014700c3206fb9b1_395142b6ddd7f87cd917ed1e6499e11ffa326c80f75ceed126a596b69e97a2728d7157fe4cb3dd1cdac152e75f33bfa92c2db93f0018cf6e927ead7d463b5a78","wordId":"2:58941"},"morphObj":{"params":{"class":"с","classMask":1,"info":{"isCapital":false,"isUpper":false},"stack":"((<DictionaryAnalyzer>, u'\\u0430\\u0432\\u0438\\u0430\\u043b\\u0438\\u043d\\u0438\\u0439', 40, 8),)"},"sentenceIndex":[6],"words":["авиалиний"],"wordsIndex":[7]},"rating":20.0,"stats":{"counter":41.0,"counterAll":41.0,"isAdjf":0,"isCombo":0,"isComp":0,"isCountry":0,"isEng":0,"isName":0,"isNominal":0,"isNoun":1,"isNum":0,"isPrtf":0,"isSymbol":0,"isUnknown":0,"isVerb":0,"repeat":0.2,"weight":0.0010497209278508884,"weightAll":0.0008864289883899422}},"авиаперевозка":{"indexObj":{"classMask":1,"counter":41.0,"finded":28,"isExisted":true,"letterId":2,"meta":"{}","server":"_buber3_","table":"wordIndex.ru","uid":71953,"word":"авиаперевозка","wordHash":"3f5539d2701fb15691e106f709aba9de_3709165d121a53a269dfe3cef0b69585155460535dbc86bb42d172c5a3e198e9d82256ad5876062b378d59f655bf6f60a78f3c57a21fed40c86e91d68c7a4ad1","wordId":"2:71953"},"morphObj":{"params":{"class":"с","classMask":1,"info":{"isCapital":false,"isUpper":false},"stack":"((<DictionaryAnalyzer>, u'\\u0430\\u0432\\u0438\\u0430\\u043f\\u0435\\u0440\\u0435\\u0432\\u043e\\u0437\\u043e\\u043a', 8, 8),)"},"sentenceIndex":[4],"words":["авиаперевозок"],"wordsIndex":[10]},"rating":20.0,"stats":{"counter":41.0,"counterAll":41.0,"isAdjf":0,"isCombo":0,"isComp":0,"isCountry":0,"isEng":0,"isName":0,"isNominal":0,"isNoun":1,"isNum":0,"isPrtf":0,"isSymbol":0,"isUnknown":0,"isVerb":0,"repeat":0.2,"weight":0.0010497209278508884,"weightAll":0.0008864289883899422}},"америка":{"indexObj":{"classMask":22,"counter":1882.0,"finded":1217,"isExisted":true,"letterId":2,"meta":"{}","server":"_buber3_","table":"wordIndex.ru","uid":7606,"word":"америка","wordHash":"e8067177ecd01cc0df114935e6dc7a26_af4495f054957e69be44e2a4a4da4a4574124274308296e3948ab806bb1be972fcf476c040eef2f1b5de1f8f42aff58e1ea15612dd64ec6113a2e1ac3439f6d9","wordId":"2:7606"},"morphObj":{"params":{"class":"имя","classMask":22,"info":{"isCapital":true,"isUpper":false},"stack":"((<DictionaryAnalyzer>, u'\\u0430\\u043c\\u0435\\u0440\\u0438\\u043a\\u0435', 51, 6),)"},"sentenceIndex":[4],"words":["Америке"],"wordsIndex":[12]},"rating":120.0,"stats":{"counter":1882.0,"counterAll":1882.0,"isAdjf":0,"isCombo":0,"isComp":0,"isCountry":0,"isEng":0,"isName":1,"isNominal":0,"isNoun":0,"isNum":0,"isPrtf":0,"isSymbol":0,"isUnknown":0,"isVerb":0,"repeat":0.2,"weight":0.04818475088330176,"weightAll":0.04068925258902125}},"американец":{"indexObj":{"classMask":1,"counter":509.0,"finded":416,"isExisted":true,"letterId":2,"meta":"{}","server":"_buber3_","table":"wordIndex.ru","uid":6509,"word":"американец","wordHash":"87b1685b85f00ad06719ca9e950f8a7a_4c88bd7fa4243174628b1d96593fe4002d385d2843bd446c4d25f79eff9edd2f8d04c631e6df581ec16665cb80cc6d3c6b2dd9ea3de294442db565d7514bbd2b","wordId":"2:6509"},"morphObj":{"params":{"class":"с","classMask":1,"info":{"isCapital":false,"isUpper":false},"stack":"((<DictionaryAnalyzer>, u'\\u0430\\u043c\\u0435\\u0440\\u0438\\u043a\\u0430\\u043d\\u0446\\u0435\\u0432', 38, 7),)"},"sentenceIndex":[8],"words":["американцев"],"wordsIndex":[19]},"rating":20.0,"stats":{"counter":509.0,"counterAll":509.0,"isAdjf":0,"isCombo":0,"isComp":0,"isCountry":0,"isEng":0,"isName":0,"isNominal":0,"isNoun":1,"isNum":0,"isPrtf":0,"isSymbol":0,"isUnknown":0,"isVerb":0,"repeat":0.2,"weight":0.013031901275026883,"weightAll":0.011004691587572698}},"американский":{"indexObj":{"classMask":2,"counter":4667.0,"finded":2966,"isExisted":true,"letterId":2,"meta":"{}","server":"_buber3_","table":"wordIndex.ru","uid":495,"word":"американский","wordHash":"beb1617df81e81b0534facd4e1980f94_4afd8214fdf172b58f36ea6eb3b8b3a0dbf396b14e15f7c35398a1b8d372335488b64e6af4aa851252dc4ed069532422480d026fe243544950e3128a68ab29a7","wordId":"2:495"},"morphObj":{"params":{"class":"п","classMask":2,"info":{"isCapital":true,"isUpper":false},"stack":"((<DictionaryAnalyzer>, u'\\u0430\\u043c\\u0435\\u0440\\u0438\\u043a\\u0430\\u043d\\u0441\\u043a\\u0438\\u0435', 16, 20),)"},"sentenceIndex":[0],"words":["Американские"],"wordsIndex":[0]},"rating":20.0,"stats":{"counter":4667.0,"counterAll":4667.0,"isAdjf":1,"isCombo":0,"isComp":0,"isCountry":0,"isEng":0,"isName":0,"isNominal":0,"isNoun":0,"isNum":0,"isPrtf":0,"isSymbol":0,"isUnknown":0,"isVerb":0,"repeat":0.2,"weight":0.11948896512878283,"weightAll":0.10090156314185025}},"ассоциация":{"indexObj":{"classMask":22,"counter":607.0,"finded":264,"isExisted":true,"letterId":2,"meta":"{}","server":"_buber3_","table":"wordIndex.ru","uid":6269,"word":"ассоциация","wordHash":"76c5baae095008b891b28c3ac101a5fc_70e99dd65f69833acb3509181ea2f058c076ee2d228d3817c9a5707a9fc4a31d408ad3c6d41fca354abdac85fc400002ccc00aaf84ef8fb03143ec726fef19bc","wordId":"2:6269"},"morphObj":{"params":{"class":"имя","classMask":22,"info":{"isCapital":true,"isUpper":false},"stack":"((<DictionaryAnalyzer>, u'\\u0430\\u0441\\u0441\\u043e\\u0446\\u0438\\u0430\\u0446\\u0438\\u044f', 40, 0),)"},"sentenceIndex":[6],"words":["Ассоциация"],"wordsIndex":[5]},"rating":120.0,"stats":{"counter":607.0,"counterAll":607.0,"isAdjf":0,"isCombo":0,"isComp":0,"isCountry":0,"isEng":0,"isName":1,"isNominal":0,"isNoun":0,"isNum":0,"isPrtf":0,"isSymbol":0,"isUnknown":0,"isVerb":0,"repeat":0.2,"weight":0.015540990322085104,"weightAll":0.01312347307201695}},"ближний":{"indexObj":{"classMask":2,"counter":1621.0,"finded":1424,"isExisted":true,"letterId":1,"meta":"{}","server":"_buber3_","table":"wordIndex.ru","uid":968,"word":"ближний","wordHash":"f64d2cec3b65e645677bf0d5dbc3622d_0525d8663fbaf5116f0d19aecf682995241eead4aca0528a8c07646460362bc8a1f153e312e76fd6731a3d29ff87a312baecfe6b0ba7420faa2f95027647f631","wordId":"1:968"},"morphObj":{"params":{"class":"п","classMask":2,"info":{"isCapital":false,"isUpper":false},"stack":"((<DictionaryAnalyzer>, u'\\u0431\\u043b\\u0438\\u0436\\u0430\\u0439\\u0448\\u0435\\u043c', 469, 33),)"},"sentenceIndex":[11],"words":["ближайшем"],"wordsIndex":[4]},"rating":20.0,"stats":{"counter":1621.0,"counterAll":1621.0,"isAdjf":1,"isCombo":0,"isComp":0,"isCountry":0,"isEng":0,"isName":0,"isNominal":0,"isNoun":0,"isNum":0,"isPrtf":0,"isSymbol":0,"isUnknown":0,"isVerb":0,"repeat":0.2,"weight":0.04150238107429976,"weightAll":0.035046375370246255}},"борьба":{"indexObj":{"classMask":1,"counter":2657.0,"finded":1702,"isExisted":true,"letterId":1,"meta":"{}","server":"_buber3_","table":"wordIndex.ru","uid":1258,"word":"борьба","wordHash":"325758bd14a3d7bc33ac5fbb8ac1bd38_22823cd3d43b526f91b814b390557752ad2dc49555b1c91c8e58e4fd67a265957144ca11de04664cdccaef97e7183272ba641197fb29cd9e345f773c19030eec","wordId":"1:1258"},"morphObj":{"params":{"class":"с","classMask":1,"info":{"isCapital":false,"isUpper":false},"stack":"((<DictionaryAnalyzer>, u'\\u0431\\u043e\\u0440\\u044c\\u0431\\u044b', 29, 1),)"},"sentenceIndex":[8],"words":["борьбы"],"wordsIndex":[14]},"rating":20.0,"stats":{"counter":2657.0,"counterAll":2657.0,"isAdjf":0,"isCombo":0,"isComp":0,"isCountry":0,"isEng":0,"isName":0,"isNominal":0,"isNoun":1,"isNum":0,"isPrtf":0,"isSymbol":0,"isUnknown":0,"isVerb":0,"repeat":0.2,"weight":0.06802703671462952,"weightAll":0.05744492249151406}},"будущее":{"indexObj":{"classMask":1,"counter":1219.0,"finded":940,"isExisted":true,"letterId":1,"meta":"{}","server":"_buber3_","table":"wordIndex.ru","uid":2633,"word":"будущее","wordHash":"52c2f20d00e3230de4015bc5ab6cf850_51b47948d3a49123d79194d4dd4a4ae716c6c7bdb8c566504edecc7d607befa4552439cd7a3eb7ee6728e2d89ce33dcc839fb122f4b4d8f85fe050bc1ffeb94c","wordId":"1:2633"},"morphObj":{"params":{"class":"с","classMask":1,"info":{"isCapital":false,"isUpper":false},"stack":"((<DictionaryAnalyzer>, u'\\u0431\\u0443\\u0434\\u0443\\u0449\\u0435\\u043c', 501, 5),)"},"sentenceIndex":[11],"words":["будущем"],"wordsIndex":[5]},"rating":20.0,"stats":{"counter":1219.0,"counterAll":1219.0,"isAdjf":0,"isCombo":0,"isComp":0,"isCountry":0,"isEng":0,"isName":0,"isNominal":0,"isNoun":1,"isNum":0,"isPrtf":0,"isSymbol":0,"isUnknown":0,"isVerb":0,"repeat":0.2,"weight":0.031209995391469098,"weightAll":0.026355047240179015}},"бюджетный":{"indexObj":{"classMask":2,"counter":241.0,"finded":172,"isExisted":true,"letterId":1,"meta":"{}","server":"_buber3_","table":"wordIndex.ru","uid":16096,"word":"бюджетный","wordHash":"4178c37d9d5ed0bc6b4dfb877765a2c8_3d5bbaa95a4d58afd85d573f4a5416ecfaa9a2408b676dd653476f7f3064b678ca633a71a477bdcdfdb17178bd081ed863ca48076fdc2f718a0b42f58c635ce5","wordId":"1:16096"},"morphObj":{"params":{"class":"п","classMask":2,"info":{"isCapital":false,"isUpper":false},"stack":"((<DictionaryAnalyzer>, u'\\u0431\\u044e\\u0434\\u0436\\u0435\\u0442\\u043d\\u044b\\u0435', 12, 20),)"},"sentenceIndex":[0,7],"words":["бюджетные","бюджетные"],"wordsIndex":[8,5]},"rating":40.0,"stats":{"counter":241.0,"counterAll":482.0,"isAdjf":1,"isCombo":0,"isComp":0,"isCountry":0,"isEng":0,"isName":0,"isNominal":0,"isNoun":0,"isNum":0,"isPrtf":0,"isSymbol":0,"isUnknown":0,"isVerb":0,"repeat":0.4,"weight":0.0061703108198064415,"weightAll":0.010420945668389078}},"вегаснуть":{"indexObj":{"classMask":22,"counter":49.0,"finded":36,"isExisted":true,"letterId":4,"meta":"{}","server":"_buber3_","table":"wordIndex.ru","uid":20507,"word":"вегаснуть","wordHash":"034af3cf6edf18683c581c2abdfaf0b8_b3121078eb878d0458b12877831ca604a952b997d3d85b35ed760c5757e075d72a3a6fa69cd1a966e28fb300aac137217b49b63c372406014d918c3abd1c61f6","wordId":"4:20507"},"morphObj":{"params":{"class":"имя","classMask":22,"info":{"isCapital":true,"isUpper":false},"stack":"((<DictionaryAnalyzer>, u'\\u0433\\u0430\\u0441', 797, 7), (<UnknownPrefixAnalyzer>, u'\\u0432\\u0435'))"},"sentenceIndex":[10],"words":["Вегас"],"wordsIndex":[13]},"rating":120.0,"stats":{"counter":49.0,"counterAll":49.0,"isAdjf":0,"isCombo":0,"isComp":0,"isCountry":0,"isEng":0,"isName":1,"isNominal":0,"isNoun":0,"isNum":0,"isPrtf":0,"isSymbol":0,"isUnknown":0,"isVerb":0,"repeat":0.2,"weight":0.0012545445235291105,"weightAll":0.001059390742222126}},"вегаснуть-ласа":{"indexObj":{"classMask":1222,"counter":38.0,"finded":26,"isExisted":true,"letterId":4,"meta":"{}","server":"_buber3_","table":"wordIndex.ru","uid":20395,"word":"вегаснуть-ласа","wordHash":"a1392f34b4446f066fb6168e26a05b94_074b23ebd33f17af512c8704b0c733a5c231e03e58e268cb9e1b8f5f742a2139dd93d3614a2a16980127b44ac9caa1b448f7ec47ff7c7d2cbb1571e09764c7d7","wordId":"4:20395"},"morphObj":{"params":{"class":"имя","classMask":1222,"info":{"comboClassStats":{"г":1,"с":1},"isCapital":true,"isCombo":true,"isUpper":false},"stack":"<classByLadder>"},"sentenceIndex":[10],"words":["Лас-Вегас"],"wordsIndex":[14]},"rating":120.0,"stats":{"counter":38.0,"counterAll":38.0,"isAdjf":0,"isCombo":1,"isComp":0,"isCountry":0,"isEng":0,"isName":1,"isNominal":0,"isNoun":0,"isNum":0,"isPrtf":0,"isSymbol":0,"isUnknown":0,"isVerb":0,"repeat":0.2,"weight":0.0009729120794715551,"weightAll":0.0008215683307028733}},"весь":{"indexObj":{"classMask":2,"counter":22216.0,"finded":8958,"isExisted":true,"letterId":4,"meta":"{}","server":"_buber3_","table":"wordIndex.ru","uid":64,"word":"весь","wordHash":"7d74da7771f0b6a7cffa3f0121bc602e_cf49ac9e2b815fdc92caf8d65ce9ba3b9810d99546be137e9f34da4d9872dc662f3464f0451178a87ed6576be7d9b880441a21fc36559281a2b02ab8915913dc","wordId":"4:64"},"morphObj":{"params":{"class":"п","classMask":2,"info":{"isCapital":false,"isUpper":false},"stack":"((<DictionaryAnalyzer>, u'\\u0432\\u0441\\u0435', 703, 20),)"},"sentenceIndex":[4],"words":["все"],"wordsIndex":[14]},"rating":20.0,"stats":{"counter":22216.0,"counterAll":22216.0,"isAdjf":1,"isCombo":0,"isComp":0,"isCountry":0,"isEng":0,"isName":0,"isNominal":0,"isNoun":0,"isNum":0,"isPrtf":0,"isSymbol":0,"isUnknown":0,"isVerb":0,"repeat":0.2,"weight":0.5687951251984229,"weightAll":0.48031479039197456}},"время":{"indexObj":{"classMask":1,"counter":27253.0,"finded":11481,"isExisted":true,"letterId":4,"meta":"{}","server":"_buber3_","table":"wordIndex.ru","uid":205,"word":"время","wordHash":"9eb6225e8cbe555c920669148772e764_386062cf9c654c89003548cfdc9b3bce6630c8377ed1771522de1ffe2a3f61197eea183e4fb6e80a3894bdf746d5cf7da8176c8181ca64dfdacafeabbca0b504","wordId":"4:205"},"morphObj":{"params":{"class":"с","classMask":1,"info":{"isCapital":false,"isUpper":false},"stack":"((<DictionaryAnalyzer>, u'\\u0432\\u0440\\u0435\\u043c\\u044f', 536, 3),)"},"sentenceIndex":[8],"words":["время"],"wordsIndex":[12]},"rating":20.0,"stats":{"counter":27253.0,"counterAll":27253.0,"isAdjf":0,"isCombo":0,"isComp":0,"isCountry":0,"isEng":0,"isName":0,"isNominal":0,"isNoun":1,"isNum":0,"isPrtf":0,"isSymbol":0,"isUnknown":0,"isVerb":0,"repeat":0.2,"weight":0.6977571816273235,"weightAll":0.5892158346485633}},"выполнять":{"indexObj":{"classMask":5,"counter":623.0,"finded":468,"isExisted":true,"letterId":4,"meta":"{}","server":"_buber3_","table":"wordIndex.ru","uid":14531,"word":"выполнять","wordHash":"4ab2935d1a498f4709def428117e4c0b_d83b47b01eceb27448336e2507955ff8ca5554e75ac68a5bc27631bfa1e963866199c2cbbed7c4b42dd4bec6788007c18b388d35a064ef9ccda162c6f5f6f1f4","wordId":"4:14531"},"morphObj":{"params":{"class":"г","classMask":5,"info":{"isCapital":false,"isUpper":false},"stack":"((<DictionaryAnalyzer>, u'\\u0432\\u044b\\u043f\\u043e\\u043b\\u043d\\u044f\\u0435\\u0442', 206, 5),)"},"sentenceIndex":[10],"words":["выполняет"],"wordsIndex":[1]},"rating":20.0,"stats":{"counter":623.0,"counterAll":623.0,"isAdjf":0,"isCombo":0,"isComp":0,"isCountry":0,"isEng":0,"isName":0,"isNominal":0,"isNoun":0,"isNum":0,"isPrtf":0,"isSymbol":0,"isUnknown":0,"isVerb":1,"repeat":0.2,"weight":0.01595063751344155,"weightAll":0.013469396579681318}},"выступить":{"indexObj":{"classMask":5,"counter":1390.0,"finded":1063,"isExisted":true,"letterId":4,"meta":"{}","server":"_buber3_","table":"wordIndex.ru","uid":2674,"word":"выступить","wordHash":"4f010b3aaa8b869f910e2d3092d251ee_7abd1a97eb717462bc1545927a5f7aa42e338de925323c9583d3cc0af01754d898ac169adea0a773a5610f9db7cdaeb20c4472ab89f43bfcf586128be115c723","wordId":"4:2674"},"morphObj":{"params":{"class":"г","classMask":5,"info":{"isCapital":false,"isUpper":false},"stack":"((<DictionaryAnalyzer>, u'\\u0432\\u044b\\u0441\\u0442\\u0443\\u043f\\u0438\\u043b', 1093, 1),)"},"sentenceIndex":[2],"words":["выступил"],"wordsIndex":[2]},"rating":20.0,"stats":{"counter":1390.0,"counterAll":1390.0,"isAdjf":0,"isCombo":0,"isComp":0,"isCountry":0,"isEng":0,"isName":0,"isNominal":0,"isNoun":0,"isNum":0,"isPrtf":0,"isSymbol":0,"isUnknown":0,"isVerb":1,"repeat":0.2,"weight":0.03558809974909109,"weightAll":0.030052104728341945}},"главный":{"indexObj":{"classMask":22,"counter":1039.0,"finded":467,"isExisted":true,"letterId":3,"meta":"{}","server":"_buber3_","table":"wordIndex.ru","uid":12529,"word":"главный","wordHash":"cd655dcdae5a0641a1ab1a559e9256f2_3ddcc0eb8d912c1e04937ea99689304877bddbcff547b19ef6355d78f6e2cb22c90ae4bf1df66a5283f923d9d176a460f0eae8e502ec191920c15a27020acf2a","wordId":"3:12529"},"morphObj":{"params":{"class":"имя","classMask":22,"info":{"isCapital":true,"isUpper":false},"stack":"((<DictionaryAnalyzer>, u'\\u0433\\u043b\\u0430\\u0432\\u043d\\u044b\\u0439', 214, 0),)"},"sentenceIndex":[2],"words":["Главный"],"wordsIndex":[7]},"rating":120.0,"stats":{"counter":1039.0,"counterAll":1039.0,"isAdjf":0,"isCombo":0,"isComp":0,"isCountry":0,"isEng":0,"isName":1,"isNominal":0,"isNoun":0,"isNum":0,"isPrtf":0,"isSymbol":0,"isUnknown":0,"isVerb":0,"repeat":0.2,"weight":0.0266014644887091,"weightAll":0.022463407778954878}},"говорить":{"indexObj":{"classMask":5,"counter":1809.0,"finded":1128,"isExisted":true,"letterId":3,"meta":"{}","server":"_buber3_","table":"wordIndex.ru","uid":154,"word":"говорить","wordHash":"1d5f1e7e7ce6b8b9ffbbe208d2146c75_7a1c5cafc64640489aac901229136ef122b3e7efb3c8870e9bdfbdc5d5c09f16e6de5547c4bdc7a57e60d4e2cc78f16df47f573d7dc5e461b9e31d75c0809f23","wordId":"3:154"},"morphObj":{"params":{"class":"г","classMask":5,"info":{"isCapital":false,"isUpper":false},"stack":"((<DictionaryAnalyzer>, u'\\u0433\\u043e\\u0432\\u043e\\u0440\\u0438\\u043b', 395, 7),)"},"sentenceIndex":[8],"words":["говорил"],"wordsIndex":[10]},"rating":20.0,"stats":{"counter":1809.0,"counterAll":1809.0,"isAdjf":0,"isCombo":0,"isComp":0,"isCountry":0,"isEng":0,"isName":0,"isNominal":0,"isNoun":0,"isNum":0,"isPrtf":0,"isSymbol":0,"isUnknown":0,"isVerb":1,"repeat":0.2,"weight":0.04631573557273798,"weightAll":0.039110976585302576}},"дело":{"indexObj":{"classMask":1,"counter":5792.0,"finded":3144,"isExisted":true,"letterId":6,"meta":"{}","server":"_buber3_","table":"wordIndex.ru","uid":163,"word":"дело","wordHash":"4efcc19e6530a37f411dc4ad17556c11_afda13c8e4c8266829c6e6c25ec2d8c55ddbc114d151697eba520ac420a4d2dfe633cef304f365b8c2dc354990d40b35ad179ab3c98185b8d0fa457f9890c8f6","wordId":"6:163"},"morphObj":{"params":{"class":"с","classMask":1,"info":{"isCapital":false,"isUpper":false},"stack":"((<DictionaryAnalyzer>, u'\\u0434\\u0435\\u043b\\u0443', 1266, 2),)"},"sentenceIndex":[9],"words":["делу"],"wordsIndex":[7]},"rating":20.0,"stats":{"counter":5792.0,"counterAll":5792.0,"isAdjf":0,"isCombo":0,"isComp":0,"isCountry":0,"isEng":0,"isName":0,"isNominal":0,"isNoun":1,"isNum":0,"isPrtf":0,"isSymbol":0,"isUnknown":0,"isVerb":0,"repeat":0.2,"weight":0.14829228327103283,"weightAll":0.1252243097745011}},"демпинг":{"indexObj":{"classMask":1,"counter":4.0,"finded":4,"isExisted":true,"letterId":6,"meta":"{}","server":"_buber3_","table":"wordIndex.ru","uid":194121,"word":"демпинг","wordHash":"f71db3bcaa5b51903a47514a7a059423_6d8e9b1fb20b01a9b7c34f26651cedf745674ba6a9b809314f754948025e09d56e13e7b1cd242a6460a3c866351aec37cdd0090b24443719d4fb70e22d0f637c","wordId":"6:194121"},"morphObj":{"params":{"class":"с","classMask":1,"info":{"isCapital":false,"isUpper":false},"stack":"((<DictionaryAnalyzer>, u'\\u0434\\u0435\\u043c\\u043f\\u0438\\u043d\\u0433\\u0435', 19, 5),)"},"sentenceIndex":[5],"words":["демпинге"],"wordsIndex":[6]},"rating":20.0,"stats":{"counter":4.0,"counterAll":4.0,"isAdjf":0,"isCombo":0,"isComp":0,"isCountry":0,"isEng":0,"isName":0,"isNominal":0,"isNoun":1,"isNum":0,"isPrtf":0,"isSymbol":0,"isUnknown":0,"isVerb":0,"repeat":0.2,"weight":0.00010241179783911107,"weightAll":8.648087691609193e-05}},"дональд":{"indexObj":{"classMask":22,"counter":543.0,"finded":413,"isExisted":true,"letterId":6,"meta":"{}","server":"_buber3_","table":"wordIndex.ru","uid":203,"word":"дональд","wordHash":"d02359beefab79f57a1c00eb10ba520a_0d263ff15d512b3e72d210bbcac080cf154b61b24d6453c5a8a874b8fec50b013d022479427d0443a3ab43842c2390526b9146764b3cd6600fd5c1ad4c73fd08","wordId":"6:203"},"morphObj":{"params":{"class":"имя","classMask":22,"info":{"isCapital":true,"isUpper":false},"stack":"((<DictionaryAnalyzer>, u'\\u0434\\u043e\\u043d\\u0430\\u043b\\u044c\\u0434\\u0430', 26, 1),)"},"sentenceIndex":[0],"words":["Дональда"],"wordsIndex":[5]},"rating":120.0,"stats":{"counter":543.0,"counterAll":543.0,"isAdjf":0,"isCombo":0,"isComp":0,"isCountry":0,"isEng":0,"isName":1,"isNominal":0,"isNoun":0,"isNum":0,"isPrtf":0,"isSymbol":0,"isUnknown":0,"isVerb":0,"repeat":0.2,"weight":0.013902401556659328,"weightAll":0.011739779041359479}},"запретить":{"indexObj":{"classMask":6,"counter":68.0,"finded":55,"isExisted":true,"letterId":7,"meta":"{}","server":"_buber3_","table":"wordIndex.ru","uid":13098,"word":"запретить","wordHash":"87dab37096e721a4b37f543156cc22eb_d55857793fd80c377a17ef001f9938c08f97173fdfe16958a6a2c4a70cc3f26dcf13ba0fe1de14aa8d0b67278f0cb7b4d102902dafeae41c1e401fb493e2b1ca","wordId":"7:13098"},"morphObj":{"params":{"class":"инфинитив","classMask":6,"info":{"isCapital":false,"isUpper":false},"stack":"((<DictionaryAnalyzer>, u'\\u0437\\u0430\\u043f\\u0440\\u0435\\u0442\\u0438\\u0442\\u044c', 837, 0),)"},"sentenceIndex":[7],"words":["запретить"],"wordsIndex":[4]},"rating":20.0,"stats":{"counter":68.0,"counterAll":68.0,"isAdjf":0,"isCombo":0,"isComp":0,"isCountry":0,"isEng":0,"isName":0,"isNominal":0,"isNoun":0,"isNum":0,"isPrtf":0,"isSymbol":0,"isUnknown":0,"isVerb":1,"repeat":0.2,"weight":0.0017410005632648882,"weightAll":0.0014701749075735628}},"запустить":{"indexObj":{"classMask":6,"counter":74.0,"finded":50,"isExisted":true,"letterId":7,"meta":"{}","server":"_buber3_","table":"wordIndex.ru","uid":41366,"word":"запустить","wordHash":"c1f58230550021d1a46692bd97d65081_e45d3e6aa19a85431bc7d587f597e250f33f52ad644ecb7c2451864b53f17057a21e175c6d35f4b2400cb246a47b2cf0d9bec02f15df62449936e27f0c5a08d7","wordId":"7:41366"},"morphObj":{"params":{"class":"инфинитив","classMask":6,"info":{"isCapital":false,"isUpper":false},"stack":"((<DictionaryAnalyzer>, u'\\u0437\\u0430\\u043f\\u0443\\u0441\\u0442\\u0438\\u0442\\u044c', 927, 0),)"},"sentenceIndex":[11],"words":["запустить"],"wordsIndex":[6]},"rating":20.0,"stats":{"counter":74.0,"counterAll":74.0,"isAdjf":0,"isCombo":0,"isComp":0,"isCountry":0,"isEng":0,"isName":0,"isNominal":0,"isNoun":0,"isNum":0,"isPrtf":0,"isSymbol":0,"isUnknown":0,"isVerb":1,"repeat":0.2,"weight":0.0018946182600235548,"weightAll":0.0015998962229477006}},"защита":{"indexObj":{"classMask":1,"counter":2383.0,"finded":1352,"isExisted":true,"letterId":7,"meta":"{}","server":"_buber3_","table":"wordIndex.ru","uid":5809,"word":"защита","wordHash":"c779adae6094e53ceabb0a12beea808d_8f2a3c54af4b302abdc7412a27eef85f1a7df8e01fd803284b4d72c2c9f2b2ca9f8e0aea13dd4ef1d4e90dad06a5e597d0a5fda81e9525c863c69554f4eb2f21","wordId":"7:5809"},"morphObj":{"params":{"class":"с","classMask":1,"info":{"isCapital":false,"isUpper":false},"stack":"((<DictionaryAnalyzer>, u'\\u0437\\u0430\\u0449\\u0438\\u0442\\u0435', 55, 6),)"},"sentenceIndex":[8],"words":["защите"],"wordsIndex":[16]},"rating":20.0,"stats":{"counter":2383.0,"counterAll":2383.0,"isAdjf":0,"isCombo":0,"isComp":0,"isCountry":0,"isEng":0,"isName":0,"isNominal":0,"isNoun":1,"isNum":0,"isPrtf":0,"isSymbol":0,"isUnknown":0,"isVerb":0,"repeat":0.2,"weight":0.061011828562650416,"weightAll":0.05152098242276177}},"заявить":{"indexObj":{"classMask":5,"counter":2697.0,"finded":1758,"isExisted":true,"letterId":7,"meta":"{}","server":"_buber3_","table":"wordIndex.ru","uid":11104,"word":"заявить","wordHash":"d50ff1b3996109a783644abe34e634b2_134bde8b29d6c37d5ce17d1723a97436dc65c26281ac35a2ab699d689ea8cbc812f740b089f4f638b13f33c9bc8d51884ad6a084307684d9044b09a28e811bd1","wordId":"7:11104"},"morphObj":{"params":{"class":"г","classMask":5,"info":{"isCapital":false,"isUpper":false},"stack":"((<DictionaryAnalyzer>, u'\\u0437\\u0430\\u044f\\u0432\\u0438\\u043b', 647, 1),)"},"sentenceIndex":[4,8],"words":["заявил","заявил"],"wordsIndex":[5,6]},"rating":40.0,"stats":{"counter":2697.0,"counterAll":5394.0,"isAdjf":0,"isCombo":0,"isComp":0,"isCountry":0,"isEng":0,"isName":0,"isNominal":0,"isNoun":0,"isNum":0,"isPrtf":0,"isSymbol":0,"isUnknown":0,"isVerb":1,"repeat":0.4,"weight":0.06905115469302063,"weightAll":0.11661946252134997}},"издание":{"indexObj":{"classMask":1,"counter":2990.0,"finded":1716,"isExisted":true,"letterId":10,"meta":"{}","server":"_buber3_","table":"wordIndex.ru","uid":1306,"word":"издание","wordHash":"553777c52c294102eada47316f8ff82c_ac6c70aa73858b413623aa48653a97a3c13adf08914d0ad35a995fa5e3d12336e21fe3ce0e76027b6c2f50dbc66dec8e5a0a46494ac01ce766fe714ac85a87e0","wordId":"10:1306"},"morphObj":{"params":{"class":"с","classMask":1,"info":{"isCapital":false,"isUpper":false},"stack":"((<DictionaryAnalyzer>, u'\\u0438\\u0437\\u0434\\u0430\\u043d\\u0438\\u0435', 76, 0),)"},"sentenceIndex":[1],"words":["издание"],"wordsIndex":[3]},"rating":20.0,"stats":{"counter":2990.0,"counterAll":2990.0,"isAdjf":0,"isCombo":0,"isComp":0,"isCountry":0,"isEng":0,"isName":0,"isNominal":0,"isNoun":1,"isNum":0,"isPrtf":0,"isSymbol":0,"isUnknown":0,"isVerb":0,"repeat":0.2,"weight":0.07655281888473552,"weightAll":0.06464445549477872}},"инслера":{"indexObj":{"classMask":22,"counter":4.0,"finded":2,"isExisted":true,"letterId":10,"meta":"{}","server":"_buber3_","table":"wordIndex.ru","uid":348564,"word":"инслера","wordHash":"25e45b4d6bad9542d42f936bf37b8141_46fdda53c9f087e24dfc1591e1e751c337281804076ecba5fc49e6f3a1628733679aa21159ca08b325d5c46e0de53df232f5d9c54d206124324cafc39a564c7a","wordId":"10:348564"},"morphObj":{"params":{"class":"имя","classMask":22,"info":{"isCapital":true,"isUpper":false},"stack":"((<DictionaryAnalyzer>, u'\\u043b\\u0435\\u0440', 227, 8), (<UnknownPrefixAnalyzer>, u'\\u0438\\u043d\\u0441'))"},"sentenceIndex":[2,4],"words":["Инслер","Инслер"],"wordsIndex":[12,4]},"rating":140.0,"stats":{"counter":4.0,"counterAll":8.0,"isAdjf":0,"isCombo":0,"isComp":0,"isCountry":0,"isEng":0,"isName":1,"isNominal":0,"isNoun":0,"isNum":0,"isPrtf":0,"isSymbol":0,"isUnknown":0,"isVerb":0,"repeat":0.4,"weight":0.00010241179783911107,"weightAll":0.00017296175383218386}},"интерес":{"indexObj":{"classMask":1,"counter":1786.0,"finded":1234,"isExisted":true,"letterId":10,"meta":"{}","server":"_buber3_","table":"wordIndex.ru","uid":1812,"word":"интерес","wordHash":"92015d1a14a5b127a83cd166bf80d0fe_90b876a07cfaa79c2e8c04eab516a547c12c400909742b14e0abecc50e692f44c975845ea1f384ef3b6f2ad73764e3ab7a0fc4a70743ab513908c8e7360c18af","wordId":"10:1812"},"morphObj":{"params":{"class":"с","classMask":1,"info":{"isCapital":false,"isUpper":false},"stack":"((<DictionaryAnalyzer>, u'\\u0438\\u043d\\u0442\\u0435\\u0440\\u0435\\u0441\\u044b', 33, 9),)"},"sentenceIndex":[3],"words":["интересы"],"wordsIndex":[2]},"rating":20.0,"stats":{"counter":1786.0,"counterAll":1786.0,"isAdjf":0,"isCombo":0,"isComp":0,"isCountry":0,"isEng":0,"isName":0,"isNominal":0,"isNoun":1,"isNum":0,"isPrtf":0,"isSymbol":0,"isUnknown":0,"isVerb":0,"repeat":0.2,"weight":0.04572686773516309,"weightAll":0.03861371154303505}},"ирландия":{"indexObj":{"classMask":1122,"counter":868.0,"finded":356,"isExisted":true,"letterId":10,"meta":"{}","server":"_buber3_","table":"wordIndex.ru","uid":4031,"word":"ирландия","wordHash":"b137b18de9029ee5a33107881dd71c54_2b67a0cdbdd957180c5316ef16292153b8ec11b0f8a3394398217bb6ab39bf8c2f98f5e9c06a5a3019472db4cc23ebda9a05059f944cce3ecec9fa03fc56d80d","wordId":"10:4031"},"morphObj":{"params":{"class":"имя","classMask":1122,"info":{"isCapital":true,"isCountry":true,"isUpper":false},"stack":"((<DictionaryAnalyzer>, u'\\u0438\\u0440\\u043b\\u0430\\u043d\\u0434\\u0438\\u0438', 70, 5),)"},"sentenceIndex":[11],"words":["Ирландии"],"wordsIndex":[12]},"rating":320.0,"stats":{"counter":868.0,"counterAll":868.0,"isAdjf":0,"isCombo":0,"isComp":0,"isCountry":1,"isEng":0,"isName":1,"isNominal":0,"isNoun":0,"isNum":0,"isPrtf":0,"isSymbol":0,"isUnknown":0,"isVerb":0,"repeat":0.2,"weight":0.0222233601310871,"weightAll":0.018766350290791947}},"исполнительный":{"indexObj":{"classMask":2,"counter":630.0,"finded":424,"isExisted":true,"letterId":10,"meta":"{}","server":"_buber3_","table":"wordIndex.ru","uid":6284,"word":"исполнительный","wordHash":"db507273d95cfd607e063d5cb0dda420_cefb1e8af0ec3f0e59fa814b36a3a7d952f02d8ec388ce5de6e882112afe5b0c074cafb7594f89aabd61cc5fb1e47a4b0188ec7842c41c2467821fa8d9d49702","wordId":"10:6284"},"morphObj":{"params":{"class":"п","classMask":2,"info":{"isCapital":false,"isUpper":false},"stack":"((<DictionaryAnalyzer>, u'\\u0438\\u0441\\u043f\\u043e\\u043b\\u043d\\u0438\\u0442\\u0435\\u043b\\u044c\\u043d\\u044b\\u0439', 216, 0),)"},"sentenceIndex":[2],"words":["исполнительный"],"wordsIndex":[8]},"rating":20.0,"stats":{"counter":630.0,"counterAll":630.0,"isAdjf":1,"isCombo":0,"isComp":0,"isCountry":0,"isEng":0,"isName":0,"isNominal":0,"isNoun":0,"isNum":0,"isPrtf":0,"isSymbol":0,"isUnknown":0,"isVerb":0,"repeat":0.2,"weight":0.016129858159659994,"weightAll":0.013620738114284478}},"йорк":{"indexObj":{"classMask":22,"counter":1581.0,"finded":919,"isExisted":true,"letterId":9,"meta":"{}","server":"_buber3_","table":"wordIndex.ru","uid":7956,"word":"йорк","wordHash":"ddf87f9d3b1c8ebdd2399e289509c944_7af6b32b4ebca21dada786c9988455bdd88b56ad9047645b6ca72844f5b7bda13948ba3a595ff2e71d234d1c175a433e449ac4a891e528f7369b906ece162781","wordId":"9:7956"},"morphObj":{"params":{"class":"имя","classMask":22,"info":{"isCapital":true,"isUpper":false},"stack":"((<DictionaryAnalyzer>, u'\\u0439\\u043e\\u0440\\u043a', 73, 0),)"},"sentenceIndex":[10],"words":["Йорк"],"wordsIndex":[7]},"rating":120.0,"stats":{"counter":1581.0,"counterAll":1581.0,"isAdjf":0,"isCombo":0,"isComp":0,"isCountry":0,"isEng":0,"isName":1,"isNominal":0,"isNoun":0,"isNum":0,"isPrtf":0,"isSymbol":0,"isUnknown":0,"isVerb":0,"repeat":0.2,"weight":0.04047826309590865,"weightAll":0.03418156660108534}},"йорк-нью":{"indexObj":{"classMask":1222,"counter":1473.0,"finded":882,"isExisted":true,"letterId":9,"meta":"{}","server":"_buber3_","table":"wordIndex.ru","uid":7993,"word":"йорк-нью","wordHash":"e801db91acd54b7423ba984500a2f5c4_e96c44578948e879a8054f691b65557efbcaa1ce119484452fc0175f84349e224ccb37f61d5931d7d9aac2f51de76ce657dc80735e6c74d358c0732f7f3f6f95","wordId":"9:7993"},"morphObj":{"params":{"class":"имя","classMask":1222,"info":{"comboClassStats":{"неизвестный":1,"с":1},"isCapital":true,"isCombo":true,"isUpper":false},"stack":"<classByLadder>"},"sentenceIndex":[10],"words":["Нью-Йорк"],"wordsIndex":[8]},"rating":120.0,"stats":{"counter":1473.0,"counterAll":1473.0,"isAdjf":0,"isCombo":1,"isComp":0,"isCountry":0,"isEng":0,"isName":1,"isNominal":0,"isNoun":0,"isNum":0,"isPrtf":0,"isSymbol":0,"isUnknown":0,"isVerb":0,"repeat":0.2,"weight":0.03771314455425265,"weightAll":0.03184658292435085}},"калифорния":{"indexObj":{"classMask":22,"counter":698.0,"finded":460,"isExisted":true,"letterId":12,"meta":"{}","server":"_buber3_","table":"wordIndex.ru","uid":6276,"word":"калифорния","wordHash":"f90b5b7a62e6ddff409c05af5dcc4504_ce49dd8225c36522774843d078f7b3d800af22c3bf092f40b43a5cc54079a2f72700487c5c999b22e141354b3d76aff2aa58339e204c068393d1782f192e0ef0","wordId":"12:6276"},"morphObj":{"params":{"class":"имя","classMask":22,"info":{"isCapital":true,"isUpper":false},"stack":"((<DictionaryAnalyzer>, u'\\u043a\\u0430\\u043b\\u0438\\u0444\\u043e\\u0440\\u043d\\u0438\\u044e', 70, 3),)"},"sentenceIndex":[10],"words":["Калифорнию"],"wordsIndex":[10]},"rating":120.0,"stats":{"counter":698.0,"counterAll":698.0,"isAdjf":0,"isCombo":0,"isComp":0,"isCountry":0,"isEng":0,"isName":1,"isNominal":0,"isNoun":0,"isNum":0,"isPrtf":0,"isSymbol":0,"isUnknown":0,"isVerb":0,"repeat":0.2,"weight":0.01787085872292488,"weightAll":0.015090913021858042}},"канада":{"indexObj":{"classMask":1122,"counter":1490.0,"finded":713,"isExisted":true,"letterId":12,"meta":"{}","server":"_buber3_","table":"wordIndex.ru","uid":1170,"word":"канада","wordHash":"83384699ac55fb3363a4ba56f5054376_f5fb399ba793599e28e331a839f652e0b482f6cbac4b549c68839967ccab29087051606d4b5d8665146de977b6c0cfc4e8912644de1f187bbe5ada1993bd7102","wordId":"12:1170"},"morphObj":{"params":{"class":"имя","classMask":1122,"info":{"isCapital":true,"isCountry":true,"isUpper":false},"stack":"((<DictionaryAnalyzer>, u'\\u043a\\u0430\\u043d\\u0430\\u0434\\u044b', 35, 1),)"},"sentenceIndex":[6],"words":["Канады"],"wordsIndex":[18]},"rating":320.0,"stats":{"counter":1490.0,"counterAll":1490.0,"isAdjf":0,"isCombo":0,"isComp":0,"isCountry":1,"isEng":0,"isName":1,"isNominal":0,"isNoun":0,"isNum":0,"isPrtf":0,"isSymbol":0,"isUnknown":0,"isVerb":0,"repeat":0.2,"weight":0.03814839469506887,"weightAll":0.03221412665124424}},"компания":{"indexObj":{"classMask":1,"counter":7038.0,"finded":2643,"isExisted":true,"letterId":12,"meta":"{}","server":"_buber3_","table":"wordIndex.ru","uid":2451,"word":"компания","wordHash":"e0d05f1b2ceb90dde5fc90ab88738c39_1731964b257d43711f4d9ecf90c0c4de012cc5933297f10cb335f3fa5d5739dfb55f98536a53ce57b223cd85cf95f943094992d3f00e8bdf9ef56e36e1b70953","wordId":"12:2451"},"morphObj":{"params":{"class":"с","classMask":1,"info":{"isCapital":false,"isUpper":false},"stack":"((<DictionaryAnalyzer>, u'\\u043a\\u043e\\u043c\\u043f\\u0430\\u043d\\u0438\\u044e', 40, 3),)"},"sentenceIndex":[5,11],"words":["компанию","компании"],"wordsIndex":[4,1]},"rating":40.0,"stats":{"counter":7038.0,"counterAll":14076.0,"isAdjf":0,"isCombo":0,"isComp":0,"isCountry":0,"isEng":0,"isName":0,"isNominal":0,"isNoun":1,"isNum":0,"isPrtf":0,"isSymbol":0,"isUnknown":0,"isVerb":0,"repeat":0.4,"weight":0.18019355829791592,"weightAll":0.3043262058677275}},"крупный":{"indexObj":{"classMask":2,"counter":5526.0,"finded":3329,"isExisted":true,"letterId":12,"meta":"{}","server":"_buber3_","table":"wordIndex.ru","uid":713,"word":"крупный","wordHash":"4f0d85deb017c436e4999c5bea1bf700_b8150bba210e9fe4f7f92a9a04425c3067f922f567fbe234f4e305727f37622651e940e3ff7f1121c0bd7d79ed3024d991357b456259449d35657ec818b1d4f7","wordId":"12:713"},"morphObj":{"params":{"class":"п","classMask":2,"info":{"isCapital":false,"isUpper":false},"stack":"((<DictionaryAnalyzer>, u'\\u043a\\u0440\\u0443\\u043f\\u043d\\u0435\\u0439\\u0448\\u0438\\u0445', 214, 48),)"},"sentenceIndex":[3],"words":["крупнейших"],"wordsIndex":[10]},"rating":20.0,"stats":{"counter":5526.0,"counterAll":5526.0,"isAdjf":1,"isCombo":0,"isComp":0,"isCountry":0,"isEng":0,"isName":0,"isNominal":0,"isNoun":0,"isNum":0,"isPrtf":0,"isSymbol":0,"isUnknown":0,"isVerb":0,"repeat":0.2,"weight":0.14148189871473194,"weightAll":0.119473331459581}},"кэнолл":{"indexObj":{"classMask":22,"counter":4.0,"finded":2,"isExisted":true,"letterId":12,"meta":"{}","server":"_buber3_","table":"wordIndex.ru","uid":348565,"word":"кэнолл","wordHash":"7c3d3189274fe6f6184fc2e0e15bd237_d9f1053ae63b681b4dac5479af0e414d3dac45f2484ee76201199865f674790ea8d4fc7c4f7b1a45170f67bf0c3b52e4030fc1245391425545bed71edec9e07a","wordId":"12:348565"},"morphObj":{"params":{"class":"имя","classMask":22,"info":{"isCapital":true,"isUpper":false},"stack":"((<FakeDictionary>, u'\\u043a\\u044d\\u043d\\u043e\\u043b\\u043b', 33, 0), (<KnownSuffixAnalyzer>, u'\\u043e\\u043b\\u043b'))"},"sentenceIndex":[8,9],"words":["Кэнолл","Кэнолл"],"wordsIndex":[3,9]},"rating":140.0,"stats":{"counter":4.0,"counterAll":8.0,"isAdjf":0,"isCombo":0,"isComp":0,"isCountry":0,"isEng":0,"isName":1,"isNominal":0,"isNoun":0,"isNum":0,"isPrtf":0,"isSymbol":0,"isUnknown":0,"isVerb":0,"repeat":0.4,"weight":0.00010241179783911107,"weightAll":0.00017296175383218386}},"ласа":{"indexObj":{"classMask":22,"counter":217.0,"finded":105,"isExisted":true,"letterId":11,"meta":"{}","server":"_buber3_","table":"wordIndex.ru","uid":20282,"word":"ласа","wordHash":"6d9cb7045958676360973a598072219b_4e57de7eaa5d09c29c3e2b6bfb78e2d53a48129549294af5601138e7956d9e2c4ec20e0530c298606430fb4a30423eb23ab69def0f9be39e4a4e43c25939671c","wordId":"11:20282"},"morphObj":{"params":{"class":"имя","classMask":22,"info":{"isCapital":true,"isUpper":false},"stack":"((<DictionaryAnalyzer>, u'\\u043b\\u0430\\u0441', 55, 8),)"},"sentenceIndex":[10],"words":["Лас"],"wordsIndex":[12]},"rating":120.0,"stats":{"counter":217.0,"counterAll":217.0,"isAdjf":0,"isCombo":0,"isComp":0,"isCountry":0,"isEng":0,"isName":1,"isNominal":0,"isNoun":0,"isNum":0,"isPrtf":0,"isSymbol":0,"isUnknown":0,"isVerb":0,"repeat":0.2,"weight":0.005555840032771775,"weightAll":0.004691587572697987}},"лондон":{"indexObj":{"classMask":22,"counter":1440.0,"finded":897,"isExisted":true,"letterId":11,"meta":"{}","server":"_buber3_","table":"wordIndex.ru","uid":2250,"word":"лондон","wordHash":"ef944ace2a20ae06a845a8f32e5ddfe3_e8f63f04c8d1a2ba1cfd9a251ab12e12f2d0e45f2597d2c281dbb83c6922708276e0e1a1b670e75e82a7158b271221cbcc32531b6fafe45a849b45fb25dbeabb","wordId":"11:2250"},"morphObj":{"params":{"class":"имя","classMask":22,"info":{"isCapital":true,"isUpper":false},"stack":"((<DictionaryAnalyzer>, u'\\u043b\\u043e\\u043d\\u0434\\u043e\\u043d\\u0430', 32, 1),)"},"sentenceIndex":[10],"words":["Лондона"],"wordsIndex":[4]},"rating":120.0,"stats":{"counter":1440.0,"counterAll":1440.0,"isAdjf":0,"isCombo":0,"isComp":0,"isCountry":0,"isEng":0,"isName":1,"isNominal":0,"isNoun":0,"isNum":0,"isPrtf":0,"isSymbol":0,"isUnknown":0,"isVerb":0,"repeat":0.2,"weight":0.036868247222079986,"weightAll":0.031133115689793094}},"лётчик":{"indexObj":{"classMask":1,"counter":672.0,"finded":321,"isExisted":true,"letterId":11,"meta":"{}","server":"_buber3_","table":"wordIndex.ru","uid":6367,"word":"лётчик","wordHash":"437bddd421092c000cb73475df12ebcd_d1c609495067b65486fbda098088f43848b94b787b1db7fc1301cf6c3908d4f10c963ac401d403c2e5f8803e8413a113c7645bb52adf5e7d61a266578308c108","wordId":"11:6367"},"morphObj":{"params":{"class":"с","classMask":1,"info":{"isCapital":false,"isUpper":false},"stack":"((<DictionaryAnalyzer>, u'\\u043b\\u0451\\u0442\\u0447\\u0438\\u043a\\u043e\\u0432', 2, 7),)"},"sentenceIndex":[3,6],"words":["летчиков","летчиков"],"wordsIndex":[5,12]},"rating":40.0,"stats":{"counter":672.0,"counterAll":1344.0,"isAdjf":0,"isCombo":0,"isComp":0,"isCountry":0,"isEng":0,"isName":0,"isNominal":0,"isNoun":1,"isNum":0,"isPrtf":0,"isSymbol":0,"isUnknown":0,"isVerb":0,"repeat":0.4,"weight":0.01720518203697066,"weightAll":0.02905757464380689}},"место":{"indexObj":{"classMask":1,"counter":13680.0,"finded":6718,"isExisted":true,"letterId":14,"meta":"{}","server":"_buber3_","table":"wordIndex.ru","uid":654,"word":"место","wordHash":"aca916f26cff313df3ead65cbd46e8ee_a7955643e4e1c4486f5c1a955c6940de866ce6ad3c56c4c237cad55451b56658883275819d997275b72658ed1477cd133b6068efd1050558914bd2251dc16200","wordId":"14:654"},"morphObj":{"params":{"class":"с","classMask":1,"info":{"isCapital":false,"isUpper":false},"stack":"((<DictionaryAnalyzer>, u'\\u043c\\u0435\\u0441\\u0442\\u0430', 54, 1),)"},"sentenceIndex":[4,8],"words":["места","мест"],"wordsIndex":[19,18]},"rating":40.0,"stats":{"counter":13680.0,"counterAll":27360.0,"isAdjf":0,"isCombo":0,"isComp":0,"isCountry":0,"isEng":0,"isName":0,"isNominal":0,"isNoun":1,"isNum":0,"isPrtf":0,"isSymbol":0,"isUnknown":0,"isVerb":0,"repeat":0.4,"weight":0.35024834860975984,"weightAll":0.5915291981060687}},"мир":{"indexObj":{"classMask":1,"counter":9256.0,"finded":4392,"isExisted":true,"letterId":14,"meta":"{}","server":"_buber3_","table":"wordIndex.ru","uid":989,"word":"мир","wordHash":"b80871273f1d83e03bb7476397187389_1f9527ac6103be01222588386c7a6031f0951e66f8471507854a8157efc2d4a3bc08a893852415ec409be63e526ea96a2d04f56dc8a10a221f07b0ee2b0f44a6","wordId":"14:989"},"morphObj":{"params":{"class":"с","classMask":1,"info":{"isCapital":false,"isUpper":false},"stack":"((<DictionaryAnalyzer>, u'\\u043c\\u0438\\u0440\\u0435', 1953, 5),)"},"sentenceIndex":[3],"words":["мире"],"wordsIndex":[15]},"rating":20.0,"stats":{"counter":9256.0,"counterAll":9256.0,"isAdjf":0,"isCombo":0,"isComp":0,"isCountry":0,"isEng":0,"isName":0,"isNominal":0,"isNoun":1,"isNum":0,"isPrtf":0,"isSymbol":0,"isUnknown":0,"isVerb":0,"repeat":0.2,"weight":0.236980900199703,"weightAll":0.20011674918383673}},"много":{"indexObj":{"classMask":11,"counter":2091.0,"finded":1631,"isExisted":true,"letterId":14,"meta":"{}","server":"_buber3_","table":"wordIndex.ru","uid":2396,"word":"много","wordHash":"11dd898ec97f95e93d5d4f8dab55c40c_c8fe5289604756b71e0a01a75ed57a9bc5503a20d11c62b5997e1797c184c4bfb96556aeb3c6e81428e32b576aed4cc658c218aa6d8dfe0393fdaf4052006187","wordId":"14:2396"},"morphObj":{"params":{"class":"н","classMask":11,"info":{"isCapital":false,"isUpper":false},"stack":"((<DictionaryAnalyzer>, u'\\u043c\\u043d\\u043e\\u0433\\u043e', 385, 0),)"},"sentenceIndex":[8],"words":["много"],"wordsIndex":[9]},"rating":20.0,"stats":{"counter":2091.0,"counterAll":2091.0,"isAdjf":0,"isCombo":0,"isComp":0,"isCountry":0,"isEng":0,"isName":0,"isNominal":0,"isNoun":0,"isNum":0,"isPrtf":0,"isSymbol":0,"isUnknown":0,"isVerb":0,"repeat":0.2,"weight":0.05353576732039531,"weightAll":0.04520787840788706}},"настать":{"indexObj":{"classMask":5,"counter":39.0,"finded":37,"isExisted":true,"letterId":13,"meta":"{}","server":"_buber3_","table":"wordIndex.ru","uid":15251,"word":"настать","wordHash":"e6ecff74bf98ea060ca05959edc87932_4a7cc8b74bc369851dbf8abb6d6fd5d9dcb59814c8263dabd524349eb519ad07baea78ff172349ee93a4eea4442610fd28e15732ea6e3b3366e0cbb833c338e9","wordId":"13:15251"},"morphObj":{"params":{"class":"г","classMask":5,"info":{"isCapital":false,"isUpper":false},"stack":"((<DictionaryAnalyzer>, u'\\u043d\\u0430\\u0441\\u0442\\u0430\\u043b\\u0430', 904, 2),)"},"sentenceIndex":[9],"words":["настала"],"wordsIndex":[1]},"rating":20.0,"stats":{"counter":39.0,"counterAll":39.0,"isAdjf":0,"isCombo":0,"isComp":0,"isCountry":0,"isEng":0,"isName":0,"isNominal":0,"isNoun":0,"isNum":0,"isPrtf":0,"isSymbol":0,"isUnknown":0,"isVerb":1,"repeat":0.2,"weight":0.000998515028931333,"weightAll":0.0008431885499318963}},"новое":{"indexObj":{"classMask":1,"counter":4058.0,"finded":2711,"isExisted":true,"letterId":13,"meta":"{}","server":"_buber3_","table":"wordIndex.ru","uid":882,"word":"новое","wordHash":"efc018ddd812c88cae2ac3474a06cb67_76decdf711511a46e13846d2589d407ef90eac024be8c016802d0db8f1ffaaa6c755f2bf615bc795360d53a7f7d5233aac78cb1b0ac84190936d3f9121727402","wordId":"13:882"},"morphObj":{"params":{"class":"с","classMask":1,"info":{"isCapital":false,"isUpper":false},"stack":"((<DictionaryAnalyzer>, u'\\u043d\\u043e\\u0432\\u044b\\u0435', 972, 6),)"},"sentenceIndex":[11],"words":["новые"],"wordsIndex":[7]},"rating":20.0,"stats":{"counter":4058.0,"counterAll":4058.0,"isAdjf":0,"isCombo":0,"isComp":0,"isCountry":0,"isEng":0,"isName":0,"isNominal":0,"isNoun":1,"isNum":0,"isPrtf":0,"isSymbol":0,"isUnknown":0,"isVerb":0,"repeat":0.2,"weight":0.10389676890777817,"weightAll":0.08773484963137526}},"норвежский":{"indexObj":{"classMask":2,"counter":338.0,"finded":179,"isExisted":true,"letterId":13,"meta":"{}","server":"_buber3_","table":"wordIndex.ru","uid":9378,"word":"норвежский","wordHash":"6a29c4ce1c1e62a83646482b8d0d8faf_4b31012f9437dee3281e2f260143b393470cf66f6478069485f0e884e30c3c912e6589d5b8594460ba12f454df718f909a80cafa46896db4c38d3d583a223e52","wordId":"13:9378"},"morphObj":{"params":{"class":"п","classMask":2,"info":{"isCapital":false,"isUpper":false},"stack":"((<DictionaryAnalyzer>, u'\\u043d\\u043e\\u0440\\u0432\\u0435\\u0436\\u0441\\u043a\\u043e\\u0439', 16, 9),)"},"sentenceIndex":[0,5],"words":["норвежской","норвежскую"],"wordsIndex":[13,3]},"rating":40.0,"stats":{"counter":338.0,"counterAll":676.0,"isAdjf":1,"isCombo":0,"isComp":0,"isCountry":0,"isEng":0,"isName":0,"isNominal":0,"isNoun":0,"isNum":0,"isPrtf":0,"isSymbol":0,"isUnknown":0,"isVerb":0,"repeat":0.4,"weight":0.008653796917404885,"weightAll":0.014615268198819536}},"нью":{"indexObj":{"classMask":22,"counter":2180.0,"finded":1129,"isExisted":true,"letterId":13,"meta":"{}","server":"_buber3_","table":"wordIndex.ru","uid":6467,"word":"нью","wordHash":"d44f332a193c3d86a54341a786c18f00_8fc0ab3edb2848f75fc6c2046c051280992e1b8ba71ff65588201aa7efdaa447cf09c6a8cf79a3f0f3ff0c1d2d0403df2aab25d1c2a338d0aa60ccfdfb5e1841","wordId":"13:6467"},"morphObj":{"params":{"class":"имя","classMask":22,"info":{"isCapital":true,"isUpper":false},"stack":""},"sentenceIndex":[10],"words":["Нью"],"wordsIndex":[6]},"rating":120.0,"stats":{"counter":2180.0,"counterAll":2180.0,"isAdjf":0,"isCombo":0,"isComp":0,"isCountry":0,"isEng":0,"isName":1,"isNominal":0,"isNoun":0,"isNum":0,"isPrtf":0,"isSymbol":0,"isUnknown":0,"isVerb":0,"repeat":0.2,"weight":0.055814429822315534,"weightAll":0.0471320779192701}},"обвинить":{"indexObj":{"classMask":5,"counter":242.0,"finded":195,"isExisted":true,"letterId":16,"meta":"{}","server":"_buber3_","table":"wordIndex.ru","uid":11071,"word":"обвинить","wordHash":"10e4592d2940e4b74637ec7ede3d9736_f63cb74588d27bb73bbe10ec2cd805e00818cbf8e3035952630e5957c05d7d50ccb6816fbd794f5976143dbf504b60b35048d08f69d4bf5e2c9d320e90332511","wordId":"16:11071"},"morphObj":{"params":{"class":"г","classMask":5,"info":{"isCapital":false,"isUpper":false},"stack":"((<DictionaryAnalyzer>, u'\\u043e\\u0431\\u0432\\u0438\\u043d\\u0438\\u043b', 720, 1),)"},"sentenceIndex":[5],"words":["обвинил"],"wordsIndex":[2]},"rating":20.0,"stats":{"counter":242.0,"counterAll":242.0,"isAdjf":0,"isCombo":0,"isComp":0,"isCountry":0,"isEng":0,"isName":0,"isNominal":0,"isNoun":0,"isNum":0,"isPrtf":0,"isSymbol":0,"isUnknown":0,"isVerb":1,"repeat":0.2,"weight":0.006195913769266219,"weightAll":0.005232093053423562}},"объединять":{"indexObj":{"classMask":7,"counter":156.0,"finded":136,"isExisted":true,"letterId":16,"meta":"{}","server":"_buber3_","table":"wordIndex.ru","uid":28931,"word":"объединять","wordHash":"064ec593508b4357f59caa29dc094f46_d1731ebc69ed3e5a2d6ce18d8be974fdd0a61b1b749b6ecdbba6e73b0ef7073f2225e4e0d9bf402b326241ef4bd6b01342dfa98feaaa3a53a3872856f90075bd","wordId":"16:28931"},"morphObj":{"params":{"class":"причастие","classMask":7,"info":{"isCapital":false,"isUpper":false},"stack":"((<DictionaryAnalyzer>, u'\\u043e\\u0431\\u044a\\u0435\\u0434\\u0438\\u043d\\u044f\\u044e\\u0449\\u0430\\u044f', 206, 20),)"},"sentenceIndex":[6],"words":["объединяющая"],"wordsIndex":[9]},"rating":20.0,"stats":{"counter":156.0,"counterAll":156.0,"isAdjf":0,"isCombo":0,"isComp":0,"isCountry":0,"isEng":0,"isName":0,"isNominal":0,"isNoun":0,"isNum":0,"isPrtf":1,"isSymbol":0,"isUnknown":0,"isVerb":0,"repeat":0.2,"weight":0.003994060115725332,"weightAll":0.003372754199727585}},"один":{"indexObj":{"classMask":2,"counter":39060.0,"finded":14563,"isExisted":true,"letterId":16,"meta":"{}","server":"_buber3_","table":"wordIndex.ru","uid":8,"word":"один","wordHash":"fc114849927fcbde0bde8042c274a17f_448c05269d3ab557aa547bd1ad7f719de9868c8b4b646b3eee9a798cc90cef5de37eafafdc816aee3b556abf4c319d54dff3a7c630324600e3d80a3bdbc99dca","wordId":"16:8"},"morphObj":{"params":{"class":"п","classMask":2,"info":{"isCapital":false,"isUpper":false},"stack":"((<DictionaryAnalyzer>, u'\\u043e\\u0434\\u043d\\u043e\\u0439', 2198, 8),)"},"sentenceIndex":[3],"words":["одной"],"wordsIndex":[8]},"rating":20.0,"stats":{"counter":39060.0,"counterAll":39060.0,"isAdjf":1,"isCombo":0,"isComp":0,"isCountry":0,"isEng":0,"isName":0,"isNominal":0,"isNoun":0,"isNum":0,"isPrtf":0,"isSymbol":0,"isUnknown":0,"isVerb":0,"repeat":0.2,"weight":1.0000512058989195,"weightAll":0.8444857630856377}},"организация":{"indexObj":{"classMask":1,"counter":4966.0,"finded":2539,"isExisted":true,"letterId":16,"meta":"{}","server":"_buber3_","table":"wordIndex.ru","uid":3648,"word":"организация","wordHash":"eaa1974013407a4b010da7cb6cd905b7_dd0f126df04fadd13ff676d79c6c8263046b8f75fdc7eeec4a9a72972f869020bebbaae43249d0c746de3c5bb0a544f42fc0c6f1b64961deaf04fe4c65052c3c","wordId":"16:3648"},"morphObj":{"params":{"class":"с","classMask":1,"info":{"isCapital":false,"isUpper":false},"stack":"((<DictionaryAnalyzer>, u'\\u043e\\u0440\\u0433\\u0430\\u043d\\u0438\\u0437\\u0430\\u0446\\u0438\\u0438', 40, 1),)"},"sentenceIndex":[2,7],"words":["организации","организации"],"wordsIndex":[6,1]},"rating":40.0,"stats":{"counter":4966.0,"counterAll":9932.0,"isAdjf":0,"isCombo":0,"isComp":0,"isCountry":0,"isEng":0,"isName":0,"isNominal":0,"isNoun":1,"isNum":0,"isPrtf":0,"isSymbol":0,"isUnknown":0,"isVerb":0,"repeat":0.4,"weight":0.12714424701725638,"weightAll":0.21473201738265627}},"отрасль":{"indexObj":{"classMask":1,"counter":643.0,"finded":426,"isExisted":true,"letterId":16,"meta":"{}","server":"_buber3_","table":"wordIndex.ru","uid":4585,"word":"отрасль","wordHash":"fc82f23ef763a7fe148ed5db0c90b74d_01e066834cfef9e65041bb1011a25388fc55c20cdd04764d5d8bc455f4025fd4a0acb83025a0a14a4b78d73936f98f858322b5e697f48bd50e34e38ded42507c","wordId":"16:4585"},"morphObj":{"params":{"class":"с","classMask":1,"info":{"isCapital":false,"isUpper":false},"stack":"((<DictionaryAnalyzer>, u'\\u043e\\u0442\\u0440\\u0430\\u0441\\u043b\\u044c', 13, 0),)"},"sentenceIndex":[4],"words":["отрасль"],"wordsIndex":[9]},"rating":20.0,"stats":{"counter":643.0,"counterAll":643.0,"isAdjf":0,"isCombo":0,"isComp":0,"isCountry":0,"isEng":0,"isName":0,"isNominal":0,"isNoun":1,"isNum":0,"isPrtf":0,"isSymbol":0,"isUnknown":0,"isVerb":0,"repeat":0.2,"weight":0.016462696502637104,"weightAll":0.013901800964261777}},"перейти":{"indexObj":{"classMask":6,"counter":268.0,"finded":203,"isExisted":true,"letterId":15,"meta":"{}","server":"_buber3_","table":"wordIndex.ru","uid":8815,"word":"перейти","wordHash":"593a439970f1dd03cfbf956b1bb9f250_f28692db0568fec4973668e584a2161e0046c85eae9f8db1ddbfea3dc56ff247c8238f88006d923190974c6d83e5354c8019449c2b574dc82edd3f8cb691b878","wordId":"15:8815"},"morphObj":{"params":{"class":"инфинитив","classMask":6,"info":{"isCapital":false,"isUpper":false},"stack":"((<DictionaryAnalyzer>, u'\\u043f\\u0435\\u0440\\u0435\\u0439\\u0442\\u0438', 2163, 0),)"},"sentenceIndex":[9],"words":["перейти"],"wordsIndex":[3]},"rating":20.0,"stats":{"counter":268.0,"counterAll":268.0,"isAdjf":0,"isCombo":0,"isComp":0,"isCountry":0,"isEng":0,"isName":0,"isNominal":0,"isNoun":0,"isNum":0,"isPrtf":0,"isSymbol":0,"isUnknown":0,"isVerb":1,"repeat":0.2,"weight":0.006861590455220441,"weightAll":0.00579421875337816}},"пилот":{"indexObj":{"classMask":1,"counter":769.0,"finded":311,"isExisted":true,"letterId":15,"meta":"{}","server":"_buber3_","table":"wordIndex.ru","uid":20230,"word":"пилот","wordHash":"e832e7ac3093c7d474b2141d9062b2a3_e99bcec2866c1e63c241448ac05df040ac2142f19bd979976873d4cfb7094765458452dafef0936823bd19c4fceae94aa083a57b4db5c9f085ccc6863a0450eb","wordId":"15:20230"},"morphObj":{"params":{"class":"с","classMask":1,"info":{"isCapital":false,"isUpper":false},"stack":"((<DictionaryAnalyzer>, u'\\u043f\\u0438\\u043b\\u043e\\u0442\\u044b', 52, 6),)"},"sentenceIndex":[0,6],"words":["пилоты","пилотов"],"wordsIndex":[1,6]},"rating":40.0,"stats":{"counter":769.0,"counterAll":1538.0,"isAdjf":0,"isCombo":0,"isComp":0,"isCountry":0,"isEng":0,"isName":0,"isNominal":0,"isNoun":1,"isNum":0,"isPrtf":0,"isSymbol":0,"isUnknown":0,"isVerb":0,"repeat":0.4,"weight":0.019688668134569102,"weightAll":0.03325189717423735}},"письмо":{"indexObj":{"classMask":1,"counter":1522.0,"finded":864,"isExisted":true,"letterId":15,"meta":"{}","server":"_buber3_","table":"wordIndex.ru","uid":11174,"word":"письмо","wordHash":"8f31965819b1b07aeac7e4b9ac63c11c_354cfce5f5106bb6fcfbf0de6ba78f8657034fa0036c002bd618dfac45232679766fb11eb6b4141756dcf6af31e6dff228123424bbc9cdc20d1c5cd913e43f81","wordId":"15:11174"},"morphObj":{"params":{"class":"с","classMask":1,"info":{"isCapital":false,"isUpper":false},"stack":"((<DictionaryAnalyzer>, u'\\u043f\\u0438\\u0441\\u044c\\u043c\\u0435', 117, 5),)"},"sentenceIndex":[4],"words":["письме"],"wordsIndex":[1]},"rating":20.0,"stats":{"counter":1522.0,"counterAll":1522.0,"isAdjf":0,"isCombo":0,"isComp":0,"isCountry":0,"isEng":0,"isName":0,"isNominal":0,"isNoun":1,"isNum":0,"isPrtf":0,"isSymbol":0,"isUnknown":0,"isVerb":0,"repeat":0.2,"weight":0.03896768907778176,"weightAll":0.03290597366657298}},"планировать":{"indexObj":{"classMask":5,"counter":588.0,"finded":503,"isExisted":true,"letterId":15,"meta":"{}","server":"_buber3_","table":"wordIndex.ru","uid":1665,"word":"планировать","wordHash":"c030249a6260ffc2e7baf8d2472d6468_26fe528acd2e49dc3ea7c119e3367c19f78402620c7e34bd5cc2b0a92c4b47d78708b79551bb3ef8877c78e79425898991bbb2573e38ae6fc6734f4d7e6899b4","wordId":"15:1665"},"morphObj":{"params":{"class":"г","classMask":5,"info":{"isCapital":false,"isUpper":false},"stack":"((<DictionaryAnalyzer>, u'\\u043f\\u043b\\u0430\\u043d\\u0438\\u0440\\u0443\\u044e\\u0442', 1726, 6),)"},"sentenceIndex":[11],"words":["планируют"],"wordsIndex":[2]},"rating":20.0,"stats":{"counter":588.0,"counterAll":588.0,"isAdjf":0,"isCombo":0,"isComp":0,"isCountry":0,"isEng":0,"isName":0,"isNominal":0,"isNoun":0,"isNum":0,"isPrtf":0,"isSymbol":0,"isUnknown":0,"isVerb":1,"repeat":0.2,"weight":0.015054534282349326,"weightAll":0.012712688906665513}},"политик":{"indexObj":{"classMask":1,"counter":724.0,"finded":537,"isExisted":true,"letterId":15,"meta":"{}","server":"_buber3_","table":"wordIndex.ru","uid":7477,"word":"политик","wordHash":"f87e3508100788f663810cbd3132a181_1fc6dec47b147396ce42b55d67572c3a5e806738d340e575fc12a2a67da813af00720851498f0b69cd01b0556991949fe84a31307dc96d94a6bfed9e30ba0d4b","wordId":"15:7477"},"morphObj":{"params":{"class":"с","classMask":1,"info":{"isCapital":false,"isUpper":false},"stack":"((<DictionaryAnalyzer>, u'\\u043f\\u043e\\u043b\\u0438\\u0442\\u0438\\u043a', 2, 0),)"},"sentenceIndex":[8],"words":["политик"],"wordsIndex":[8]},"rating":20.0,"stats":{"counter":724.0,"counterAll":724.0,"isAdjf":0,"isCombo":0,"isComp":0,"isCountry":0,"isEng":0,"isName":0,"isNominal":0,"isNoun":1,"isNum":0,"isPrtf":0,"isSymbol":0,"isUnknown":0,"isVerb":0,"repeat":0.2,"weight":0.018536535408879104,"weightAll":0.01565303872181264}},"полёт":{"indexObj":{"classMask":1,"counter":1625.0,"finded":509,"isExisted":true,"letterId":15,"meta":"{}","server":"_buber3_","table":"wordIndex.ru","uid":14286,"word":"полёт","wordHash":"1a6c8467cb6654d06e4b7e3613cf23ef_512cde8ac4d1a97a2aeb4d79380cd782c24bfc5388dc2255a758bf3611c37fc1d5e7d7f5849252ab83933df306d51576e9ea94a811d0be4954d86d30c5e682e0","wordId":"15:14286"},"morphObj":{"params":{"class":"с","classMask":1,"info":{"isCapital":false,"isUpper":false},"stack":"((<DictionaryAnalyzer>, u'\\u043f\\u043e\\u043b\\u0451\\u0442\\u044b', 33, 6),)"},"sentenceIndex":[0,10],"words":["полеты","полеты"],"wordsIndex":[10,2]},"rating":40.0,"stats":{"counter":1625.0,"counterAll":3250.0,"isAdjf":0,"isCombo":0,"isComp":0,"isCountry":0,"isEng":0,"isName":0,"isNominal":0,"isNoun":1,"isNum":0,"isPrtf":0,"isSymbol":0,"isUnknown":0,"isVerb":0,"repeat":0.4,"weight":0.04160479287213887,"weightAll":0.07026571249432469}},"пора":{"indexObj":{"classMask":1,"counter":1514.0,"finded":1276,"isExisted":true,"letterId":15,"meta":"{}","server":"_buber3_","table":"wordIndex.ru","uid":1461,"word":"пора","wordHash":"335fc492c43dac175c26241d883ef447_97bb927a956fb8112d25d422633d49110e42bfdb5eb1ad63cd964790e1e14093d7e5d764efaf5cb8d27868b3f422a72c867551b9b7ad0750a9cbfc0836d2683c","wordId":"15:1461"},"morphObj":{"params":{"class":"с","classMask":1,"info":{"isCapital":false,"isUpper":false},"stack":"((<DictionaryAnalyzer>, u'\\u043f\\u043e\\u0440\\u0430', 55, 0),)"},"sentenceIndex":[9],"words":["пора"],"wordsIndex":[2]},"rating":20.0,"stats":{"counter":1514.0,"counterAll":1514.0,"isAdjf":0,"isCombo":0,"isComp":0,"isCountry":0,"isEng":0,"isName":0,"isNominal":0,"isNoun":1,"isNum":0,"isPrtf":0,"isSymbol":0,"isUnknown":0,"isVerb":0,"repeat":0.2,"weight":0.03876286548210354,"weightAll":0.03273301191274079}},"предвыборный":{"indexObj":{"classMask":2,"counter":154.0,"finded":122,"isExisted":true,"letterId":15,"meta":"{}","server":"_buber3_","table":"wordIndex.ru","uid":34660,"word":"предвыборный","wordHash":"283a1050449b258258b622262f8e6b9d_d0294481f8154522fa204df683df7e5c3e6d95f5a16da5e4df1b35c4f765abf36b4817c236d2e4fdc5ba2388fa004846a54dbb9285543137dc0150d710b0df58","wordId":"15:34660"},"morphObj":{"params":{"class":"п","classMask":2,"info":{"isCapital":false,"isUpper":false},"stack":"((<DictionaryAnalyzer>, u'\\u043f\\u0440\\u0435\\u0434\\u0432\\u044b\\u0431\\u043e\\u0440\\u043d\\u043e\\u0439', 34, 8),)"},"sentenceIndex":[8],"words":["предвыборной"],"wordsIndex":[13]},"rating":20.0,"stats":{"counter":154.0,"counterAll":154.0,"isAdjf":1,"isCombo":0,"isComp":0,"isCountry":0,"isEng":0,"isName":0,"isNominal":0,"isNoun":0,"isNum":0,"isPrtf":0,"isSymbol":0,"isUnknown":0,"isVerb":0,"repeat":0.2,"weight":0.003942854216805776,"weightAll":0.0033295137612695393}},"председатель":{"indexObj":{"classMask":1,"counter":2760.0,"finded":1531,"isExisted":true,"letterId":15,"meta":"{}","server":"_buber3_","table":"wordIndex.ru","uid":6279,"word":"председатель","wordHash":"6842020a8c83d9f50559bae47aa32d35_93b4fe4d504ed39fa41fa5c5b70bb41fa4848f154b024015a05c4ce29ad5426d4e1caaa301e98a605e3b76fe2f4b1caca1bbef365bc9ea2d56e8784a7c738877","wordId":"15:6279"},"morphObj":{"params":{"class":"с","classMask":1,"info":{"isCapital":true,"isUpper":false},"stack":"((<DictionaryAnalyzer>, u'\\u043f\\u0440\\u0435\\u0434\\u0441\\u0435\\u0434\\u0430\\u0442\\u0435\\u043b\\u044c', 121, 0),)"},"sentenceIndex":[2,5],"words":["председатель","Председатель"],"wordsIndex":[5,0]},"rating":40.0,"stats":{"counter":2760.0,"counterAll":5520.0,"isAdjf":0,"isCombo":0,"isComp":0,"isCountry":0,"isEng":0,"isName":0,"isNominal":0,"isNoun":1,"isNum":0,"isPrtf":0,"isSymbol":0,"isUnknown":0,"isVerb":0,"repeat":0.4,"weight":0.07066414050898663,"weightAll":0.11934361014420686}},"представлять":{"indexObj":{"classMask":5,"counter":3053.0,"finded":2264,"isExisted":true,"letterId":15,"meta":"{}","server":"_buber3_","table":"wordIndex.ru","uid":807,"word":"представлять","wordHash":"1f6a0828c80bc19dcb4912fa0a26b58c_1788946db9169cf8ca3bffa714e36bd8d67a33cead022175db538d3d4b882c055ddeda5b3e0eedd663695caca085a9c5a97699e986002f2191d2563502c1b613","wordId":"15:807"},"morphObj":{"params":{"class":"г","classMask":5,"info":{"isCapital":false,"isUpper":false},"stack":"((<DictionaryAnalyzer>, u'\\u043f\\u0440\\u0435\\u0434\\u0441\\u0442\\u0430\\u0432\\u043b\\u044f\\u0435\\u0442', 206, 5),)"},"sentenceIndex":[3],"words":["представляет"],"wordsIndex":[1]},"rating":20.0,"stats":{"counter":3053.0,"counterAll":3053.0,"isAdjf":0,"isCombo":0,"isComp":0,"isCountry":0,"isEng":0,"isName":0,"isNominal":0,"isNoun":0,"isNum":0,"isPrtf":0,"isSymbol":0,"isUnknown":0,"isVerb":1,"repeat":0.2,"weight":0.07816580470070152,"weightAll":0.06600652930620717}},"президент":{"indexObj":{"classMask":1,"counter":4481.0,"finded":2208,"isExisted":true,"letterId":15,"meta":"{}","server":"_buber3_","table":"wordIndex.ru","uid":1132,"word":"президент","wordHash":"236413bc2e4a415086ae2d13937a94ca_4ac9ac77ec71a942660c47aef0114b0d21cda9529005f88ac31b73a445d6a68eab28ed37a597520025adb9c4cc98ee26f1b3640f2431e43bcc26a89e8d1d9623","wordId":"15:1132"},"morphObj":{"params":{"class":"с","classMask":1,"info":{"isCapital":true,"isUpper":false},"stack":"((<DictionaryAnalyzer>, u'\\u043f\\u0440\\u0435\\u0437\\u0438\\u0434\\u0435\\u043d\\u0442\\u0430', 52, 1),)"},"sentenceIndex":[0,8],"words":["президента","Президент"],"wordsIndex":[3,0]},"rating":40.0,"stats":{"counter":4481.0,"counterAll":8962.0,"isAdjf":0,"isCombo":0,"isComp":0,"isCountry":0,"isEng":0,"isName":0,"isNominal":0,"isNoun":1,"isNum":0,"isPrtf":0,"isSymbol":0,"isUnknown":0,"isVerb":0,"repeat":0.4,"weight":0.11472681652926417,"weightAll":0.19376040473050396}},"прекратить":{"indexObj":{"classMask":6,"counter":204.0,"finded":170,"isExisted":true,"letterId":15,"meta":"{}","server":"_buber3_","table":"wordIndex.ru","uid":6911,"word":"прекратить","wordHash":"08b7ad166cfd82a8db18d2d9e9b34751_bffcb43ee4f3eb52108d5ad4b072d1f23607ff552c983b2657e1a8bff37eb52c90201df61b88ac87c1adba515ee9fdddce7fc2c4008a89e0ff764b8a70096fe2","wordId":"15:6911"},"morphObj":{"params":{"class":"инфинитив","classMask":6,"info":{"isCapital":false,"isUpper":false},"stack":"((<DictionaryAnalyzer>, u'\\u043f\\u0440\\u0435\\u043a\\u0440\\u0430\\u0442\\u0438\\u0442\\u044c', 837, 0),)"},"sentenceIndex":[0],"words":["прекратить"],"wordsIndex":[7]},"rating":20.0,"stats":{"counter":204.0,"counterAll":204.0,"isAdjf":0,"isCombo":0,"isComp":0,"isCountry":0,"isEng":0,"isName":0,"isNominal":0,"isNoun":0,"isNum":0,"isPrtf":0,"isSymbol":0,"isUnknown":0,"isVerb":1,"repeat":0.2,"weight":0.005223001689794665,"weightAll":0.004410524722720689}},"призвать":{"indexObj":{"classMask":5,"counter":280.0,"finded":232,"isExisted":true,"letterId":15,"meta":"{}","server":"_buber3_","table":"wordIndex.ru","uid":6851,"word":"призвать","wordHash":"9946253b96262f64a74a4461c5690ae4_a5bf004159bad13dc7059ac4a0e786bf56ad8e93de7deda24eb89e59f218dd28ec06a76cef8e9f64e94eca6250dff9d4f11091fb1732fb417fe2f185900db13e","wordId":"15:6851"},"morphObj":{"params":{"class":"г","classMask":5,"info":{"isCapital":false,"isUpper":false},"stack":"((<DictionaryAnalyzer>, u'\\u043f\\u0440\\u0438\\u0437\\u0432\\u0430\\u043b\\u0438', 851, 4),)"},"sentenceIndex":[0,7],"words":["призвали","призвали"],"wordsIndex":[2,2]},"rating":40.0,"stats":{"counter":280.0,"counterAll":560.0,"isAdjf":0,"isCombo":0,"isComp":0,"isCountry":0,"isEng":0,"isName":0,"isNominal":0,"isNoun":0,"isNum":0,"isPrtf":0,"isSymbol":0,"isUnknown":0,"isVerb":1,"repeat":0.4,"weight":0.007168825848737775,"weightAll":0.01210732276825287}},"присоединиться":{"indexObj":{"classMask":5,"counter":740.0,"finded":583,"isExisted":true,"letterId":15,"meta":"{}","server":"_buber3_","table":"wordIndex.ru","uid":10221,"word":"присоединиться","wordHash":"e6b583c54e1da719c61007ae494fdfeb_de4b95d0414ccdae42e99724c91096b366947f4e29518d5e53254c1bf581d03cfa8ea2a7ed169d65fb8f6355862a7f06ea7701cdc23c79a085f88403e6b8eb39","wordId":"15:10221"},"morphObj":{"params":{"class":"г","classMask":5,"info":{"isCapital":false,"isUpper":false},"stack":"((<DictionaryAnalyzer>, u'\\u043f\\u0440\\u0438\\u0441\\u043e\\u0435\\u0434\\u0438\\u043d\\u0438\\u043b\\u0430\\u0441\\u044c', 618, 2),)"},"sentenceIndex":[6],"words":["присоединилась"],"wordsIndex":[3]},"rating":20.0,"stats":{"counter":740.0,"counterAll":740.0,"isAdjf":0,"isCombo":0,"isComp":0,"isCountry":0,"isEng":0,"isName":0,"isNominal":0,"isNoun":0,"isNum":0,"isPrtf":0,"isSymbol":0,"isUnknown":0,"isVerb":1,"repeat":0.2,"weight":0.018946182600235548,"weightAll":0.015998962229477005}},"рабочий":{"indexObj":{"classMask":1,"counter":2733.0,"finded":1119,"isExisted":true,"letterId":18,"meta":"{}","server":"_buber3_","table":"wordIndex.ru","uid":3086,"word":"рабочий","wordHash":"9313276192ac6ed87972fc17e54b8439_3fbc3846b3033625b92ae7e0c3d739fccb513353f1d130e16dc514bead6463a930357f09450528e3728e8e20757fd09895aee010d9c91d8773401d1f89cf9b9b","wordId":"18:3086"},"morphObj":{"params":{"class":"с","classMask":1,"info":{"isCapital":false,"isUpper":false},"stack":"((<DictionaryAnalyzer>, u'\\u0440\\u0430\\u0431\\u043e\\u0447\\u0438\\u0435', 351, 6),)"},"sentenceIndex":[4,8],"words":["рабочие","рабочих"],"wordsIndex":[18,17]},"rating":40.0,"stats":{"counter":2733.0,"counterAll":5466.0,"isAdjf":0,"isCombo":0,"isComp":0,"isCountry":0,"isEng":0,"isName":0,"isNominal":0,"isNoun":1,"isNum":0,"isPrtf":0,"isSymbol":0,"isUnknown":0,"isVerb":0,"repeat":0.4,"weight":0.06997286087357263,"weightAll":0.11817611830583963}},"рейс":{"indexObj":{"classMask":1,"counter":611.0,"finded":236,"isExisted":true,"letterId":18,"meta":"{}","server":"_buber3_","table":"wordIndex.ru","uid":21296,"word":"рейс","wordHash":"843a7f86f464e51224792b602e16c4cd_e7ae1c9bd635a1a2c8d54062b004265a2f7235412d2a3a5f22ab643f7961f9fc897c6cba89651f5ae62f835818da9a13a50eaf935315d654391614e5a54443de","wordId":"18:21296"},"morphObj":{"params":{"class":"с","classMask":1,"info":{"isCapital":false,"isUpper":false},"stack":"((<DictionaryAnalyzer>, u'\\u0440\\u0435\\u0439\\u0441\\u044b', 33, 6),)"},"sentenceIndex":[7,11],"words":["рейсы","рейсы"],"wordsIndex":[6,8]},"rating":40.0,"stats":{"counter":611.0,"counterAll":1222.0,"isAdjf":0,"isCombo":0,"isComp":0,"isCountry":0,"isEng":0,"isName":0,"isNominal":0,"isNoun":1,"isNum":0,"isPrtf":0,"isSymbol":0,"isUnknown":0,"isVerb":0,"repeat":0.4,"weight":0.015643402119924214,"weightAll":0.026419907897866083}},"связанный":{"indexObj":{"classMask":2,"counter":1452.0,"finded":1100,"isExisted":true,"letterId":17,"meta":"{}","server":"_buber3_","table":"wordIndex.ru","uid":1606,"word":"связанный","wordHash":"0f82d9c185448c428a300fb8493e3690_679c6327e8209b383f880bfd51ce2f5528eed2ad4f8b5f118f6ba855b17dc0b2a4703ce5980c150893bbc72ab4d41c2715fd3827a17506b381ef5e5c44aa26fd","wordId":"17:1606"},"morphObj":{"params":{"class":"п","classMask":2,"info":{"isCapital":false,"isUpper":false},"stack":"((<DictionaryAnalyzer>, u'\\u0441\\u0432\\u044f\\u0437\\u0430\\u043d\\u043d\\u044b\\u0435', 328, 20),)"},"sentenceIndex":[4],"words":["связанные"],"wordsIndex":[15]},"rating":20.0,"stats":{"counter":1452.0,"counterAll":1452.0,"isAdjf":1,"isCombo":0,"isComp":0,"isCountry":0,"isEng":0,"isName":0,"isNominal":0,"isNoun":0,"isNum":0,"isPrtf":0,"isSymbol":0,"isUnknown":0,"isVerb":0,"repeat":0.2,"weight":0.03717548261559732,"weightAll":0.03139255832054137}},"слово":{"indexObj":{"classMask":1,"counter":5453.0,"finded":3155,"isExisted":true,"letterId":17,"meta":"{}","server":"_buber3_","table":"wordIndex.ru","uid":125,"word":"слово","wordHash":"4a61f7bb50c173ed273c39a64cee8606_717f0a450ae4219ac63203338ef9b6eb3c5967d0c3b0a381a33741871bf28520d82807b92e405961f15e57800a1fc347e47e912579fcb90407e7a2cb0e9630e6","wordId":"17:125"},"morphObj":{"params":{"class":"с","classMask":1,"info":{"isCapital":false,"isUpper":false},"stack":"((<DictionaryAnalyzer>, u'\\u0441\\u043b\\u043e\\u0432', 54, 7),)"},"sentenceIndex":[9],"words":["слов"],"wordsIndex":[5]},"rating":20.0,"stats":{"counter":5453.0,"counterAll":5453.0,"isAdjf":0,"isCombo":0,"isComp":0,"isCountry":0,"isEng":0,"isName":0,"isNominal":0,"isNoun":1,"isNum":0,"isPrtf":0,"isSymbol":0,"isUnknown":0,"isVerb":0,"repeat":0.2,"weight":0.13961288340416816,"weightAll":0.11789505545586232}},"совет":{"indexObj":{"classMask":1,"counter":3364.0,"finded":2244,"isExisted":true,"letterId":17,"meta":"{}","server":"_buber3_","table":"wordIndex.ru","uid":403,"word":"совет","wordHash":"c821a0084b492fdd465cff5f1ab2bcb1_e6eb44a0041a265882d538842703ea927f5c6dad1b3aee47355d1c36a841a32bb2d54116db803ba4e8b21f9fb4f368f2cd4d1f79e68e31b53296ad360a0ff78e","wordId":"17:403"},"morphObj":{"params":{"class":"с","classMask":1,"info":{"isCapital":false,"isUpper":false},"stack":"((<DictionaryAnalyzer>, u'\\u0441\\u043e\\u0432\\u0435\\u0442', 33, 0),)"},"sentenceIndex":[2],"words":["совет"],"wordsIndex":[9]},"rating":20.0,"stats":{"counter":3364.0,"counterAll":3364.0,"isAdjf":0,"isCombo":0,"isComp":0,"isCountry":0,"isEng":0,"isName":0,"isNominal":0,"isNoun":1,"isNum":0,"isPrtf":0,"isSymbol":0,"isUnknown":0,"isVerb":0,"repeat":0.2,"weight":0.08612832198269241,"weightAll":0.07273041748643332}},"сообщать":{"indexObj":{"classMask":5,"counter":1902.0,"finded":1661,"isExisted":true,"letterId":17,"meta":"{}","server":"_buber3_","table":"wordIndex.ru","uid":1954,"word":"сообщать","wordHash":"49044442e835fd02adb8c0061842f160_3568d244b5557ea9339e4a027955ca45bc74a7fe56e13513f1809390a8f28f2099018a78a11c67d281322590295a263ae7f2eb7fd9f02cf60495a9e0f85150a0","wordId":"17:1954"},"morphObj":{"params":{"class":"г","classMask":5,"info":{"isCapital":false,"isUpper":false},"stack":"((<DictionaryAnalyzer>, u'\\u0441\\u043e\\u043e\\u0431\\u0449\\u0430\\u0435\\u0442', 206, 5),)"},"sentenceIndex":[1],"words":["сообщает"],"wordsIndex":[2]},"rating":20.0,"stats":{"counter":1902.0,"counterAll":1902.0,"isAdjf":0,"isCombo":0,"isComp":0,"isCountry":0,"isEng":0,"isName":0,"isNominal":0,"isNoun":0,"isNum":0,"isPrtf":0,"isSymbol":0,"isUnknown":0,"isVerb":1,"repeat":0.2,"weight":0.04869680987249731,"weightAll":0.04112165697360171}},"страна":{"indexObj":{"classMask":1,"counter":9653.0,"finded":4552,"isExisted":true,"letterId":17,"meta":"{}","server":"_buber3_","table":"wordIndex.ru","uid":467,"word":"страна","wordHash":"f05e93dd4e1d8473817f56162b155654_7a66ceef0500c748f614578d5426a38067bc253212162224fa04dcd1b31f02327427f9a44bdcb6bb101135f6db28b49444d19c6aa5d3e13d22b6b008be6139b5","wordId":"17:467"},"morphObj":{"params":{"class":"с","classMask":1,"info":{"isCapital":false,"isUpper":false},"stack":"((<DictionaryAnalyzer>, u'\\u0441\\u0442\\u0440\\u0430\\u043d\\u0443', 55, 3),)"},"sentenceIndex":[0],"words":["страну"],"wordsIndex":[12]},"rating":20.0,"stats":{"counter":9653.0,"counterAll":9653.0,"isAdjf":0,"isCombo":0,"isComp":0,"isCountry":0,"isEng":0,"isName":0,"isNominal":0,"isNoun":1,"isNum":0,"isPrtf":0,"isSymbol":0,"isUnknown":0,"isVerb":0,"repeat":0.2,"weight":0.24714527113523477,"weightAll":0.20869997621775885}},"считать":{"indexObj":{"classMask":5,"counter":2404.0,"finded":1509,"isExisted":true,"letterId":17,"meta":"{}","server":"_buber3_","table":"wordIndex.ru","uid":783,"word":"считать","wordHash":"aa19b0ec33410ed848016bcdc322cf06_b86e8ebe3822c0571eec8af899ce0a0bbc34636d3dca7995ccce4c840ec411f82705e804ee1fd7a87877f940d4fdd416dbd98409734fe94a9338c98207f5c2e0","wordId":"17:783"},"morphObj":{"params":{"class":"г","classMask":5,"info":{"isCapital":false,"isUpper":false},"stack":"((<DictionaryAnalyzer>, u'\\u0441\\u0447\\u0438\\u0442\\u0430\\u0435\\u0442', 2861, 5),)"},"sentenceIndex":[9],"words":["считает"],"wordsIndex":[8]},"rating":20.0,"stats":{"counter":2404.0,"counterAll":2404.0,"isAdjf":0,"isCombo":0,"isComp":0,"isCountry":0,"isEng":0,"isName":0,"isNominal":0,"isNoun":0,"isNum":0,"isPrtf":0,"isSymbol":0,"isUnknown":0,"isVerb":1,"repeat":0.2,"weight":0.06154949050130575,"weightAll":0.05197500702657125}},"сша":{"indexObj":{"classMask":1,"counter":9251.0,"finded":3991,"isExisted":true,"letterId":17,"meta":"{}","server":"_buber3_","table":"wordIndex.ru","uid":62,"word":"сша","wordHash":"a965ed77a49d08ca4329c8ded6bd22e2_ed569dcb6ebfeafd5c83afacde77d058d94bd1d692db9f4082179a78e3d91a333e9a0687d64fa6667ce036356c640930ad90f23d690b88dd094edfa2e319d409","wordId":"17:62"},"morphObj":{"params":{"class":"с","classMask":1,"info":{"isCapital":false,"isUpper":true},"stack":"((<DictionaryAnalyzer>, u'\\u0441\\u0448\\u0430', 1828, 1),)"},"sentenceIndex":[0,3,6,7,11],"words":["США","США","США","США","США"],"wordsIndex":[4,13,16,9,10]},"rating":100.0,"stats":{"counter":9251.0,"counterAll":46255.0,"isAdjf":0,"isCombo":0,"isComp":0,"isCountry":0,"isEng":0,"isName":0,"isNominal":0,"isNoun":1,"isNum":0,"isPrtf":0,"isSymbol":0,"isUnknown":0,"isVerb":0,"repeat":1.0,"weight":0.23685288545240413,"weightAll":1.000043240438458}},"теперь":{"indexObj":{"classMask":11,"counter":1322.0,"finded":1020,"isExisted":true,"letterId":20,"meta":"{}","server":"_buber3_","table":"wordIndex.ru","uid":3802,"word":"теперь","wordHash":"874ade1321b13dac5f3704d1b4c94489_6d1cc5bd3d9019bfc11a18100c122902a6d737471a65b719ac7dec9f9952b0c385c44ebc82523339c61162755019ed12e3c01ea6c6252da07e9e60671f17a022","wordId":"20:3802"},"morphObj":{"params":{"class":"н","classMask":11,"info":{"isCapital":true,"isUpper":false},"stack":"((<DictionaryAnalyzer>, u'\\u0442\\u0435\\u043f\\u0435\\u0440\\u044c', 3, 0),)"},"sentenceIndex":[9],"words":["Теперь"],"wordsIndex":[0]},"rating":20.0,"stats":{"counter":1322.0,"counterAll":1322.0,"isAdjf":0,"isCombo":0,"isComp":0,"isCountry":0,"isEng":0,"isName":0,"isNominal":0,"isNoun":0,"isNum":0,"isPrtf":0,"isSymbol":0,"isUnknown":0,"isVerb":0,"repeat":0.2,"weight":0.03384709918582621,"weightAll":0.028581929820768383}},"тим":{"indexObj":{"classMask":22,"counter":165.0,"finded":90,"isExisted":true,"letterId":20,"meta":"{}","server":"_buber3_","table":"wordIndex.ru","uid":16834,"word":"тим","wordHash":"687ef749e6b0067dfde33b46e229f1e6_5d266c917f1e93aec7ac72dd4159d9e1ff66d69aa2f8a32f7c768b6742e60feb5ccdaa4d2226995f907e50fafb3a09ba80491770bb644f6636709870e937e6d0","wordId":"20:16834"},"morphObj":{"params":{"class":"имя","classMask":22,"info":{"isCapital":true,"isUpper":false},"stack":"((<DictionaryAnalyzer>, u'\\u0442\\u0438\\u043c', 1124, 0),)"},"sentenceIndex":[8],"words":["Тим"],"wordsIndex":[2]},"rating":120.0,"stats":{"counter":165.0,"counterAll":165.0,"isAdjf":0,"isCombo":0,"isComp":0,"isCountry":0,"isEng":0,"isName":1,"isNominal":0,"isNoun":0,"isNum":0,"isPrtf":0,"isSymbol":0,"isUnknown":0,"isVerb":0,"repeat":0.2,"weight":0.0042244866608633315,"weightAll":0.003567336172788792}},"тодда":{"indexObj":{"classMask":22,"counter":61.0,"finded":32,"isExisted":true,"letterId":20,"meta":"{}","server":"_buber3_","table":"wordIndex.ru","uid":481,"word":"тодда","wordHash":"5cdb7f1de774b85038afbb89aae8cdcb_20ce409de0c339118e823924d31a59a3430bbbbc4fec42d8ec78e14b1ad170bbdde892312bb6f6a245c21c21886919565dbd92a6b20ea2c9516eaccdd470aff7","wordId":"20:481"},"morphObj":{"params":{"class":"имя","classMask":22,"info":{"isCapital":true,"isUpper":false},"stack":"((<FakeDictionary>, u'\\u0442\\u043e\\u0434\\u0434', 55, 8), (<KnownSuffixAnalyzer>, u'\\u0434\\u0434'))"},"sentenceIndex":[2],"words":["Тодд"],"wordsIndex":[11]},"rating":120.0,"stats":{"counter":61.0,"counterAll":61.0,"isAdjf":0,"isCombo":0,"isComp":0,"isCountry":0,"isEng":0,"isName":1,"isNominal":0,"isNoun":0,"isNum":0,"isPrtf":0,"isSymbol":0,"isUnknown":0,"isVerb":0,"repeat":0.2,"weight":0.0015617799170464437,"weightAll":0.001318833372970402}},"трамп":{"indexObj":{"classMask":22,"counter":997.0,"finded":386,"isExisted":true,"letterId":20,"meta":"{}","server":"_buber3_","table":"wordIndex.ru","uid":35243,"word":"трамп","wordHash":"548e55ec510fc4c231be3eed1dce2dd7_a3eee05aca420d7486db4bd62e48e0fb4d89c3dc63891e5fb13520ce0d533b698144b3b36aa580788574eb5f043e692481a7b1b47f37194db6269d6d3c72d9c2","wordId":"20:35243"},"morphObj":{"params":{"class":"имя","classMask":22,"info":{"isCapital":true,"isUpper":false},"stack":"((<DictionaryAnalyzer>, u'\\u0442\\u0440\\u0430\\u043c\\u043f\\u0430', 33, 1),)"},"sentenceIndex":[0,4,7],"words":["Трампа","Трампу","Трампа"],"wordsIndex":[6,3,3]},"rating":160.0,"stats":{"counter":997.0,"counterAll":2991.0,"isAdjf":0,"isCombo":0,"isComp":0,"isCountry":0,"isEng":0,"isName":1,"isNominal":0,"isNoun":0,"isNum":0,"isPrtf":0,"isSymbol":0,"isUnknown":0,"isVerb":0,"repeat":0.6,"weight":0.025526140611398435,"weightAll":0.06466607571400775}},"трансатлантический":{"indexObj":{"classMask":2,"counter":34.0,"finded":28,"isExisted":true,"letterId":20,"meta":"{}","server":"_buber3_","table":"wordIndex.ru","uid":19831,"word":"трансатлантический","wordHash":"e659d57c16a8214944849fae233871ce_38351a0ef3d16400056bfcfa8b2b6dd742ba894638bbd998e6af526470d9eaf21d51d452ef3c4f53ba9cd98e4c347153b0300b124dd4c643d74cff40f55dac42","wordId":"20:19831"},"morphObj":{"params":{"class":"п","classMask":2,"info":{"isCapital":false,"isUpper":false},"stack":"((<DictionaryAnalyzer>, u'\\u0442\\u0440\\u0430\\u043d\\u0441\\u0430\\u0442\\u043b\\u0430\\u043d\\u0442\\u0438\\u0447\\u0435\\u0441\\u043a\\u0438\\u0435', 16, 20),)"},"sentenceIndex":[0],"words":["трансатлантические"],"wordsIndex":[9]},"rating":20.0,"stats":{"counter":34.0,"counterAll":34.0,"isAdjf":1,"isCombo":0,"isComp":0,"isCountry":0,"isEng":0,"isName":0,"isNominal":0,"isNoun":0,"isNum":0,"isPrtf":0,"isSymbol":0,"isUnknown":0,"isVerb":0,"repeat":0.2,"weight":0.0008705002816324441,"weightAll":0.0007350874537867814}},"требование":{"indexObj":{"classMask":1,"counter":1412.0,"finded":886,"isExisted":true,"letterId":20,"meta":"{}","server":"_buber3_","table":"wordIndex.ru","uid":1684,"word":"требование","wordHash":"877a069a45574d7ef8bff7408198e277_1d29017641ba0daf43bc7a3251bf9e0a17802377de21f71d419f1399a3d1f5f0543db420e55f0c2d6c98e187b721489f4e1d0f0538f3d6f11549984e6e561fca","wordId":"20:1684"},"morphObj":{"params":{"class":"с","classMask":1,"info":{"isCapital":false,"isUpper":false},"stack":"((<DictionaryAnalyzer>, u'\\u0442\\u0440\\u0435\\u0431\\u043e\\u0432\\u0430\\u043d\\u0438\\u044e', 76, 4),)"},"sentenceIndex":[6],"words":["требованию"],"wordsIndex":[2]},"rating":20.0,"stats":{"counter":1412.0,"counterAll":1412.0,"isAdjf":0,"isCombo":0,"isComp":0,"isCountry":0,"isEng":0,"isName":0,"isNominal":0,"isNoun":1,"isNum":0,"isPrtf":0,"isSymbol":0,"isUnknown":0,"isVerb":0,"repeat":0.2,"weight":0.0361513646372062,"weightAll":0.03052774955138045}},"тысяча":{"indexObj":{"classMask":1,"counter":5892.0,"finded":2791,"isExisted":true,"letterId":20,"meta":"{}","server":"_buber3_","table":"wordIndex.ru","uid":1756,"word":"тысяча","wordHash":"3076a09e3a3bd3ccbf98a42eba71e943_525dd19202af1edaef26c59bb0cfbf62f0e995f56283e7c002eb3c4965472981a1f8848fd36c89ae4ce61a891ebba2d699c2e04ed9e0db929d929919348bfbb6","wordId":"20:1756"},"morphObj":{"params":{"class":"с","classMask":1,"info":{"isCapital":false,"isUpper":false},"stack":"((<DictionaryAnalyzer>, u'\\u0442\\u044b\\u0441\\u044f\\u0447', 2923, 8),)"},"sentenceIndex":[3,6],"words":["тысяч","тысяч"],"wordsIndex":[4,11]},"rating":40.0,"stats":{"counter":5892.0,"counterAll":11784.0,"isAdjf":0,"isCombo":0,"isComp":0,"isCountry":0,"isEng":0,"isName":0,"isNominal":0,"isNoun":1,"isNum":0,"isPrtf":0,"isSymbol":0,"isUnknown":0,"isVerb":0,"repeat":0.4,"weight":0.1508525782170106,"weightAll":0.2547726633948068}},"уничтожить":{"indexObj":{"classMask":5,"counter":579.0,"finded":319,"isExisted":true,"letterId":19,"meta":"{}","server":"_buber3_","table":"wordIndex.ru","uid":4786,"word":"уничтожить","wordHash":"8ced56db2df8f9a1177f517ea0742bb5_54a4732e3e173b2c4a7d3026620ae1cc3188cac7184b8761cf619f79b55440f8473a06489bf9081775b54219e2e84e76753b7346385e62cdf31d3fcb5b9f160b","wordId":"19:4786"},"morphObj":{"params":{"class":"г","classMask":5,"info":{"isCapital":false,"isUpper":false},"stack":"((<DictionaryAnalyzer>, u'\\u0443\\u043d\\u0438\\u0447\\u0442\\u043e\\u0436\\u0438\\u0442', 727, 9),)"},"sentenceIndex":[4],"words":["уничтожит"],"wordsIndex":[8]},"rating":20.0,"stats":{"counter":579.0,"counterAll":579.0,"isAdjf":0,"isCombo":0,"isComp":0,"isCountry":0,"isEng":0,"isName":0,"isNominal":0,"isNoun":0,"isNum":0,"isPrtf":0,"isSymbol":0,"isUnknown":0,"isVerb":1,"repeat":0.2,"weight":0.014824107737211326,"weightAll":0.012518106933604306}},"флорида":{"indexObj":{"classMask":22,"counter":271.0,"finded":182,"isExisted":true,"letterId":22,"meta":"{}","server":"_buber3_","table":"wordIndex.ru","uid":6383,"word":"флорида","wordHash":"8a4bae6589794beac6285604740ca548_c22ff6ba835ac0f8ba313dde43683d906c071ca0c29def770a8615c3b16e1c9c2e208569ab11d0c44f0446de5ca84b49d9674accca3d84ace41921c91d4e9662","wordId":"22:6383"},"morphObj":{"params":{"class":"имя","classMask":22,"info":{"isCapital":true,"isUpper":false},"stack":"((<DictionaryAnalyzer>, u'\\u0444\\u043b\\u043e\\u0440\\u0438\\u0434\\u0443', 29, 3),)"},"sentenceIndex":[10],"words":["Флориду"],"wordsIndex":[9]},"rating":120.0,"stats":{"counter":271.0,"counterAll":271.0,"isAdjf":0,"isCombo":0,"isComp":0,"isCountry":0,"isEng":0,"isName":1,"isNominal":0,"isNoun":0,"isNum":0,"isPrtf":0,"isSymbol":0,"isUnknown":0,"isVerb":0,"repeat":0.2,"weight":0.006938399303599774,"weightAll":0.005859079411065228}},"частность":{"indexObj":{"classMask":1,"counter":2501.0,"finded":1895,"isExisted":true,"letterId":23,"meta":"{}","server":"_buber3_","table":"wordIndex.ru","uid":883,"word":"частность","wordHash":"034d86159ec1a25784f15844602d241f_d48892f12f4df7588e8133c1172bf14064f96dfe346907a142221c0ea3fd26608c3245ce3296735f60f01ac049892bcf5e88c0770075e4e43b48af2a6560d4be","wordId":"23:883"},"morphObj":{"params":{"class":"с","classMask":1,"info":{"isCapital":false,"isUpper":false},"stack":"((<DictionaryAnalyzer>, u'\\u0447\\u0430\\u0441\\u0442\\u043d\\u043e\\u0441\\u0442\\u0438', 13, 5),)"},"sentenceIndex":[2],"words":["частности"],"wordsIndex":[4]},"rating":20.0,"stats":{"counter":2501.0,"counterAll":2501.0,"isAdjf":0,"isCombo":0,"isComp":0,"isCountry":0,"isEng":0,"isName":0,"isNominal":0,"isNoun":1,"isNum":0,"isPrtf":0,"isSymbol":0,"isUnknown":0,"isVerb":0,"repeat":0.2,"weight":0.0640329765989042,"weightAll":0.05407216829178648}},"шотландия":{"indexObj":{"classMask":22,"counter":732.0,"finded":287,"isExisted":true,"letterId":26,"meta":"{}","server":"_buber3_","table":"wordIndex.ru","uid":9191,"word":"шотландия","wordHash":"35768a32cd42ea098fc2805e89be9f6a_8f13421ecee1c2a87fefeaa55b2619469d7f7f46101cabfcbab7816e34d0b54f286950dc315b2ecd44fcb8e799ab9f246c7eb7ced26d58c15f273d44a5b43adb","wordId":"26:9191"},"morphObj":{"params":{"class":"имя","classMask":22,"info":{"isCapital":true,"isUpper":false},"stack":"((<DictionaryAnalyzer>, u'\\u0448\\u043e\\u0442\\u043b\\u0430\\u043d\\u0434\\u0438\\u0438', 70, 1),)"},"sentenceIndex":[11],"words":["Шотландии"],"wordsIndex":[14]},"rating":120.0,"stats":{"counter":732.0,"counterAll":732.0,"isAdjf":0,"isCombo":0,"isComp":0,"isCountry":0,"isEng":0,"isName":1,"isNominal":0,"isNoun":0,"isNum":0,"isPrtf":0,"isSymbol":0,"isUnknown":0,"isVerb":0,"repeat":0.2,"weight":0.018741359004557326,"weightAll":0.015826000475644822}}}