{"2013":{"indexObj":{"classMask":19,"counter":4791.0,"finded":2462,"isExisted":true,"letterId":63,"meta":"{}","server":"_buber3_","table":"wordIndex.other","uid":74,"word":"2013","wordHash":"8038da89e49ac5eabb489cfc6cea9fc1_3a1a552f3ad49b6faae93a23ac6c201270a54bfb07909dbc80a7903d59b446d19f9b27fb32ae290522b0dc6f783ab812295780a448664d87fafecdcf3f3639a4","wordId":"63:74"},"morphObj":{"params":{"class":"наим","classMask":19,"info":{},"stack":""},"sentenceIndex":[7],"words":["2013"],"wordsIndex":[13]},"rating":20.0,"stats":{"counter":4791.0,"counterAll":4791.0,"isAdjf":0,"isCombo":0,"isComp":0,"isCountry":0,"isEng":0,"isName":0,"isNominal":1,"isNoun":0,"isNum":0,"isPrtf":0,"isSymbol":0,"isUnknown":0,"isVerb":0,"repeat":0.2,"weight":0.02515726572919839,"weightAll":0.012578566815267561}},"2014":{"indexObj":{"classMask":19,"counter":5110.0,"finded":2499,"isExisted":true,"letterId":63,"meta":"{}","server":"_buber3_","table":"wordIndex.other","uid":28,"word":"2014","wordHash":"cee8d6b7ce52554fd70354e37bbf44a2_1af247e88db0afe0fa886fc2b943da6c0160fb6f8931f08d4338ad2e00de79d3b6707f6c8ff9f9f9d2224926cc8e0f2c3ab83bcbb657b987189dbf00470b4d48","wordId":"63:28"},"morphObj":{"params":{"class":"наим","classMask":19,"info":{},"stack":""},"sentenceIndex":[4],"words":["2014"],"wordsIndex":[10]},"rating":20.0,"stats":{"counter":5110.0,"counterAll":5110.0,"isAdjf":0,"isCombo":0,"isComp":0,"isCountry":0,"isEng":0,"isName":0,"isNominal":1,"isNoun":0,"isNum":0,"isPrtf":0,"isSymbol":0,"isUnknown":0,"isVerb":0,"repeat":0.2,"weight":0.02683231640079394,"weightAll":0.013416087753291011}},"newstracker":{"indexObj":{"classMask":22,"counter":5.0,"finded":5,"isExisted":true,"letterId":48,"meta":"{}","server":"_buber3_","table":"wordIndex.en","uid":113068,"word":"newstracker","wordHash":"d9755d9412b6291a7521aa4a45b00004_0b665a628d57dffadd5125ad757270efa47c236b3ff2d0586b81d3ee683c172b2c72a0611aa6990140a828e8324b7e721895c6f2057d57946e27a8723dbe331d","wordId":"48:113068"},"morphObj":{"params":{"class":"имя","classMask":22,"info":{"isCapital":true,"isUpper":false},"stack":""},"sentenceIndex":[2],"words":["NewsTracker"],"wordsIndex":[1]},"rating":120.0,"stats":{"counter":5.0,"counterAll":5.0,"isAdjf":0,"isCombo":0,"isComp":0,"isCountry":0,"isEng":0,"isName":1,"isNominal":0,"isNoun":0,"isNum":0,"isPrtf":0,"isSymbol":0,"isUnknown":0,"isVerb":0,"repeat":0.2,"weight":2.6254712720933408e-05,"weightAll":1.3127287429834648e-05}},"агентство":{"indexObj":{"classMask":1,"counter":1381.0,"finded":1155,"isExisted":true,"letterId":2,"meta":"{}","server":"_buber3_","table":"wordIndex.ru","uid":1361,"word":"агентство","wordHash":"631d71cafe98b7dae7b1d29b180eb056_74a4815455080720dae4253ffc6d7b965f94b34f14e0a867362132325654ee9e570ec7d81a0802eb7a19b5dc8c94f924e66c8782bae9a3fbd7a326858e2acbe3","wordId":"2:1361"},"morphObj":{"params":{"class":"с","classMask":1,"info":{"isCapital":true,"isUpper":false},"stack":"((<DictionaryAnalyzer>, u'\\u0430\\u0433\\u0435\\u043d\\u0442\\u0441\\u0442\\u0432\\u043e', 54, 0),)"},"sentenceIndex":[4,7],"words":["Агентство","агентство"],"wordsIndex":[0,2]},"rating":40.0,"stats":{"counter":1381.0,"counterAll":2762.0,"isAdjf":0,"isCombo":0,"isComp":0,"isCountry":0,"isEng":0,"isName":0,"isNominal":0,"isNoun":1,"isNum":0,"isPrtf":0,"isSymbol":0,"isUnknown":0,"isVerb":0,"repeat":0.4,"weight":0.007251551653521807,"weightAll":0.00725151357624066}},"александр":{"indexObj":{"classMask":22,"counter":7261.0,"finded":2856,"isExisted":true,"letterId":2,"meta":"{}","server":"_buber3_","table":"wordIndex.ru","uid":2208,"word":"александр","wordHash":"ead5436b9d4e9c4dcc9cecf97121d97f_4d802d7371604708cfc702226ed778ea67e988fa88d579cd8eaacdbb4de61f4e82c09300c293319a13429f1c72c7c5e52c47c3f54b6d7811ad4b10372ada0943","wordId":"2:2208"},"morphObj":{"params":{"class":"имя","classMask":22,"info":{"isCapital":true,"isUpper":false},"stack":"((<DictionaryAnalyzer>, u'\\u0430\\u043b\\u0435\\u043a\\u0441\\u0430\\u043d\\u0434\\u0440\\u043e\\u043c', 26, 4),)"},"sentenceIndex":[4],"words":["Александром"],"wordsIndex":[21]},"rating":120.0,"stats":{"counter":7261.0,"counterAll":7261.0,"isAdjf":0,"isCombo":0,"isComp":0,"isCountry":0,"isEng":0,"isName":1,"isNominal":0,"isNoun":0,"isNum":0,"isPrtf":0,"isSymbol":0,"isUnknown":0,"isVerb":0,"repeat":0.2,"weight":0.038127093813339494,"weightAll":0.01906344680560588}},"библия":{"indexObj":{"classMask":22,"counter":219.0,"finded":147,"isExisted":true,"letterId":1,"meta":"{}","server":"_buber3_","table":"wordIndex.ru","uid":7088,"word":"библия","wordHash":"eb5bae9e62480de5efa74030a7f74dc4_2780cafced183ac0ea302265290f0219c7375389da8bb5d9cb5a061e803f9cb4b70729617af458394d76c6e6eb2b6824689d8de867abcdc91846029112f988d1","wordId":"1:7088"},"morphObj":{"params":{"class":"имя","classMask":22,"info":{"isCapital":true,"isUpper":false},"stack":"((<DictionaryAnalyzer>, u'\\u0431\\u0438\\u0431\\u043b\\u0438\\u044f', 40, 0),)"},"sentenceIndex":[5],"words":["Библия"],"wordsIndex":[19]},"rating":120.0,"stats":{"counter":219.0,"counterAll":219.0,"isAdjf":0,"isCombo":0,"isComp":0,"isCountry":0,"isEng":0,"isName":1,"isNominal":0,"isNoun":0,"isNum":0,"isPrtf":0,"isSymbol":0,"isUnknown":0,"isVerb":0,"repeat":0.2,"weight":0.0011499564171768833,"weightAll":0.0005749751894267576}},"бог":{"indexObj":{"classMask":22,"counter":846.0,"finded":335,"isExisted":true,"letterId":1,"meta":"{}","server":"_buber3_","table":"wordIndex.ru","uid":7036,"word":"бог","wordHash":"0bcc083a3af0d977d7e0438b39a64cee_8ee5e40b04dc8818343a069a20d1c42bfe77462a47d3a967817c140a3eb0226ff0098c187855163950000eb6b372a542b83b570b97b0411bf7527330275f92c7","wordId":"1:7036"},"morphObj":{"params":{"class":"имя","classMask":22,"info":{"isCapital":true,"isUpper":false},"stack":"((<DictionaryAnalyzer>, u'\\u0431\\u043e\\u0433\\u0430', 482, 1),)"},"sentenceIndex":[5],"words":["Бога"],"wordsIndex":[14]},"rating":120.0,"stats":{"counter":846.0,"counterAll":846.0,"isAdjf":0,"isCombo":0,"isComp":0,"isCountry":0,"isEng":0,"isName":1,"isNominal":0,"isNoun":0,"isNum":0,"isPrtf":0,"isSymbol":0,"isUnknown":0,"isVerb":0,"repeat":0.2,"weight":0.004442297392381933,"weightAll":0.0022211370331280227}},"бурняшев":{"indexObj":{"classMask":22,"counter":2.0,"finded":2,"isExisted":true,"letterId":1,"meta":"{}","server":"_buber3_","table":"wordIndex.ru","uid":351446,"word":"бурняшев","wordHash":"971fabb5042e22246e3f515e700c2c8d_7800922aca9b2366120c97f0ef204d347f728cef33526757982c8f106ceb8eb9a63f6c599d1023384cd5c8cab5851cac3fdb16c767e2f769345a158cb726a0fb","wordId":"1:351446"},"morphObj":{"params":{"class":"имя","classMask":22,"info":{"isCapital":true,"isUpper":false},"stack":"((<FakeDictionary>, u'\\u0431\\u0443\\u0440\\u043d\\u044f\\u0448\\u0435\\u0432\\u044b\\u043c', 36, 4), (<KnownSuffixAnalyzer>, u'\\u0448\\u0435\\u0432\\u044b\\u043c'))"},"sentenceIndex":[4],"words":["Бурняшевым"],"wordsIndex":[27]},"rating":120.0,"stats":{"counter":2.0,"counterAll":2.0,"isAdjf":0,"isCombo":0,"isComp":0,"isCountry":0,"isEng":0,"isName":1,"isNominal":0,"isNoun":0,"isNum":0,"isPrtf":0,"isSymbol":0,"isUnknown":0,"isVerb":0,"repeat":0.2,"weight":1.0501885088373362e-05,"weightAll":5.250914971933859e-06}},"быть":{"indexObj":{"classMask":5,"counter":106922.0,"finded":19713,"isExisted":true,"letterId":1,"meta":"{}","server":"_buber3_","table":"wordIndex.ru","uid":253,"word":"быть","wordHash":"714cdce3286cb2e2d53894204ad7c323_fcf73f0508e9f990293dfa00a5434e590dd4fb647c39ce4b1e7dafff7d73b474f4433574fc482055ab35a432ae9f7c848645cd7b94596a9006f0b64e37f06a17","wordId":"1:253"},"morphObj":{"params":{"class":"г","classMask":5,"info":{"isCapital":false,"isUpper":false},"stack":"((<DictionaryAnalyzer>, u'\\u0431\\u044b\\u043b\\u043e', 587, 6),)"},"sentenceIndex":[1,4],"words":["было","было"],"wordsIndex":[1,7]},"rating":40.0,"stats":{"counter":106922.0,"counterAll":213844.0,"isAdjf":0,"isCombo":0,"isComp":0,"isCountry":0,"isEng":0,"isName":0,"isNominal":0,"isNoun":0,"isNum":0,"isPrtf":0,"isSymbol":0,"isUnknown":0,"isVerb":1,"repeat":0.4,"weight":0.5614412787095283,"weightAll":0.5614383306291121}},"верующий":{"indexObj":{"classMask":2,"counter":232.0,"finded":159,"isExisted":true,"letterId":4,"meta":"{}","server":"_buber3_","table":"wordIndex.ru","uid":44858,"word":"верующий","wordHash":"12d98bb77251d39e70eb0da8bba22b1c_8a6330a4b033e8466700b771faa25a1a38ef4387d6f9b657fb6b640f8fe40cbafe44e17056f5717c434da0c4f11fb0a77830bb5400277002fb082b933e91c691","wordId":"4:44858"},"morphObj":{"params":{"class":"п","classMask":2,"info":{"isCapital":false,"isUpper":false},"stack":"((<DictionaryAnalyzer>, u'\\u0432\\u0435\\u0440\\u0443\\u044e\\u0449\\u0438\\u0445', 659, 21),)"},"sentenceIndex":[0,7],"words":["верующих","верующих"],"wordsIndex":[17,19]},"rating":40.0,"stats":{"counter":232.0,"counterAll":464.0,"isAdjf":1,"isCombo":0,"isComp":0,"isCountry":0,"isEng":0,"isName":0,"isNominal":0,"isNoun":0,"isNum":0,"isPrtf":0,"isSymbol":0,"isUnknown":0,"isVerb":0,"repeat":0.4,"weight":0.00121821867025131,"weightAll":0.0012182122734886553}},"виктор":{"indexObj":{"classMask":22,"counter":1720.0,"finded":901,"isExisted":true,"letterId":4,"meta":"{}","server":"_buber3_","table":"wordIndex.ru","uid":5987,"word":"виктор","wordHash":"9f16605e737c2d9eb5ee1d00405fb40d_2310d15495fbdaabc0dd1fb68daf8a66ca8d970d12892cf21375c30e65cd92884f5c7d39858ae4f8a623caee3d29a28e5df8bee8699aec8ade081e3ba16aa003","wordId":"4:5987"},"morphObj":{"params":{"class":"имя","classMask":22,"info":{"isCapital":true,"isUpper":false},"stack":"((<DictionaryAnalyzer>, u'\\u0432\\u0438\\u043a\\u0442\\u043e\\u0440\\u0430', 26, 1),)"},"sentenceIndex":[0],"words":["Виктора"],"wordsIndex":[8]},"rating":120.0,"stats":{"counter":1720.0,"counterAll":1720.0,"isAdjf":0,"isCombo":0,"isComp":0,"isCountry":0,"isEng":0,"isName":1,"isNominal":0,"isNoun":0,"isNum":0,"isPrtf":0,"isSymbol":0,"isUnknown":0,"isVerb":0,"repeat":0.2,"weight":0.009031621176001092,"weightAll":0.004515786875863119}},"вина":{"indexObj":{"classMask":1,"counter":268.0,"finded":217,"isExisted":true,"letterId":4,"meta":"{}","server":"_buber3_","table":"wordIndex.ru","uid":11049,"word":"вина","wordHash":"ff4b0d6b388d0d2b1f8adc9d23006ada_d798c5d30ac103c87d965eb81d738076c076efcf8f7279673996ed9525e29a61624f63cba7b303bbf1d80ce0194df8bd6931026d91f0bfd3348f4c9a206c976f","wordId":"4:11049"},"morphObj":{"params":{"class":"с","classMask":1,"info":{"isCapital":false,"isUpper":false},"stack":"((<DictionaryAnalyzer>, u'\\u0432\\u0438\\u043d\\u044b', 55, 1),)"},"sentenceIndex":[3],"words":["вины"],"wordsIndex":[6]},"rating":20.0,"stats":{"counter":268.0,"counterAll":268.0,"isAdjf":0,"isCombo":0,"isComp":0,"isCountry":0,"isEng":0,"isName":0,"isNominal":0,"isNoun":1,"isNum":0,"isPrtf":0,"isSymbol":0,"isUnknown":0,"isVerb":0,"repeat":0.2,"weight":0.0014072526018420308,"weightAll":0.0007036226062391371}},"вконтакте":{"indexObj":{"classMask":22,"counter":162.0,"finded":51,"isExisted":true,"letterId":4,"meta":"{}","server":"_buber3_","table":"wordIndex.ru","uid":12338,"word":"вконтакте","wordHash":"42411a261eeb464d999240cb976f1f39_b77bb1cc1def1cf293e595ff79877715403fb4eb818f1781b0a1fbf7a91e994a34eb422c7f8a859ddafbf7d420b7d3768ede6923a24e0ff18c3104ead5f2d677","wordId":"4:12338"},"morphObj":{"params":{"class":"имя","classMask":22,"info":{"isCapital":true,"isUpper":false},"stack":"((<DictionaryAnalyzer>, u'\\u0432\\u043a\\u043e\\u043d\\u0442\\u0430\\u043a\\u0442\\u0435', 1957, 0),)"},"sentenceIndex":[4],"words":["ВКонтакте"],"wordsIndex":[18]},"rating":120.0,"stats":{"counter":162.0,"counterAll":162.0,"isAdjf":0,"isCombo":0,"isComp":0,"isCountry":0,"isEng":0,"isName":1,"isNominal":0,"isNoun":0,"isNum":0,"isPrtf":0,"isSymbol":0,"isUnknown":0,"isVerb":0,"repeat":0.2,"weight":0.0008506526921582424,"weightAll":0.0004253241127266426}},"военнослужащий":{"indexObj":{"classMask":2,"counter":528.0,"finded":308,"isExisted":true,"letterId":4,"meta":"{}","server":"_buber3_","table":"wordIndex.ru","uid":17163,"word":"военнослужащий","wordHash":"3d7c096fbb501f406353a455118a631c_b2419056131d0948774e09722b73b029c6933bd980f364f4eb0160dc93c3cf671c9742b279d0620bdca68f32b89f5f7a18c7bf5c3089eb694ea352a7dff63ccc","wordId":"4:17163"},"morphObj":{"params":{"class":"п","classMask":2,"info":{"isCapital":false,"isUpper":false},"stack":"((<DictionaryAnalyzer>, u'\\u0432\\u043e\\u0435\\u043d\\u043d\\u043e\\u0441\\u043b\\u0443\\u0436\\u0430\\u0449\\u0438\\u043c', 100, 5),)"},"sentenceIndex":[4],"words":["военнослужащим"],"wordsIndex":[20]},"rating":20.0,"stats":{"counter":528.0,"counterAll":528.0,"isAdjf":1,"isCombo":0,"isComp":0,"isCountry":0,"isEng":0,"isName":0,"isNominal":0,"isNoun":0,"isNum":0,"isPrtf":0,"isSymbol":0,"isUnknown":0,"isVerb":0,"repeat":0.2,"weight":0.0027724976633305676,"weightAll":0.001386241552590539}},"возбудить":{"indexObj":{"classMask":8,"counter":155.0,"finded":132,"isExisted":true,"letterId":4,"meta":"{}","server":"_buber3_","table":"wordIndex.ru","uid":10326,"word":"возбудить","wordHash":"86266a42ebd380cb4212c6ef20a36780_cd200cdf00e5ba27148774093c6e7020958aefff0381c40251d7049a5fbdc011ac304484552d697b222bd0ac67de7a763d170eeae5c634bc19807cc8d1f17829","wordId":"4:10326"},"morphObj":{"params":{"class":"кр_причастие","classMask":8,"info":{"isCapital":false,"isUpper":false},"stack":"((<DictionaryAnalyzer>, u'\\u0432\\u043e\\u0437\\u0431\\u0443\\u0436\\u0434\\u0435\\u043d\\u043e', 835, 73),)"},"sentenceIndex":[4,7],"words":["возбуждено","возбужденным"],"wordsIndex":[8,9]},"rating":40.0,"stats":{"counter":155.0,"counterAll":310.0,"isAdjf":0,"isCombo":0,"isComp":0,"isCountry":0,"isEng":0,"isName":0,"isNominal":0,"isNoun":0,"isNum":0,"isPrtf":1,"isSymbol":0,"isUnknown":0,"isVerb":0,"repeat":0.4,"weight":0.0008138960943489356,"weightAll":0.0008138918206497482}},"выступать":{"indexObj":{"classMask":5,"counter":3296.0,"finded":2122,"isExisted":true,"letterId":4,"meta":"{}","server":"_buber3_","table":"wordIndex.ru","uid":2431,"word":"выступать","wordHash":"a1fe2189c2b2ba62920fa5c7b8bac86a_b5893b1e1584ff38b92be2f13b549a7b084f51071099b86395dba9b4c535ec533ed9873cd7aee0e75daf138e5db1cbca59492b6e482f0d2b54e4c9aa07d70656","wordId":"4:2431"},"morphObj":{"params":{"class":"г","classMask":5,"info":{"isCapital":false,"isUpper":false},"stack":"((<DictionaryAnalyzer>, u'\\u0432\\u044b\\u0441\\u0442\\u0443\\u043f\\u0430\\u043b', 1092, 7),)"},"sentenceIndex":[5],"words":["выступал"],"wordsIndex":[8]},"rating":20.0,"stats":{"counter":3296.0,"counterAll":3296.0,"isAdjf":0,"isCombo":0,"isComp":0,"isCountry":0,"isEng":0,"isName":0,"isNominal":0,"isNoun":0,"isNum":0,"isPrtf":0,"isSymbol":0,"isUnknown":0,"isVerb":1,"repeat":0.2,"weight":0.017307106625639303,"weightAll":0.008653507873747}},"год":{"indexObj":{"classMask":1,"counter":190444.0,"finded":27736,"isExisted":true,"letterId":3,"meta":"{}","server":"_buber3_","table":"wordIndex.ru","uid":41,"word":"год","wordHash":"6270693d76d15c0b806abbb0929ca8a8_74cd8d3b64ee6f979b467bb39ea5e63d26f2645e0d0da7c4b1cc0ef5676678b91f80fb1d385e43bc555371b2b4a6f20c3b13daacb271dc75a41fb88c2102a24a","wordId":"3:41"},"morphObj":{"params":{"class":"с","classMask":1,"info":{"isCapital":false,"isUpper":false},"stack":"((<DictionaryAnalyzer>, u'\\u0433\\u043e\\u0434\\u0443', 1168, 6),)"},"sentenceIndex":[4,7],"words":["году","году"],"wordsIndex":[11,14]},"rating":40.0,"stats":{"counter":190444.0,"counterAll":380888.0,"isAdjf":0,"isCombo":0,"isComp":0,"isCountry":0,"isEng":0,"isName":0,"isNominal":0,"isNoun":1,"isNum":0,"isPrtf":0,"isSymbol":0,"isUnknown":0,"isVerb":0,"repeat":0.4,"weight":1.0000105018850884,"weightAll":1.000005250914972}},"давность":{"indexObj":{"classMask":1,"counter":60.0,"finded":52,"isExisted":true,"letterId":6,"meta":"{}","server":"_buber3_","table":"wordIndex.ru","uid":44805,"word":"давность","wordHash":"f5658733d8982bc4095d4bff4709192b_01c8a1ff46d45a59cce2e49e4b7f29eb5d79e6de1340a95b1b4fe5229f1a4086c395ce348a41e485da253d1d12c1d6a39c06ff5b39ad6bbe022e91ecef39a679","wordId":"6:44805"},"morphObj":{"params":{"class":"с","classMask":1,"info":{"isCapital":false,"isUpper":false},"stack":"((<DictionaryAnalyzer>, u'\\u0434\\u0430\\u0432\\u043d\\u043e\\u0441\\u0442\\u0438', 13, 1),)"},"sentenceIndex":[1],"words":["давности"],"wordsIndex":[6]},"rating":20.0,"stats":{"counter":60.0,"counterAll":60.0,"isAdjf":0,"isCombo":0,"isComp":0,"isCountry":0,"isEng":0,"isName":0,"isNominal":0,"isNoun":1,"isNum":0,"isPrtf":0,"isSymbol":0,"isUnknown":0,"isVerb":0,"repeat":0.2,"weight":0.00031505655265120087,"weightAll":0.0001575274491580158}},"дело":{"indexObj":{"classMask":1,"counter":5796.0,"finded":3144,"isExisted":true,"letterId":6,"meta":"{}","server":"_buber3_","table":"wordIndex.ru","uid":163,"word":"дело","wordHash":"4efcc19e6530a37f411dc4ad17556c11_afda13c8e4c8266829c6e6c25ec2d8c55ddbc114d151697eba520ac420a4d2dfe633cef304f365b8c2dc354990d40b35ad179ab3c98185b8d0fa457f9890c8f6","wordId":"6:163"},"morphObj":{"params":{"class":"с","classMask":1,"info":{"isCapital":true,"isUpper":false},"stack":"((<DictionaryAnalyzer>, u'\\u0434\\u0435\\u043b\\u0443', 1266, 2),)"},"sentenceIndex":[0,1,3,4,7],"words":["делу","Дело","дело","дело","дело"],"wordsIndex":[5,0,16,4,4]},"rating":100.0,"stats":{"counter":5796.0,"counterAll":28980.0,"isAdjf":0,"isCombo":0,"isComp":0,"isCountry":0,"isEng":0,"isName":0,"isNominal":0,"isNoun":1,"isNum":0,"isPrtf":0,"isSymbol":0,"isUnknown":0,"isVerb":0,"repeat":1.0,"weight":0.030434462986106005,"weightAll":0.07608575794332162}},"дмитрий":{"indexObj":{"classMask":22,"counter":1751.0,"finded":982,"isExisted":true,"letterId":6,"meta":"{}","server":"_buber3_","table":"wordIndex.ru","uid":8344,"word":"дмитрий","wordHash":"1c6fa460148916b7bd9887c98a6f0709_58a99e37d6e8412ef756f5ae70a8b88246d486402f883d4657a9d41819d5ac8dc36077059915c8057b7b444600527f1bf417f694788128d362627118d021fb2e","wordId":"6:8344"},"morphObj":{"params":{"class":"имя","classMask":22,"info":{"isCapital":true,"isUpper":false},"stack":"((<DictionaryAnalyzer>, u'\\u0434\\u043c\\u0438\\u0442\\u0440\\u0438\\u0435\\u043c', 1284, 4),)"},"sentenceIndex":[4],"words":["Дмитрием"],"wordsIndex":[26]},"rating":120.0,"stats":{"counter":1751.0,"counterAll":1751.0,"isAdjf":0,"isCombo":0,"isComp":0,"isCountry":0,"isEng":0,"isName":1,"isNominal":0,"isNoun":0,"isNum":0,"isPrtf":0,"isSymbol":0,"isUnknown":0,"isVerb":0,"repeat":0.2,"weight":0.00919440039487088,"weightAll":0.004597176057928094}},"дополнительно":{"indexObj":{"classMask":11,"counter":221.0,"finded":195,"isExisted":true,"letterId":6,"meta":"{}","server":"_buber3_","table":"wordIndex.ru","uid":14453,"word":"дополнительно","wordHash":"c704e74c49313971a0f50cfeccaa78cf_c0fd833d0de97e4f9e0fcc6753efeec68fc372112126fecde87d475eb2366476cbbba63b44c37fa4289f52eac22430bdb38771e3b9893e3ac0b1208114823504","wordId":"6:14453"},"morphObj":{"params":{"class":"н","classMask":11,"info":{"isCapital":false,"isUpper":false},"stack":"((<DictionaryAnalyzer>, u'\\u0434\\u043e\\u043f\\u043e\\u043b\\u043d\\u0438\\u0442\\u0435\\u043b\\u044c\\u043d\\u043e', 3, 0),)"},"sentenceIndex":[3],"words":["дополнительно"],"wordsIndex":[1]},"rating":20.0,"stats":{"counter":221.0,"counterAll":221.0,"isAdjf":0,"isCombo":0,"isComp":0,"isCountry":0,"isEng":0,"isName":0,"isNominal":0,"isNoun":0,"isNum":0,"isPrtf":0,"isSymbol":0,"isUnknown":0,"isVerb":0,"repeat":0.2,"weight":0.0011604583022652565,"weightAll":0.0005802261043986915}},"еврейский":{"indexObj":{"classMask":2,"counter":893.0,"finded":435,"isExisted":true,"letterId":5,"meta":"{}","server":"_buber3_","table":"wordIndex.ru","uid":8491,"word":"еврейский","wordHash":"a3c5956585f4a51ff0322715e7b5401a_cc4b4d91f636536d91d9f86fafc0d0a3232be02aace2f0137dd5aaa51c5c660e270d19fdcbd24dadaf74706362cf51f418e46af17e5b1bef2149ceb1947b5426","wordId":"5:8491"},"morphObj":{"params":{"class":"п","classMask":2,"info":{"isCapital":false,"isUpper":false},"stack":"((<DictionaryAnalyzer>, u'\\u0435\\u0432\\u0440\\u0435\\u0439\\u0441\\u043a\\u0438\\u0445', 16, 21),)"},"sentenceIndex":[5],"words":["еврейских"],"wordsIndex":[22]},"rating":20.0,"stats":{"counter":893.0,"counterAll":893.0,"isAdjf":1,"isCombo":0,"isComp":0,"isCountry":0,"isEng":0,"isName":0,"isNominal":0,"isNoun":0,"isNum":0,"isPrtf":0,"isSymbol":0,"isUnknown":0,"isVerb":0,"repeat":0.2,"weight":0.004689091691958707,"weightAll":0.002344533534968468}},"житель":{"indexObj":{"classMask":1,"counter":4948.0,"finded":2651,"isExisted":true,"letterId":8,"meta":"{}","server":"_buber3_","table":"wordIndex.ru","uid":1957,"word":"житель","wordHash":"43c4160e771bbd0aaccb48a322888aa5_d3a5885e333f52479a1f58b5b83935fee29688d098eaaf64f577ed3969a65dae4e52078757833abdd8c6e84f5fcae9c2e340aeae34f8041cb523982083a043e4","wordId":"8:1957"},"morphObj":{"params":{"class":"с","classMask":1,"info":{"isCapital":false,"isUpper":false},"stack":"((<DictionaryAnalyzer>, u'\\u0436\\u0438\\u0442\\u0435\\u043b\\u044f', 121, 1),)"},"sentenceIndex":[0,4],"words":["жителя","жителем"],"wordsIndex":[7,24]},"rating":40.0,"stats":{"counter":4948.0,"counterAll":9896.0,"isAdjf":0,"isCombo":0,"isComp":0,"isCountry":0,"isEng":0,"isName":0,"isNominal":0,"isNoun":1,"isNum":0,"isPrtf":0,"isSymbol":0,"isUnknown":0,"isVerb":0,"repeat":0.4,"weight":0.0259816637086357,"weightAll":0.025981527281128736}},"закрытый":{"indexObj":{"classMask":3,"counter":743.0,"finded":554,"isExisted":true,"letterId":7,"meta":"{}","server":"_buber3_","table":"wordIndex.ru","uid":5980,"word":"закрытый","wordHash":"dae56c108fe067804361dceb76ded42b_10395a96bf49a42c11d97c05e3332d63c4ea31b05e24e19fc9473d1536b420c35b25ae1fae5d9c62b6b11ed38647808c1576916537ef107e4be5bdef687f0362","wordId":"7:5980"},"morphObj":{"params":{"class":"кр_прил","classMask":3,"info":{"isCapital":false,"isUpper":false},"stack":"((<DictionaryAnalyzer>, u'\\u0437\\u0430\\u043a\\u0440\\u044b\\u0442\\u043e', 4, 29),)"},"sentenceIndex":[1],"words":["закрыто"],"wordsIndex":[2]},"rating":20.0,"stats":{"counter":743.0,"counterAll":743.0,"isAdjf":1,"isCombo":0,"isComp":0,"isCountry":0,"isEng":0,"isName":0,"isNominal":0,"isNoun":0,"isNum":0,"isPrtf":0,"isSymbol":0,"isUnknown":0,"isVerb":0,"repeat":0.2,"weight":0.003901450310330704,"weightAll":0.0019507149120734288}},"зал":{"indexObj":{"classMask":1,"counter":1031.0,"finded":612,"isExisted":true,"letterId":7,"meta":"{}","server":"_buber3_","table":"wordIndex.ru","uid":2621,"word":"зал","wordHash":"a4422450a573264de65b20104c413083_387f0a6943eda7a1cff92280cff8c24bae6400e49d88e17fd5523b24e26278edecc804e645561f5cc4088e1716db8d82bbdabd62308d71e0897a6e52ba1d269a","wordId":"7:2621"},"morphObj":{"params":{"class":"с","classMask":1,"info":{"isCapital":false,"isUpper":false},"stack":"((<DictionaryAnalyzer>, u'\\u0437\\u0430\\u043b\\u0430', 33, 1),)"},"sentenceIndex":[2],"words":["зала"],"wordsIndex":[3]},"rating":20.0,"stats":{"counter":1031.0,"counterAll":1031.0,"isAdjf":0,"isCombo":0,"isComp":0,"isCountry":0,"isEng":0,"isName":0,"isNominal":0,"isNoun":1,"isNum":0,"isPrtf":0,"isSymbol":0,"isUnknown":0,"isVerb":0,"repeat":0.2,"weight":0.0054137217630564685,"weightAll":0.0027068466680319047}},"заявить":{"indexObj":{"classMask":5,"counter":2697.0,"finded":1758,"isExisted":true,"letterId":7,"meta":"{}","server":"_buber3_","table":"wordIndex.ru","uid":11104,"word":"заявить","wordHash":"d50ff1b3996109a783644abe34e634b2_134bde8b29d6c37d5ce17d1723a97436dc65c26281ac35a2ab699d689ea8cbc812f740b089f4f638b13f33c9bc8d51884ad6a084307684d9044b09a28e811bd1","wordId":"7:11104"},"morphObj":{"params":{"class":"г","classMask":5,"info":{"isCapital":false,"isUpper":false},"stack":"((<DictionaryAnalyzer>, u'\\u0437\\u0430\\u044f\\u0432\\u0438\\u043b', 647, 1),)"},"sentenceIndex":[3,5],"words":["заявил","заявил"],"wordsIndex":[2,3]},"rating":40.0,"stats":{"counter":2697.0,"counterAll":5394.0,"isAdjf":0,"isCombo":0,"isComp":0,"isCountry":0,"isEng":0,"isName":0,"isNominal":0,"isNoun":0,"isNum":0,"isPrtf":0,"isSymbol":0,"isUnknown":0,"isVerb":1,"repeat":0.4,"weight":0.01416179204167148,"weightAll":0.01416171767930562}},"иа":{"indexObj":{"classMask":18,"counter":176.0,"finded":173,"isExisted":true,"letterId":10,"meta":"{}","server":"_buber3_","table":"wordIndex.ru","uid":76924,"word":"иа","wordHash":"c11cda9fbb62af04a3196f5b83f344a0_c6339aa5e709095e13454bb94cef8178a7dcf6aee0f216c74b8284fda10bd16f8ec92bde5d767d668154aaec2ab4f7a671d8151fa36a6dca3ab4c68630c8f735","wordId":"10:76924"},"morphObj":{"params":{"class":"неизвестный","classMask":18,"info":{"isCapital":false,"isUpper":true},"stack":""},"sentenceIndex":[2],"words":["ИА"],"wordsIndex":[0]},"rating":20.0,"stats":{"counter":176.0,"counterAll":176.0,"isAdjf":0,"isCombo":0,"isComp":0,"isCountry":0,"isEng":0,"isName":0,"isNominal":0,"isNoun":0,"isNum":0,"isPrtf":0,"isSymbol":0,"isUnknown":1,"isVerb":0,"repeat":0.2,"weight":0.000924165887776856,"weightAll":0.00046208051753017965}},"интернет":{"indexObj":{"classMask":1,"counter":633.0,"finded":431,"isExisted":true,"letterId":10,"meta":"{}","server":"_buber3_","table":"wordIndex.ru","uid":4898,"word":"интернет","wordHash":"eeeb1bbe5e943fce43d83107d6ea1977_f6841462689100aaea59b16bc66ba0397d62f03dc012997c163a23fbae70903948afea9c1bd9d559bd37588374cfdfb924e68e37ea78d1092df0ae6c2e2b4009","wordId":"10:4898"},"morphObj":{"params":{"class":"с","classMask":1,"info":{"isCapital":false,"isUpper":false},"stack":"((<DictionaryAnalyzer>, u'\\u0438\\u043d\\u0442\\u0435\\u0440\\u043d\\u0435\\u0442\\u0435', 33, 5),)"},"sentenceIndex":[0],"words":["интернете"],"wordsIndex":[15]},"rating":20.0,"stats":{"counter":633.0,"counterAll":633.0,"isAdjf":0,"isCombo":0,"isComp":0,"isCountry":0,"isEng":0,"isName":0,"isNominal":0,"isNoun":1,"isNum":0,"isPrtf":0,"isSymbol":0,"isUnknown":0,"isVerb":0,"repeat":0.2,"weight":0.0033238466304701692,"weightAll":0.0016619145886170666}},"истечение":{"indexObj":{"classMask":1,"counter":107.0,"finded":97,"isExisted":true,"letterId":10,"meta":"{}","server":"_buber3_","table":"wordIndex.ru","uid":10167,"word":"истечение","wordHash":"07cd29a9189c6c030428a176e8d5c393_1f90d77040c62915a73e0e082f9cd8ed5d76913cd0e2be4dc20eb88cfcd6fd66b18c019fd52b1b4520dd9629a27317fad2a78a3c7c37e19adb68db609a7507cf","wordId":"10:10167"},"morphObj":{"params":{"class":"с","classMask":1,"info":{"isCapital":false,"isUpper":false},"stack":"((<DictionaryAnalyzer>, u'\\u0438\\u0441\\u0442\\u0435\\u0447\\u0435\\u043d\\u0438\\u0438', 76, 10),)"},"sentenceIndex":[1],"words":["истечении"],"wordsIndex":[4]},"rating":20.0,"stats":{"counter":107.0,"counterAll":107.0,"isAdjf":0,"isCombo":0,"isComp":0,"isCountry":0,"isEng":0,"isName":0,"isNominal":0,"isNoun":1,"isNum":0,"isPrtf":0,"isSymbol":0,"isUnknown":0,"isVerb":0,"repeat":0.2,"weight":0.000561850852227975,"weightAll":0.0002809239509984615}},"корра":{"indexObj":{"classMask":1,"counter":62.0,"finded":28,"isExisted":true,"letterId":12,"meta":"{}","server":"_buber3_","table":"wordIndex.ru","uid":36637,"word":"корра","wordHash":"e41bfff522b92d318dcb8cfa048324a6_0f2a51838a3a308aa739d8af0da9dbe30391320835845b60688e37064cf335c7f57c96246d1345ed083dd8d91a2599c760f6c4c607fb6727a1d8cb5d2d47b0e8","wordId":"12:36637"},"morphObj":{"params":{"class":"с","classMask":1,"info":{"isCapital":false,"isUpper":false},"stack":"((<FakeDictionary>, u'\\u043a\\u043e\\u0440\\u0440', 55, 8), (<KnownSuffixAnalyzer>, u'\\u0440\\u0440'))"},"sentenceIndex":[1],"words":["корр"],"wordsIndex":[8]},"rating":20.0,"stats":{"counter":62.0,"counterAll":62.0,"isAdjf":0,"isCombo":0,"isComp":0,"isCountry":0,"isEng":0,"isName":0,"isNominal":0,"isNoun":1,"isNum":0,"isPrtf":0,"isSymbol":0,"isUnknown":0,"isVerb":0,"repeat":0.2,"weight":0.00032555843773957423,"weightAll":0.00016277836412994964}},"который":{"indexObj":{"classMask":2,"counter":53575.0,"finded":16478,"isExisted":true,"letterId":12,"meta":"{}","server":"_buber3_","table":"wordIndex.ru","uid":216,"word":"который","wordHash":"c8a6d7a44bed6f557c875c08d3ec33a2_673df5f323ec5325eb4198cb05733701dfd46b4370f1b154f7f5e8ad35656c6b045df10392d21ebe661e15d917d78513459c704d920a61be2d439615881cbb80","wordId":"12:216"},"morphObj":{"params":{"class":"п","classMask":2,"info":{"isCapital":false,"isUpper":false},"stack":"((<DictionaryAnalyzer>, u'\\u043a\\u043e\\u0442\\u043e\\u0440\\u043e\\u0433\\u043e', 1788, 14),)"},"sentenceIndex":[0],"words":["которого"],"wordsIndex":[10]},"rating":20.0,"stats":{"counter":53575.0,"counterAll":53575.0,"isAdjf":1,"isCombo":0,"isComp":0,"isCountry":0,"isEng":0,"isName":0,"isNominal":0,"isNoun":0,"isNum":0,"isPrtf":0,"isSymbol":0,"isUnknown":0,"isVerb":0,"repeat":0.2,"weight":0.28131924680480147,"weightAll":0.14065888481067826}},"кравцов":{"indexObj":{"classMask":22,"counter":40.0,"finded":24,"isExisted":true,"letterId":12,"meta":"{}","server":"_buber3_","table":"wordIndex.ru","uid":82401,"word":"кравцов","wordHash":"a3801b1edb4bfc6fc86aff6abe307caf_da7313eabf081b07cfb5e0d0d7c7e934f004a1e7d3c86b40d41909068d3a59c6ac95041ccd945089fe3578a9656a854d3e93c3df0fedab07c923a0edc79958a3","wordId":"12:82401"},"morphObj":{"params":{"class":"имя","classMask":22,"info":{"isCapital":true,"isUpper":false},"stack":"((<DictionaryAnalyzer>, u'\\u043a\\u0440\\u0430\\u0432\\u0446\\u043e\\u0432\\u044b\\u043c', 36, 4),)"},"sentenceIndex":[4],"words":["Кравцовым"],"wordsIndex":[22]},"rating":120.0,"stats":{"counter":40.0,"counterAll":40.0,"isAdjf":0,"isCombo":0,"isComp":0,"isCountry":0,"isEng":0,"isName":1,"isNominal":0,"isNoun":0,"isNum":0,"isPrtf":0,"isSymbol":0,"isUnknown":0,"isVerb":0,"repeat":0.2,"weight":0.00021003770176746727,"weightAll":0.00010501829943867719}},"краснов":{"indexObj":{"classMask":22,"counter":39.0,"finded":23,"isExisted":true,"letterId":12,"meta":"{}","server":"_buber3_","table":"wordIndex.ru","uid":38305,"word":"краснов","wordHash":"f1a7700136e07193153d3a56e343ad0f_fd42c84ad93df367e177609c9df939d73505c489441621ad16901d8992a3d208754bcdda03ec846b1d95b8da48cd419359d9322c48bd0e9765a7e825e73d454c","wordId":"12:38305"},"morphObj":{"params":{"class":"имя","classMask":22,"info":{"isCapital":true,"isUpper":false},"stack":"((<DictionaryAnalyzer>, u'\\u043a\\u0440\\u0430\\u0441\\u043d\\u043e\\u0432\\u0430', 36, 1),)"},"sentenceIndex":[0,4,5,6],"words":["Краснова","Краснова","Краснов","Краснова"],"wordsIndex":[9,6,7,7]},"rating":180.0,"stats":{"counter":39.0,"counterAll":156.0,"isAdjf":0,"isCombo":0,"isComp":0,"isCountry":0,"isEng":0,"isName":1,"isNominal":0,"isNoun":0,"isNum":0,"isPrtf":0,"isSymbol":0,"isUnknown":0,"isVerb":0,"repeat":0.8,"weight":0.00020478675922328059,"weightAll":0.00040957136781084104}},"криминализировать":{"indexObj":{"classMask":7,"counter":4.0,"finded":4,"isExisted":true,"letterId":12,"meta":"{}","server":"_buber3_","table":"wordIndex.ru","uid":270430,"word":"криминализировать","wordHash":"7ccb1fe1111d1e0466bb67f3cb2138c3_617c5494aeabab9aac5bf14d1f8e33eb0c87136ffadd09aee6e301cfb9dcf8b0a59b7214094ce767a1d2bea54904b57954cdc7f571538bb260ac22d738dfec24","wordId":"12:270430"},"morphObj":{"params":{"class":"причастие","classMask":7,"info":{"isCapital":false,"isUpper":false},"stack":"((<FakeDictionary>, u'\\u043a\\u0440\\u0438\\u043c\\u0438\\u043d\\u0430\\u043b\\u0438\\u0437\\u0438\\u0440\\u043e\\u0432\\u0430\\u043d\\u043d\\u043e\\u0439', 614, 53), (<KnownSuffixAnalyzer>, u'\\u0430\\u043d\\u043d\\u043e\\u0439'))"},"sentenceIndex":[7],"words":["криминализированной"],"wordsIndex":[11]},"rating":20.0,"stats":{"counter":4.0,"counterAll":4.0,"isAdjf":0,"isCombo":0,"isComp":0,"isCountry":0,"isEng":0,"isName":0,"isNominal":0,"isNoun":0,"isNum":0,"isPrtf":1,"isSymbol":0,"isUnknown":0,"isVerb":0,"repeat":0.2,"weight":2.1003770176746725e-05,"weightAll":1.0501829943867718e-05}},"местный":{"indexObj":{"classMask":2,"counter":4643.0,"finded":3196,"isExisted":true,"letterId":14,"meta":"{}","server":"_buber3_","table":"wordIndex.ru","uid":1926,"word":"местный","wordHash":"b73fb3a6a902ac6976d47b0a29772a10_6efcacfa7fd063cf917b5b6d836acad3a4bec5f75701195ac8de541605b81d71b0d5ba03efedc276e4e3356c39aa8598718ff8504026c05bd49f7555e94eaa7a","wordId":"14:1926"},"morphObj":{"params":{"class":"п","classMask":2,"info":{"isCapital":false,"isUpper":false},"stack":"((<DictionaryAnalyzer>, u'\\u043c\\u0435\\u0441\\u0442\\u043d\\u043e\\u0433\\u043e', 12, 15),)"},"sentenceIndex":[0],"words":["местного"],"wordsIndex":[6]},"rating":20.0,"stats":{"counter":4643.0,"counterAll":4643.0,"isAdjf":1,"isCombo":0,"isComp":0,"isCountry":0,"isEng":0,"isName":0,"isNominal":0,"isNoun":0,"isNum":0,"isPrtf":0,"isSymbol":0,"isUnknown":0,"isVerb":0,"repeat":0.2,"weight":0.024380126232658762,"weightAll":0.012189999107344454}},"напоминать":{"indexObj":{"classMask":5,"counter":505.0,"finded":413,"isExisted":true,"letterId":13,"meta":"{}","server":"_buber3_","table":"wordIndex.ru","uid":8970,"word":"напоминать","wordHash":"0042d525da2875991151e7d453a0c114_0a61856b30b28c5a8cda1da87e4555eaa8cf56032b084e78129288bc6bc214f5808ec4cabd25b56157797c4dc2eb9b371327d97d6b4bf78261eaf31bda357204","wordId":"13:8970"},"morphObj":{"params":{"class":"г","classMask":5,"info":{"isCapital":false,"isUpper":false},"stack":"((<DictionaryAnalyzer>, u'\\u043d\\u0430\\u043f\\u043e\\u043c\\u0438\\u043d\\u0430\\u0435\\u0442', 206, 5),)"},"sentenceIndex":[4],"words":["напоминает"],"wordsIndex":[1]},"rating":20.0,"stats":{"counter":505.0,"counterAll":505.0,"isAdjf":0,"isCombo":0,"isComp":0,"isCountry":0,"isEng":0,"isName":0,"isNominal":0,"isNoun":0,"isNum":0,"isPrtf":0,"isSymbol":0,"isUnknown":0,"isVerb":1,"repeat":0.2,"weight":0.002651725984814274,"weightAll":0.0013258560304132995}},"обвинять":{"indexObj":{"classMask":5,"counter":232.0,"finded":183,"isExisted":true,"letterId":16,"meta":"{}","server":"_buber3_","table":"wordIndex.ru","uid":24144,"word":"обвинять","wordHash":"d58830c47cc9c00f920bc898901461b0_caaae081b7e8456c989bd432c7dcb60b71ce46da7099d328ee74b7e2f8a46568ee36344814361c158736ca53966940e46b00141fe41d965694b4030074aeb9ca","wordId":"16:24144"},"morphObj":{"params":{"class":"г","classMask":5,"info":{"isCapital":false,"isUpper":false},"stack":"((<DictionaryAnalyzer>, u'\\u043e\\u0431\\u0432\\u0438\\u043d\\u044f\\u043b\\u0438', 2138, 10),)"},"sentenceIndex":[0,3],"words":["обвиняли","обвиняемый"],"wordsIndex":[11,8]},"rating":40.0,"stats":{"counter":232.0,"counterAll":464.0,"isAdjf":0,"isCombo":0,"isComp":0,"isCountry":0,"isEng":0,"isName":0,"isNominal":0,"isNoun":0,"isNum":0,"isPrtf":0,"isSymbol":0,"isUnknown":0,"isVerb":1,"repeat":0.4,"weight":0.00121821867025131,"weightAll":0.0012182122734886553}},"обязательный":{"indexObj":{"classMask":2,"counter":449.0,"finded":336,"isExisted":true,"letterId":16,"meta":"{}","server":"_buber3_","table":"wordIndex.ru","uid":13869,"word":"обязательный","wordHash":"56b08a400cedbb319bfdfb36a10cc8ce_3c3cc95c5f1c8c4ee2d4a8d7a254ae108c877ce54cc7c40818def38f2b31d028527bcf9b586c8ba12317bc5ea99874786ce302a9ef55a0f2e036b8c641131087","wordId":"16:13869"},"morphObj":{"params":{"class":"п","classMask":2,"info":{"isCapital":false,"isUpper":false},"stack":"((<DictionaryAnalyzer>, u'\\u043e\\u0431\\u044f\\u0437\\u0430\\u0442\\u0435\\u043b\\u044c\\u043d\\u043e\\u043c', 1289, 6),)"},"sentenceIndex":[3],"words":["обязательном"],"wordsIndex":[4]},"rating":20.0,"stats":{"counter":449.0,"counterAll":449.0,"isAdjf":1,"isCombo":0,"isComp":0,"isCountry":0,"isEng":0,"isName":0,"isNominal":0,"isNoun":0,"isNum":0,"isPrtf":0,"isSymbol":0,"isUnknown":0,"isVerb":0,"repeat":0.2,"weight":0.00235767320233982,"weightAll":0.0011788304111991514}},"один":{"indexObj":{"classMask":2,"counter":39062.0,"finded":14563,"isExisted":true,"letterId":16,"meta":"{}","server":"_buber3_","table":"wordIndex.ru","uid":8,"word":"один","wordHash":"fc114849927fcbde0bde8042c274a17f_448c05269d3ab557aa547bd1ad7f719de9868c8b4b646b3eee9a798cc90cef5de37eafafdc816aee3b556abf4c319d54dff3a7c630324600e3d80a3bdbc99dca","wordId":"16:8"},"morphObj":{"params":{"class":"п","classMask":2,"info":{"isCapital":true,"isUpper":false},"stack":"((<DictionaryAnalyzer>, u'\\u043e\\u0434\\u0438\\u043d', 2198, 0),)"},"sentenceIndex":[5,6,7],"words":["Один","одного","первым"],"wordsIndex":[0,4,6]},"rating":60.0,"stats":{"counter":39062.0,"counterAll":117186.0,"isAdjf":1,"isCombo":0,"isComp":0,"isCountry":0,"isEng":0,"isName":0,"isNominal":0,"isNoun":0,"isNum":0,"isPrtf":0,"isSymbol":0,"isUnknown":0,"isVerb":0,"repeat":0.6,"weight":0.20511231766102014,"weightAll":0.30766686095052065}},"оппонент":{"indexObj":{"classMask":1,"counter":195.0,"finded":143,"isExisted":true,"letterId":16,"meta":"{}","server":"_buber3_","table":"wordIndex.ru","uid":11856,"word":"оппонент","wordHash":"4ab81a31c7f481e8a60afb3237ca55ad_cacc18ead8c01e3a60e356f2040e8b073b2049ac2f6f3b6a7ba6122619022d277d14060589080b5f2badf032f6c0a835fdbe0286e03199d1dcbb33dab4d25077","wordId":"16:11856"},"morphObj":{"params":{"class":"с","classMask":1,"info":{"isCapital":false,"isUpper":false},"stack":"((<DictionaryAnalyzer>, u'\\u043e\\u043f\\u043f\\u043e\\u043d\\u0435\\u043d\\u0442\\u043e\\u0432', 52, 7),)"},"sentenceIndex":[6],"words":["оппонентов"],"wordsIndex":[6]},"rating":20.0,"stats":{"counter":195.0,"counterAll":195.0,"isAdjf":0,"isCombo":0,"isComp":0,"isCountry":0,"isEng":0,"isName":0,"isNominal":0,"isNoun":1,"isNum":0,"isPrtf":0,"isSymbol":0,"isUnknown":0,"isVerb":0,"repeat":0.2,"weight":0.001023933796116403,"weightAll":0.0005119642097635513}},"оскорбить":{"indexObj":{"classMask":5,"counter":14.0,"finded":13,"isExisted":true,"letterId":16,"meta":"{}","server":"_buber3_","table":"wordIndex.ru","uid":106327,"word":"оскорбить","wordHash":"60fda45d1e323e950dba95a191ffc844_28911f2e7d7118bd935dbbd7385d2bd758eb09e9278e2ae76b9b1ba368e4e2fade309bd3b567a46c96b2632e2d8056ab961933ca539ce6d9ef136f96402c08c1","wordId":"16:106327"},"morphObj":{"params":{"class":"г","classMask":5,"info":{"isCapital":false,"isUpper":false},"stack":"((<DictionaryAnalyzer>, u'\\u043e\\u0441\\u043a\\u043e\\u0440\\u0431\\u0438\\u043b\\u043e', 647, 3),)"},"sentenceIndex":[6],"words":["оскорбило"],"wordsIndex":[1]},"rating":20.0,"stats":{"counter":14.0,"counterAll":14.0,"isAdjf":0,"isCombo":0,"isComp":0,"isCountry":0,"isEng":0,"isName":0,"isNominal":0,"isNoun":0,"isNum":0,"isPrtf":0,"isSymbol":0,"isUnknown":0,"isVerb":1,"repeat":0.2,"weight":7.351319561861354e-05,"weightAll":3.6756404803537016e-05}},"оскорбление":{"indexObj":{"classMask":1,"counter":125.0,"finded":100,"isExisted":true,"letterId":16,"meta":"{}","server":"_buber3_","table":"wordIndex.ru","uid":10860,"word":"оскорбление","wordHash":"bb761180eddf576e267a2d994b6ff9e8_182e1b351ad0ea65ba1b9ef1f2ff31f01d2210dea23e9bb8cf80aff5a9dd57aaf22fafd8badf56a2dd18e84ad4b31de6deba6d1626224a47174cf74bca8b4e11","wordId":"16:10860"},"morphObj":{"params":{"class":"с","classMask":1,"info":{"isCapital":false,"isUpper":false},"stack":"((<DictionaryAnalyzer>, u'\\u043e\\u0441\\u043a\\u043e\\u0440\\u0431\\u043b\\u0435\\u043d\\u0438\\u0438', 76, 10),)"},"sentenceIndex":[0,7],"words":["оскорблении","оскорблении"],"wordsIndex":[13,17]},"rating":40.0,"stats":{"counter":125.0,"counterAll":250.0,"isAdjf":0,"isCombo":0,"isComp":0,"isCountry":0,"isEng":0,"isName":0,"isNominal":0,"isNoun":1,"isNum":0,"isPrtf":0,"isSymbol":0,"isUnknown":0,"isVerb":0,"repeat":0.4,"weight":0.0006563678180233352,"weightAll":0.0006563643714917324}},"отмечать":{"indexObj":{"classMask":5,"counter":1092.0,"finded":793,"isExisted":true,"letterId":16,"meta":"{}","server":"_buber3_","table":"wordIndex.ru","uid":1765,"word":"отмечать","wordHash":"058684a885571cf4286b066a41bd1d8c_bf28ee89dc0103ce1b719250d827d1d0b2c526e919fde3084f596a6acb735853e32f22c26f316324775ad79a6d8ac5a80b4b0b48eb21cf9aaf09eb1c64340e45","wordId":"16:1765"},"morphObj":{"params":{"class":"г","classMask":5,"info":{"isCapital":false,"isUpper":false},"stack":"((<DictionaryAnalyzer>, u'\\u043e\\u0442\\u043c\\u0435\\u0447\\u0430\\u0435\\u0442', 206, 5),)"},"sentenceIndex":[7],"words":["отмечает"],"wordsIndex":[1]},"rating":20.0,"stats":{"counter":1092.0,"counterAll":1092.0,"isAdjf":0,"isCombo":0,"isComp":0,"isCountry":0,"isEng":0,"isName":0,"isNominal":0,"isNoun":0,"isNum":0,"isPrtf":0,"isSymbol":0,"isUnknown":0,"isVerb":1,"repeat":0.2,"weight":0.005734029258251856,"weightAll":0.0028669995746758875}},"переписка":{"indexObj":{"classMask":1,"counter":216.0,"finded":161,"isExisted":true,"letterId":15,"meta":"{}","server":"_buber3_","table":"wordIndex.ru","uid":12934,"word":"переписка","wordHash":"e8cf9934b45c7d8f086fa65191d76f77_e0cc50321cfdf8e3b0bcf685e1bf467b261cf86cb171651642e4ec0c9b8ed83ab1b5114c0793f8aa4e92c55c825c4f2677bcf97fe29ea00c8bafdfe8445dc383","wordId":"15:12934"},"morphObj":{"params":{"class":"с","classMask":1,"info":{"isCapital":false,"isUpper":false},"stack":"((<DictionaryAnalyzer>, u'\\u043f\\u0435\\u0440\\u0435\\u043f\\u0438\\u0441\\u043a\\u0438', 8, 1),)"},"sentenceIndex":[4],"words":["переписки"],"wordsIndex":[15]},"rating":20.0,"stats":{"counter":216.0,"counterAll":216.0,"isAdjf":0,"isCombo":0,"isComp":0,"isCountry":0,"isEng":0,"isName":0,"isNominal":0,"isNoun":1,"isNum":0,"isPrtf":0,"isSymbol":0,"isUnknown":0,"isVerb":0,"repeat":0.2,"weight":0.0011342035895443232,"weightAll":0.0005670988169688569}},"полиция":{"indexObj":{"classMask":1,"counter":1378.0,"finded":801,"isExisted":true,"letterId":15,"meta":"{}","server":"_buber3_","table":"wordIndex.ru","uid":1260,"word":"полиция","wordHash":"53e633b14d8a294b962caaaa90337880_a2caa2fecd21fbd1a8197d6f5713262b6250f6d6bdd1c11ce18757adeee005eb585725b4ebd3c11626ec2e56baa7c6cfe38ae485eb6530fe093aa11ec8b09663","wordId":"15:1260"},"morphObj":{"params":{"class":"с","classMask":1,"info":{"isCapital":false,"isUpper":false},"stack":"((<DictionaryAnalyzer>, u'\\u043f\\u043e\\u043b\\u0438\\u0446\\u0438\\u044e', 40, 3),)"},"sentenceIndex":[5],"words":["полицию"],"wordsIndex":[5]},"rating":20.0,"stats":{"counter":1378.0,"counterAll":1378.0,"isAdjf":0,"isCombo":0,"isComp":0,"isCountry":0,"isEng":0,"isName":0,"isNominal":0,"isNoun":1,"isNum":0,"isPrtf":0,"isSymbol":0,"isUnknown":0,"isVerb":0,"repeat":0.2,"weight":0.0072357988258892475,"weightAll":0.0036178804156624294}},"прекратить":{"indexObj":{"classMask":5,"counter":443.0,"finded":356,"isExisted":true,"letterId":15,"meta":"{}","server":"_buber3_","table":"wordIndex.ru","uid":1247,"word":"прекратить","wordHash":"08b7ad166cfd82a8db18d2d9e9b34751_bffcb43ee4f3eb52108d5ad4b072d1f23607ff552c983b2657e1a8bff37eb52c90201df61b88ac87c1adba515ee9fdddce7fc2c4008a89e0ff764b8a70096fe2","wordId":"15:1247"},"morphObj":{"params":{"class":"г","classMask":5,"info":{"isCapital":false,"isUpper":false},"stack":"((<DictionaryAnalyzer>, u'\\u043f\\u0440\\u0435\\u043a\\u0440\\u0430\\u0442\\u0438\\u043b', 837, 1),)"},"sentenceIndex":[0,3],"words":["прекратил","прекратить"],"wordsIndex":[2,17]},"rating":40.0,"stats":{"counter":443.0,"counterAll":886.0,"isAdjf":0,"isCombo":0,"isComp":0,"isCountry":0,"isEng":0,"isName":0,"isNominal":0,"isNoun":0,"isNum":0,"isPrtf":0,"isSymbol":0,"isUnknown":0,"isVerb":1,"repeat":0.4,"weight":0.0023261675470747,"weightAll":0.0023261553325666998}},"признание":{"indexObj":{"classMask":1,"counter":993.0,"finded":716,"isExisted":true,"letterId":15,"meta":"{}","server":"_buber3_","table":"wordIndex.ru","uid":6256,"word":"признание","wordHash":"ddf66def299390f59acf1d878abcf037_adf7d29630b3c7c8082d89a7c496f4cbb59c9b1048122576cbb9bf1753acb1def0714b3715a7789cf546abb2317502b59374adc09b4720ac7d23a58836bd6404","wordId":"15:6256"},"morphObj":{"params":{"class":"с","classMask":1,"info":{"isCapital":false,"isUpper":false},"stack":"((<DictionaryAnalyzer>, u'\\u043f\\u0440\\u0438\\u0437\\u043d\\u0430\\u043d\\u0438\\u0438', 76, 10),)"},"sentenceIndex":[3],"words":["признании"],"wordsIndex":[5]},"rating":20.0,"stats":{"counter":993.0,"counterAll":993.0,"isAdjf":0,"isCombo":0,"isComp":0,"isCountry":0,"isEng":0,"isName":0,"isNominal":0,"isNoun":1,"isNum":0,"isPrtf":0,"isSymbol":0,"isUnknown":0,"isVerb":0,"repeat":0.2,"weight":0.0052141859463773746,"weightAll":0.0026070792835651614}},"производство":{"indexObj":{"classMask":1,"counter":4153.0,"finded":1874,"isExisted":true,"letterId":15,"meta":"{}","server":"_buber3_","table":"wordIndex.ru","uid":5972,"word":"производство","wordHash":"9decf74075484a5afac81dd66f999a34_ca86a203aca2a3f96d0fd1f0e5b0e91185e968a068df9015f9006d0426f662626fd2fc19d399a8fe78432868d5fdbd37a3263eee6e3effe2fe3cdea635ae44f3","wordId":"15:5972"},"morphObj":{"params":{"class":"с","classMask":1,"info":{"isCapital":false,"isUpper":false},"stack":"((<DictionaryAnalyzer>, u'\\u043f\\u0440\\u043e\\u0438\\u0437\\u0432\\u043e\\u0434\\u0441\\u0442\\u0432\\u043e', 54, 3),)"},"sentenceIndex":[0],"words":["производство"],"wordsIndex":[3]},"rating":20.0,"stats":{"counter":4153.0,"counterAll":4153.0,"isAdjf":0,"isCombo":0,"isComp":0,"isCountry":0,"isEng":0,"isName":0,"isNominal":0,"isNoun":1,"isNum":0,"isPrtf":0,"isSymbol":0,"isUnknown":0,"isVerb":0,"repeat":0.2,"weight":0.02180716438600729,"weightAll":0.010903524939220659}},"религиозный":{"indexObj":{"classMask":2,"counter":1133.0,"finded":685,"isExisted":true,"letterId":18,"meta":"{}","server":"_buber3_","table":"wordIndex.ru","uid":10511,"word":"религиозный","wordHash":"7d8dc63711a65dfa9c44642128acb193_6051bca32596a73ae170587d41502dbae897a35c55425cdba05e40f9a6729e685c5906e12395233017cb57721af49a739ce48a8d072fce432b683341fc96a706","wordId":"18:10511"},"morphObj":{"params":{"class":"п","classMask":2,"info":{"isCapital":false,"isUpper":false},"stack":"((<DictionaryAnalyzer>, u'\\u0440\\u0435\\u043b\\u0438\\u0433\\u0438\\u043e\\u0437\\u043d\\u044b\\u0435', 387, 24),)"},"sentenceIndex":[6],"words":["религиозные"],"wordsIndex":[2]},"rating":20.0,"stats":{"counter":1133.0,"counterAll":1133.0,"isAdjf":1,"isCombo":0,"isComp":0,"isCountry":0,"isEng":0,"isName":0,"isNominal":0,"isNoun":0,"isNum":0,"isPrtf":0,"isSymbol":0,"isUnknown":0,"isVerb":0,"repeat":0.2,"weight":0.00594931790256351,"weightAll":0.0029746433316005312}},"решить":{"indexObj":{"classMask":5,"counter":1591.0,"finded":1104,"isExisted":true,"letterId":18,"meta":"{}","server":"_buber3_","table":"wordIndex.ru","uid":1137,"word":"решить","wordHash":"14d7caf4211e56f63d02f78260357a6b_7426ebc7106a9faf3432117ac8f63e274581d70fbbfd41c47ce55b24a985c30a29d998f5d718b1fe74cca72b7197389e43e333971628dc3d6ee021e499a2ac56","wordId":"18:1137"},"morphObj":{"params":{"class":"г","classMask":5,"info":{"isCapital":false,"isUpper":false},"stack":"((<DictionaryAnalyzer>, u'\\u0440\\u0435\\u0448\\u0438\\u043b', 741, 1),)"},"sentenceIndex":[3],"words":["решил"],"wordsIndex":[15]},"rating":20.0,"stats":{"counter":1591.0,"counterAll":1591.0,"isAdjf":0,"isCombo":0,"isComp":0,"isCountry":0,"isEng":0,"isName":0,"isNominal":0,"isNoun":0,"isNum":0,"isPrtf":0,"isSymbol":0,"isUnknown":0,"isVerb":1,"repeat":0.2,"weight":0.00835424958780101,"weightAll":0.004177102860173385}},"россия":{"indexObj":{"classMask":1122,"counter":15748.0,"finded":6536,"isExisted":true,"letterId":18,"meta":"{}","server":"_buber3_","table":"wordIndex.ru","uid":1201,"word":"россия","wordHash":"a0ead327c5cae0ebbd9952f814b83a78_91db348835df9720a8bef326a4dc089f0c50aabb3578c7a31350daa8c5ed83c4746c4023b99f0268bf26856a6ad5a71c8644107631ac66e68ef62b6fea2a6d37","wordId":"18:1201"},"morphObj":{"params":{"class":"имя","classMask":1122,"info":{"isCapital":true,"isCountry":true,"isUpper":false},"stack":"((<DictionaryAnalyzer>, u'\\u0440\\u043e\\u0441\\u0441\\u0438\\u0438', 70, 1),)"},"sentenceIndex":[7],"words":["России"],"wordsIndex":[8]},"rating":320.0,"stats":{"counter":15748.0,"counterAll":15748.0,"isAdjf":0,"isCombo":0,"isComp":0,"isCountry":1,"isEng":0,"isName":1,"isNominal":0,"isNoun":0,"isNum":0,"isPrtf":0,"isSymbol":0,"isUnknown":0,"isVerb":0,"repeat":0.2,"weight":0.08269184318585186,"weightAll":0.04134570448900721}},"сборник":{"indexObj":{"classMask":1,"counter":1551.0,"finded":867,"isExisted":true,"letterId":17,"meta":"{}","server":"_buber3_","table":"wordIndex.ru","uid":347,"word":"сборник","wordHash":"d55616bb269a2401bf1c7ccc68529891_dcfbba3a8aa76d34e2554755e3e1058fb6ab776859a6342f49ad8167bf5df75cd467f9c338e6342cf0a79ee9e67c8134fe22e3bedcc5e96d8cebdfbaa9faafe4","wordId":"17:347"},"morphObj":{"params":{"class":"с","classMask":1,"info":{"isCapital":false,"isUpper":false},"stack":"((<DictionaryAnalyzer>, u'\\u0441\\u0431\\u043e\\u0440\\u043d\\u0438\\u043a', 19, 0),)"},"sentenceIndex":[5],"words":["сборник"],"wordsIndex":[21]},"rating":20.0,"stats":{"counter":1551.0,"counterAll":1551.0,"isAdjf":0,"isCombo":0,"isComp":0,"isCountry":0,"isEng":0,"isName":0,"isNominal":0,"isNoun":1,"isNum":0,"isPrtf":0,"isSymbol":0,"isUnknown":0,"isVerb":0,"repeat":0.2,"weight":0.008144211886033544,"weightAll":0.004072084560734708}},"сделать":{"indexObj":{"classMask":5,"counter":1529.0,"finded":1044,"isExisted":true,"letterId":17,"meta":"{}","server":"_buber3_","table":"wordIndex.ru","uid":5939,"word":"сделать","wordHash":"7107f719256ae5b84d203728f37dd42a_417cd4e53237b73a5611c4665c307477c6d816a7f0b4c999ad7826e944150277722727fd574e99cc7914d799dc17e6eb717bffb4606a0017932714ec4bc0e2e9","wordId":"17:5939"},"morphObj":{"params":{"class":"г","classMask":5,"info":{"isCapital":false,"isUpper":false},"stack":"((<DictionaryAnalyzer>, u'\\u0441\\u0434\\u0435\\u043b\\u0430\\u043b', 614, 1),)"},"sentenceIndex":[3],"words":["сделал"],"wordsIndex":[11]},"rating":20.0,"stats":{"counter":1529.0,"counterAll":1529.0,"isAdjf":0,"isCombo":0,"isComp":0,"isCountry":0,"isEng":0,"isName":0,"isNominal":0,"isNoun":0,"isNum":0,"isPrtf":0,"isSymbol":0,"isUnknown":0,"isVerb":1,"repeat":0.2,"weight":0.008028691150061436,"weightAll":0.004014324496043435}},"сказка":{"indexObj":{"classMask":1,"counter":478.0,"finded":256,"isExisted":true,"letterId":17,"meta":"{}","server":"_buber3_","table":"wordIndex.ru","uid":5228,"word":"сказка","wordHash":"e840a5ba81495b172ba98772814594b3_0391e45b308560d61a97535f59b5e5381fb052b7c0f351773b667341e9ea8b2be657bb986b1b3f320612dda9a87e2db719cdb7cfc6e331c323312e6497d0bacd","wordId":"17:5228"},"morphObj":{"params":{"class":"с","classMask":1,"info":{"isCapital":false,"isUpper":false},"stack":"((<DictionaryAnalyzer>, u'\\u0441\\u043a\\u0430\\u0437\\u043e\\u043a', 8, 8),)"},"sentenceIndex":[5],"words":["сказок"],"wordsIndex":[23]},"rating":20.0,"stats":{"counter":478.0,"counterAll":478.0,"isAdjf":0,"isCombo":0,"isComp":0,"isCountry":0,"isEng":0,"isName":0,"isNominal":0,"isNoun":1,"isNum":0,"isPrtf":0,"isSymbol":0,"isUnknown":0,"isVerb":0,"repeat":0.2,"weight":0.0025099505361212337,"weightAll":0.0012549686782921923}},"сообщать":{"indexObj":{"classMask":5,"counter":1902.0,"finded":1661,"isExisted":true,"letterId":17,"meta":"{}","server":"_buber3_","table":"wordIndex.ru","uid":1954,"word":"сообщать","wordHash":"49044442e835fd02adb8c0061842f160_3568d244b5557ea9339e4a027955ca45bc74a7fe56e13513f1809390a8f28f2099018a78a11c67d281322590295a263ae7f2eb7fd9f02cf60495a9e0f85150a0","wordId":"17:1954"},"morphObj":{"params":{"class":"г","classMask":5,"info":{"isCapital":false,"isUpper":false},"stack":"((<DictionaryAnalyzer>, u'\\u0441\\u043e\\u043e\\u0431\\u0449\\u0430\\u0435\\u0442', 206, 5),)"},"sentenceIndex":[1],"words":["сообщает"],"wordsIndex":[7]},"rating":20.0,"stats":{"counter":1902.0,"counterAll":1902.0,"isAdjf":0,"isCombo":0,"isComp":0,"isCountry":0,"isEng":0,"isName":0,"isNominal":0,"isNoun":0,"isNum":0,"isPrtf":0,"isSymbol":0,"isUnknown":0,"isVerb":1,"repeat":0.2,"weight":0.009987292719043068,"weightAll":0.0049936201383091}},"соцсеть":{"indexObj":{"classMask":1,"counter":120.0,"finded":88,"isExisted":true,"letterId":17,"meta":"{}","server":"_buber3_","table":"wordIndex.ru","uid":43474,"word":"соцсеть","wordHash":"64365d90d57bf708f4bbd8e4666e5f22_60ef16fcd00dcda53be41481cce95dd463f214e40fa04b644009308ecc94e91ce86ede0f2aa5898c743d9e2a3116ea2e2a21faaac2af1445abc11b74b54adc52","wordId":"17:43474"},"morphObj":{"params":{"class":"с","classMask":1,"info":{"isCapital":false,"isUpper":false},"stack":"((<DictionaryAnalyzer>, u'\\u0441\\u043e\\u0446\\u0441\\u0435\\u0442\\u0438', 13, 1),)"},"sentenceIndex":[4],"words":["соцсети"],"wordsIndex":[17]},"rating":20.0,"stats":{"counter":120.0,"counterAll":120.0,"isAdjf":0,"isCombo":0,"isComp":0,"isCountry":0,"isEng":0,"isName":0,"isNominal":0,"isNoun":1,"isNum":0,"isPrtf":0,"isSymbol":0,"isUnknown":0,"isVerb":0,"repeat":0.2,"weight":0.0006301131053024017,"weightAll":0.0003150548983160316}},"срок":{"indexObj":{"classMask":1,"counter":1763.0,"finded":1164,"isExisted":true,"letterId":17,"meta":"{}","server":"_buber3_","table":"wordIndex.ru","uid":6224,"word":"срок","wordHash":"f2995f148ca7346529bc059ec7d78923_991d8ebcf2f2afd781fa1ca9fe25cebd9944948ff99c9c1591715169689ce1d0100b26b42bca8254c78f031480351fb44759b683da226af57ea178df775213c6","wordId":"17:6224"},"morphObj":{"params":{"class":"с","classMask":1,"info":{"isCapital":false,"isUpper":false},"stack":"((<DictionaryAnalyzer>, u'\\u0441\\u0440\\u043e\\u043a\\u0430', 330, 1),)"},"sentenceIndex":[1],"words":["срока"],"wordsIndex":[5]},"rating":20.0,"stats":{"counter":1763.0,"counterAll":1763.0,"isAdjf":0,"isCombo":0,"isComp":0,"isCountry":0,"isEng":0,"isName":0,"isNominal":0,"isNoun":1,"isNum":0,"isPrtf":0,"isSymbol":0,"isUnknown":0,"isVerb":0,"repeat":0.2,"weight":0.00925741170540112,"weightAll":0.004628681547759697}},"ставрополь":{"indexObj":{"classMask":22,"counter":96.0,"finded":46,"isExisted":true,"letterId":17,"meta":"{}","server":"_buber3_","table":"wordIndex.ru","uid":10132,"word":"ставрополь","wordHash":"6165a817eb5f83da807a2e8e3703d95c_cebd30ad261f8f2672730084cc79cb1d990aeb737b0d5dd6b234df50cb0818f275e88e5116be72802a534e7f917635c82008bef990bcb7624c6a707c302ccf38","wordId":"17:10132"},"morphObj":{"params":{"class":"имя","classMask":22,"info":{"isCapital":true,"isUpper":false},"stack":"((<DictionaryAnalyzer>, u'\\u0441\\u0442\\u0430\\u0432\\u0440\\u043e\\u043f\\u043e\\u043b\\u044f', 87, 1),)"},"sentenceIndex":[4],"words":["Ставрополя"],"wordsIndex":[25]},"rating":120.0,"stats":{"counter":96.0,"counterAll":96.0,"isAdjf":0,"isCombo":0,"isComp":0,"isCountry":0,"isEng":0,"isName":1,"isNominal":0,"isNoun":0,"isNum":0,"isPrtf":0,"isSymbol":0,"isUnknown":0,"isVerb":0,"repeat":0.2,"weight":0.0005040904842419214,"weightAll":0.0002520439186528253}},"ставропольский":{"indexObj":{"classMask":2,"counter":11.0,"finded":11,"isExisted":true,"letterId":17,"meta":"{}","server":"_buber3_","table":"wordIndex.ru","uid":76038,"word":"ставропольский","wordHash":"81e967d4e77c967b31c0b6df03ddfbec_39b8f98f87da286571dd56f47155873c0236dc457c008ce77b01589f31d4cf9cfed3acd56fb80b6be9ef324b905ed8e973e59d36c8031761de383b17c35ad62d","wordId":"17:76038"},"morphObj":{"params":{"class":"п","classMask":2,"info":{"isCapital":true,"isUpper":false},"stack":"((<DictionaryAnalyzer>, u'\\u0441\\u0442\\u0430\\u0432\\u0440\\u043e\\u043f\\u043e\\u043b\\u044c\\u0441\\u043a\\u0438\\u0439', 16, 0),)"},"sentenceIndex":[0],"words":["Ставропольский"],"wordsIndex":[0]},"rating":20.0,"stats":{"counter":11.0,"counterAll":11.0,"isAdjf":1,"isCombo":0,"isComp":0,"isCountry":0,"isEng":0,"isName":0,"isNominal":0,"isNoun":0,"isNum":0,"isPrtf":0,"isSymbol":0,"isUnknown":0,"isVerb":0,"repeat":0.2,"weight":5.77603679860535e-05,"weightAll":2.8880032345636228e-05}},"стать":{"indexObj":{"classMask":5,"counter":19097.0,"finded":8361,"isExisted":true,"letterId":17,"meta":"{}","server":"_buber3_","table":"wordIndex.ru","uid":255,"word":"стать","wordHash":"7ed6435cfedc4d1acf43a438504c57d6_4df0b393b92791968e532f94982ea028ce14c8e3d3714b8ad8945b74e56e8343e5b68f399581da4affe7bbf47b33d5fd71005be16cbacdd5f3616b08800b85b1","wordId":"17:255"},"morphObj":{"params":{"class":"г","classMask":5,"info":{"isCapital":false,"isUpper":false},"stack":"((<DictionaryAnalyzer>, u'\\u0441\\u0442\\u0430\\u043b\\u043e', 904, 3),)"},"sentenceIndex":[7],"words":["стало"],"wordsIndex":[5]},"rating":20.0,"stats":{"counter":19097.0,"counterAll":19097.0,"isAdjf":0,"isCombo":0,"isComp":0,"isCountry":0,"isEng":0,"isName":0,"isNominal":0,"isNoun":0,"isNum":0,"isPrtf":0,"isSymbol":0,"isUnknown":0,"isVerb":1,"repeat":0.2,"weight":0.10027724976633305,"weightAll":0.050138361609510455}},"статья":{"indexObj":{"classMask":1,"counter":2294.0,"finded":1343,"isExisted":true,"letterId":17,"meta":"{}","server":"_buber3_","table":"wordIndex.ru","uid":3884,"word":"статья","wordHash":"36a19ef32d4ac621cb527026ea47aabb_bb475919b73c5f1d6239c8b26616b1264dea963fdfdf0f11ba6a79e95b1be73b9548e63b67f18aa19d1653911487f3a9834e9b31c78ed2881b9883bd44ef7730","wordId":"17:3884"},"morphObj":{"params":{"class":"с","classMask":1,"info":{"isCapital":false,"isUpper":false},"stack":"((<DictionaryAnalyzer>, u'\\u0441\\u0442\\u0430\\u0442\\u044c\\u0435', 315, 6),)"},"sentenceIndex":[7],"words":["статье"],"wordsIndex":[15]},"rating":20.0,"stats":{"counter":2294.0,"counterAll":2294.0,"isAdjf":0,"isCombo":0,"isComp":0,"isCountry":0,"isEng":0,"isName":0,"isNominal":0,"isNoun":1,"isNum":0,"isPrtf":0,"isSymbol":0,"isUnknown":0,"isVerb":0,"repeat":0.2,"weight":0.012045662196364248,"weightAll":0.006022799472808137}},"суд":{"indexObj":{"classMask":1,"counter":2646.0,"finded":1316,"isExisted":true,"letterId":17,"meta":"{}","server":"_buber3_","table":"wordIndex.ru","uid":725,"word":"суд","wordHash":"23f2c2d9855dd8787911d0b4ca935572_c81a06ec936a69454ff7093b9550476be7d06c14ef408d52c569da0e278042fd1933ceb7eebc1b62b24550cc6b834f02952d0b0956bb5e76aa65c5267e53ac97","wordId":"17:725"},"morphObj":{"params":{"class":"с","classMask":1,"info":{"isCapital":false,"isUpper":false},"stack":"((<DictionaryAnalyzer>, u'\\u0441\\u0443\\u0434', 33, 0),)"},"sentenceIndex":[0,2,3],"words":["суд","суда","суд"],"wordsIndex":[1,4,14]},"rating":60.0,"stats":{"counter":2646.0,"counterAll":7938.0,"isAdjf":0,"isCombo":0,"isComp":0,"isCountry":0,"isEng":0,"isName":0,"isNominal":0,"isNoun":1,"isNum":0,"isPrtf":0,"isSymbol":0,"isUnknown":0,"isVerb":0,"repeat":0.6,"weight":0.01389399397191796,"weightAll":0.020840881523605487}},"судья":{"indexObj":{"classMask":1,"counter":901.0,"finded":462,"isExisted":true,"letterId":17,"meta":"{}","server":"_buber3_","table":"wordIndex.ru","uid":10059,"word":"судья","wordHash":"7cac9390c2c1ceba0d260128190f8c5e_90c8fe114da8194a24c364b01f4fdaef6027e9a9bddee0259cf5247fa1abc4851074bded021e9d24497a39a8f1df23bcaecde4e451c2d275372c42309be154da","wordId":"17:10059"},"morphObj":{"params":{"class":"с","classMask":1,"info":{"isCapital":true,"isUpper":false},"stack":"((<DictionaryAnalyzer>, u'\\u0441\\u0443\\u0434\\u044c\\u044f', 2850, 0),)"},"sentenceIndex":[3],"words":["Судья"],"wordsIndex":[0]},"rating":20.0,"stats":{"counter":901.0,"counterAll":901.0,"isAdjf":0,"isCombo":0,"isComp":0,"isCountry":0,"isEng":0,"isName":0,"isNominal":0,"isNoun":1,"isNum":0,"isPrtf":0,"isSymbol":0,"isUnknown":0,"isVerb":0,"repeat":0.2,"weight":0.0047310992323122,"weightAll":0.0023655371948562037}},"существовать":{"indexObj":{"classMask":5,"counter":3260.0,"finded":2111,"isExisted":true,"letterId":17,"meta":"{}","server":"_buber3_","table":"wordIndex.ru","uid":3774,"word":"существовать","wordHash":"bde78e0a96631db3bd0299dbe029177f_cf4223abd0839fa7e0c7ff11e2f6452dd438d769524e268afc1d04f4725d7d04fae64425f5b916dc3f1ccceebc6748bc6f040d22d141e2ba5d5924bb4aa9b10c","wordId":"17:3774"},"morphObj":{"params":{"class":"г","classMask":5,"info":{"isCapital":false,"isUpper":false},"stack":"((<DictionaryAnalyzer>, u'\\u0441\\u0443\\u0449\\u0435\\u0441\\u0442\\u0432\\u0443\\u0435\\u0442', 172, 5),)"},"sentenceIndex":[5],"words":["существует"],"wordsIndex":[16]},"rating":20.0,"stats":{"counter":3260.0,"counterAll":3260.0,"isAdjf":0,"isCombo":0,"isComp":0,"isCountry":0,"isEng":0,"isName":0,"isNominal":0,"isNoun":0,"isNum":0,"isPrtf":0,"isSymbol":0,"isUnknown":0,"isVerb":1,"repeat":0.2,"weight":0.01711807269404858,"weightAll":0.008558991404252191}},"тот":{"indexObj":{"classMask":1122,"counter":28981.0,"finded":11245,"isExisted":true,"letterId":20,"meta":"{}","server":"_buber3_","table":"wordIndex.ru","uid":151,"word":"тот","wordHash":"ddb1ee3516c1f9e308ce6fc9db8af22a_228c07e9a837be03dd65fd08d9bef64c1adb98ccfcff37583c3a09c772d53e55f31a4e52e249cc052ec5d28cb0d091991b0ee9af5d50438d620411f196bde625","wordId":"20:151"},"morphObj":{"params":{"class":"имя","classMask":1122,"info":{"isCapital":false,"isCountry":true,"isUpper":false},"stack":"((<DictionaryAnalyzer>, u'\\u0442\\u043e\\u043c', 2900, 18),)"},"sentenceIndex":[5],"words":["том"],"wordsIndex":[12]},"rating":320.0,"stats":{"counter":28981.0,"counterAll":28981.0,"isAdjf":0,"isCombo":0,"isComp":0,"isCountry":1,"isEng":0,"isName":1,"isNominal":0,"isNoun":0,"isNum":0,"isPrtf":0,"isSymbol":0,"isUnknown":0,"isVerb":0,"repeat":0.2,"weight":0.1521775658730742,"weightAll":0.07608838340080759}},"уголовный":{"indexObj":{"classMask":2,"counter":700.0,"finded":459,"isExisted":true,"letterId":19,"meta":"{}","server":"_buber3_","table":"wordIndex.ru","uid":1280,"word":"уголовный","wordHash":"87ef78ae7b0b53d52edc39bf449a1b30_1fccda7efcdedfd6e9f2dc3445c0a0f63d5091bae82e9b1e10112324ce61560ff3a847d2fc8559fc38a0724ddc9c12801685a4703a7565d26e0c3dcbe7d813e3","wordId":"19:1280"},"morphObj":{"params":{"class":"п","classMask":2,"info":{"isCapital":false,"isUpper":false},"stack":"((<DictionaryAnalyzer>, u'\\u0443\\u0433\\u043e\\u043b\\u043e\\u0432\\u043d\\u043e\\u0435', 12, 14),)"},"sentenceIndex":[4],"words":["уголовное"],"wordsIndex":[3]},"rating":20.0,"stats":{"counter":700.0,"counterAll":700.0,"isAdjf":1,"isCombo":0,"isComp":0,"isCountry":0,"isEng":0,"isName":0,"isNominal":0,"isNoun":0,"isNum":0,"isPrtf":0,"isSymbol":0,"isUnknown":0,"isVerb":0,"repeat":0.2,"weight":0.003675659780930677,"weightAll":0.0018378202401768508}},"утверждение":{"indexObj":{"classMask":1,"counter":636.0,"finded":467,"isExisted":true,"letterId":19,"meta":"{}","server":"_buber3_","table":"wordIndex.ru","uid":7483,"word":"утверждение","wordHash":"4c90066d9b815f44da682e7b4aedc6fe_11ce7368034604246dc8cebdc801a1fc72e7db451f07679741313aa8ff3e16b53796fec6ef4e899211924e54b43d2921a76324e1347e47292437ac62d69a090f","wordId":"19:7483"},"morphObj":{"params":{"class":"с","classMask":1,"info":{"isCapital":false,"isUpper":false},"stack":"((<DictionaryAnalyzer>, u'\\u0443\\u0442\\u0432\\u0435\\u0440\\u0436\\u0434\\u0435\\u043d\\u0438\\u044f\\u043c\\u0438', 76, 20),)"},"sentenceIndex":[5],"words":["утверждениями"],"wordsIndex":[10]},"rating":20.0,"stats":{"counter":636.0,"counterAll":636.0,"isAdjf":0,"isCombo":0,"isComp":0,"isCountry":0,"isEng":0,"isName":0,"isNominal":0,"isNoun":1,"isNum":0,"isPrtf":0,"isSymbol":0,"isUnknown":0,"isVerb":0,"repeat":0.2,"weight":0.0033395994581027293,"weightAll":0.0016697909610749672}},"факт":{"indexObj":{"classMask":1,"counter":1874.0,"finded":1547,"isExisted":true,"letterId":22,"meta":"{}","server":"_buber3_","table":"wordIndex.ru","uid":1246,"word":"факт","wordHash":"debac57b4eea2009f2580e93855cb6b3_980ab94e57a790627bbeeb9cbc252c328d9e5ae0a4e0404c82b8ed77dafc833fa3cb0af9ae5bbaa26c54222ee1d6e8e50b225de70441557c5f60ff269fe595b4","wordId":"22:1246"},"morphObj":{"params":{"class":"с","classMask":1,"info":{"isCapital":false,"isUpper":false},"stack":"((<DictionaryAnalyzer>, u'\\u0444\\u0430\\u043a\\u0442\\u0443', 33, 2),)"},"sentenceIndex":[4],"words":["факту"],"wordsIndex":[13]},"rating":20.0,"stats":{"counter":1874.0,"counterAll":1874.0,"isAdjf":0,"isCombo":0,"isComp":0,"isCountry":0,"isEng":0,"isName":0,"isNominal":0,"isNoun":1,"isNum":0,"isPrtf":0,"isSymbol":0,"isUnknown":0,"isVerb":0,"repeat":0.2,"weight":0.009840266327805842,"weightAll":0.0049201073287020265}},"чувство":{"indexObj":{"classMask":1,"counter":633.0,"finded":458,"isExisted":true,"letterId":23,"meta":"{}","server":"_buber3_","table":"wordIndex.ru","uid":2823,"word":"чувство","wordHash":"e175cb79f0284370bcb9b28d5d843ca5_7e8a8dfe3688568a3ae0133f1374ba9f591e69eaa650207bae78cb13a5aeb3810fae722f75e75c7eb50f74152fbf83c4bb7348fb82d089ac13a8dab4956bfcb6","wordId":"23:2823"},"morphObj":{"params":{"class":"с","classMask":1,"info":{"isCapital":false,"isUpper":false},"stack":"((<DictionaryAnalyzer>, u'\\u0447\\u0443\\u0432\\u0441\\u0442\\u0432', 54, 7),)"},"sentenceIndex":[0,6,7],"words":["чувств","чувства","чувств"],"wordsIndex":[16,3,18]},"rating":60.0,"stats":{"counter":633.0,"counterAll":1899.0,"isAdjf":0,"isCombo":0,"isComp":0,"isCountry":0,"isEng":0,"isName":0,"isNominal":0,"isNoun":1,"isNum":0,"isPrtf":0,"isSymbol":0,"isUnknown":0,"isVerb":0,"repeat":0.6,"weight":0.0033238466304701692,"weightAll":0.004985743765851199}}}