{"авария":{"indexObj":{"classMask":1,"counter":458.0,"finded":277,"isExisted":true,"letterId":2,"meta":"{}","server":"_buber3_","table":"wordIndex.ru","uid":3257,"word":"авария","wordHash":"e6c67b54fe47695c4f0a5a53c7aad57f_e4bf7f66dffcce61387282c96e90429e7e613d2bab70f4afef4beaa166597a919d6360e1c57fec2b65cbf2763d8072c3803e90de83024d918b1251743a90648a","wordId":"2:3257"},"morphObj":{"params":{"class":"с","classMask":1,"info":{"isCapital":true,"isUpper":false},"stack":"((<DictionaryAnalyzer>, u'\\u0430\\u0432\\u0430\\u0440\\u0438\\u044f', 40, 0),)"},"sentenceIndex":[1,5,6],"words":["Авария","авария","аварию"],"wordsIndex":[0,3,1]},"rating":75.0,"stats":{"counter":458.0,"counterAll":1374.0,"isAdjf":0,"isCombo":0,"isComp":0,"isCountry":0,"isEng":0,"isName":0,"isNominal":0,"isNoun":1,"isNum":0,"isPrtf":0,"isSymbol":0,"isUnknown":0,"isVerb":0,"repeat":0.75,"weight":0.004283616569552652,"weightAll":0.012823145123658423}},"авто":{"indexObj":{"classMask":1,"counter":57.0,"finded":52,"isExisted":true,"letterId":2,"meta":"{}","server":"_buber3_","table":"wordIndex.ru","uid":34028,"word":"авто","wordHash":"d3ce1b51ae167809b50da863f1450be8_8b723c7159b1a0204c22ac822d71fb84612d4c0d992036f5498295d9bc6452d5ebb0d90d8fdffc496498c8901c15e3987bc21f421464691d60cb2f4bfb3bd0f9","wordId":"2:34028"},"morphObj":{"params":{"class":"с","classMask":1,"info":{"isCapital":false,"isUpper":false},"stack":"((<DictionaryAnalyzer>, u'\\u0430\\u0432\\u0442\\u043e', 23, 0),)"},"sentenceIndex":[5],"words":["авто"],"wordsIndex":[25]},"rating":25.0,"stats":{"counter":57.0,"counterAll":57.0,"isAdjf":0,"isCombo":0,"isComp":0,"isCountry":0,"isEng":0,"isName":0,"isNominal":0,"isNoun":1,"isNum":0,"isPrtf":0,"isSymbol":0,"isUnknown":0,"isVerb":0,"repeat":0.25,"weight":0.000533113852542579,"weightAll":0.0005319645356976202}},"автомобиль":{"indexObj":{"classMask":1,"counter":2238.0,"finded":754,"isExisted":true,"letterId":2,"meta":"{}","server":"_buber3_","table":"wordIndex.ru","uid":5505,"word":"автомобиль","wordHash":"0720a5f020dc0452d7ea3a2804db1594_f85bdbb7fdf0266941f4d3358ae0e01905019e45d3226d5f4adcac5e9173486ec330bf26e252c6a0aa5c1da69b9070ea7ace80166bd27163f9c5d839594f0e92","wordId":"2:5505"},"morphObj":{"params":{"class":"с","classMask":1,"info":{"isCapital":false,"isUpper":false},"stack":"((<DictionaryAnalyzer>, u'\\u0430\\u0432\\u0442\\u043e\\u043c\\u043e\\u0431\\u0438\\u043b\\u0435\\u0439', 91, 7),)"},"sentenceIndex":[0],"words":["автомобилей"],"wordsIndex":[15]},"rating":25.0,"stats":{"counter":2238.0,"counterAll":2238.0,"isAdjf":0,"isCombo":0,"isComp":0,"isCountry":0,"isEng":0,"isName":0,"isNominal":0,"isNoun":1,"isNum":0,"isPrtf":0,"isSymbol":0,"isUnknown":0,"isVerb":0,"repeat":0.25,"weight":0.020931733368250733,"weightAll":0.020886607559496034}},"беата":{"indexObj":{"classMask":22,"counter":59.0,"finded":24,"isExisted":true,"letterId":1,"meta":"{}","server":"_buber3_","table":"wordIndex.ru","uid":140587,"word":"беата","wordHash":"521b42bd5599b7809da958c18f0d9411_318b4568661d56c26242f921b8db2560701c3e685a4909b21ab13e8ce64cbca096a3ef0f74389ebc3f31f73beb7efbe5ae100efae192217827302d6f463c72ad","wordId":"1:140587"},"morphObj":{"params":{"class":"имя","classMask":22,"info":{"isCapital":true,"isUpper":false},"stack":"((<DictionaryAnalyzer>, u'\\u0431\\u0435\\u0430\\u0442\\u0430', 68, 0),)"},"sentenceIndex":[0,3,6],"words":["Беата","Беата","Беата"],"wordsIndex":[4,7,6]},"rating":175.0,"stats":{"counter":59.0,"counterAll":177.0,"isAdjf":0,"isCombo":0,"isComp":0,"isCountry":0,"isEng":0,"isName":1,"isNominal":0,"isNoun":0,"isNum":0,"isPrtf":0,"isSymbol":0,"isUnknown":0,"isVerb":0,"repeat":0.75,"weight":0.0005518196017545993,"weightAll":0.0016518898740083994}},"больница":{"indexObj":{"classMask":1,"counter":1108.0,"finded":692,"isExisted":true,"letterId":1,"meta":"{}","server":"_buber3_","table":"wordIndex.ru","uid":4929,"word":"больница","wordHash":"b559035a0a33b9515d06c655693945d7_3fec824fa18e0bbcf5db6176a6a5f821be25cef7368019b02c3122446ab73ee0994278c17709cec580c0b1e4deaa744cc575aec06f9615d2826b7464625ac1f3","wordId":"1:4929"},"morphObj":{"params":{"class":"с","classMask":1,"info":{"isCapital":false,"isUpper":false},"stack":"((<DictionaryAnalyzer>, u'\\u0431\\u043e\\u043b\\u044c\\u043d\\u0438\\u0446', 141, 8),)"},"sentenceIndex":[3],"words":["больниц"],"wordsIndex":[13]},"rating":25.0,"stats":{"counter":1108.0,"counterAll":1108.0,"isAdjf":0,"isCombo":0,"isComp":0,"isCountry":0,"isEng":0,"isName":0,"isNominal":0,"isNoun":1,"isNum":0,"isPrtf":0,"isSymbol":0,"isUnknown":0,"isVerb":0,"repeat":0.25,"weight":0.010362985063459253,"weightAll":0.010340643957069528}},"бохонек":{"indexObj":{"classMask":22,"counter":2.0,"finded":2,"isExisted":true,"letterId":1,"meta":"{}","server":"_buber3_","table":"wordIndex.ru","uid":346274,"word":"бохонек","wordHash":"f06c7f731bcacd1df10b026431bdd8c8_13556aae17ea94b65b0c6f15b1416414d2330bc927034a5fa551a58d53f721ea4cef0d0e8dafad1a63fd08569318c72d0971ef4e3e0ce01a2c106cfdc6c0d89c","wordId":"1:346274"},"morphObj":{"params":{"class":"имя","classMask":22,"info":{"isCapital":true,"isUpper":false},"stack":"((<FakeDictionary>, u'\\u0431\\u043e\\u0445\\u043e\\u043d\\u0435\\u043a\\u0430', 19, 1), (<KnownSuffixAnalyzer>, u'\\u043d\\u0435\\u043a\\u0430'))"},"sentenceIndex":[3],"words":["Бохонека"],"wordsIndex":[6]},"rating":125.0,"stats":{"counter":2.0,"counterAll":2.0,"isAdjf":0,"isCombo":0,"isComp":0,"isCountry":0,"isEng":0,"isName":1,"isNominal":0,"isNoun":0,"isNum":0,"isPrtf":0,"isSymbol":0,"isUnknown":0,"isVerb":0,"repeat":0.25,"weight":1.8705749212020316e-05,"weightAll":1.8665422305179655e-05}},"быть":{"indexObj":{"classMask":5,"counter":106921.0,"finded":19713,"isExisted":true,"letterId":1,"meta":"{}","server":"_buber3_","table":"wordIndex.ru","uid":253,"word":"быть","wordHash":"714cdce3286cb2e2d53894204ad7c323_fcf73f0508e9f990293dfa00a5434e590dd4fb647c39ce4b1e7dafff7d73b474f4433574fc482055ab35a432ae9f7c848645cd7b94596a9006f0b64e37f06a17","wordId":"1:253"},"morphObj":{"params":{"class":"г","classMask":5,"info":{"isCapital":false,"isUpper":false},"stack":"((<DictionaryAnalyzer>, u'\\u0431\\u044b\\u043b\\u0430', 587, 5),)"},"sentenceIndex":[0],"words":["была"],"wordsIndex":[6]},"rating":25.0,"stats":{"counter":106921.0,"counterAll":106921.0,"isAdjf":0,"isCombo":0,"isComp":0,"isCountry":0,"isEng":0,"isName":0,"isNominal":0,"isNoun":0,"isNum":0,"isPrtf":0,"isSymbol":0,"isUnknown":0,"isVerb":1,"repeat":0.25,"weight":1.000018705749212,"weightAll":0.997862809146057}},"бюро":{"indexObj":{"classMask":1,"counter":422.0,"finded":321,"isExisted":true,"letterId":1,"meta":"{}","server":"_buber3_","table":"wordIndex.ru","uid":14850,"word":"бюро","wordHash":"97d67b5347e845b620d727c42c21ae1f_d11e554acdc5abd28e51ed73b33073175219a5960aca93ddfb6c374ab0d386216ee8ff6c18a0bcfe91e4d7f77207132b4f7057dc5227e766ca0a6f803aff758c","wordId":"1:14850"},"morphObj":{"params":{"class":"с","classMask":1,"info":{"isCapital":false,"isUpper":false},"stack":"((<DictionaryAnalyzer>, u'\\u0431\\u044e\\u0440\\u043e', 23, 0),)"},"sentenceIndex":[2],"words":["бюро"],"wordsIndex":[9]},"rating":25.0,"stats":{"counter":422.0,"counterAll":422.0,"isAdjf":0,"isCombo":0,"isComp":0,"isCountry":0,"isEng":0,"isName":0,"isNominal":0,"isNoun":1,"isNum":0,"isPrtf":0,"isSymbol":0,"isUnknown":0,"isVerb":0,"repeat":0.25,"weight":0.003946913083736286,"weightAll":0.003938404106392907}},"воеводство":{"indexObj":{"classMask":1,"counter":393.0,"finded":279,"isExisted":true,"letterId":4,"meta":"{}","server":"_buber3_","table":"wordIndex.ru","uid":2048,"word":"воеводство","wordHash":"f4b42b60fe0e213a34353993baee06dd_4fd50be6e812f5d7830f131bb1457d774335593811e52c34c94805ba22ece30c31f90d81b28de0b4393304b618caa3a140fd8768d97f6175891890b616c451a6","wordId":"4:2048"},"morphObj":{"params":{"class":"с","classMask":1,"info":{"isCapital":false,"isUpper":false},"stack":"((<DictionaryAnalyzer>, u'\\u0432\\u043e\\u0435\\u0432\\u043e\\u0434\\u0441\\u0442\\u0432\\u0430', 54, 1),)"},"sentenceIndex":[0,3],"words":["воеводства","воеводства"],"wordsIndex":[28,15]},"rating":50.0,"stats":{"counter":393.0,"counterAll":786.0,"isAdjf":0,"isCombo":0,"isComp":0,"isCountry":0,"isEng":0,"isName":0,"isNominal":0,"isNoun":1,"isNum":0,"isPrtf":0,"isSymbol":0,"isUnknown":0,"isVerb":0,"repeat":0.5,"weight":0.003675679720161992,"weightAll":0.007335510965935604}},"второстепенный":{"indexObj":{"classMask":2,"counter":230.0,"finded":190,"isExisted":true,"letterId":4,"meta":"{}","server":"_buber3_","table":"wordIndex.ru","uid":72,"word":"второстепенный","wordHash":"413750683ebc5bd6da854befa5904732_4123cc0ba576090e33800e94d33f5b84016ddd39de918a7de3d5a3f95e17817a4bf301519800cb7322191f60a0988c643b07b0a9f91408f404943a16526ac115","wordId":"4:72"},"morphObj":{"params":{"class":"п","classMask":2,"info":{"isCapital":false,"isUpper":false},"stack":"((<DictionaryAnalyzer>, u'\\u0432\\u0442\\u043e\\u0440\\u043e\\u0441\\u0442\\u0435\\u043f\\u0435\\u043d\\u043d\\u043e\\u0439', 973, 8),)"},"sentenceIndex":[5],"words":["второстепенной"],"wordsIndex":[16]},"rating":25.0,"stats":{"counter":230.0,"counterAll":230.0,"isAdjf":1,"isCombo":0,"isComp":0,"isCountry":0,"isEng":0,"isName":0,"isNominal":0,"isNoun":0,"isNum":0,"isPrtf":0,"isSymbol":0,"isUnknown":0,"isVerb":0,"repeat":0.25,"weight":0.0021511611593823363,"weightAll":0.0021465235650956604}},"выехать":{"indexObj":{"classMask":5,"counter":193.0,"finded":164,"isExisted":true,"letterId":4,"meta":"{}","server":"_buber3_","table":"wordIndex.ru","uid":21101,"word":"выехать","wordHash":"b73c188f5e381ff6d0873df0cca7451f_5ec7fc4efc16688f86c59035546349b0108f7c940e090394c660e3025db0ab56465439a6c169264f4b8189aab121ba4bd9ba0c9f3f3199f84d925e92547c0f4f","wordId":"4:21101"},"morphObj":{"params":{"class":"г","classMask":5,"info":{"isCapital":false,"isUpper":false},"stack":"((<DictionaryAnalyzer>, u'\\u0432\\u044b\\u0435\\u0445\\u0430\\u043b\\u0430', 779, 2),)"},"sentenceIndex":[5],"words":["выехала"],"wordsIndex":[17]},"rating":25.0,"stats":{"counter":193.0,"counterAll":193.0,"isAdjf":0,"isCombo":0,"isComp":0,"isCountry":0,"isEng":0,"isName":0,"isNominal":0,"isNoun":0,"isNum":0,"isPrtf":0,"isSymbol":0,"isUnknown":0,"isVerb":1,"repeat":0.25,"weight":0.0018051047989599603,"weightAll":0.0018012132524498367}},"главный":{"indexObj":{"classMask":2,"counter":5794.0,"finded":3686,"isExisted":true,"letterId":3,"meta":"{}","server":"_buber3_","table":"wordIndex.ru","uid":1259,"word":"главный","wordHash":"cd655dcdae5a0641a1ab1a559e9256f2_3ddcc0eb8d912c1e04937ea99689304877bddbcff547b19ef6355d78f6e2cb22c90ae4bf1df66a5283f923d9d176a460f0eae8e502ec191920c15a27020acf2a","wordId":"3:1259"},"morphObj":{"params":{"class":"п","classMask":2,"info":{"isCapital":false,"isUpper":false},"stack":"((<DictionaryAnalyzer>, u'\\u0433\\u043b\\u0430\\u0432\\u043d\\u043e\\u0439', 214, 11),)"},"sentenceIndex":[5],"words":["главной"],"wordsIndex":[12]},"rating":25.0,"stats":{"counter":5794.0,"counterAll":5794.0,"isAdjf":1,"isCombo":0,"isComp":0,"isCountry":0,"isEng":0,"isName":0,"isNominal":0,"isNoun":0,"isNum":0,"isPrtf":0,"isSymbol":0,"isUnknown":0,"isVerb":0,"repeat":0.25,"weight":0.05419055546722285,"weightAll":0.05407372841810546}},"глен":{"indexObj":{"classMask":22,"counter":57.0,"finded":43,"isExisted":true,"letterId":3,"meta":"{}","server":"_buber3_","table":"wordIndex.ru","uid":37202,"word":"глен","wordHash":"716ae37b4c2ba858cd61b88e916ccef5_1114322567d08a573c502ebecce99965f21d88a1746381a6079d18593a51afbe773756708b33b608b5b836261eda0fb481737bc8cc3a2a8ffc595d50f332a305","wordId":"3:37202"},"morphObj":{"params":{"class":"имя","classMask":22,"info":{"isCapital":true,"isUpper":false},"stack":"((<DictionaryAnalyzer>, u'\\u0433\\u043b\\u0435\\u043d\\u0430', 26, 1),)"},"sentenceIndex":[0],"words":["Глена"],"wordsIndex":[30]},"rating":125.0,"stats":{"counter":57.0,"counterAll":57.0,"isAdjf":0,"isCombo":0,"isComp":0,"isCountry":0,"isEng":0,"isName":1,"isNominal":0,"isNoun":0,"isNum":0,"isPrtf":0,"isSymbol":0,"isUnknown":0,"isVerb":0,"repeat":0.25,"weight":0.000533113852542579,"weightAll":0.0005319645356976202}},"город":{"indexObj":{"classMask":1,"counter":20455.0,"finded":8462,"isExisted":true,"letterId":3,"meta":"{}","server":"_buber3_","table":"wordIndex.ru","uid":252,"word":"город","wordHash":"e29af8d76ada2e3771305beaf416c003_b8a120db6a01e7bfa5da7b3d935471c3016486b161c65f6bc6e416d117ce35793ee5758ee99abbe2cb2747032feffc2e614e7c7cc0b5b055da05349034e8623b","wordId":"3:252"},"morphObj":{"params":{"class":"с","classMask":1,"info":{"isCapital":false,"isUpper":false},"stack":"((<DictionaryAnalyzer>, u'\\u0433\\u043e\\u0440\\u043e\\u0434\\u0435', 1188, 5),)"},"sentenceIndex":[1],"words":["городе"],"wordsIndex":[4]},"rating":25.0,"stats":{"counter":20455.0,"counterAll":20455.0,"isAdjf":0,"isCombo":0,"isComp":0,"isCountry":0,"isEng":0,"isName":0,"isNominal":0,"isNoun":1,"isNum":0,"isPrtf":0,"isSymbol":0,"isUnknown":0,"isVerb":0,"repeat":0.25,"weight":0.19131305006593777,"weightAll":0.1909006066262249}},"госпитализировать":{"indexObj":{"classMask":8,"counter":79.0,"finded":66,"isExisted":true,"letterId":3,"meta":"{}","server":"_buber3_","table":"wordIndex.ru","uid":10744,"word":"госпитализировать","wordHash":"3e63252393da7d5176910bc19cc12200_4c119574ded9db1e3b42c51a0f370faadf32defb7b3ece68e453f6481a913b858a739e36823d4a5468728d8c743b40a6f4a1c0f91b5e99193f9ca4f4e700d546","wordId":"3:10744"},"morphObj":{"params":{"class":"кр_причастие","classMask":8,"info":{"isCapital":false,"isUpper":false},"stack":"((<DictionaryAnalyzer>, u'\\u0433\\u043e\\u0441\\u043f\\u0438\\u0442\\u0430\\u043b\\u0438\\u0437\\u0438\\u0440\\u043e\\u0432\\u0430\\u043d\\u0430', 75, 200),)"},"sentenceIndex":[0,3],"words":["госпитализирована","госпитализирована"],"wordsIndex":[7,9]},"rating":50.0,"stats":{"counter":79.0,"counterAll":158.0,"isAdjf":0,"isCombo":0,"isComp":0,"isCountry":0,"isEng":0,"isName":0,"isNominal":0,"isNoun":0,"isNum":0,"isPrtf":1,"isSymbol":0,"isUnknown":0,"isVerb":0,"repeat":0.5,"weight":0.0007388770938748024,"weightAll":0.0014745683621091928}},"данные":{"indexObj":{"classMask":1,"counter":4745.0,"finded":3212,"isExisted":true,"letterId":6,"meta":"{}","server":"_buber3_","table":"wordIndex.ru","uid":1377,"word":"данные","wordHash":"ef2ad9183770ac833b84f8ff6927e7b8_b66e2ca2d2f9ec1cf2d578b65e9f6f78cbd3693231c06c427f29d9aa4460ff5bf269d459666a14012f78f30bd97c4c24937624b51e38f238af0a963ec5470f84","wordId":"6:1377"},"morphObj":{"params":{"class":"с","classMask":1,"info":{"isCapital":false,"isUpper":false},"stack":"((<DictionaryAnalyzer>, u'\\u0434\\u0430\\u043d\\u043d\\u044b\\u043c', 151, 2),)"},"sentenceIndex":[5],"words":["данным"],"wordsIndex":[2]},"rating":25.0,"stats":{"counter":4745.0,"counterAll":4745.0,"isAdjf":0,"isCombo":0,"isComp":0,"isCountry":0,"isEng":0,"isName":0,"isNominal":0,"isNoun":1,"isNum":0,"isPrtf":0,"isSymbol":0,"isUnknown":0,"isVerb":0,"repeat":0.25,"weight":0.044379390005518195,"weightAll":0.04428371441903873}},"дорога":{"indexObj":{"classMask":1,"counter":4072.0,"finded":2085,"isExisted":true,"letterId":6,"meta":"{}","server":"_buber3_","table":"wordIndex.ru","uid":5384,"word":"дорога","wordHash":"e519d98fee5c776d0c48861392dde6e2_2e3c0a47f472d6fcc3dc5d8bc47a5c54c508163a6a9d805eec99d7f475b45a6a24814c03dc098f23719b325b1cb9cfaf514e0f407a1f9034467b1a1abf2ace97","wordId":"6:5384"},"morphObj":{"params":{"class":"с","classMask":1,"info":{"isCapital":false,"isUpper":false},"stack":"((<DictionaryAnalyzer>, u'\\u0434\\u043e\\u0440\\u043e\\u0433\\u0435', 43, 2),)"},"sentenceIndex":[5],"words":["дороге"],"wordsIndex":[13]},"rating":25.0,"stats":{"counter":4072.0,"counterAll":4072.0,"isAdjf":0,"isCombo":0,"isComp":0,"isCountry":0,"isEng":0,"isName":0,"isNominal":0,"isNoun":1,"isNum":0,"isPrtf":0,"isSymbol":0,"isUnknown":0,"isVerb":0,"repeat":0.25,"weight":0.03808490539567336,"weightAll":0.038002799813345776}},"другой":{"indexObj":{"classMask":2,"counter":17058.0,"finded":8790,"isExisted":true,"letterId":6,"meta":"{}","server":"_buber3_","table":"wordIndex.ru","uid":229,"word":"другой","wordHash":"3665e7da70aa4d5b3baec9b9b4315f57_f32ad6577e686492112550380a2437406d60d58adc285ebd39010d4fe1cac99747b4caa5b0e0a8c5283b92319a04c76dab2943c7e9aa8503100a6ffa26e58d5a","wordId":"6:229"},"morphObj":{"params":{"class":"п","classMask":2,"info":{"isCapital":false,"isUpper":false},"stack":"((<DictionaryAnalyzer>, u'\\u0434\\u0440\\u0443\\u0433\\u0430\\u044f', 1362, 7),)"},"sentenceIndex":[5],"words":["другая"],"wordsIndex":[18]},"rating":25.0,"stats":{"counter":17058.0,"counterAll":17058.0,"isAdjf":1,"isCombo":0,"isComp":0,"isCountry":0,"isEng":0,"isName":0,"isNominal":0,"isNoun":0,"isNum":0,"isPrtf":0,"isSymbol":0,"isUnknown":0,"isVerb":0,"repeat":0.25,"weight":0.15954133502932127,"weightAll":0.15919738684087728}},"дтп":{"indexObj":{"classMask":1,"counter":127.0,"finded":80,"isExisted":true,"letterId":6,"meta":"{}","server":"_buber3_","table":"wordIndex.ru","uid":25081,"word":"дтп","wordHash":"e9d1f6ae26975cbcb0ee85c33922eab1_ff2cd1f89d46e9b43b3a11bdc4249bc69c0dbeb07ec2a3632ecbfe99b78242ee1217863c81f447af16567c68e59aec9dcc42995bc6e391521eb5b5a868fd9871","wordId":"6:25081"},"morphObj":{"params":{"class":"с","classMask":1,"info":{"isCapital":false,"isUpper":true},"stack":"((<DictionaryAnalyzer>, u'\\u0434\\u0442\\u043f', 1513, 0),)"},"sentenceIndex":[0],"words":["ДТП"],"wordsIndex":[10]},"rating":25.0,"stats":{"counter":127.0,"counterAll":127.0,"isAdjf":0,"isCombo":0,"isComp":0,"isCountry":0,"isEng":0,"isName":0,"isNominal":0,"isNoun":1,"isNum":0,"isPrtf":0,"isSymbol":0,"isUnknown":0,"isVerb":0,"repeat":0.25,"weight":0.00118781507496329,"weightAll":0.001185254316378908}},"ехать":{"indexObj":{"classMask":5,"counter":221.0,"finded":181,"isExisted":true,"letterId":5,"meta":"{}","server":"_buber3_","table":"wordIndex.ru","uid":9609,"word":"ехать","wordHash":"20dd001c0752807b3210841f41758871_89479fdf58ebff4a8ac5d7d1569d55b9c1022d3519c289dda4f05d172bd45421f7f1e2b888889be656777d58ca20b50205cb7d9431edfbafe4ce56da105ebc6b","wordId":"5:9609"},"morphObj":{"params":{"class":"г","classMask":5,"info":{"isCapital":false,"isUpper":false},"stack":"((<DictionaryAnalyzer>, u'\\u0435\\u0445\\u0430\\u043b', 1385, 7),)"},"sentenceIndex":[5],"words":["ехал"],"wordsIndex":[10]},"rating":25.0,"stats":{"counter":221.0,"counterAll":221.0,"isAdjf":0,"isCombo":0,"isComp":0,"isCountry":0,"isEng":0,"isName":0,"isNominal":0,"isNoun":0,"isNum":0,"isPrtf":0,"isSymbol":0,"isUnknown":0,"isVerb":1,"repeat":0.25,"weight":0.0020669852879282445,"weightAll":0.0020625291647223517}},"кортеж":{"indexObj":{"classMask":1,"counter":50.0,"finded":30,"isExisted":true,"letterId":12,"meta":"{}","server":"_buber3_","table":"wordIndex.ru","uid":10058,"word":"кортеж","wordHash":"209025390db772a194199a80cf34e140_596eb80b3e475c368e8f36f59f4c08cb51bec09d99f2a8f6f897dba7b53ac977b08c315546919738bfdd9923be1f9719783e86ecb481a6f0df72293db6046d73","wordId":"12:10058"},"morphObj":{"params":{"class":"с","classMask":1,"info":{"isCapital":false,"isUpper":false},"stack":"((<DictionaryAnalyzer>, u'\\u043a\\u043e\\u0440\\u0442\\u0435\\u0436\\u0430', 79, 1),)"},"sentenceIndex":[0,5,5,6],"words":["кортежа","кортеж","кортежа","кортежа"],"wordsIndex":[18,6,27,13]},"rating":100.0,"stats":{"counter":50.0,"counterAll":200.0,"isAdjf":0,"isCombo":0,"isComp":0,"isCountry":0,"isEng":0,"isName":0,"isNominal":0,"isNoun":1,"isNum":0,"isPrtf":0,"isSymbol":0,"isUnknown":0,"isVerb":0,"repeat":1.0,"weight":0.00046764373030050785,"weightAll":0.0018665422305179655}},"который":{"indexObj":{"classMask":2,"counter":53576.0,"finded":16478,"isExisted":true,"letterId":12,"meta":"{}","server":"_buber3_","table":"wordIndex.ru","uid":216,"word":"который","wordHash":"c8a6d7a44bed6f557c875c08d3ec33a2_673df5f323ec5325eb4198cb05733701dfd46b4370f1b154f7f5e8ad35656c6b045df10392d21ebe661e15d917d78513459c704d920a61be2d439615881cbb80","wordId":"12:216"},"morphObj":{"params":{"class":"п","classMask":2,"info":{"isCapital":false,"isUpper":false},"stack":"((<DictionaryAnalyzer>, u'\\u043a\\u043e\\u0442\\u043e\\u0440\\u043e\\u0435', 1788, 13),)"},"sentenceIndex":[0,6],"words":["которое","которой"],"wordsIndex":[12,4]},"rating":50.0,"stats":{"counter":53576.0,"counterAll":107152.0,"isAdjf":1,"isCombo":0,"isComp":0,"isCountry":0,"isEng":0,"isName":0,"isNominal":0,"isNoun":0,"isNum":0,"isPrtf":0,"isSymbol":0,"isUnknown":0,"isVerb":0,"repeat":0.5,"weight":0.5010896098916002,"weightAll":1.000018665422305}},"малопольский":{"indexObj":{"classMask":22,"counter":59.0,"finded":45,"isExisted":true,"letterId":14,"meta":"{}","server":"_buber3_","table":"wordIndex.ru","uid":24014,"word":"малопольский","wordHash":"cad51e90786b97721c5cd1463807286a_82ad7c59a4c6d13d70ca7b2c5338beaede7e30bf2a28b7e3f3c34a9481ccf067de963a3567456f21d779b957cf0d4d984d7564da67be90422082ba46aaf06b55","wordId":"14:24014"},"morphObj":{"params":{"class":"имя","classMask":22,"info":{"isCapital":true,"isUpper":false},"stack":"((<DictionaryAnalyzer>, u'\\u043c\\u0430\\u043b\\u043e\\u043f\\u043e\\u043b\\u044c\\u0441\\u043a\\u043e\\u0433\\u043e', 16, 1),)"},"sentenceIndex":[0,3],"words":["Малопольского","Малопольского"],"wordsIndex":[27,14]},"rating":150.0,"stats":{"counter":59.0,"counterAll":118.0,"isAdjf":0,"isCombo":0,"isComp":0,"isCountry":0,"isEng":0,"isName":1,"isNominal":0,"isNoun":0,"isNum":0,"isPrtf":0,"isSymbol":0,"isUnknown":0,"isVerb":0,"repeat":0.5,"weight":0.0005518196017545993,"weightAll":0.0011012599160055995}},"машина":{"indexObj":{"classMask":1,"counter":2456.0,"finded":979,"isExisted":true,"letterId":14,"meta":"{}","server":"_buber3_","table":"wordIndex.ru","uid":3698,"word":"машина","wordHash":"0b15ec353653f8e06fd7220dad58db78_a0e39d67947946debb5f77897de7228f08b2b6f7bad9fb6ecebbd444af5a3663f7a1690d421281879b9f341b3b2a61a8922fee35c7c09eec850ef664b7aa3b51","wordId":"14:3698"},"morphObj":{"params":{"class":"с","classMask":1,"info":{"isCapital":false,"isUpper":false},"stack":"((<DictionaryAnalyzer>, u'\\u043c\\u0430\\u0448\\u0438\\u043d\\u0430', 55, 0),)"},"sentenceIndex":[5,6],"words":["машина","машин"],"wordsIndex":[19,11]},"rating":50.0,"stats":{"counter":2456.0,"counterAll":4912.0,"isAdjf":0,"isCombo":0,"isComp":0,"isCountry":0,"isEng":0,"isName":0,"isNominal":0,"isNoun":1,"isNum":0,"isPrtf":0,"isSymbol":0,"isUnknown":0,"isVerb":0,"repeat":0.5,"weight":0.022970660032360948,"weightAll":0.04584227718152123}},"министр":{"indexObj":{"classMask":1,"counter":3380.0,"finded":1509,"isExisted":true,"letterId":14,"meta":"{}","server":"_buber3_","table":"wordIndex.ru","uid":3937,"word":"министр","wordHash":"e4e1a3d9ce73e5a634350fef75766577_7347c8d4e3a90d88c646b411d77c47aadec752cc8523c36bba66bcff69b13fa9b0ee074e58a3ed372647ec2f2b82651d48beb8ea9a02fbcc93998776809dfac8","wordId":"14:3937"},"morphObj":{"params":{"class":"с","classMask":1,"info":{"isCapital":false,"isUpper":false},"stack":"((<DictionaryAnalyzer>, u'\\u043c\\u0438\\u043d\\u0438\\u0441\\u0442\\u0440', 52, 0),)"},"sentenceIndex":[0,5],"words":["министр","министра"],"wordsIndex":[1,8]},"rating":50.0,"stats":{"counter":3380.0,"counterAll":6760.0,"isAdjf":0,"isCombo":0,"isComp":0,"isCountry":0,"isEng":0,"isName":0,"isNominal":0,"isNoun":1,"isNum":0,"isPrtf":0,"isSymbol":0,"isUnknown":0,"isVerb":0,"repeat":0.5,"weight":0.031612716168314334,"weightAll":0.06308912739150724}},"министр-премьер":{"indexObj":{"classMask":1222,"counter":286.0,"finded":109,"isExisted":true,"letterId":14,"meta":"{}","server":"_buber3_","table":"wordIndex.ru","uid":17267,"word":"министр-премьер","wordHash":"8754bab7382681c199eb61cfe47aa323_f52c5fc95fb0a0d5591be02812cee98adbbf044e05a9cd663b77e3dd528c42c43f0b7127702458382e3b1775f5b8ca534b38b4fbf8e6fbb6170b2a2599dca4b4","wordId":"14:17267"},"morphObj":{"params":{"class":"имя","classMask":1222,"info":{"comboClassStats":{"с":2},"isCapital":true,"isCombo":true,"isUpper":false},"stack":"<classByLadder>"},"sentenceIndex":[0,5],"words":["Премьер-министр","премьер-министра"],"wordsIndex":[2,9]},"rating":150.0,"stats":{"counter":286.0,"counterAll":572.0,"isAdjf":0,"isCombo":1,"isComp":0,"isCountry":0,"isEng":0,"isName":1,"isNominal":0,"isNoun":0,"isNum":0,"isPrtf":0,"isSymbol":0,"isUnknown":0,"isVerb":0,"repeat":0.5,"weight":0.002674922137318905,"weightAll":0.005338310779281381}},"несколько":{"indexObj":{"classMask":11,"counter":6345.0,"finded":3904,"isExisted":true,"letterId":13,"meta":"{}","server":"_buber3_","table":"wordIndex.ru","uid":56,"word":"несколько","wordHash":"96177440583c0a34c0b61a661553ce41_d2439da86e52ec4afa5a6c3bd199d015273f25bec8b2abac4c4bf69d38dc9c8f450e20385aeb1879b0021fc3d0aa84ab0adfa77b7566f0b2186844b3240bb7ad","wordId":"13:56"},"morphObj":{"params":{"class":"н","classMask":11,"info":{"isCapital":false,"isUpper":false},"stack":"((<DictionaryAnalyzer>, u'\\u043d\\u0435\\u0441\\u043a\\u043e\\u043b\\u044c\\u043a\\u043e', 3, 0),)"},"sentenceIndex":[0,5,6],"words":["несколько","несколькими","несколько"],"wordsIndex":[14,24,10]},"rating":75.0,"stats":{"counter":6345.0,"counterAll":19035.0,"isAdjf":0,"isCombo":0,"isComp":0,"isCountry":0,"isEng":0,"isName":0,"isNominal":0,"isNoun":0,"isNum":0,"isPrtf":0,"isSymbol":0,"isUnknown":0,"isVerb":0,"repeat":0.75,"weight":0.059343989375134444,"weightAll":0.17764815678954737}},"обследование":{"indexObj":{"classMask":1,"counter":141.0,"finded":108,"isExisted":true,"letterId":16,"meta":"{}","server":"_buber3_","table":"wordIndex.ru","uid":15840,"word":"обследование","wordHash":"0edc323992f54d2730d0c4938bcc9f5d_fec1dc852f4d674eb93f3f5748f609103b5d50b9a84ec4f10d4c6f668b83efad8518833621c69e7290707d556d5be52ad889d0181ccb287f3c0f54face521564","wordId":"16:15840"},"morphObj":{"params":{"class":"с","classMask":1,"info":{"isCapital":false,"isUpper":false},"stack":"((<DictionaryAnalyzer>, u'\\u043e\\u0431\\u0441\\u043b\\u0435\\u0434\\u043e\\u0432\\u0430\\u043d\\u0438\\u044f', 76, 2),)"},"sentenceIndex":[3],"words":["обследования"],"wordsIndex":[17]},"rating":25.0,"stats":{"counter":141.0,"counterAll":141.0,"isAdjf":0,"isCombo":0,"isComp":0,"isCountry":0,"isEng":0,"isName":0,"isNominal":0,"isNoun":1,"isNum":0,"isPrtf":0,"isSymbol":0,"isUnknown":0,"isVerb":0,"repeat":0.25,"weight":0.001318755319447432,"weightAll":0.0013159122725151656}},"один":{"indexObj":{"classMask":2,"counter":39061.0,"finded":14563,"isExisted":true,"letterId":16,"meta":"{}","server":"_buber3_","table":"wordIndex.ru","uid":8,"word":"один","wordHash":"fc114849927fcbde0bde8042c274a17f_448c05269d3ab557aa547bd1ad7f719de9868c8b4b646b3eee9a798cc90cef5de37eafafdc816aee3b556abf4c319d54dff3a7c630324600e3d80a3bdbc99dca","wordId":"16:8"},"morphObj":{"params":{"class":"п","classMask":2,"info":{"isCapital":false,"isUpper":false},"stack":"((<DictionaryAnalyzer>, u'\\u043e\\u0434\\u0438\\u043d', 2198, 0),)"},"sentenceIndex":[2,3],"words":["один","одну"],"wordsIndex":[6,11]},"rating":50.0,"stats":{"counter":39061.0,"counterAll":78122.0,"isAdjf":1,"isCombo":0,"isComp":0,"isCountry":0,"isEng":0,"isName":0,"isNominal":0,"isNoun":0,"isNum":0,"isPrtf":0,"isSymbol":0,"isUnknown":0,"isVerb":0,"repeat":0.5,"weight":0.3653326349853627,"weightAll":0.7290900606626225}},"освенцим":{"indexObj":{"classMask":22,"counter":53.0,"finded":33,"isExisted":true,"letterId":16,"meta":"{}","server":"_buber3_","table":"wordIndex.ru","uid":35569,"word":"освенцим","wordHash":"ed2cbed97e5e6f66af511c0db748390b_a36035dd0d770f20bee458fffbba35c28ac7dd624b76fc8bab539900611495a400a0c6c71de3d54336ab353cff691cb6e0deb5409ef97af48a418676fa91b279","wordId":"16:35569"},"morphObj":{"params":{"class":"имя","classMask":22,"info":{"isCapital":true,"isUpper":false},"stack":"((<DictionaryAnalyzer>, u'\\u043e\\u0441\\u0432\\u0435\\u043d\\u0446\\u0438\\u043c\\u0435', 32, 5),)"},"sentenceIndex":[1],"words":["Освенциме"],"wordsIndex":[5]},"rating":125.0,"stats":{"counter":53.0,"counterAll":53.0,"isAdjf":0,"isCombo":0,"isComp":0,"isCountry":0,"isEng":0,"isName":1,"isNominal":0,"isNoun":0,"isNum":0,"isPrtf":0,"isSymbol":0,"isUnknown":0,"isVerb":0,"repeat":0.25,"weight":0.0004957023541185383,"weightAll":0.0004946336910872608}},"отметить":{"indexObj":{"classMask":5,"counter":1420.0,"finded":1089,"isExisted":true,"letterId":16,"meta":"{}","server":"_buber3_","table":"wordIndex.ru","uid":4371,"word":"отметить","wordHash":"e46f9983e19cd20f45adb70cfdca0482_3768c728c9f87dbc510608e61b81282e121e949e7b492d176274b55b26a675bb685bdb40a1b5294a39e95c2aa8e52c60bdf1c3e8fff420d4b08784bd24904943","wordId":"16:4371"},"morphObj":{"params":{"class":"г","classMask":5,"info":{"isCapital":false,"isUpper":false},"stack":"((<DictionaryAnalyzer>, u'\\u043e\\u0442\\u043c\\u0435\\u0442\\u0438\\u043b', 928, 1),)"},"sentenceIndex":[4],"words":["отметил"],"wordsIndex":[1]},"rating":25.0,"stats":{"counter":1420.0,"counterAll":1420.0,"isAdjf":0,"isCombo":0,"isComp":0,"isCountry":0,"isEng":0,"isName":0,"isNominal":0,"isNoun":0,"isNum":0,"isPrtf":0,"isSymbol":0,"isUnknown":0,"isVerb":1,"repeat":0.25,"weight":0.013281081940534423,"weightAll":0.013252449836677555}},"охрана":{"indexObj":{"classMask":1,"counter":981.0,"finded":673,"isExisted":true,"letterId":16,"meta":"{}","server":"_buber3_","table":"wordIndex.ru","uid":6064,"word":"охрана","wordHash":"874810dd19c67b12cb1dbeea11641f70_9c81b6943b3909d275716478bf3cd658088497d87369bf426756fc0dc7e2b114473908e7b8d9f29e6f1804c3e4f8b10becd3f3407f4b5730c0ae475b7c1395e7","wordId":"16:6064"},"morphObj":{"params":{"class":"с","classMask":1,"info":{"isCapital":false,"isUpper":false},"stack":"((<DictionaryAnalyzer>, u'\\u043e\\u0445\\u0440\\u0430\\u043d\\u044b', 55, 1),)"},"sentenceIndex":[2],"words":["охраны"],"wordsIndex":[10]},"rating":25.0,"stats":{"counter":981.0,"counterAll":981.0,"isAdjf":0,"isCombo":0,"isComp":0,"isCountry":0,"isEng":0,"isName":0,"isNominal":0,"isNoun":1,"isNum":0,"isPrtf":0,"isSymbol":0,"isUnknown":0,"isVerb":0,"repeat":0.25,"weight":0.009175169988495964,"weightAll":0.00915538964069062}},"политика":{"indexObj":{"classMask":1,"counter":2264.0,"finded":1291,"isExisted":true,"letterId":15,"meta":"{}","server":"_buber3_","table":"wordIndex.ru","uid":7446,"word":"политика","wordHash":"e1fa92f90999203bd9ed511686489c7b_6412350663f72acb15976d185650d3233bbad8e9dab43673fafba189c4e16353ec8a460b3194b0e47b421e76df737d712f01258608829d977ef0185d63846b2c","wordId":"15:7446"},"morphObj":{"params":{"class":"с","classMask":1,"info":{"isCapital":false,"isUpper":false},"stack":"((<DictionaryAnalyzer>, u'\\u043f\\u043e\\u043b\\u0438\\u0442\\u0438\\u043a\\u0430', 43, 0),)"},"sentenceIndex":[6],"words":["политика"],"wordsIndex":[14]},"rating":25.0,"stats":{"counter":2264.0,"counterAll":2264.0,"isAdjf":0,"isCombo":0,"isComp":0,"isCountry":0,"isEng":0,"isName":0,"isNominal":0,"isNoun":1,"isNum":0,"isPrtf":0,"isSymbol":0,"isUnknown":0,"isVerb":0,"repeat":0.25,"weight":0.021174908108006995,"weightAll":0.02112925804946337}},"полиция":{"indexObj":{"classMask":1,"counter":1378.0,"finded":801,"isExisted":true,"letterId":15,"meta":"{}","server":"_buber3_","table":"wordIndex.ru","uid":1260,"word":"полиция","wordHash":"53e633b14d8a294b962caaaa90337880_a2caa2fecd21fbd1a8197d6f5713262b6250f6d6bdd1c11ce18757adeee005eb585725b4ebd3c11626ec2e56baa7c6cfe38ae485eb6530fe093aa11ec8b09663","wordId":"15:1260"},"morphObj":{"params":{"class":"с","classMask":1,"info":{"isCapital":false,"isUpper":false},"stack":"((<DictionaryAnalyzer>, u'\\u043f\\u043e\\u043b\\u0438\\u0446\\u0438\\u0438', 40, 1),)"},"sentenceIndex":[0],"words":["полиции"],"wordsIndex":[26]},"rating":25.0,"stats":{"counter":1378.0,"counterAll":1378.0,"isAdjf":0,"isCombo":0,"isComp":0,"isCountry":0,"isEng":0,"isName":0,"isNominal":0,"isNoun":1,"isNum":0,"isPrtf":0,"isSymbol":0,"isUnknown":0,"isVerb":0,"repeat":0.25,"weight":0.012888261207081997,"weightAll":0.012860475968268783}},"получить":{"indexObj":{"classMask":5,"counter":9475.0,"finded":5477,"isExisted":true,"letterId":15,"meta":"{}","server":"_buber3_","table":"wordIndex.ru","uid":1523,"word":"получить","wordHash":"a3c0a3183428b80a15b71cb94c0f68d0_4391d751662df079fede698bed037090b8126c511bb4731b3d2ffd4735c7d33eaae5440349ed844939d0fa9d2c27e26867eca5dbc546ce52a69ab858c42cabda","wordId":"15:1523"},"morphObj":{"params":{"class":"г","classMask":5,"info":{"isCapital":false,"isUpper":false},"stack":"((<DictionaryAnalyzer>, u'\\u043f\\u043e\\u043b\\u0443\\u0447\\u0438\\u043b', 634, 1),)"},"sentenceIndex":[2],"words":["получил"],"wordsIndex":[5]},"rating":25.0,"stats":{"counter":9475.0,"counterAll":9475.0,"isAdjf":0,"isCombo":0,"isComp":0,"isCountry":0,"isEng":0,"isName":0,"isNominal":0,"isNoun":0,"isNum":0,"isPrtf":0,"isSymbol":0,"isUnknown":0,"isVerb":1,"repeat":0.25,"weight":0.08861848689194624,"weightAll":0.08842743817078862}},"польский":{"indexObj":{"classMask":2,"counter":1231.0,"finded":650,"isExisted":true,"letterId":15,"meta":"{}","server":"_buber3_","table":"wordIndex.ru","uid":8877,"word":"польский","wordHash":"00b9a1e5b87046f78a37f422cf8863ce_c72187e1a931beb5ffc5b05710e3316e1f83f8d7dd2dc3e2d571131dd7591d0dc81050b3af3c3393b31781c00059b34ce5fbab5e12726c8d999e7142c233c7fa","wordId":"15:8877"},"morphObj":{"params":{"class":"п","classMask":2,"info":{"isCapital":false,"isUpper":false},"stack":"((<DictionaryAnalyzer>, u'\\u043f\\u043e\\u043b\\u044c\\u0441\\u043a\\u043e\\u043c', 16, 6),)"},"sentenceIndex":[1],"words":["польском"],"wordsIndex":[3]},"rating":25.0,"stats":{"counter":1231.0,"counterAll":1231.0,"isAdjf":1,"isCombo":0,"isComp":0,"isCountry":0,"isEng":0,"isName":0,"isNominal":0,"isNoun":0,"isNum":0,"isPrtf":0,"isSymbol":0,"isUnknown":0,"isVerb":0,"repeat":0.25,"weight":0.011513388639998503,"weightAll":0.011488567428838078}},"польша":{"indexObj":{"classMask":1122,"counter":1937.0,"finded":1091,"isExisted":true,"letterId":15,"meta":"{}","server":"_buber3_","table":"wordIndex.ru","uid":2060,"word":"польша","wordHash":"ae0eb1b4590372a88215d1a8653ca1be_ebdfad9a5935e077b25eeb2629607962a040615859701808b7debe805f7094f0604eba923bb0fedc8da165d4bd971e9e35d567736a18c6980f0c9e93c8c6b1dc","wordId":"15:2060"},"morphObj":{"params":{"class":"имя","classMask":1122,"info":{"isCapital":true,"isCountry":true,"isUpper":false},"stack":"((<DictionaryAnalyzer>, u'\\u043f\\u043e\\u043b\\u044c\\u0448\\u0438', 284, 1),)"},"sentenceIndex":[0,3],"words":["Польши","Польши"],"wordsIndex":[3,4]},"rating":350.0,"stats":{"counter":1937.0,"counterAll":3874.0,"isAdjf":0,"isCombo":0,"isComp":0,"isCountry":1,"isEng":0,"isName":1,"isNominal":0,"isNoun":0,"isNum":0,"isPrtf":0,"isSymbol":0,"isUnknown":0,"isVerb":0,"repeat":0.5,"weight":0.018116518111841673,"weightAll":0.03615492300513299}},"попасть":{"indexObj":{"classMask":5,"counter":1482.0,"finded":1115,"isExisted":true,"letterId":15,"meta":"{}","server":"_buber3_","table":"wordIndex.ru","uid":3048,"word":"попасть","wordHash":"7242166ef061872ed0de31749ef87436_b4330c8d27e91e24db4222694ec5ad173d741a980073b828bb8d0d27376d83469f0fe14f97170d63dfe5993cdeaa6a62f49b2d09bd2ba990147ad405a7d0d053","wordId":"15:3048"},"morphObj":{"params":{"class":"г","classMask":5,"info":{"isCapital":false,"isUpper":false},"stack":"((<DictionaryAnalyzer>, u'\\u043f\\u043e\\u043f\\u0430\\u043b\\u0438', 913, 4),)"},"sentenceIndex":[0,6],"words":["попали","попали"],"wordsIndex":[13,8]},"rating":50.0,"stats":{"counter":1482.0,"counterAll":2964.0,"isAdjf":0,"isCombo":0,"isComp":0,"isCountry":0,"isEng":0,"isName":0,"isNominal":0,"isNoun":0,"isNum":0,"isPrtf":0,"isSymbol":0,"isUnknown":0,"isVerb":1,"repeat":0.5,"weight":0.013860960166107054,"weightAll":0.02766215585627625}},"пострадать":{"indexObj":{"classMask":5,"counter":434.0,"finded":338,"isExisted":true,"letterId":15,"meta":"{}","server":"_buber3_","table":"wordIndex.ru","uid":5827,"word":"пострадать","wordHash":"d7452040e62695329ecc339e765058cf_1a70a165dd03da7a50bf001b92038ca3f70221bd49fdbe11f438c3d3553e926932bb6e08fbc0659a97c8de72c81c688198f9202b3d91b7384bbc24252b06d5ef","wordId":"15:5827"},"morphObj":{"params":{"class":"г","classMask":5,"info":{"isCapital":false,"isUpper":false},"stack":"((<DictionaryAnalyzer>, u'\\u043f\\u043e\\u0441\\u0442\\u0440\\u0430\\u0434\\u0430\\u043b\\u0430', 715, 2),)"},"sentenceIndex":[4,6],"words":["пострадала","пострадала"],"wordsIndex":[6,5]},"rating":50.0,"stats":{"counter":434.0,"counterAll":868.0,"isAdjf":0,"isCombo":0,"isComp":0,"isCountry":0,"isEng":0,"isName":0,"isNominal":0,"isNoun":0,"isNum":0,"isPrtf":0,"isSymbol":0,"isUnknown":0,"isVerb":1,"repeat":0.5,"weight":0.004059147579008408,"weightAll":0.00810079328044797}},"правительство":{"indexObj":{"classMask":1,"counter":3532.0,"finded":1641,"isExisted":true,"letterId":15,"meta":"{}","server":"_buber3_","table":"wordIndex.ru","uid":6899,"word":"правительство","wordHash":"ffc0da99969dd09b45b85c4235197c7f_cbd3041182dce92911f14ca41d97857d0f0425f8da02df302f8c7e7806b5211f6637362162a23b8daf4ae63100b8f40ff45b0bb929f507c02997f61de139bd6e","wordId":"15:6899"},"morphObj":{"params":{"class":"с","classMask":1,"info":{"isCapital":false,"isUpper":false},"stack":"((<DictionaryAnalyzer>, u'\\u043f\\u0440\\u0430\\u0432\\u0438\\u0442\\u0435\\u043b\\u044c\\u0441\\u0442\\u0432\\u0430', 54, 1),)"},"sentenceIndex":[2,3],"words":["правительства","правительства"],"wordsIndex":[11,3]},"rating":50.0,"stats":{"counter":3532.0,"counterAll":7064.0,"isAdjf":0,"isCombo":0,"isComp":0,"isCountry":0,"isEng":0,"isName":0,"isNominal":0,"isNoun":1,"isNum":0,"isPrtf":0,"isSymbol":0,"isUnknown":0,"isVerb":0,"repeat":0.5,"weight":0.03303435310842787,"weightAll":0.06592627158189454}},"предварительный":{"indexObj":{"classMask":2,"counter":671.0,"finded":527,"isExisted":true,"letterId":15,"meta":"{}","server":"_buber3_","table":"wordIndex.ru","uid":7621,"word":"предварительный","wordHash":"45ab7c70a409b1a73d4657a74175950b_6fa4dfcf1f0448d29c0c7ff5026f046d07b73582c7fa0722e71ee181a23d8346bd8f88e67152e47cd0c8b4b3a115e9eabd193d1f925b93f889f12b88ac7c395d","wordId":"15:7621"},"morphObj":{"params":{"class":"п","classMask":2,"info":{"isCapital":false,"isUpper":false},"stack":"((<DictionaryAnalyzer>, u'\\u043f\\u0440\\u0435\\u0434\\u0432\\u0430\\u0440\\u0438\\u0442\\u0435\\u043b\\u044c\\u043d\\u044b\\u043c', 60, 22),)"},"sentenceIndex":[5],"words":["предварительным"],"wordsIndex":[1]},"rating":25.0,"stats":{"counter":671.0,"counterAll":671.0,"isAdjf":1,"isCombo":0,"isComp":0,"isCountry":0,"isEng":0,"isName":0,"isNominal":0,"isNoun":0,"isNum":0,"isPrtf":0,"isSymbol":0,"isUnknown":0,"isVerb":0,"repeat":0.25,"weight":0.006275778860632815,"weightAll":0.006262249183387774}},"представитель":{"indexObj":{"classMask":1,"counter":4406.0,"finded":2861,"isExisted":true,"letterId":15,"meta":"{}","server":"_buber3_","table":"wordIndex.ru","uid":324,"word":"представитель","wordHash":"ba9a93dcd01953ea1ff312a3e9110b36_21288ffc32ea25d49631ebe11f146479b50f3e09bc90bb2f0d854b0085816d23968430d1b5061472643a172b39bf08cd3f646fa7654288d66c02d984f9a39643","wordId":"15:324"},"morphObj":{"params":{"class":"с","classMask":1,"info":{"isCapital":false,"isUpper":false},"stack":"((<DictionaryAnalyzer>, u'\\u043f\\u0440\\u0435\\u0434\\u0441\\u0442\\u0430\\u0432\\u0438\\u0442\\u0435\\u043b\\u044f', 121, 3),)"},"sentenceIndex":[0,3],"words":["представителя","представителя"],"wordsIndex":[25,2]},"rating":50.0,"stats":{"counter":4406.0,"counterAll":8812.0,"isAdjf":0,"isCombo":0,"isComp":0,"isCountry":0,"isEng":0,"isName":0,"isNominal":0,"isNoun":1,"isNum":0,"isPrtf":0,"isSymbol":0,"isUnknown":0,"isVerb":0,"repeat":0.5,"weight":0.04120876551408075,"weightAll":0.08223985067662155}},"премьер":{"indexObj":{"classMask":1,"counter":1184.0,"finded":688,"isExisted":true,"letterId":15,"meta":"{}","server":"_buber3_","table":"wordIndex.ru","uid":15510,"word":"премьер","wordHash":"f036c33715ee71d1d1b8f88497c4700f_f9b66b6331fdcc79fa4f92a2ddc666a20b01a383d5e0195f4e67c7d469b02f53e3bd902fe897dc81ad7fbfdf9d5cfb8a0b0843b53aacb52f3fe4fbcdca98bc69","wordId":"15:15510"},"morphObj":{"params":{"class":"с","classMask":1,"info":{"isCapital":true,"isUpper":false},"stack":"((<DictionaryAnalyzer>, u'\\u043f\\u0440\\u0435\\u043c\\u044c\\u0435\\u0440', 52, 0),)"},"sentenceIndex":[0,5],"words":["Премьер","премьер"],"wordsIndex":[0,7]},"rating":50.0,"stats":{"counter":1184.0,"counterAll":2368.0,"isAdjf":0,"isCombo":0,"isComp":0,"isCountry":0,"isEng":0,"isName":0,"isNominal":0,"isNoun":1,"isNum":0,"isPrtf":0,"isSymbol":0,"isUnknown":0,"isVerb":0,"repeat":0.5,"weight":0.011073803533516027,"weightAll":0.02209986000933271}},"произойти":{"indexObj":{"classMask":5,"counter":2122.0,"finded":1560,"isExisted":true,"letterId":15,"meta":"{}","server":"_buber3_","table":"wordIndex.ru","uid":7179,"word":"произойти","wordHash":"11872037c3f64c7e556b94412749d619_696fb41612aa8a87f4c5082caf527ee3eb60cfd0cd36436aa3d981bc74674d4af823eda0a10d5384331fd671327030490df4fd17ab034c10282bc89aac2f0575","wordId":"15:7179"},"morphObj":{"params":{"class":"г","classMask":5,"info":{"isCapital":false,"isUpper":false},"stack":"((<DictionaryAnalyzer>, u'\\u043f\\u0440\\u043e\\u0438\\u0437\\u043e\\u0448\\u043b\\u0430', 2581, 2),)"},"sentenceIndex":[1,5],"words":["произошла","произошла"],"wordsIndex":[1,4]},"rating":50.0,"stats":{"counter":2122.0,"counterAll":4244.0,"isAdjf":0,"isCombo":0,"isComp":0,"isCountry":0,"isEng":0,"isName":0,"isNominal":0,"isNoun":0,"isNum":0,"isPrtf":0,"isSymbol":0,"isUnknown":0,"isVerb":1,"repeat":0.5,"weight":0.019846799913953554,"weightAll":0.03960802613159123}},"происшествие":{"indexObj":{"classMask":1,"counter":300.0,"finded":234,"isExisted":true,"letterId":15,"meta":"{}","server":"_buber3_","table":"wordIndex.ru","uid":19490,"word":"происшествие","wordHash":"e321c98e98c6bebe9ae2497ed2e550d9_e602a7d42bec06590ebeb3c31c402e8b9175bdf0b1f0c52b69ec1ae0b1dc1c268961b8b16b583d550a219af84801c58c16c6ed67550d1d7a39eb126ab89dab63","wordId":"15:19490"},"morphObj":{"params":{"class":"с","classMask":1,"info":{"isCapital":false,"isUpper":false},"stack":"((<DictionaryAnalyzer>, u'\\u043f\\u0440\\u043e\\u0438\\u0441\\u0448\\u0435\\u0441\\u0442\\u0432\\u0438\\u044f', 119, 1),)"},"sentenceIndex":[2],"words":["происшествия"],"wordsIndex":[2]},"rating":25.0,"stats":{"counter":300.0,"counterAll":300.0,"isAdjf":0,"isCombo":0,"isComp":0,"isCountry":0,"isEng":0,"isName":0,"isNominal":0,"isNoun":1,"isNum":0,"isPrtf":0,"isSymbol":0,"isUnknown":0,"isVerb":0,"repeat":0.25,"weight":0.002805862381803047,"weightAll":0.0027998133457769483}},"рафал":{"indexObj":{"classMask":22,"counter":12.0,"finded":11,"isExisted":true,"letterId":18,"meta":"{}","server":"_buber3_","table":"wordIndex.ru","uid":149517,"word":"рафал","wordHash":"7946fb544b6d7f13f040bc427840c8e7_b2ba821657ec1ceba8b2825133b2a8ef6c9c6600eb766f7587759d6a818536eaf069fa235327f9517d5b2417725d46b1b657a202098689ac1e0962e2d9d126e7","wordId":"18:149517"},"morphObj":{"params":{"class":"имя","classMask":22,"info":{"isCapital":true,"isUpper":false},"stack":"((<DictionaryAnalyzer>, u'\\u0444\\u0430\\u043b\\u0430', 33, 1), (<UnknownPrefixAnalyzer>, u'\\u0440\\u0430'))"},"sentenceIndex":[3],"words":["Рафала"],"wordsIndex":[5]},"rating":125.0,"stats":{"counter":12.0,"counterAll":12.0,"isAdjf":0,"isCombo":0,"isComp":0,"isCountry":0,"isEng":0,"isName":1,"isNominal":0,"isNoun":0,"isNum":0,"isPrtf":0,"isSymbol":0,"isUnknown":0,"isVerb":0,"repeat":0.25,"weight":0.00011223449527212188,"weightAll":0.00011199253383107793}},"результат":{"indexObj":{"classMask":1,"counter":8114.0,"finded":4769,"isExisted":true,"letterId":18,"meta":"{}","server":"_buber3_","table":"wordIndex.ru","uid":2104,"word":"результат","wordHash":"bd000b58f3f40f8da6ea388586776742_42ff0b331f3b3173ff7b41d8c5c3d31f51b1c9036d314e526181123fa3a162187f43bd1aecaf523a1ae5098b246f879c3ae13c99c30fdeb6b67142267bb59184","wordId":"18:2104"},"morphObj":{"params":{"class":"с","classMask":1,"info":{"isCapital":false,"isUpper":false},"stack":"((<DictionaryAnalyzer>, u'\\u0440\\u0435\\u0437\\u0443\\u043b\\u044c\\u0442\\u0430\\u0442\\u0435', 33, 5),)"},"sentenceIndex":[0,2,6],"words":["результате","результате","результате"],"wordsIndex":[9,1,3]},"rating":75.0,"stats":{"counter":8114.0,"counterAll":24342.0,"isAdjf":0,"isCombo":0,"isComp":0,"isCountry":0,"isEng":0,"isName":0,"isNominal":0,"isNoun":1,"isNum":0,"isPrtf":0,"isSymbol":0,"isUnknown":0,"isVerb":0,"repeat":0.75,"weight":0.07588922455316642,"weightAll":0.22717685487634157}},"себастиан":{"indexObj":{"classMask":22,"counter":22.0,"finded":19,"isExisted":true,"letterId":17,"meta":"{}","server":"_buber3_","table":"wordIndex.ru","uid":1601,"word":"себастиан","wordHash":"690720c63718badfb069d9502d5f3f9d_25fd2f4e18580de5be196f71637b5a5e2e56049db2a865bcd40de4f576b314f06b573c187f9bc00df94faab00310a60ed05c0ac232c47bbb3f3813f482dbba1f","wordId":"17:1601"},"morphObj":{"params":{"class":"имя","classMask":22,"info":{"isCapital":true,"isUpper":false},"stack":"((<DictionaryAnalyzer>, u'\\u0441\\u0435\\u0431\\u0430\\u0441\\u0442\\u0438\\u0430\\u043d\\u0430', 26, 1),)"},"sentenceIndex":[0],"words":["Себастиана"],"wordsIndex":[29]},"rating":125.0,"stats":{"counter":22.0,"counterAll":22.0,"isAdjf":0,"isCombo":0,"isComp":0,"isCountry":0,"isEng":0,"isName":1,"isNominal":0,"isNoun":0,"isNum":0,"isPrtf":0,"isSymbol":0,"isUnknown":0,"isVerb":0,"repeat":0.25,"weight":0.00020576324133222347,"weightAll":0.0002053196453569762}},"серьёзно":{"indexObj":{"classMask":11,"counter":294.0,"finded":273,"isExisted":true,"letterId":17,"meta":"{}","server":"_buber3_","table":"wordIndex.ru","uid":14509,"word":"серьёзно","wordHash":"4531c555090574394f08d342ccd16a8b_4e440cf06c2e69707905ef36571cdb30af3f910c8ee6257e59f6406ce1fd95c9102d7a56a30b40f76881319fa1e5db1a6e7cca02152879730d47063469a31c65","wordId":"17:14509"},"morphObj":{"params":{"class":"н","classMask":11,"info":{"isCapital":false,"isUpper":false},"stack":"((<DictionaryAnalyzer>, u'\\u0441\\u0435\\u0440\\u044c\\u0451\\u0437\\u043d\\u043e', 3, 0),)"},"sentenceIndex":[4],"words":["серьезно"],"wordsIndex":[3]},"rating":25.0,"stats":{"counter":294.0,"counterAll":294.0,"isAdjf":0,"isCombo":0,"isComp":0,"isCountry":0,"isEng":0,"isName":0,"isNominal":0,"isNoun":0,"isNum":0,"isPrtf":0,"isSymbol":0,"isUnknown":0,"isVerb":0,"repeat":0.25,"weight":0.002749745134166986,"weightAll":0.002743817078861409}},"серьёзный":{"indexObj":{"classMask":2,"counter":1079.0,"finded":880,"isExisted":true,"letterId":17,"meta":"{}","server":"_buber3_","table":"wordIndex.ru","uid":8305,"word":"серьёзный","wordHash":"bec4bff40d00e5c729b1d925e00fd9d9_a1482b1a9aa22205bcc56d07e241982a4b2f8d0125d5bd13e4867104f48a1ef35c23fcc9abee370752161fc554785b5b854a7f5e8755d83532ce61035ce64bc9","wordId":"17:8305"},"morphObj":{"params":{"class":"п","classMask":2,"info":{"isCapital":false,"isUpper":false},"stack":"((<DictionaryAnalyzer>, u'\\u0441\\u0435\\u0440\\u044c\\u0451\\u0437\\u043d\\u044b\\u0435', 12, 20),)"},"sentenceIndex":[2],"words":["серьезные"],"wordsIndex":[3]},"rating":25.0,"stats":{"counter":1079.0,"counterAll":1079.0,"isAdjf":1,"isCombo":0,"isComp":0,"isCountry":0,"isEng":0,"isName":0,"isNominal":0,"isNoun":0,"isNum":0,"isPrtf":0,"isSymbol":0,"isUnknown":0,"isVerb":0,"repeat":0.25,"weight":0.01009175169988496,"weightAll":0.010069995333644423}},"слово":{"indexObj":{"classMask":1,"counter":5453.0,"finded":3155,"isExisted":true,"letterId":17,"meta":"{}","server":"_buber3_","table":"wordIndex.ru","uid":125,"word":"слово","wordHash":"4a61f7bb50c173ed273c39a64cee8606_717f0a450ae4219ac63203338ef9b6eb3c5967d0c3b0a381a33741871bf28520d82807b92e405961f15e57800a1fc347e47e912579fcb90407e7a2cb0e9630e6","wordId":"17:125"},"morphObj":{"params":{"class":"с","classMask":1,"info":{"isCapital":false,"isUpper":false},"stack":"((<DictionaryAnalyzer>, u'\\u0441\\u043b\\u043e\\u0432\\u0430\\u043c', 54, 8),)"},"sentenceIndex":[3],"words":["словам"],"wordsIndex":[1]},"rating":25.0,"stats":{"counter":5453.0,"counterAll":5453.0,"isAdjf":0,"isCombo":0,"isComp":0,"isCountry":0,"isEng":0,"isName":0,"isNominal":0,"isNoun":1,"isNum":0,"isPrtf":0,"isSymbol":0,"isUnknown":0,"isVerb":0,"repeat":0.25,"weight":0.05100122522657339,"weightAll":0.05089127391507233}},"сообщать":{"indexObj":{"classMask":5,"counter":1902.0,"finded":1661,"isExisted":true,"letterId":17,"meta":"{}","server":"_buber3_","table":"wordIndex.ru","uid":1954,"word":"сообщать","wordHash":"49044442e835fd02adb8c0061842f160_3568d244b5557ea9339e4a027955ca45bc74a7fe56e13513f1809390a8f28f2099018a78a11c67d281322590295a263ae7f2eb7fd9f02cf60495a9e0f85150a0","wordId":"17:1954"},"morphObj":{"params":{"class":"г","classMask":5,"info":{"isCapital":false,"isUpper":false},"stack":"((<DictionaryAnalyzer>, u'\\u0441\\u043e\\u043e\\u0431\\u0449\\u0430\\u0435\\u0442', 206, 5),)"},"sentenceIndex":[0],"words":["сообщает"],"wordsIndex":[19]},"rating":25.0,"stats":{"counter":1902.0,"counterAll":1902.0,"isAdjf":0,"isCombo":0,"isComp":0,"isCountry":0,"isEng":0,"isName":0,"isNominal":0,"isNoun":0,"isNum":0,"isPrtf":0,"isSymbol":0,"isUnknown":0,"isVerb":1,"repeat":0.25,"weight":0.01778916750063132,"weightAll":0.017750816612225852}},"сотрудник":{"indexObj":{"classMask":1,"counter":2214.0,"finded":1444,"isExisted":true,"letterId":17,"meta":"{}","server":"_buber3_","table":"wordIndex.ru","uid":1431,"word":"сотрудник","wordHash":"6718722c4dabc1c24d33df2d00a111c9_993e7a6d48ee6a723df73ce103059ec7a29dccc777fbf65ff3e95fd936336b7fc2c34e99d4b851e168d0db0cb5a4c00cee66c652fe6cdff52f61c1953d97b929","wordId":"17:1431"},"morphObj":{"params":{"class":"с","classMask":1,"info":{"isCapital":false,"isUpper":false},"stack":"((<DictionaryAnalyzer>, u'\\u0441\\u043e\\u0442\\u0440\\u0443\\u0434\\u043d\\u0438\\u043a\\u043e\\u0432', 2, 7),)"},"sentenceIndex":[2],"words":["сотрудников"],"wordsIndex":[8]},"rating":25.0,"stats":{"counter":2214.0,"counterAll":2214.0,"isAdjf":0,"isCombo":0,"isComp":0,"isCountry":0,"isEng":0,"isName":0,"isNominal":0,"isNoun":1,"isNum":0,"isPrtf":0,"isSymbol":0,"isUnknown":0,"isVerb":0,"repeat":0.25,"weight":0.020707264377706487,"weightAll":0.020662622491833878}},"сразу":{"indexObj":{"classMask":11,"counter":1575.0,"finded":1260,"isExisted":true,"letterId":17,"meta":"{}","server":"_buber3_","table":"wordIndex.ru","uid":2381,"word":"сразу","wordHash":"cb055dca3cf80430581a936355b92a1d_8c72651ec7811e63d2e82b2d90754196ce37d87f86a00c1320d18b7c183ae5984939d2319ed2ba80f47bfccf9ceae59295a8cef43f9bdb90d4c6c85f9aad888a","wordId":"17:2381"},"morphObj":{"params":{"class":"н","classMask":11,"info":{"isCapital":false,"isUpper":false},"stack":"((<DictionaryAnalyzer>, u'\\u0441\\u0440\\u0430\\u0437\\u0443', 3, 0),)"},"sentenceIndex":[5,6],"words":["сразу","сразу"],"wordsIndex":[22,9]},"rating":50.0,"stats":{"counter":1575.0,"counterAll":3150.0,"isAdjf":0,"isCombo":0,"isComp":0,"isCountry":0,"isEng":0,"isName":0,"isNominal":0,"isNoun":0,"isNum":0,"isPrtf":0,"isSymbol":0,"isUnknown":0,"isVerb":0,"repeat":0.5,"weight":0.014730777504465997,"weightAll":0.029398040130657957}},"ссылка":{"indexObj":{"classMask":1,"counter":979.0,"finded":780,"isExisted":true,"letterId":17,"meta":"{}","server":"_buber3_","table":"wordIndex.ru","uid":4618,"word":"ссылка","wordHash":"99b8470f6604ee9e76d7e892971d84ce_8a989ca2cfe9eaed4703a41d05be902eefc169ce0f77c79697e65b0a659084f24a9f30d3ef6106f9db1d0b0449d51c74671cd3111fea4f469561257a5de1bd8b","wordId":"17:4618"},"morphObj":{"params":{"class":"с","classMask":1,"info":{"isCapital":false,"isUpper":false},"stack":"((<DictionaryAnalyzer>, u'\\u0441\\u0441\\u044b\\u043b\\u043a\\u043e\\u0439', 8, 4),)"},"sentenceIndex":[0],"words":["ссылкой"],"wordsIndex":[23]},"rating":25.0,"stats":{"counter":979.0,"counterAll":979.0,"isAdjf":0,"isCombo":0,"isComp":0,"isCountry":0,"isEng":0,"isName":0,"isNominal":0,"isNoun":1,"isNum":0,"isPrtf":0,"isSymbol":0,"isUnknown":0,"isVerb":0,"repeat":0.25,"weight":0.009156464239283945,"weightAll":0.00913672421838544}},"столкнуться":{"indexObj":{"classMask":5,"counter":263.0,"finded":228,"isExisted":true,"letterId":17,"meta":"{}","server":"_buber3_","table":"wordIndex.ru","uid":3278,"word":"столкнуться","wordHash":"d8bc80240e95da6262493807e5324997_edd2b915537ae7f3b192f64b10e74eb6f14f3d6299faf9871de74ae3a08db1546e42395a507136379fed080147e8896eb4ef9fe0d92502d29c16dbff7bf23a2b","wordId":"17:3278"},"morphObj":{"params":{"class":"г","classMask":5,"info":{"isCapital":false,"isUpper":false},"stack":"((<DictionaryAnalyzer>, u'\\u0441\\u0442\\u043e\\u043b\\u043a\\u043d\\u0443\\u043b\\u0430\\u0441\\u044c', 504, 2),)"},"sentenceIndex":[5],"words":["столкнулась"],"wordsIndex":[21]},"rating":25.0,"stats":{"counter":263.0,"counterAll":263.0,"isAdjf":0,"isCombo":0,"isComp":0,"isCountry":0,"isEng":0,"isName":0,"isNominal":0,"isNoun":0,"isNum":0,"isPrtf":0,"isSymbol":0,"isUnknown":0,"isVerb":1,"repeat":0.25,"weight":0.0024598060213806713,"weightAll":0.0024545030331311244}},"твн24":{"indexObj":{"classMask":19,"counter":2.0,"finded":2,"isExisted":true,"letterId":20,"meta":"{}","server":"_buber3_","table":"wordIndex.ru","uid":346273,"word":"твн24","wordHash":"2f8c9ece469370810dac6702f9973e09_7baadbce9f687d8d19accb87cf5694f65e2f89d54326e4abea99f0c55d4ab16d211538b765c66b7471950589f1418f5350227a72fe5a16945de00dbc9471d3c6","wordId":"20:346273"},"morphObj":{"params":{"class":"наим","classMask":19,"info":{},"stack":""},"sentenceIndex":[0],"words":["ТВН24"],"wordsIndex":[21]},"rating":25.0,"stats":{"counter":2.0,"counterAll":2.0,"isAdjf":0,"isCombo":0,"isComp":0,"isCountry":0,"isEng":0,"isName":0,"isNominal":1,"isNoun":0,"isNum":0,"isPrtf":0,"isSymbol":0,"isUnknown":0,"isVerb":0,"repeat":0.25,"weight":1.8705749212020316e-05,"weightAll":1.8665422305179655e-05}},"телеканал":{"indexObj":{"classMask":1,"counter":946.0,"finded":591,"isExisted":true,"letterId":20,"meta":"{}","server":"_buber3_","table":"wordIndex.ru","uid":1703,"word":"телеканал","wordHash":"cde4b26bd191062dd0f3025a3bd70df9_dc13cad4f04737d9090f68ed7432b35344761a964a9984df1a2b636d2c752e54b06c81bb7924ea7fa88378f1ad17367a1e539a98ba743c881e8fc6022a1e10fa","wordId":"20:1703"},"morphObj":{"params":{"class":"с","classMask":1,"info":{"isCapital":false,"isUpper":false},"stack":"((<DictionaryAnalyzer>, u'\\u0442\\u0435\\u043b\\u0435\\u043a\\u0430\\u043d\\u0430\\u043b', 33, 0),)"},"sentenceIndex":[0],"words":["телеканал"],"wordsIndex":[20]},"rating":25.0,"stats":{"counter":946.0,"counterAll":946.0,"isAdjf":0,"isCombo":0,"isComp":0,"isCountry":0,"isEng":0,"isName":0,"isNominal":0,"isNoun":1,"isNum":0,"isPrtf":0,"isSymbol":0,"isUnknown":0,"isVerb":0,"repeat":0.25,"weight":0.008847819377285609,"weightAll":0.008828744750349976}},"травма":{"indexObj":{"classMask":1,"counter":682.0,"finded":487,"isExisted":true,"letterId":20,"meta":"{}","server":"_buber3_","table":"wordIndex.ru","uid":3249,"word":"травма","wordHash":"17f0d3d45ebcf06d68606e9d394035d4_44473c0b1efe0c0b0aeedbd97afde451e58634f83b850967a446bd3531782f75bb349abb25cefefcb3741f74ff06e4597b50383fcba2bed3aad54224f39706cc","wordId":"20:3249"},"morphObj":{"params":{"class":"с","classMask":1,"info":{"isCapital":false,"isUpper":false},"stack":"((<DictionaryAnalyzer>, u'\\u0442\\u0440\\u0430\\u0432\\u043c\\u044b', 55, 1),)"},"sentenceIndex":[2],"words":["травмы"],"wordsIndex":[4]},"rating":25.0,"stats":{"counter":682.0,"counterAll":682.0,"isAdjf":0,"isCombo":0,"isComp":0,"isCountry":0,"isEng":0,"isName":0,"isNominal":0,"isNoun":1,"isNum":0,"isPrtf":0,"isSymbol":0,"isUnknown":0,"isVerb":0,"repeat":0.25,"weight":0.006378660481298927,"weightAll":0.006364909006066262}},"шидло":{"indexObj":{"classMask":22,"counter":34.0,"finded":14,"isExisted":true,"letterId":26,"meta":"{}","server":"_buber3_","table":"wordIndex.ru","uid":346275,"word":"шидло","wordHash":"afac387689833c9230dd636b3c41bb09_8fef1da45a93f4f79c3a471feb5429ee745057f983d2232efa5e6f57cf25416138bf726236412968d051fdd789f11b2542e91396230dc30dfcd46bdc9ee492f1","wordId":"26:346275"},"morphObj":{"params":{"class":"имя","classMask":22,"info":{"isCapital":true,"isUpper":false},"stack":"((<FakeDictionary>, u'\\u0448\\u0438\\u0434\\u043b\\u043e', 54, 0), (<KnownSuffixAnalyzer>, u'\\u0438\\u0434\\u043b\\u043e'))"},"sentenceIndex":[0,3,6],"words":["Шидло","Шидло","Шидло"],"wordsIndex":[5,8,7]},"rating":175.0,"stats":{"counter":34.0,"counterAll":102.0,"isAdjf":0,"isCombo":0,"isComp":0,"isCountry":0,"isEng":0,"isName":1,"isNominal":0,"isNoun":0,"isNum":0,"isPrtf":0,"isSymbol":0,"isUnknown":0,"isVerb":0,"repeat":0.75,"weight":0.0003179977366043453,"weightAll":0.0009519365375641624}}}