{"1948":{"params":{"class":"наим","classMask":19,"info":{},"stack":""},"sentenceIndex":[3],"words":["1948"],"wordsIndex":[16]},"2001":{"params":{"class":"наим","classMask":19,"info":{},"stack":""},"sentenceIndex":[8],"words":["2001"],"wordsIndex":[5]},"66":{"params":{"class":"наим","classMask":19,"info":{},"stack":""},"sentenceIndex":[6],"words":["66"],"wordsIndex":[4]},"caviar":{"params":{"class":"имя","classMask":22,"info":{"isCapital":true,"isUpper":false},"stack":""},"sentenceIndex":[0,3,7],"words":["Caviar","Caviar","Caviar"],"wordsIndex":[6,5,1]},"forza":{"params":{"class":"имя","classMask":22,"info":{"isCapital":true,"isUpper":false},"stack":""},"sentenceIndex":[3],"words":["Forza"],"wordsIndex":[6]},"makarov":{"params":{"class":"имя","classMask":22,"info":{"isCapital":true,"isUpper":false},"stack":""},"sentenceIndex":[3],"words":["Makarov"],"wordsIndex":[7]},"борец":{"params":{"class":"с","classMask":1,"info":{"isCapital":false,"isUpper":false},"stack":"((<DictionaryAnalyzer>, u'\\u0431\\u043e\\u0440\\u0446\\u0430\\u043c', 277, 8),)"},"sentenceIndex":[4],"words":["борцам"],"wordsIndex":[23]},"бренд":{"params":{"class":"с","classMask":1,"info":{"isCapital":false,"isUpper":false},"stack":"((<DictionaryAnalyzer>, u'\\u0431\\u0440\\u0435\\u043d\\u0434\\u0430', 33, 1),)"},"sentenceIndex":[2,4],"words":["бренда","бренда"],"wordsIndex":[6,26]},"бронежилет":{"params":{"class":"с","classMask":1,"info":{"isCapital":false,"isUpper":false},"stack":"((<DictionaryAnalyzer>, u'\\u0431\\u0440\\u043e\\u043d\\u0435\\u0436\\u0438\\u043b\\u0435\\u0442\\u044b', 33, 6),)"},"sentenceIndex":[10],"words":["бронежилеты"],"wordsIndex":[12]},"быть":{"params":{"class":"г","classMask":5,"info":{"isCapital":false,"isUpper":false},"stack":"((<DictionaryAnalyzer>, u'\\u0431\\u044b\\u043b', 587, 4),)"},"sentenceIndex":[10],"words":["был"],"wordsIndex":[4]},"в":{"params":{"class":"символ","classMask":20,"info":{},"stack":""},"sentenceIndex":[0,3,3,4,5,6,8],"words":["В","В","в","во","в","в","в"],"wordsIndex":[0,0,15,6,12,3,4]},"весь":{"params":{"class":"п","classMask":2,"info":{"isCapital":false,"isUpper":false},"stack":"((<DictionaryAnalyzer>, u'\\u0432\\u0441\\u0435\\u043c', 703, 22),)"},"sentenceIndex":[4],"words":["всем"],"wordsIndex":[7]},"вид":{"params":{"class":"с","classMask":1,"info":{"isCapital":false,"isUpper":false},"stack":"((<DictionaryAnalyzer>, u'\\u0432\\u0438\\u0434\\u0435', 784, 6),)"},"sentenceIndex":[5],"words":["виде"],"wordsIndex":[13]},"воздать":{"params":{"class":"г","classMask":5,"info":{"isCapital":false,"isUpper":false},"stack":"((<DictionaryAnalyzer>, u'\\u0432\\u043e\\u0437\\u0434\\u0430\\u043b\\u0438', 843, 4),)"},"sentenceIndex":[4],"words":["воздали"],"wordsIndex":[10]},"выйти":{"params":{"class":"г","classMask":5,"info":{"isCapital":false,"isUpper":false},"stack":"((<DictionaryAnalyzer>, u'\\u0432\\u044b\\u0448\\u043b\\u0430', 1027, 2),)"},"sentenceIndex":[6],"words":["вышла"],"wordsIndex":[1]},"выполнить":{"params":{"class":"причастие","classMask":7,"info":{"isCapital":false,"isUpper":false},"stack":"((<DictionaryAnalyzer>, u'\\u0432\\u044b\\u043f\\u043e\\u043b\\u043d\\u0435\\u043d\\u043d\\u044b\\u043c', 617, 47),)"},"sentenceIndex":[5],"words":["выполненным"],"wordsIndex":[11]},"год":{"params":{"class":"с","classMask":1,"info":{"isCapital":false,"isUpper":false},"stack":"((<DictionaryAnalyzer>, u'\\u0433\\u043e\\u0434\\u0443', 1168, 6),)"},"sentenceIndex":[3,8],"words":["году","году"],"wordsIndex":[17,6]},"дань":{"params":{"class":"с","classMask":1,"info":{"isCapital":false,"isUpper":false},"stack":"((<DictionaryAnalyzer>, u'\\u0434\\u0430\\u043d\\u044c', 13, 0),)"},"sentenceIndex":[4],"words":["дань"],"wordsIndex":[12]},"декор":{"params":{"class":"с","classMask":1,"info":{"isCapital":false,"isUpper":false},"stack":"((<DictionaryAnalyzer>, u'\\u0434\\u0435\\u043a\\u043e\\u0440\\u0435', 33, 5),)"},"sentenceIndex":[10],"words":["декоре"],"wordsIndex":[1]},"декорированный":{"params":{"class":"п","classMask":2,"info":{"isCapital":false,"isUpper":false},"stack":"((<DictionaryAnalyzer>, u'\\u0434\\u0435\\u043a\\u043e\\u0440\\u0438\\u0440\\u043e\\u0432\\u0430\\u043d\\u043d\\u044b\\u0439', 10, 0),)"},"sentenceIndex":[8],"words":["декорированный"],"wordsIndex":[1]},"делать":{"params":{"class":"г","classMask":5,"info":{"isCapital":false,"isUpper":false},"stack":"((<DictionaryAnalyzer>, u'\\u0434\\u0435\\u043b\\u0430\\u044e\\u0442', 303, 6),)"},"sentenceIndex":[10],"words":["делают"],"wordsIndex":[11]},"день":{"params":{"class":"имя","classMask":22,"info":{"isCapital":true,"isUpper":false},"stack":"((<DictionaryAnalyzer>, u'\\u0434\\u043d\\u044f', 1267, 1),)"},"sentenceIndex":[0],"words":["Дня"],"wordsIndex":[2]},"джакометти":{"params":{"class":"имя","classMask":22,"info":{"isCapital":true,"isUpper":false},"stack":"((<FakeDictionary>, u'\\u0434\\u0436\\u0430\\u043a\\u043e\\u043c\\u0435\\u0442\\u0442\\u0438', 23, 0), (<KnownSuffixAnalyzer>, u'\\u0435\\u0442\\u0442\\u0438'))"},"sentenceIndex":[7],"words":["Джакометти"],"wordsIndex":[6]},"дизайн":{"params":{"class":"с","classMask":1,"info":{"isCapital":false,"isUpper":false},"stack":"((<DictionaryAnalyzer>, u'\\u0434\\u0438\\u0437\\u0430\\u0439\\u043d', 33, 0),)"},"sentenceIndex":[0,3,4],"words":["дизайн","дизайна","дизайном"],"wordsIndex":[12,2,15]},"же":{"params":{"class":"част","classMask":16,"info":{"isCapital":false,"isUpper":false},"stack":"((<DictionaryAnalyzer>, u'\\u0436\\u0435', 22, 0),)"},"sentenceIndex":[10],"words":["же"],"wordsIndex":[7]},"защитник":{"params":{"class":"с","classMask":1,"info":{"isCapital":false,"isUpper":false},"stack":"((<DictionaryAnalyzer>, u'\\u0437\\u0430\\u0449\\u0438\\u0442\\u043d\\u0438\\u043a\\u0430', 2, 1),)"},"sentenceIndex":[0,4],"words":["защитника","защитникам"],"wordsIndex":[3,21]},"золото":{"params":{"class":"с","classMask":1,"info":{"isCapital":false,"isUpper":false},"stack":"((<DictionaryAnalyzer>, u'\\u0437\\u043e\\u043b\\u043e\\u0442\\u043e\\u043c', 109, 4),)"},"sentenceIndex":[0],"words":["золотом"],"wordsIndex":[22]},"и":{"params":{"class":"символ","classMask":20,"info":{},"stack":""},"sentenceIndex":[0,4,4,5],"words":["и","и","и","и"],"wordsIndex":[17,3,22,10]},"из":{"params":{"class":"предл","classMask":14,"info":{"isCapital":false,"isUpper":false},"stack":"((<DictionaryAnalyzer>, u'\\u0438\\u0437', 375, 0),)"},"sentenceIndex":[0,9,10],"words":["из","из","из"],"wordsIndex":[10,1,9]},"илия":{"params":{"class":"имя","classMask":22,"info":{"isCapital":true,"isUpper":false},"stack":"((<DictionaryAnalyzer>, u'\\u043b\\u0438\\u0435\\u0439', 63, 4), (<UnknownPrefixAnalyzer>, u'\\u0438'))"},"sentenceIndex":[7],"words":["Илией"],"wordsIndex":[5]},"интерпретация":{"params":{"class":"с","classMask":1,"info":{"isCapital":false,"isUpper":false},"stack":"((<DictionaryAnalyzer>, u'\\u0438\\u043d\\u0442\\u0435\\u0440\\u043f\\u0440\\u0435\\u0442\\u0430\\u0446\\u0438\\u044f', 40, 0),)"},"sentenceIndex":[3],"words":["интерпретация"],"wordsIndex":[9]},"использовать":{"params":{"class":"кр_причастие","classMask":8,"info":{"isCapital":false,"isUpper":false},"stack":"((<DictionaryAnalyzer>, u'\\u0438\\u0441\\u043f\\u043e\\u043b\\u044c\\u0437\\u043e\\u0432\\u0430\\u043d', 75, 199),)"},"sentenceIndex":[10],"words":["использован"],"wordsIndex":[5]},"итальянский":{"params":{"class":"п","classMask":2,"info":{"isCapital":false,"isUpper":false},"stack":"((<DictionaryAnalyzer>, u'\\u0438\\u0442\\u0430\\u043b\\u044c\\u044f\\u043d\\u0441\\u043a\\u0438\\u043c', 16, 5),)"},"sentenceIndex":[7],"words":["итальянским"],"wordsIndex":[3]},"кобура":{"params":{"class":"с","classMask":1,"info":{"isCapital":false,"isUpper":false},"stack":"((<DictionaryAnalyzer>, u'\\u043a\\u043e\\u0431\\u0443\\u0440\\u044b', 55, 1),)"},"sentenceIndex":[5],"words":["кобуры"],"wordsIndex":[14]},"кожаный":{"params":{"class":"п","classMask":2,"info":{"isCapital":false,"isUpper":false},"stack":"((<DictionaryAnalyzer>, u'\\u043a\\u043e\\u0436\\u0430\\u043d\\u044b\\u043c', 4, 5),)"},"sentenceIndex":[5],"words":["кожаным"],"wordsIndex":[3]},"коллекция":{"params":{"class":"с","classMask":1,"info":{"isCapital":true,"isUpper":false},"stack":"((<DictionaryAnalyzer>, u'\\u043a\\u043e\\u043b\\u043b\\u0435\\u043a\\u0446\\u0438\\u044f', 40, 0),)"},"sentenceIndex":[6,9],"words":["Коллекция","коллекция"],"wordsIndex":[0,4]},"компания":{"params":{"class":"с","classMask":1,"info":{"isCapital":true,"isUpper":false},"stack":"((<DictionaryAnalyzer>, u'\\u043a\\u043e\\u043c\\u043f\\u0430\\u043d\\u0438\\u044f', 40, 0),)"},"sentenceIndex":[0,7],"words":["компания","Компания"],"wordsIndex":[5,0]},"комплект":{"params":{"class":"с","classMask":1,"info":{"isCapital":false,"isUpper":false},"stack":"((<DictionaryAnalyzer>, u'\\u043a\\u043e\\u043c\\u043f\\u043b\\u0435\\u043a\\u0442', 33, 0),)"},"sentenceIndex":[0],"words":["комплект"],"wordsIndex":[8]},"комплектоваться":{"params":{"class":"г","classMask":5,"info":{"isCapital":false,"isUpper":false},"stack":"((<DictionaryAnalyzer>, u'\\u043a\\u043e\\u043c\\u043f\\u043b\\u0435\\u043a\\u0442\\u0443\\u0435\\u0442\\u0441\\u044f', 138, 5),)"},"sentenceIndex":[5],"words":["комплектуется"],"wordsIndex":[1]},"конфигурация":{"params":{"class":"с","classMask":1,"info":{"isCapital":false,"isUpper":false},"stack":"((<DictionaryAnalyzer>, u'\\u043a\\u043e\\u043d\\u0444\\u0438\\u0433\\u0443\\u0440\\u0430\\u0446\\u0438\\u0438', 40, 1),)"},"sentenceIndex":[3],"words":["конфигурации"],"wordsIndex":[10]},"корпус":{"params":{"class":"с","classMask":1,"info":{"isCapital":false,"isUpper":false},"stack":"((<DictionaryAnalyzer>, u'\\u043a\\u043e\\u0440\\u043f\\u0443\\u0441\\u0430', 282, 1),)"},"sentenceIndex":[10],"words":["корпуса"],"wordsIndex":[2]},"корреспондент":{"params":{"class":"с","classMask":1,"info":{"isCapital":false,"isUpper":false},"stack":"((<DictionaryAnalyzer>, u'\\u043a\\u043e\\u0440\\u0440\\u0435\\u0441\\u043f\\u043e\\u043d\\u0434\\u0435\\u043d\\u0442\\u0443', 52, 2),)"},"sentenceIndex":[1],"words":["корреспонденту"],"wordsIndex":[2]},"который":{"params":{"class":"п","classMask":2,"info":{"isCapital":false,"isUpper":false},"stack":"((<DictionaryAnalyzer>, u'\\u043a\\u043e\\u0442\\u043e\\u0440\\u043e\\u0433\\u043e', 1788, 14),)"},"sentenceIndex":[0,10],"words":["которого","которого"],"wordsIndex":[13,10]},"лента":{"params":{"class":"имя","classMask":22,"info":{"isCapital":true,"isUpper":false},"stack":"((<DictionaryAnalyzer>, u'\\u043b\\u0435\\u043d\\u0442\\u044b', 55, 1),)"},"sentenceIndex":[1],"words":["Ленты"],"wordsIndex":[3]},"макаров":{"params":{"class":"имя","classMask":22,"info":{"isCapital":true,"isUpper":false},"stack":"((<DictionaryAnalyzer>, u'\\u043c\\u0430\\u043a\\u0430\\u0440\\u043e\\u0432\\u0430', 36, 1),)"},"sentenceIndex":[0,3],"words":["Макарова","Макаровым"],"wordsIndex":[16,14]},"марка":{"params":{"class":"с","classMask":1,"info":{"isCapital":false,"isUpper":false},"stack":"((<DictionaryAnalyzer>, u'\\u043c\\u0430\\u0440\\u043a\\u0438', 8, 1),)"},"sentenceIndex":[9],"words":["марки"],"wordsIndex":[3]},"материал":{"params":{"class":"с","classMask":1,"info":{"isCapital":false,"isUpper":false},"stack":"((<DictionaryAnalyzer>, u'\\u043c\\u0430\\u0442\\u0435\\u0440\\u0438\\u0430\\u043b', 158, 4),)"},"sentenceIndex":[10],"words":["материал"],"wordsIndex":[8]},"мвд":{"params":{"class":"с","classMask":1,"info":{"isCapital":false,"isUpper":true},"stack":"((<DictionaryAnalyzer>, u'\\u043c\\u0432\\u0434', 1202, 1),)"},"sentenceIndex":[9],"words":["МВД"],"wordsIndex":[8]},"мир":{"params":{"class":"с","classMask":1,"info":{"isCapital":false,"isUpper":false},"stack":"((<DictionaryAnalyzer>, u'\\u043c\\u0438\\u0440\\u0435', 1953, 5),)"},"sentenceIndex":[4],"words":["мире"],"wordsIndex":[8]},"модель":{"params":{"class":"с","classMask":1,"info":{"isCapital":false,"isUpper":false},"stack":"((<DictionaryAnalyzer>, u'\\u043c\\u043e\\u0434\\u0435\\u043b\\u044c', 13, 0),)"},"sentenceIndex":[5],"words":["модель"],"wordsIndex":[9]},"мужество":{"params":{"class":"с","classMask":1,"info":{"isCapital":false,"isUpper":false},"stack":"((<DictionaryAnalyzer>, u'\\u043c\\u0443\\u0436\\u0435\\u0441\\u0442\\u0432\\u0430', 54, 1),)"},"sentenceIndex":[4],"words":["мужества"],"wordsIndex":[2]},"мужчина":{"params":{"class":"с","classMask":1,"info":{"isCapital":false,"isUpper":false},"stack":"((<DictionaryAnalyzer>, u'\\u043c\\u0443\\u0436\\u0447\\u0438\\u043d\\u0430\\u043c', 513, 9),)"},"sentenceIndex":[4],"words":["мужчинам"],"wordsIndex":[20]},"мы":{"params":{"class":"мс","classMask":12,"info":{"isCapital":false,"isUpper":false},"stack":"((<DictionaryAnalyzer>, u'\\u043c\\u044b', 1990, 0),)"},"sentenceIndex":[4],"words":["мы"],"wordsIndex":[9]},"необычный":{"params":{"class":"п","classMask":2,"info":{"isCapital":false,"isUpper":false},"stack":"((<DictionaryAnalyzer>, u'\\u043d\\u0435\\u043e\\u0431\\u044b\\u0447\\u043d\\u044b\\u043c', 86, 22),)"},"sentenceIndex":[5],"words":["необычным"],"wordsIndex":[2]},"непосредственно":{"params":{"class":"н","classMask":11,"info":{"isCapital":false,"isUpper":false},"stack":"((<DictionaryAnalyzer>, u'\\u043d\\u0435\\u043f\\u043e\\u0441\\u0440\\u0435\\u0434\\u0441\\u0442\\u0432\\u0435\\u043d\\u043d\\u043e', 3, 0),)"},"sentenceIndex":[0],"words":["непосредственно"],"wordsIndex":[18]},"новинка":{"params":{"class":"с","classMask":1,"info":{"isCapital":false,"isUpper":false},"stack":"((<DictionaryAnalyzer>, u'\\u043d\\u043e\\u0432\\u0438\\u043d\\u043e\\u043a', 8, 8),)"},"sentenceIndex":[9],"words":["новинок"],"wordsIndex":[2]},"новое":{"params":{"class":"с","classMask":1,"info":{"isCapital":false,"isUpper":false},"stack":"((<DictionaryAnalyzer>, u'\\u043d\\u043e\\u0432\\u043e\\u0433\\u043e', 972, 1),)"},"sentenceIndex":[3],"words":["нового"],"wordsIndex":[3]},"новый":{"params":{"class":"п","classMask":2,"info":{"isCapital":false,"isUpper":false},"stack":"((<DictionaryAnalyzer>, u'\\u043d\\u043e\\u0432\\u044b\\u043c', 405, 22),)"},"sentenceIndex":[4],"words":["новым"],"wordsIndex":[14]},"о":{"params":{"class":"предл","classMask":14,"info":{"isCapital":true,"isUpper":false},"stack":"((<DictionaryAnalyzer>, u'\\u043e\\u0431', 2133, 1),)"},"sentenceIndex":[1],"words":["Об"],"wordsIndex":[0]},"один":{"params":{"class":"п","classMask":2,"info":{"isCapital":true,"isUpper":false},"stack":"((<DictionaryAnalyzer>, u'\\u043f\\u0435\\u0440\\u0432\\u044b\\u0439', 2198, 26),)"},"sentenceIndex":[8,9],"words":["Первый","Одна"],"wordsIndex":[0,0]},"одновременно":{"params":{"class":"н","classMask":11,"info":{"isCapital":false,"isUpper":false},"stack":"((<DictionaryAnalyzer>, u'\\u043e\\u0434\\u043d\\u043e\\u0432\\u0440\\u0435\\u043c\\u0435\\u043d\\u043d\\u043e', 3, 0),)"},"sentenceIndex":[4],"words":["одновременно"],"wordsIndex":[17]},"он":{"params":{"class":"мс","classMask":12,"info":{"isCapital":false,"isUpper":false},"stack":"((<DictionaryAnalyzer>, u'\\u0435\\u043c\\u0443', 2208, 3),)"},"sentenceIndex":[4,4],"words":["ему","его"],"wordsIndex":[11,19]},"основа":{"params":{"class":"с","classMask":1,"info":{"isCapital":false,"isUpper":false},"stack":"((<DictionaryAnalyzer>, u'\\u043e\\u0441\\u043d\\u043e\\u0432\\u0435', 55, 6),)"},"sentenceIndex":[3],"words":["основе"],"wordsIndex":[1]},"основать":{"params":{"class":"кр_причастие","classMask":8,"info":{"isCapital":false,"isUpper":false},"stack":"((<DictionaryAnalyzer>, u'\\u043e\\u0441\\u043d\\u043e\\u0432\\u0430\\u043d\\u0430', 805, 72),)"},"sentenceIndex":[7],"words":["основана"],"wordsIndex":[2]},"отечество":{"params":{"class":"с","classMask":1,"info":{"isCapital":false,"isUpper":false},"stack":"((<DictionaryAnalyzer>, u'\\u043e\\u0442\\u0435\\u0447\\u0435\\u0441\\u0442\\u0432\\u0430', 54, 1),)"},"sentenceIndex":[0],"words":["отечества"],"wordsIndex":[4]},"пистолет":{"params":{"class":"с","classMask":1,"info":{"isCapital":false,"isUpper":false},"stack":"((<DictionaryAnalyzer>, u'\\u043f\\u0438\\u0441\\u0442\\u043e\\u043b\\u0435\\u0442\\u0443', 33, 2),)"},"sentenceIndex":[0,0,3],"words":["пистолету","пистолета","пистолета"],"wordsIndex":[15,20,12]},"под":{"params":{"class":"предл","classMask":14,"info":{"isCapital":false,"isUpper":false},"stack":"((<DictionaryAnalyzer>, u'\\u043f\\u043e\\u0434', 375, 0),)"},"sentenceIndex":[5],"words":["под"],"wordsIndex":[7]},"покрыть":{"params":{"class":"причастие","classMask":7,"info":{"isCapital":false,"isUpper":false},"stack":"((<DictionaryAnalyzer>, u'\\u043f\\u043e\\u043a\\u0440\\u044b\\u0442\\u043e\\u0433\\u043e', 777, 43),)"},"sentenceIndex":[0],"words":["покрытого"],"wordsIndex":[21]},"посвятить":{"params":{"class":"кр_причастие","classMask":8,"info":{"isCapital":false,"isUpper":false},"stack":"((<DictionaryAnalyzer>, u'\\u043f\\u043e\\u0441\\u0432\\u044f\\u0449\\u0451\\u043d', 837, 72),)"},"sentenceIndex":[0,4,9],"words":["посвящен","посвятив","посвященная"],"wordsIndex":[14,18,6]},"преддверие":{"params":{"class":"с","classMask":1,"info":{"isCapital":false,"isUpper":false},"stack":"((<DictionaryAnalyzer>, u'\\u043f\\u0440\\u0435\\u0434\\u0434\\u0432\\u0435\\u0440\\u0438\\u0435', 76, 0),)"},"sentenceIndex":[0],"words":["преддверие"],"wordsIndex":[1]},"представитель":{"params":{"class":"с","classMask":1,"info":{"isCapital":false,"isUpper":false},"stack":"((<DictionaryAnalyzer>, u'\\u043f\\u0440\\u0435\\u0434\\u0441\\u0442\\u0430\\u0432\\u0438\\u0442\\u0435\\u043b\\u044c', 121, 0),)"},"sentenceIndex":[2,4],"words":["представитель","представитель"],"wordsIndex":[2,25]},"представить":{"params":{"class":"г","classMask":5,"info":{"isCapital":false,"isUpper":false},"stack":"((<DictionaryAnalyzer>, u'\\u043f\\u0440\\u0435\\u0434\\u0441\\u0442\\u0430\\u0432\\u0438\\u043b\\u0430', 753, 2),)"},"sentenceIndex":[0,8],"words":["представила","представили"],"wordsIndex":[7,3]},"пресс":{"params":{"class":"с","classMask":1,"info":{"isCapital":false,"isUpper":false},"stack":"((<DictionaryAnalyzer>, u'\\u043f\\u0440\\u0435\\u0441\\u0441', 33, 0),)"},"sentenceIndex":[2],"words":["пресс"],"wordsIndex":[3]},"пресс-служба":{"params":{"class":"с","classMask":1201,"info":{"comboClassStats":{"с":2},"isCapital":false,"isCombo":true,"isUpper":false},"stack":"<classByLadder>"},"sentenceIndex":[2],"words":["пресс-службы"],"wordsIndex":[5]},"при":{"params":{"class":"предл","classMask":14,"info":{"isCapital":true,"isUpper":false},"stack":"((<DictionaryAnalyzer>, u'\\u043f\\u0440\\u0438', 24, 0),)"},"sentenceIndex":[10],"words":["При"],"wordsIndex":[0]},"рассказать":{"params":{"class":"г","classMask":5,"info":{"isCapital":false,"isUpper":false},"stack":"((<DictionaryAnalyzer>, u'\\u0440\\u0430\\u0441\\u0441\\u043a\\u0430\\u0437\\u0430\\u043b', 638, 1),)"},"sentenceIndex":[2,4],"words":["рассказал","рассказал"],"wordsIndex":[1,24]},"ру":{"params":{"class":"неизвестный","classMask":18,"info":{"isCapital":false,"isUpper":false},"stack":""},"sentenceIndex":[2],"words":["ру"],"wordsIndex":[0]},"рукоять":{"params":{"class":"с","classMask":1,"info":{"isCapital":false,"isUpper":false},"stack":"((<DictionaryAnalyzer>, u'\\u0440\\u0443\\u043a\\u043e\\u044f\\u0442\\u0438', 13, 1),)"},"sentenceIndex":[3],"words":["рукояти"],"wordsIndex":[11]},"самый":{"params":{"class":"п","classMask":2,"info":{"isCapital":false,"isUpper":false},"stack":"((<DictionaryAnalyzer>, u'\\u0441\\u0430\\u043c\\u043e\\u0433\\u043e', 1245, 1),)"},"sentenceIndex":[0],"words":["самого"],"wordsIndex":[19]},"сила":{"params":{"class":"с","classMask":1,"info":{"isCapital":false,"isUpper":false},"stack":"((<DictionaryAnalyzer>, u'\\u0441\\u0438\\u043b\\u044b', 55, 1),)"},"sentenceIndex":[4],"words":["силы"],"wordsIndex":[4]},"символ":{"params":{"class":"с","classMask":1,"info":{"isCapital":false,"isUpper":false},"stack":"((<DictionaryAnalyzer>, u'\\u0441\\u0438\\u043c\\u0432\\u043e\\u043b', 33, 0),)"},"sentenceIndex":[4],"words":["символ"],"wordsIndex":[1]},"служба":{"params":{"class":"с","classMask":1,"info":{"isCapital":false,"isUpper":false},"stack":"((<DictionaryAnalyzer>, u'\\u0441\\u043b\\u0443\\u0436\\u0431\\u044b', 55, 1),)"},"sentenceIndex":[2],"words":["службы"],"wordsIndex":[4]},"смартфон":{"params":{"class":"с","classMask":1,"info":{"isCapital":false,"isUpper":false},"stack":"((<DictionaryAnalyzer>, u'\\u0441\\u043c\\u0430\\u0440\\u0442\\u0444\\u043e\\u043d\\u0430', 33, 1),)"},"sentenceIndex":[4,8,9,10],"words":["смартфона","смартфон","смартфонов","смартфона"],"wordsIndex":[16,2,5,3]},"создать":{"params":{"class":"причастие","classMask":7,"info":{"isCapital":false,"isUpper":false},"stack":"((<DictionaryAnalyzer>, u'\\u0441\\u043e\\u0437\\u0434\\u0430\\u043d\\u043d\\u043e\\u0433\\u043e', 843, 43),)"},"sentenceIndex":[3,5],"words":["созданного","созданным"],"wordsIndex":[13,5]},"состоять":{"params":{"class":"причастие","classMask":7,"info":{"isCapital":false,"isUpper":false},"stack":"((<DictionaryAnalyzer>, u'\\u0441\\u043e\\u0441\\u0442\\u043e\\u044f\\u0449\\u0438\\u0439', 2176, 13),)"},"sentenceIndex":[0],"words":["состоящий"],"wordsIndex":[9]},"сотрудник":{"params":{"class":"с","classMask":1,"info":{"isCapital":false,"isUpper":false},"stack":"((<DictionaryAnalyzer>, u'\\u0441\\u043e\\u0442\\u0440\\u0443\\u0434\\u043d\\u0438\\u043a\\u0430\\u043c', 2, 8),)"},"sentenceIndex":[9],"words":["сотрудникам"],"wordsIndex":[7]},"специально":{"params":{"class":"н","classMask":11,"info":{"isCapital":false,"isUpper":false},"stack":"((<DictionaryAnalyzer>, u'\\u0441\\u043f\\u0435\\u0446\\u0438\\u0430\\u043b\\u044c\\u043d\\u043e', 3, 0),)"},"sentenceIndex":[5],"words":["специально"],"wordsIndex":[6]},"телефон":{"params":{"class":"с","classMask":1,"info":{"isCapital":true,"isUpper":false},"stack":"((<DictionaryAnalyzer>, u'\\u0442\\u0435\\u043b\\u0435\\u0444\\u043e\\u043d\\u0430', 33, 1),)"},"sentenceIndex":[0,3,5],"words":["телефона","телефона","Телефон"],"wordsIndex":[11,4,0]},"тираж":{"params":{"class":"с","classMask":1,"info":{"isCapital":false,"isUpper":false},"stack":"((<DictionaryAnalyzer>, u'\\u0442\\u0438\\u0440\\u0430\\u0436\\u043e\\u043c', 134, 4),)"},"sentenceIndex":[6],"words":["тиражом"],"wordsIndex":[2]},"тот":{"params":{"class":"имя","classMask":1122,"info":{"isCapital":false,"isCountry":true,"isUpper":false},"stack":"((<DictionaryAnalyzer>, u'\\u0442\\u043e\\u0442', 2900, 0),)"},"sentenceIndex":[10],"words":["тот"],"wordsIndex":[6]},"уважение":{"params":{"class":"с","classMask":1,"info":{"isCapital":false,"isUpper":false},"stack":"((<DictionaryAnalyzer>, u'\\u0443\\u0432\\u0430\\u0436\\u0435\\u043d\\u0438\\u044f', 76, 2),)"},"sentenceIndex":[4],"words":["уважения"],"wordsIndex":[13]},"узнавать":{"params":{"class":"причастие","classMask":7,"info":{"isCapital":false,"isUpper":false},"stack":"((<DictionaryAnalyzer>, u'\\u0443\\u0437\\u043d\\u0430\\u0432\\u0430\\u0435\\u043c\\u044b\\u0439', 841, 67),)"},"sentenceIndex":[4],"words":["узнаваемый"],"wordsIndex":[5]},"художественный":{"params":{"class":"п","classMask":2,"info":{"isCapital":false,"isUpper":false},"stack":"((<DictionaryAnalyzer>, u'\\u0445\\u0443\\u0434\\u043e\\u0436\\u0435\\u0441\\u0442\\u0432\\u0435\\u043d\\u043d\\u0430\\u044f', 671, 7),)"},"sentenceIndex":[3],"words":["художественная"],"wordsIndex":[8]},"чехол":{"params":{"class":"с","classMask":1,"info":{"isCapital":false,"isUpper":false},"stack":"((<DictionaryAnalyzer>, u'\\u0447\\u0435\\u0445\\u043b\\u043e\\u043c', 1976, 4),)"},"sentenceIndex":[5],"words":["чехлом"],"wordsIndex":[4]},"экземпляр":{"params":{"class":"с","classMask":1,"info":{"isCapital":false,"isUpper":false},"stack":"((<DictionaryAnalyzer>, u'\\u044d\\u043a\\u0437\\u0435\\u043c\\u043f\\u043b\\u044f\\u0440\\u043e\\u0432', 33, 7),)"},"sentenceIndex":[6],"words":["экземпляров"],"wordsIndex":[5]},"это":{"params":{"class":"мс","classMask":12,"info":{"isCapital":true,"isUpper":false},"stack":"((<DictionaryAnalyzer>, u'\\u044d\\u0442\\u043e\\u043c', 3098, 5),)"},"sentenceIndex":[1,4],"words":["этом","Это"],"wordsIndex":[1,0]},"этот":{"params":{"class":"п","classMask":2,"info":{"isCapital":false,"isUpper":false},"stack":"((<DictionaryAnalyzer>, u'\\u044d\\u0442\\u0443', 3099, 10),)"},"sentenceIndex":[5],"words":["эту"],"wordsIndex":[8]},"ювелир":{"params":{"class":"с","classMask":1,"info":{"isCapital":false,"isUpper":false},"stack":"((<DictionaryAnalyzer>, u'\\u044e\\u0432\\u0435\\u043b\\u0438\\u0440\\u043e\\u043c', 52, 4),)"},"sentenceIndex":[7],"words":["ювелиром"],"wordsIndex":[4]}}